battery,check_id,soh_true,fold,budget,seed,soh_pred
RW1,0,1.0,0,1.0,0,0.991481
RW1,1,0.9802670752876338,0,1.0,0,0.9688096
RW1,2,0.9565216183750929,0,1.0,0,0.94665754
RW1,3,0.9339790204206347,0,1.0,0,0.9201511
RW1,4,0.9146940376750224,0,1.0,0,0.8935679
RW1,5,0.8911839245665371,0,1.0,0,0.8708023
RW1,6,0.8763421303143164,0,1.0,0,0.84820664
RW1,7,0.8561581297172293,0,1.0,0,0.8311167
RW1,8,0.8433079203727134,0,1.0,0,0.8125195
RW1,9,0.8224842210510717,0,1.0,0,0.7954086
RW1,10,0.8103568229633243,0,1.0,0,0.7791994
RW1,11,0.7998003763340421,0,1.0,0,0.76557744
RW1,12,0.8088487095632187,0,1.0,0,0.7560485
RW1,13,0.7843175647994992,0,1.0,0,0.7435497
RW1,14,0.7703735760756814,0,1.0,0,0.7315091
RW1,15,0.7535480936807142,0,1.0,0,0.7172699
RW1,16,0.7275046205067329,0,1.0,0,0.7037085
RW1,17,0.7193999486186523,0,1.0,0,0.6925165
RW1,18,0.692610556793688,0,1.0,0,0.6806114
RW1,19,0.6793568250462967,0,1.0,0,0.6641824
RW1,20,0.6705532526507081,0,1.0,0,0.6454092
RW1,21,0.6981110202679772,0,1.0,0,0.6212957
RW1,22,0.6247003756395969,0,1.0,0,0.5976982
RW1,23,0.5832750085056947,0,1.0,0,0.57683265
RW13,0,1.0,0,1.0,0,0.9982213
RW13,1,0.965406142462438,0,1.0,0,0.9416773
RW13,2,0.9390282053526243,0,1.0,0,0.8914606
RW13,3,0.8973664410850068,0,1.0,0,0.8471811
RW13,4,0.8559853917191745,0,1.0,0,0.81043994
RW13,5,0.8236615111297403,0,1.0,0,0.77769595
RW13,6,0.7989888416994142,0,1.0,0,0.7484386
RW13,7,0.7751912982027924,0,1.0,0,0.7218826
RW13,8,0.7640716479571148,0,1.0,0,0.69815016
RW13,9,0.7489144784756683,0,1.0,0,0.6752701
RW13,10,0.7267880380307747,0,1.0,0,0.652107
RW13,11,0.7055711236531398,0,1.0,0,0.6305835
RW13,12,0.681354367058826,0,1.0,0,0.6096685
RW13,13,0.632238066246379,0,1.0,0,0.589234
RW13,14,0.6484083666650617,0,1.0,0,0.5672607
RW13,15,0.6525398272110188,0,1.0,0,0.56238997
RW13,16,0.6005328739937468,0,1.0,0,0.5412725
RW13,17,0.6018706654475305,0,1.0,0,0.51933885
RW13,18,0.5923899890205315,0,1.0,0,0.4996885
RW13,19,0.5612641015154616,0,1.0,0,0.48099613
RW13,20,0.5456961123316568,0,1.0,0,0.46271425
RW13,21,0.5329610199130828,0,1.0,0,0.44651502
RW13,22,0.513416008393162,0,1.0,0,0.43104482
RW17,0,1.0,0,1.0,0,0.9990834
RW17,1,1.0026357949563962,0,1.0,0,0.9510544
RW17,2,0.9394918329295381,0,1.0,0,0.9426016
RW17,3,0.9184088724104814,0,1.0,0,0.8949374
RW17,4,0.8911584681985729,0,1.0,0,0.8723918
RW17,5,0.8589631609072765,0,1.0,0,0.84943527
RW17,6,0.8291575425450128,0,1.0,0,0.82633066
RW17,7,0.7987386988534076,0,1.0,0,0.80787337
RW17,8,0.7751485975307869,0,1.0,0,0.7901768
RW17,9,0.756656843774444,0,1.0,0,0.7716057
RW17,10,0.7426667041719264,0,1.0,0,0.75029933
RW17,11,0.7130644081290144,0,1.0,0,0.72679245
RW17,12,0.6970482137460301,0,1.0,0,0.7075182
RW17,13,0.6802011348844728,0,1.0,0,0.6883826
RW17,14,0.6582592678998883,0,1.0,0,0.67023015
RW17,15,0.6398762010019141,0,1.0,0,0.65335906
RW17,16,0.6204725968210568,0,1.0,0,0.636274
RW17,17,0.6239733900924819,0,1.0,0,0.6345037
RW17,18,0.5987008167774444,0,1.0,0,0.6194143
RW17,19,0.5772080177645994,0,1.0,0,0.6074395
RW17,20,0.566682764841642,0,1.0,0,0.595644
RW17,21,0.5622090221375536,0,1.0,0,0.58487797
RW17,22,0.5447943351336495,0,1.0,0,0.5751014
RW17,23,0.5353719031237376,0,1.0,0,0.565825
RW17,24,0.5321386201162224,0,1.0,0,0.55750775
RW17,25,0.5256696552882916,0,1.0,0,0.54988647
RW17,26,0.5216566461738521,0,1.0,0,0.5425602
RW17,27,0.5142014944571648,0,1.0,0,0.5364436
RW21,0,1.0,0,1.0,0,1.001395
RW21,1,0.9740724898567775,0,1.0,0,0.98975265
RW21,2,0.9527184796006276,0,1.0,0,0.94374
RW21,3,0.9282169542090231,0,1.0,0,0.90448844
RW21,4,0.8955478419839256,0,1.0,0,0.86800903
RW21,5,0.8573416928236135,0,1.0,0,0.83666843
RW21,6,0.8262560190318581,0,1.0,0,0.8094845
RW21,7,0.8028064819028633,0,1.0,0,0.7864126
RW21,8,0.7893600413911868,0,1.0,0,0.7667129
RW21,9,0.775128424104771,0,1.0,0,0.7493255
RW21,10,0.7694576973245436,0,1.0,0,0.7357036
RW25,0,1.0,0,1.0,0,0.999453
RW25,1,0.968918095597688,0,1.0,0,0.9730694
RW25,2,0.9414534545922638,0,1.0,0,0.95312476
RW25,3,0.9123147456691004,0,1.0,0,0.9340832
RW25,4,0.888189503733068,0,1.0,0,0.9179737
RW25,5,0.8696823709546798,0,1.0,0,0.90265846
RW25,6,0.8537549502050074,0,1.0,0,0.8890526
RW25,7,0.8375259921719959,0,1.0,0,0.875898
RW25,8,0.8193673257776384,0,1.0,0,0.86296326
RW25,9,0.8135065611667396,0,1.0,0,0.8506509
RW25,10,0.803434694880542,0,1.0,0,0.83822286
RW25,11,0.7943807611523241,0,1.0,0,0.8255596
RW25,12,0.7853815339720616,0,1.0,0,0.8128532
RW3,0,1.0,0,1.0,0,0.9980765
RW3,1,0.9687426932522573,0,1.0,0,0.9562605
RW3,2,0.929211084462392,0,1.0,0,0.92926407
RW3,3,0.8970072599473418,0,1.0,0,0.90249014
RW3,4,0.8739883587909667,0,1.0,0,0.8733581
RW3,5,0.8483648360418079,0,1.0,0,0.8512091
RW3,6,0.834035367164592,0,1.0,0,0.83020914
RW3,7,0.8165629846823869,0,1.0,0,0.81228256
RW3,8,0.7932890383246501,0,1.0,0,0.7955799
RW3,9,0.8102317992092032,0,1.0,0,0.78337467
RW3,10,0.7772348372341118,0,1.0,0,0.76562446
RW3,11,0.758047293748471,0,1.0,0,0.7492442
RW3,12,0.7406746149745171,0,1.0,0,0.7339704
RW3,13,0.7142042200057844,0,1.0,0,0.7174548
RW3,14,0.6871908455658011,0,1.0,0,0.7008743
RW3,15,0.6654079726651321,0,1.0,0,0.6823869
RW3,16,0.6625411808641404,0,1.0,0,0.6661221
RW3,17,0.6492046234819603,0,1.0,0,0.64711
RW3,18,0.6150347872417288,0,1.0,0,0.63136667
RW3,19,0.6042370279644296,0,1.0,0,0.6109443
RW3,20,0.5462918454573739,0,1.0,0,0.5890109
RW3,21,0.5294258363488458,0,1.0,0,0.5691879
RW9,0,1.0,0,1.0,0,1.005757
RW9,1,0.9744806801719121,0,1.0,0,1.0041461
RW9,2,0.9453104679064025,0,1.0,0,0.9661345
RW9,3,0.911360857317688,0,1.0,0,0.92901975
RW9,4,0.8847866727225885,0,1.0,0,0.89425814
RW9,5,0.8406944835087043,0,1.0,0,0.8624983
RW9,6,0.8176901280788624,0,1.0,0,0.83322144
RW9,7,0.7864030549959673,0,1.0,0,0.80258363
RW9,8,0.7628733089042045,0,1.0,0,0.7803978
RW9,9,0.7266047623827654,0,1.0,0,0.75768626
RW9,10,0.6950317886415597,0,1.0,0,0.73751616
RW9,11,0.6756574638458637,0,1.0,0,0.7190139
RW9,12,0.6603653366488433,0,1.0,0,0.7031783
RW9,13,0.6964212062092479,0,1.0,0,0.70551836
RW9,14,0.6472003063742006,0,1.0,0,0.6914673
RW9,15,0.6351750298406914,0,1.0,0,0.67809606
RW9,16,0.6165428117187594,0,1.0,0,0.6655615
RW9,17,0.5964223557750638,0,1.0,0,0.6542953
RW9,18,0.59783807785969,0,1.0,0,0.64443845
RW9,19,0.5791340224765132,0,1.0,0,0.63354015
RW9,20,0.572651808445847,0,1.0,0,0.6237562
RW9,21,0.5654329871052775,0,1.0,0,0.6132921
RW9,22,0.5530896777273546,0,1.0,0,0.6037978
RW9,23,0.542052740223641,0,1.0,0,0.5939336
RW9,24,0.534245247108605,0,1.0,0,0.5851548
RW9,25,0.5310967487165805,0,1.0,0,0.5764853
RW9,26,0.5130674490339593,0,1.0,0,0.5669167
RW9,27,0.5178543420622359,0,1.0,0,0.55657005
RW9,28,0.5073736155103112,0,1.0,0,0.5460067
RW9,29,0.5062313423318389,0,1.0,0,0.53577363
RW9,30,0.4936209036779812,0,1.0,0,0.524222
RW9,31,0.4789604612310552,0,1.0,0,0.5131552
RW9,32,0.5040541243406096,0,1.0,0,0.50746286
RW9,33,0.4707276486475776,0,1.0,0,0.49430805
RW9,34,0.45110138474628303,0,1.0,0,0.48169774
RW9,35,0.4162269401905226,0,1.0,0,0.4693671
RW9,36,0.39630758405323846,0,1.0,0,0.4584748
RW9,37,0.37288217447495453,0,1.0,0,0.44797456
RW9,38,0.3621987887485223,0,1.0,0,0.43740904
RW9,39,0.3575388160665002,0,1.0,0,0.42687297
RW1,0,1.0,0,1.0,1,0.98532337
RW1,1,0.9802670752876338,0,1.0,1,0.9770151
RW1,2,0.9565216183750929,0,1.0,1,0.9561214
RW1,3,0.9339790204206347,0,1.0,1,0.92884266
RW1,4,0.9146940376750224,0,1.0,1,0.9017339
RW1,5,0.8911839245665371,0,1.0,1,0.87812996
RW1,6,0.8763421303143164,0,1.0,1,0.8573251
RW1,7,0.8561581297172293,0,1.0,1,0.8414976
RW1,8,0.8433079203727134,0,1.0,1,0.82340765
RW1,9,0.8224842210510717,0,1.0,1,0.8065297
RW1,10,0.8103568229633243,0,1.0,1,0.7905805
RW1,11,0.7998003763340421,0,1.0,1,0.77719283
RW1,12,0.8088487095632187,0,1.0,1,0.7675506
RW1,13,0.7843175647994992,0,1.0,1,0.75511885
RW1,14,0.7703735760756814,0,1.0,1,0.7428471
RW1,15,0.7535480936807142,0,1.0,1,0.7281066
RW1,16,0.7275046205067329,0,1.0,1,0.714022
RW1,17,0.7193999486186523,0,1.0,1,0.7019973
RW1,18,0.692610556793688,0,1.0,1,0.6895336
RW1,19,0.6793568250462967,0,1.0,1,0.67231834
RW1,20,0.6705532526507081,0,1.0,1,0.65349495
RW1,21,0.6981110202679772,0,1.0,1,0.6280383
RW1,22,0.6247003756395969,0,1.0,1,0.6048776
RW1,23,0.5832750085056947,0,1.0,1,0.5837385
RW13,0,1.0,0,1.0,1,1.0112214
RW13,1,0.965406142462438,0,1.0,1,0.9392239
RW13,2,0.9390282053526243,0,1.0,1,0.89026016
RW13,3,0.8973664410850068,0,1.0,1,0.84687984
RW13,4,0.8559853917191745,0,1.0,1,0.8118059
RW13,5,0.8236615111297403,0,1.0,1,0.7795577
RW13,6,0.7989888416994142,0,1.0,1,0.7504684
RW13,7,0.7751912982027924,0,1.0,1,0.7230495
RW13,8,0.7640716479571148,0,1.0,1,0.6978537
RW13,9,0.7489144784756683,0,1.0,1,0.6733292
RW13,10,0.7267880380307747,0,1.0,1,0.6496099
RW13,11,0.7055711236531398,0,1.0,1,0.62753105
RW13,12,0.681354367058826,0,1.0,1,0.60652936
RW13,13,0.632238066246379,0,1.0,1,0.5861506
RW13,14,0.6484083666650617,0,1.0,1,0.563599
RW13,15,0.6525398272110188,0,1.0,1,0.55864334
RW13,16,0.6005328739937468,0,1.0,1,0.53809655
RW13,17,0.6018706654475305,0,1.0,1,0.51502526
RW13,18,0.5923899890205315,0,1.0,1,0.49408358
RW13,19,0.5612641015154616,0,1.0,1,0.4745233
RW13,20,0.5456961123316568,0,1.0,1,0.45483106
RW13,21,0.5329610199130828,0,1.0,1,0.43735707
RW13,22,0.513416008393162,0,1.0,1,0.42033952
RW17,0,1.0,0,1.0,1,1.0120499
RW17,1,1.0026357949563962,0,1.0,1,0.92732406
RW17,2,0.9394918329295381,0,1.0,1,0.9360473
RW17,3,0.9184088724104814,0,1.0,1,0.8928674
RW17,4,0.8911584681985729,0,1.0,1,0.86991525
RW17,5,0.8589631609072765,0,1.0,1,0.8471684
RW17,6,0.8291575425450128,0,1.0,1,0.82467777
RW17,7,0.7987386988534076,0,1.0,1,0.8063034
RW17,8,0.7751485975307869,0,1.0,1,0.78864104
RW17,9,0.756656843774444,0,1.0,1,0.77053636
RW17,10,0.7426667041719264,0,1.0,1,0.74989974
RW17,11,0.7130644081290144,0,1.0,1,0.7268332
RW17,12,0.6970482137460301,0,1.0,1,0.70815635
RW17,13,0.6802011348844728,0,1.0,1,0.68987864
RW17,14,0.6582592678998883,0,1.0,1,0.67211616
RW17,15,0.6398762010019141,0,1.0,1,0.65565884
RW17,16,0.6204725968210568,0,1.0,1,0.6385453
RW17,17,0.6239733900924819,0,1.0,1,0.6369214
RW17,18,0.5987008167774444,0,1.0,1,0.6215253
RW17,19,0.5772080177645994,0,1.0,1,0.60927224
RW17,20,0.566682764841642,0,1.0,1,0.5971772
RW17,21,0.5622090221375536,0,1.0,1,0.58595705
RW17,22,0.5447943351336495,0,1.0,1,0.57539576
RW17,23,0.5353719031237376,0,1.0,1,0.5655379
RW17,24,0.5321386201162224,0,1.0,1,0.5566168
RW17,25,0.5256696552882916,0,1.0,1,0.54838586
RW17,26,0.5216566461738521,0,1.0,1,0.5407647
RW17,27,0.5142014944571648,0,1.0,1,0.5341902
RW21,0,1.0,0,1.0,1,1.0089204
RW21,1,0.9740724898567775,0,1.0,1,0.9916893
RW21,2,0.9527184796006276,0,1.0,1,0.9454393
RW21,3,0.9282169542090231,0,1.0,1,0.9057525
RW21,4,0.8955478419839256,0,1.0,1,0.8679425
RW21,5,0.8573416928236135,0,1.0,1,0.8353265
RW21,6,0.8262560190318581,0,1.0,1,0.8069346
RW21,7,0.8028064819028633,0,1.0,1,0.78314275
RW21,8,0.7893600413911868,0,1.0,1,0.76322997
RW21,9,0.775128424104771,0,1.0,1,0.7459259
RW21,10,0.7694576973245436,0,1.0,1,0.7334845
RW25,0,1.0,0,1.0,1,1.0060948
RW25,1,0.968918095597688,0,1.0,1,0.9657943
RW25,2,0.9414534545922638,0,1.0,1,0.9494275
RW25,3,0.9123147456691004,0,1.0,1,0.9330886
RW25,4,0.888189503733068,0,1.0,1,0.9186973
RW25,5,0.8696823709546798,0,1.0,1,0.9044506
RW25,6,0.8537549502050074,0,1.0,1,0.8907629
RW25,7,0.8375259921719959,0,1.0,1,0.87686545
RW25,8,0.8193673257776384,0,1.0,1,0.8624377
RW25,9,0.8135065611667396,0,1.0,1,0.8476218
RW25,10,0.803434694880542,0,1.0,1,0.8319421
RW25,11,0.7943807611523241,0,1.0,1,0.8155827
RW25,12,0.7853815339720616,0,1.0,1,0.797982
RW3,0,1.0,0,1.0,1,0.9992177
RW3,1,0.9687426932522573,0,1.0,1,0.95616716
RW3,2,0.929211084462392,0,1.0,1,0.93230534
RW3,3,0.8970072599473418,0,1.0,1,0.90733147
RW3,4,0.8739883587909667,0,1.0,1,0.87879413
RW3,5,0.8483648360418079,0,1.0,1,0.8575508
RW3,6,0.834035367164592,0,1.0,1,0.8370786
RW3,7,0.8165629846823869,0,1.0,1,0.819521
RW3,8,0.7932890383246501,0,1.0,1,0.8030487
RW3,9,0.8102317992092032,0,1.0,1,0.7906453
RW3,10,0.7772348372341118,0,1.0,1,0.77288467
RW3,11,0.758047293748471,0,1.0,1,0.7565675
RW3,12,0.7406746149745171,0,1.0,1,0.74150705
RW3,13,0.7142042200057844,0,1.0,1,0.7252276
RW3,14,0.6871908455658011,0,1.0,1,0.70901936
RW3,15,0.6654079726651321,0,1.0,1,0.69091004
RW3,16,0.6625411808641404,0,1.0,1,0.6754285
RW3,17,0.6492046234819603,0,1.0,1,0.6570977
RW3,18,0.6150347872417288,0,1.0,1,0.64208317
RW3,19,0.6042370279644296,0,1.0,1,0.62237364
RW3,20,0.5462918454573739,0,1.0,1,0.60096246
RW3,21,0.5294258363488458,0,1.0,1,0.5817401
RW9,0,1.0,0,1.0,1,1.0175861
RW9,1,0.9744806801719121,0,1.0,1,1.0002215
RW9,2,0.9453104679064025,0,1.0,1,0.96439534
RW9,3,0.911360857317688,0,1.0,1,0.92833674
RW9,4,0.8847866727225885,0,1.0,1,0.8941996
RW9,5,0.8406944835087043,0,1.0,1,0.8630461
RW9,6,0.8176901280788624,0,1.0,1,0.8331788
RW9,7,0.7864030549959673,0,1.0,1,0.80275714
RW9,8,0.7628733089042045,0,1.0,1,0.7800082
RW9,9,0.7266047623827654,0,1.0,1,0.7571252
RW9,10,0.6950317886415597,0,1.0,1,0.7366352
RW9,11,0.6756574638458637,0,1.0,1,0.7177653
RW9,12,0.6603653366488433,0,1.0,1,0.70150054
RW9,13,0.6964212062092479,0,1.0,1,0.70663375
RW9,14,0.6472003063742006,0,1.0,1,0.692256
RW9,15,0.6351750298406914,0,1.0,1,0.6784712
RW9,16,0.6165428117187594,0,1.0,1,0.66548944
RW9,17,0.5964223557750638,0,1.0,1,0.65392494
RW9,18,0.59783807785969,0,1.0,1,0.64398086
RW9,19,0.5791340224765132,0,1.0,1,0.6329055
RW9,20,0.572651808445847,0,1.0,1,0.6232321
RW9,21,0.5654329871052775,0,1.0,1,0.61253476
RW9,22,0.5530896777273546,0,1.0,1,0.60323673
RW9,23,0.542052740223641,0,1.0,1,0.59350944
RW9,24,0.534245247108605,0,1.0,1,0.5852262
RW9,25,0.5310967487165805,0,1.0,1,0.576954
RW9,26,0.5130674490339593,0,1.0,1,0.56776595
RW9,27,0.5178543420622359,0,1.0,1,0.55742794
RW9,28,0.5073736155103112,0,1.0,1,0.5468875
RW9,29,0.5062313423318389,0,1.0,1,0.5362797
RW9,30,0.4936209036779812,0,1.0,1,0.5243591
RW9,31,0.4789604612310552,0,1.0,1,0.5130279
RW9,32,0.5040541243406096,0,1.0,1,0.50835145
RW9,33,0.4707276486475776,0,1.0,1,0.49456304
RW9,34,0.45110138474628303,0,1.0,1,0.48134154
RW9,35,0.4162269401905226,0,1.0,1,0.46872216
RW9,36,0.39630758405323846,0,1.0,1,0.45797014
RW9,37,0.37288217447495453,0,1.0,1,0.44783092
RW9,38,0.3621987887485223,0,1.0,1,0.43768513
RW9,39,0.3575388160665002,0,1.0,1,0.4276179
RW1,0,1.0,0,1.0,2,0.9848384
RW1,1,0.9802670752876338,0,1.0,2,0.9668117
RW1,2,0.9565216183750929,0,1.0,2,0.94468206
RW1,3,0.9339790204206347,0,1.0,2,0.9177914
RW1,4,0.9146940376750224,0,1.0,2,0.8909926
RW1,5,0.8911839245665371,0,1.0,2,0.8682257
RW1,6,0.8763421303143164,0,1.0,2,0.8453814
RW1,7,0.8561581297172293,0,1.0,2,0.82853377
RW1,8,0.8433079203727134,0,1.0,2,0.8100424
RW1,9,0.8224842210510717,0,1.0,2,0.7930723
RW1,10,0.8103568229633243,0,1.0,2,0.7769325
RW1,11,0.7998003763340421,0,1.0,2,0.7633321
RW1,12,0.8088487095632187,0,1.0,2,0.7538116
RW1,13,0.7843175647994992,0,1.0,2,0.7412076
RW1,14,0.7703735760756814,0,1.0,2,0.7288416
RW1,15,0.7535480936807142,0,1.0,2,0.71397555
RW1,16,0.7275046205067329,0,1.0,2,0.6997156
RW1,17,0.7193999486186523,0,1.0,2,0.6879878
RW1,18,0.692610556793688,0,1.0,2,0.6755066
RW1,19,0.6793568250462967,0,1.0,2,0.65836537
RW1,20,0.6705532526507081,0,1.0,2,0.6386967
RW1,21,0.6981110202679772,0,1.0,2,0.6137191
RW1,22,0.6247003756395969,0,1.0,2,0.5890129
RW1,23,0.5832750085056947,0,1.0,2,0.5671487
RW13,0,1.0,0,1.0,2,0.9987764
RW13,1,0.965406142462438,0,1.0,2,0.944616
RW13,2,0.9390282053526243,0,1.0,2,0.89144963
RW13,3,0.8973664410850068,0,1.0,2,0.8467044
RW13,4,0.8559853917191745,0,1.0,2,0.8089292
RW13,5,0.8236615111297403,0,1.0,2,0.77564603
RW13,6,0.7989888416994142,0,1.0,2,0.74601656
RW13,7,0.7751912982027924,0,1.0,2,0.71908575
RW13,8,0.7640716479571148,0,1.0,2,0.69497865
RW13,9,0.7489144784756683,0,1.0,2,0.6717176
RW13,10,0.7267880380307747,0,1.0,2,0.64811987
RW13,11,0.7055711236531398,0,1.0,2,0.62616825
RW13,12,0.681354367058826,0,1.0,2,0.60493803
RW13,13,0.632238066246379,0,1.0,2,0.58419096
RW13,14,0.6484083666650617,0,1.0,2,0.5617243
RW13,15,0.6525398272110188,0,1.0,2,0.556726
RW13,16,0.6005328739937468,0,1.0,2,0.5354576
RW13,17,0.6018706654475305,0,1.0,2,0.5129561
RW13,18,0.5923899890205315,0,1.0,2,0.49255526
RW13,19,0.5612641015154616,0,1.0,2,0.47322476
RW13,20,0.5456961123316568,0,1.0,2,0.45395494
RW13,21,0.5329610199130828,0,1.0,2,0.4367293
RW13,22,0.513416008393162,0,1.0,2,0.42006242
RW17,0,1.0,0,1.0,2,0.9991489
RW17,1,1.0026357949563962,0,1.0,2,0.96574503
RW17,2,0.9394918329295381,0,1.0,2,0.9436854
RW17,3,0.9184088724104814,0,1.0,2,0.897812
RW17,4,0.8911584681985729,0,1.0,2,0.8769569
RW17,5,0.8589631609072765,0,1.0,2,0.85421824
RW17,6,0.8291575425450128,0,1.0,2,0.8308284
RW17,7,0.7987386988534076,0,1.0,2,0.8122097
RW17,8,0.7751485975307869,0,1.0,2,0.7937677
RW17,9,0.756656843774444,0,1.0,2,0.7746128
RW17,10,0.7426667041719264,0,1.0,2,0.75280124
RW17,11,0.7130644081290144,0,1.0,2,0.7286312
RW17,12,0.6970482137460301,0,1.0,2,0.70859647
RW17,13,0.6802011348844728,0,1.0,2,0.6888509
RW17,14,0.6582592678998883,0,1.0,2,0.66998637
RW17,15,0.6398762010019141,0,1.0,2,0.6525171
RW17,16,0.6204725968210568,0,1.0,2,0.6348556
RW17,17,0.6239733900924819,0,1.0,2,0.6331349
RW17,18,0.5987008167774444,0,1.0,2,0.61754864
RW17,19,0.5772080177645994,0,1.0,2,0.6052568
RW17,20,0.566682764841642,0,1.0,2,0.59325826
RW17,21,0.5622090221375536,0,1.0,2,0.5823663
RW17,22,0.5447943351336495,0,1.0,2,0.5726202
RW17,23,0.5353719031237376,0,1.0,2,0.5635522
RW17,24,0.5321386201162224,0,1.0,2,0.5555452
RW17,25,0.5256696552882916,0,1.0,2,0.54836893
RW17,26,0.5216566461738521,0,1.0,2,0.541634
RW17,27,0.5142014944571648,0,1.0,2,0.5362447
RW21,0,1.0,0,1.0,2,1.0002536
RW21,1,0.9740724898567775,0,1.0,2,0.9885632
RW21,2,0.9527184796006276,0,1.0,2,0.9412544
RW21,3,0.9282169542090231,0,1.0,2,0.9018682
RW21,4,0.8955478419839256,0,1.0,2,0.86570036
RW21,5,0.8573416928236135,0,1.0,2,0.8351838
RW21,6,0.8262560190318581,0,1.0,2,0.80889827
RW21,7,0.8028064819028633,0,1.0,2,0.7866742
RW21,8,0.7893600413911868,0,1.0,2,0.7675391
RW21,9,0.775128424104771,0,1.0,2,0.75017214
RW21,10,0.7694576973245436,0,1.0,2,0.736544
RW25,0,1.0,0,1.0,2,0.9975112
RW25,1,0.968918095597688,0,1.0,2,0.96468204
RW25,2,0.9414534545922638,0,1.0,2,0.9498478
RW25,3,0.9123147456691004,0,1.0,2,0.9346036
RW25,4,0.888189503733068,0,1.0,2,0.91989195
RW25,5,0.8696823709546798,0,1.0,2,0.9063244
RW25,6,0.8537549502050074,0,1.0,2,0.8919935
RW25,7,0.8375259921719959,0,1.0,2,0.8779312
RW25,8,0.8193673257776384,0,1.0,2,0.8641889
RW25,9,0.8135065611667396,0,1.0,2,0.8505903
RW25,10,0.803434694880542,0,1.0,2,0.83703816
RW25,11,0.7943807611523241,0,1.0,2,0.824159
RW25,12,0.7853815339720616,0,1.0,2,0.8105709
RW3,0,1.0,0,1.0,2,0.9932773
RW3,1,0.9687426932522573,0,1.0,2,0.9551501
RW3,2,0.929211084462392,0,1.0,2,0.9266409
RW3,3,0.8970072599473418,0,1.0,2,0.89927304
RW3,4,0.8739883587909667,0,1.0,2,0.8699972
RW3,5,0.8483648360418079,0,1.0,2,0.8478722
RW3,6,0.834035367164592,0,1.0,2,0.8270074
RW3,7,0.8165629846823869,0,1.0,2,0.80934227
RW3,8,0.7932890383246501,0,1.0,2,0.7929125
RW3,9,0.8102317992092032,0,1.0,2,0.78106457
RW3,10,0.7772348372341118,0,1.0,2,0.7636896
RW3,11,0.758047293748471,0,1.0,2,0.7475799
RW3,12,0.7406746149745171,0,1.0,2,0.7324574
RW3,13,0.7142042200057844,0,1.0,2,0.71590257
RW3,14,0.6871908455658011,0,1.0,2,0.6992333
RW3,15,0.6654079726651321,0,1.0,2,0.68047607
RW3,16,0.6625411808641404,0,1.0,2,0.6642138
RW3,17,0.6492046234819603,0,1.0,2,0.6448803
RW3,18,0.6150347872417288,0,1.0,2,0.6288934
RW3,19,0.6042370279644296,0,1.0,2,0.6079463
RW3,20,0.5462918454573739,0,1.0,2,0.5852368
RW3,21,0.5294258363488458,0,1.0,2,0.56474125
RW9,0,1.0,0,1.0,2,1.0019975
RW9,1,0.9744806801719121,0,1.0,2,0.9919842
RW9,2,0.9453104679064025,0,1.0,2,0.95616734
RW9,3,0.911360857317688,0,1.0,2,0.9214901
RW9,4,0.8847866727225885,0,1.0,2,0.88873667
RW9,5,0.8406944835087043,0,1.0,2,0.85868084
RW9,6,0.8176901280788624,0,1.0,2,0.82994926
RW9,7,0.7864030549959673,0,1.0,2,0.80001265
RW9,8,0.7628733089042045,0,1.0,2,0.77901125
RW9,9,0.7266047623827654,0,1.0,2,0.7571239
RW9,10,0.6950317886415597,0,1.0,2,0.7375133
RW9,11,0.6756574638458637,0,1.0,2,0.71952057
RW9,12,0.6603653366488433,0,1.0,2,0.7040082
RW9,13,0.6964212062092479,0,1.0,2,0.7069069
RW9,14,0.6472003063742006,0,1.0,2,0.6932236
RW9,15,0.6351750298406914,0,1.0,2,0.6797797
RW9,16,0.6165428117187594,0,1.0,2,0.6672619
RW9,17,0.5964223557750638,0,1.0,2,0.6562075
RW9,18,0.59783807785969,0,1.0,2,0.64659065
RW9,19,0.5791340224765132,0,1.0,2,0.6357813
RW9,20,0.572651808445847,0,1.0,2,0.6262742
RW9,21,0.5654329871052775,0,1.0,2,0.6157184
RW9,22,0.5530896777273546,0,1.0,2,0.60635275
RW9,23,0.542052740223641,0,1.0,2,0.5966341
RW9,24,0.534245247108605,0,1.0,2,0.58824754
RW9,25,0.5310967487165805,0,1.0,2,0.57966626
RW9,26,0.5130674490339593,0,1.0,2,0.5702145
RW9,27,0.5178543420622359,0,1.0,2,0.55982924
RW9,28,0.5073736155103112,0,1.0,2,0.5493097
RW9,29,0.5062313423318389,0,1.0,2,0.53887904
RW9,30,0.4936209036779812,0,1.0,2,0.52711844
RW9,31,0.4789604612310552,0,1.0,2,0.51568973
RW9,32,0.5040541243406096,0,1.0,2,0.5095364
RW9,33,0.4707276486475776,0,1.0,2,0.4958467
RW9,34,0.45110138474628303,0,1.0,2,0.48245692
RW9,35,0.4162269401905226,0,1.0,2,0.4694876
RW9,36,0.39630758405323846,0,1.0,2,0.45796412
RW9,37,0.37288217447495453,0,1.0,2,0.44680554
RW9,38,0.3621987887485223,0,1.0,2,0.43545562
RW9,39,0.3575388160665002,0,1.0,2,0.4240408
RW1,0,1.0,0,1.0,3,0.9728714
RW1,1,0.9802670752876338,0,1.0,3,0.96459246
RW1,2,0.9565216183750929,0,1.0,3,0.94176215
RW1,3,0.9339790204206347,0,1.0,3,0.91696775
RW1,4,0.9146940376750224,0,1.0,3,0.8904272
RW1,5,0.8911839245665371,0,1.0,3,0.8678921
RW1,6,0.8763421303143164,0,1.0,3,0.8488311
RW1,7,0.8561581297172293,0,1.0,3,0.83339185
RW1,8,0.8433079203727134,0,1.0,3,0.8166335
RW1,9,0.8224842210510717,0,1.0,3,0.8010021
RW1,10,0.8103568229633243,0,1.0,3,0.78626657
RW1,11,0.7998003763340421,0,1.0,3,0.77390444
RW1,12,0.8088487095632187,0,1.0,3,0.7637317
RW1,13,0.7843175647994992,0,1.0,3,0.75169885
RW1,14,0.7703735760756814,0,1.0,3,0.74028134
RW1,15,0.7535480936807142,0,1.0,3,0.7271527
RW1,16,0.7275046205067329,0,1.0,3,0.71437573
RW1,17,0.7193999486186523,0,1.0,3,0.7035701
RW1,18,0.692610556793688,0,1.0,3,0.69166726
RW1,19,0.6793568250462967,0,1.0,3,0.67582774
RW1,20,0.6705532526507081,0,1.0,3,0.6587553
RW1,21,0.6981110202679772,0,1.0,3,0.6368523
RW1,22,0.6247003756395969,0,1.0,3,0.6155989
RW1,23,0.5832750085056947,0,1.0,3,0.5961505
RW13,0,1.0,0,1.0,3,0.9993927
RW13,1,0.965406142462438,0,1.0,3,0.95179665
RW13,2,0.9390282053526243,0,1.0,3,0.8977454
RW13,3,0.8973664410850068,0,1.0,3,0.85409963
RW13,4,0.8559853917191745,0,1.0,3,0.81650126
RW13,5,0.8236615111297403,0,1.0,3,0.7834271
RW13,6,0.7989888416994142,0,1.0,3,0.7540173
RW13,7,0.7751912982027924,0,1.0,3,0.7272544
RW13,8,0.7640716479571148,0,1.0,3,0.70269316
RW13,9,0.7489144784756683,0,1.0,3,0.6792372
RW13,10,0.7267880380307747,0,1.0,3,0.6550214
RW13,11,0.7055711236531398,0,1.0,3,0.6318551
RW13,12,0.681354367058826,0,1.0,3,0.6091093
RW13,13,0.632238066246379,0,1.0,3,0.58665925
RW13,14,0.6484083666650617,0,1.0,3,0.5634723
RW13,15,0.6525398272110188,0,1.0,3,0.55847764
RW13,16,0.6005328739937468,0,1.0,3,0.5347228
RW13,17,0.6018706654475305,0,1.0,3,0.5117244
RW13,18,0.5923899890205315,0,1.0,3,0.49196792
RW13,19,0.5612641015154616,0,1.0,3,0.47253406
RW13,20,0.5456961123316568,0,1.0,3,0.45394003
RW13,21,0.5329610199130828,0,1.0,3,0.43718243
RW13,22,0.513416008393162,0,1.0,3,0.42074764
RW17,0,1.0,0,1.0,3,1.0012269
RW17,1,1.0026357949563962,0,1.0,3,0.9842527
RW17,2,0.9394918329295381,0,1.0,3,0.93788487
RW17,3,0.9184088724104814,0,1.0,3,0.9018974
RW17,4,0.8911584681985729,0,1.0,3,0.87688863
RW17,5,0.8589631609072765,0,1.0,3,0.85260344
RW17,6,0.8291575425450128,0,1.0,3,0.82809395
RW17,7,0.7987386988534076,0,1.0,3,0.80832875
RW17,8,0.7751485975307869,0,1.0,3,0.79011136
RW17,9,0.756656843774444,0,1.0,3,0.7713354
RW17,10,0.7426667041719264,0,1.0,3,0.7504317
RW17,11,0.7130644081290144,0,1.0,3,0.72738945
RW17,12,0.6970482137460301,0,1.0,3,0.7087482
RW17,13,0.6802011348844728,0,1.0,3,0.690302
RW17,14,0.6582592678998883,0,1.0,3,0.6726975
RW17,15,0.6398762010019141,0,1.0,3,0.65622824
RW17,16,0.6204725968210568,0,1.0,3,0.63933563
RW17,17,0.6239733900924819,0,1.0,3,0.63742
RW17,18,0.5987008167774444,0,1.0,3,0.6222609
RW17,19,0.5772080177645994,0,1.0,3,0.6099354
RW17,20,0.566682764841642,0,1.0,3,0.5976284
RW17,21,0.5622090221375536,0,1.0,3,0.5862351
RW17,22,0.5447943351336495,0,1.0,3,0.57554364
RW17,23,0.5353719031237376,0,1.0,3,0.5651278
RW17,24,0.5321386201162224,0,1.0,3,0.55564725
RW17,25,0.5256696552882916,0,1.0,3,0.5467904
RW17,26,0.5216566461738521,0,1.0,3,0.5380983
RW17,27,0.5142014944571648,0,1.0,3,0.53055745
RW21,0,1.0,0,1.0,3,0.99998146
RW21,1,0.9740724898567775,0,1.0,3,0.99165285
RW21,2,0.9527184796006276,0,1.0,3,0.9480977
RW21,3,0.9282169542090231,0,1.0,3,0.9097159
RW21,4,0.8955478419839256,0,1.0,3,0.87393355
RW21,5,0.8573416928236135,0,1.0,3,0.84244
RW21,6,0.8262560190318581,0,1.0,3,0.8148196
RW21,7,0.8028064819028633,0,1.0,3,0.79085433
RW21,8,0.7893600413911868,0,1.0,3,0.7699295
RW21,9,0.775128424104771,0,1.0,3,0.75103235
RW21,10,0.7694576973245436,0,1.0,3,0.7354928
RW25,0,1.0,0,1.0,3,1.0000074
RW25,1,0.968918095597688,0,1.0,3,0.9746441
RW25,2,0.9414534545922638,0,1.0,3,0.95720786
RW25,3,0.9123147456691004,0,1.0,3,0.93936527
RW25,4,0.888189503733068,0,1.0,3,0.92571515
RW25,5,0.8696823709546798,0,1.0,3,0.91057163
RW25,6,0.8537549502050074,0,1.0,3,0.8980672
RW25,7,0.8375259921719959,0,1.0,3,0.88511634
RW25,8,0.8193673257776384,0,1.0,3,0.8714324
RW25,9,0.8135065611667396,0,1.0,3,0.857806
RW25,10,0.803434694880542,0,1.0,3,0.84329855
RW25,11,0.7943807611523241,0,1.0,3,0.82737523
RW25,12,0.7853815339720616,0,1.0,3,0.81104344
RW3,0,1.0,0,1.0,3,0.9908219
RW3,1,0.9687426932522573,0,1.0,3,0.963586
RW3,2,0.929211084462392,0,1.0,3,0.9345847
RW3,3,0.8970072599473418,0,1.0,3,0.9065057
RW3,4,0.8739883587909667,0,1.0,3,0.87823325
RW3,5,0.8483648360418079,0,1.0,3,0.855656
RW3,6,0.834035367164592,0,1.0,3,0.83483315
RW3,7,0.8165629846823869,0,1.0,3,0.8167693
RW3,8,0.7932890383246501,0,1.0,3,0.8000063
RW3,9,0.8102317992092032,0,1.0,3,0.78696144
RW3,10,0.7772348372341118,0,1.0,3,0.768688
RW3,11,0.758047293748471,0,1.0,3,0.7518359
RW3,12,0.7406746149745171,0,1.0,3,0.7361045
RW3,13,0.7142042200057844,0,1.0,3,0.7191193
RW3,14,0.6871908455658011,0,1.0,3,0.7018612
RW3,15,0.6654079726651321,0,1.0,3,0.68264246
RW3,16,0.6625411808641404,0,1.0,3,0.6652969
RW3,17,0.6492046234819603,0,1.0,3,0.64537287
RW3,18,0.6150347872417288,0,1.0,3,0.628796
RW3,19,0.6042370279644296,0,1.0,3,0.6075378
RW3,20,0.5462918454573739,0,1.0,3,0.584955
RW3,21,0.5294258363488458,0,1.0,3,0.56449974
RW9,0,1.0,0,1.0,3,1.011015
RW9,1,0.9744806801719121,0,1.0,3,0.9899095
RW9,2,0.9453104679064025,0,1.0,3,0.95387536
RW9,3,0.911360857317688,0,1.0,3,0.9203062
RW9,4,0.8847866727225885,0,1.0,3,0.8879463
RW9,5,0.8406944835087043,0,1.0,3,0.85896087
RW9,6,0.8176901280788624,0,1.0,3,0.82867956
RW9,7,0.7864030549959673,0,1.0,3,0.7979832
RW9,8,0.7628733089042045,0,1.0,3,0.773255
RW9,9,0.7266047623827654,0,1.0,3,0.7495765
RW9,10,0.6950317886415597,0,1.0,3,0.72870886
RW9,11,0.6756574638458637,0,1.0,3,0.70955634
RW9,12,0.6603653366488433,0,1.0,3,0.6930493
RW9,13,0.6964212062092479,0,1.0,3,0.6966951
RW9,14,0.6472003063742006,0,1.0,3,0.682191
RW9,15,0.6351750298406914,0,1.0,3,0.66895056
RW9,16,0.6165428117187594,0,1.0,3,0.6561855
RW9,17,0.5964223557750638,0,1.0,3,0.6447623
RW9,18,0.59783807785969,0,1.0,3,0.6349809
RW9,19,0.5791340224765132,0,1.0,3,0.6243255
RW9,20,0.572651808445847,0,1.0,3,0.61495554
RW9,21,0.5654329871052775,0,1.0,3,0.60481286
RW9,22,0.5530896777273546,0,1.0,3,0.5960516
RW9,23,0.542052740223641,0,1.0,3,0.5867212
RW9,24,0.534245247108605,0,1.0,3,0.5785959
RW9,25,0.5310967487165805,0,1.0,3,0.57080007
RW9,26,0.5130674490339593,0,1.0,3,0.56192183
RW9,27,0.5178543420622359,0,1.0,3,0.5518473
RW9,28,0.5073736155103112,0,1.0,3,0.54123414
RW9,29,0.5062313423318389,0,1.0,3,0.5307047
RW9,30,0.4936209036779812,0,1.0,3,0.51865846
RW9,31,0.4789604612310552,0,1.0,3,0.5073341
RW9,32,0.5040541243406096,0,1.0,3,0.50372094
RW9,33,0.4707276486475776,0,1.0,3,0.4897043
RW9,34,0.45110138474628303,0,1.0,3,0.4765522
RW9,35,0.4162269401905226,0,1.0,3,0.46360576
RW9,36,0.39630758405323846,0,1.0,3,0.45280278
RW9,37,0.37288217447495453,0,1.0,3,0.4425661
RW9,38,0.3621987887485223,0,1.0,3,0.43240637
RW9,39,0.3575388160665002,0,1.0,3,0.42233568
RW1,0,1.0,0,1.0,4,0.97648597
RW1,1,0.9802670752876338,0,1.0,4,0.97918314
RW1,2,0.9565216183750929,0,1.0,4,0.9552457
RW1,3,0.9339790204206347,0,1.0,4,0.92719483
RW1,4,0.9146940376750224,0,1.0,4,0.89849794
RW1,5,0.8911839245665371,0,1.0,4,0.8739003
RW1,6,0.8763421303143164,0,1.0,4,0.85411215
RW1,7,0.8561581297172293,0,1.0,4,0.8388836
RW1,8,0.8433079203727134,0,1.0,4,0.8211584
RW1,9,0.8224842210510717,0,1.0,4,0.80463487
RW1,10,0.8103568229633243,0,1.0,4,0.78898025
RW1,11,0.7998003763340421,0,1.0,4,0.77596366
RW1,12,0.8088487095632187,0,1.0,4,0.76589066
RW1,13,0.7843175647994992,0,1.0,4,0.7535262
RW1,14,0.7703735760756814,0,1.0,4,0.74139225
RW1,15,0.7535480936807142,0,1.0,4,0.727028
RW1,16,0.7275046205067329,0,1.0,4,0.71317995
RW1,17,0.7193999486186523,0,1.0,4,0.7016871
RW1,18,0.692610556793688,0,1.0,4,0.68926483
RW1,19,0.6793568250462967,0,1.0,4,0.6725479
RW1,20,0.6705532526507081,0,1.0,4,0.654252
RW1,21,0.6981110202679772,0,1.0,4,0.63031435
RW1,22,0.6247003756395969,0,1.0,4,0.6071931
RW1,23,0.5832750085056947,0,1.0,4,0.5857415
RW13,0,1.0,0,1.0,4,1.0023748
RW13,1,0.965406142462438,0,1.0,4,0.94795626
RW13,2,0.9390282053526243,0,1.0,4,0.8937324
RW13,3,0.8973664410850068,0,1.0,4,0.8473765
RW13,4,0.8559853917191745,0,1.0,4,0.8106179
RW13,5,0.8236615111297403,0,1.0,4,0.7779341
RW13,6,0.7989888416994142,0,1.0,4,0.7489192
RW13,7,0.7751912982027924,0,1.0,4,0.72196853
RW13,8,0.7640716479571148,0,1.0,4,0.69720536
RW13,9,0.7489144784756683,0,1.0,4,0.67356324
RW13,10,0.7267880380307747,0,1.0,4,0.6496801
RW13,11,0.7055711236531398,0,1.0,4,0.62698746
RW13,12,0.681354367058826,0,1.0,4,0.6048408
RW13,13,0.632238066246379,0,1.0,4,0.5826272
RW13,14,0.6484083666650617,0,1.0,4,0.558541
RW13,15,0.6525398272110188,0,1.0,4,0.55322707
RW13,16,0.6005328739937468,0,1.0,4,0.52895105
RW13,17,0.6018706654475305,0,1.0,4,0.50355405
RW13,18,0.5923899890205315,0,1.0,4,0.48081958
RW13,19,0.5612641015154616,0,1.0,4,0.45862293
RW13,20,0.5456961123316568,0,1.0,4,0.43657815
RW13,21,0.5329610199130828,0,1.0,4,0.41666114
RW13,22,0.513416008393162,0,1.0,4,0.3970601
RW17,0,1.0,0,1.0,4,1.0040871
RW17,1,1.0026357949563962,0,1.0,4,0.9603518
RW17,2,0.9394918329295381,0,1.0,4,0.9320459
RW17,3,0.9184088724104814,0,1.0,4,0.8994682
RW17,4,0.8911584681985729,0,1.0,4,0.8772274
RW17,5,0.8589631609072765,0,1.0,4,0.85256386
RW17,6,0.8291575425450128,0,1.0,4,0.82666266
RW17,7,0.7987386988534076,0,1.0,4,0.8055108
RW17,8,0.7751485975307869,0,1.0,4,0.7866751
RW17,9,0.756656843774444,0,1.0,4,0.76770234
RW17,10,0.7426667041719264,0,1.0,4,0.7466455
RW17,11,0.7130644081290144,0,1.0,4,0.72394925
RW17,12,0.6970482137460301,0,1.0,4,0.7058424
RW17,13,0.6802011348844728,0,1.0,4,0.68774164
RW17,14,0.6582592678998883,0,1.0,4,0.6706039
RW17,15,0.6398762010019141,0,1.0,4,0.6545979
RW17,16,0.6204725968210568,0,1.0,4,0.63816315
RW17,17,0.6239733900924819,0,1.0,4,0.63668287
RW17,18,0.5987008167774444,0,1.0,4,0.62217546
RW17,19,0.5772080177645994,0,1.0,4,0.6109484
RW17,20,0.566682764841642,0,1.0,4,0.5997907
RW17,21,0.5622090221375536,0,1.0,4,0.58957064
RW17,22,0.5447943351336495,0,1.0,4,0.58047366
RW17,23,0.5353719031237376,0,1.0,4,0.57197416
RW17,24,0.5321386201162224,0,1.0,4,0.5644312
RW17,25,0.5256696552882916,0,1.0,4,0.5576675
RW17,26,0.5216566461738521,0,1.0,4,0.55131054
RW17,27,0.5142014944571648,0,1.0,4,0.5463941
RW21,0,1.0,0,1.0,4,1.0068107
RW21,1,0.9740724898567775,0,1.0,4,0.9867728
RW21,2,0.9527184796006276,0,1.0,4,0.94531125
RW21,3,0.9282169542090231,0,1.0,4,0.9070394
RW21,4,0.8955478419839256,0,1.0,4,0.87177604
RW21,5,0.8573416928236135,0,1.0,4,0.83999896
RW21,6,0.8262560190318581,0,1.0,4,0.81236017
RW21,7,0.8028064819028633,0,1.0,4,0.7883026
RW21,8,0.7893600413911868,0,1.0,4,0.7676909
RW21,9,0.775128424104771,0,1.0,4,0.74968725
RW21,10,0.7694576973245436,0,1.0,4,0.7348194
RW25,0,1.0,0,1.0,4,1.0023409
RW25,1,0.968918095597688,0,1.0,4,0.9752638
RW25,2,0.9414534545922638,0,1.0,4,0.9539283
RW25,3,0.9123147456691004,0,1.0,4,0.9340741
RW25,4,0.888189503733068,0,1.0,4,0.91719836
RW25,5,0.8696823709546798,0,1.0,4,0.9014427
RW25,6,0.8537549502050074,0,1.0,4,0.8878168
RW25,7,0.8375259921719959,0,1.0,4,0.87502754
RW25,8,0.8193673257776384,0,1.0,4,0.8626041
RW25,9,0.8135065611667396,0,1.0,4,0.8508305
RW25,10,0.803434694880542,0,1.0,4,0.8388552
RW25,11,0.7943807611523241,0,1.0,4,0.82620424
RW25,12,0.7853815339720616,0,1.0,4,0.8133712
RW3,0,1.0,0,1.0,4,0.99041635
RW3,1,0.9687426932522573,0,1.0,4,0.966076
RW3,2,0.929211084462392,0,1.0,4,0.9368726
RW3,3,0.8970072599473418,0,1.0,4,0.9087602
RW3,4,0.8739883587909667,0,1.0,4,0.8792758
RW3,5,0.8483648360418079,0,1.0,4,0.8568839
RW3,6,0.834035367164592,0,1.0,4,0.83585536
RW3,7,0.8165629846823869,0,1.0,4,0.81789523
RW3,8,0.7932890383246501,0,1.0,4,0.8011896
RW3,9,0.8102317992092032,0,1.0,4,0.78849477
RW3,10,0.7772348372341118,0,1.0,4,0.7705623
RW3,11,0.758047293748471,0,1.0,4,0.7541287
RW3,12,0.7406746149745171,0,1.0,4,0.73892874
RW3,13,0.7142042200057844,0,1.0,4,0.7224133
RW3,14,0.6871908455658011,0,1.0,4,0.70579904
RW3,15,0.6654079726651321,0,1.0,4,0.6870469
RW3,16,0.6625411808641404,0,1.0,4,0.67074984
RW3,17,0.6492046234819603,0,1.0,4,0.65126896
RW3,18,0.6150347872417288,0,1.0,4,0.6350856
RW3,19,0.6042370279644296,0,1.0,4,0.61365294
RW3,20,0.5462918454573739,0,1.0,4,0.5901286
RW3,21,0.5294258363488458,0,1.0,4,0.56876904
RW9,0,1.0,0,1.0,4,1.0170525
RW9,1,0.9744806801719121,0,1.0,4,0.9989836
RW9,2,0.9453104679064025,0,1.0,4,0.9660292
RW9,3,0.911360857317688,0,1.0,4,0.9313902
RW9,4,0.8847866727225885,0,1.0,4,0.8989708
RW9,5,0.8406944835087043,0,1.0,4,0.8685604
RW9,6,0.8176901280788624,0,1.0,4,0.839321
RW9,7,0.7864030549959673,0,1.0,4,0.80857706
RW9,8,0.7628733089042045,0,1.0,4,0.7858788
RW9,9,0.7266047623827654,0,1.0,4,0.7628053
RW9,10,0.6950317886415597,0,1.0,4,0.7419685
RW9,11,0.6756574638458637,0,1.0,4,0.72276443
RW9,12,0.6603653366488433,0,1.0,4,0.70611364
RW9,13,0.6964212062092479,0,1.0,4,0.70856196
RW9,14,0.6472003063742006,0,1.0,4,0.69417214
RW9,15,0.6351750298406914,0,1.0,4,0.6805491
RW9,16,0.6165428117187594,0,1.0,4,0.66726106
RW9,17,0.5964223557750638,0,1.0,4,0.655422
RW9,18,0.59783807785969,0,1.0,4,0.64512306
RW9,19,0.5791340224765132,0,1.0,4,0.63389474
RW9,20,0.572651808445847,0,1.0,4,0.6238601
RW9,21,0.5654329871052775,0,1.0,4,0.61300766
RW9,22,0.5530896777273546,0,1.0,4,0.6035658
RW9,23,0.542052740223641,0,1.0,4,0.5935886
RW9,24,0.534245247108605,0,1.0,4,0.58494216
RW9,25,0.5310967487165805,0,1.0,4,0.5766854
RW9,26,0.5130674490339593,0,1.0,4,0.56747234
RW9,27,0.5178543420622359,0,1.0,4,0.5570215
RW9,28,0.5073736155103112,0,1.0,4,0.5464249
RW9,29,0.5062313423318389,0,1.0,4,0.5358887
RW9,30,0.4936209036779812,0,1.0,4,0.5241776
RW9,31,0.4789604612310552,0,1.0,4,0.5132998
RW9,32,0.5040541243406096,0,1.0,4,0.51099867
RW9,33,0.4707276486475776,0,1.0,4,0.49784613
RW9,34,0.45110138474628303,0,1.0,4,0.48541653
RW9,35,0.4162269401905226,0,1.0,4,0.47357857
RW9,36,0.39630758405323846,0,1.0,4,0.46349192
RW9,37,0.37288217447495453,0,1.0,4,0.4541071
RW9,38,0.3621987887485223,0,1.0,4,0.44480032
RW9,39,0.3575388160665002,0,1.0,4,0.43566072
RW1,0,1.0,0,0.5,0,0.99439085
RW1,1,0.9802670752876338,0,0.5,0,0.958671
RW1,2,0.9565216183750929,0,0.5,0,0.9361692
RW1,3,0.9339790204206347,0,0.5,0,0.91125596
RW1,4,0.9146940376750224,0,0.5,0,0.8851904
RW1,5,0.8911839245665371,0,0.5,0,0.8637513
RW1,6,0.8763421303143164,0,0.5,0,0.84157073
RW1,7,0.8561581297172293,0,0.5,0,0.8246436
RW1,8,0.8433079203727134,0,0.5,0,0.8064696
RW1,9,0.8224842210510717,0,0.5,0,0.78993845
RW1,10,0.8103568229633243,0,0.5,0,0.7740978
RW1,11,0.7998003763340421,0,0.5,0,0.76081777
RW1,12,0.8088487095632187,0,0.5,0,0.7518773
RW1,13,0.7843175647994992,0,0.5,0,0.73988855
RW1,14,0.7703735760756814,0,0.5,0,0.7285719
RW1,15,0.7535480936807142,0,0.5,0,0.7153455
RW1,16,0.7275046205067329,0,0.5,0,0.7027749
RW1,17,0.7193999486186523,0,0.5,0,0.69261944
RW1,18,0.692610556793688,0,0.5,0,0.6815727
RW1,19,0.6793568250462967,0,0.5,0,0.6662688
RW1,20,0.6705532526507081,0,0.5,0,0.648485
RW1,21,0.6981110202679772,0,0.5,0,0.62562263
RW1,22,0.6247003756395969,0,0.5,0,0.6026678
RW1,23,0.5832750085056947,0,0.5,0,0.5823249
RW13,0,1.0,0,0.5,0,1.0001165
RW13,1,0.965406142462438,0,0.5,0,0.9478762
RW13,2,0.9390282053526243,0,0.5,0,0.8959961
RW13,3,0.8973664410850068,0,0.5,0,0.8519484
RW13,4,0.8559853917191745,0,0.5,0,0.8130797
RW13,5,0.8236615111297403,0,0.5,0,0.77925944
RW13,6,0.7989888416994142,0,0.5,0,0.7494672
RW13,7,0.7751912982027924,0,0.5,0,0.7232832
RW13,8,0.7640716479571148,0,0.5,0,0.70033705
RW13,9,0.7489144784756683,0,0.5,0,0.6785165
RW13,10,0.7267880380307747,0,0.5,0,0.65603113
RW13,11,0.7055711236531398,0,0.5,0,0.6351489
RW13,12,0.681354367058826,0,0.5,0,0.61457753
RW13,13,0.632238066246379,0,0.5,0,0.5942613
RW13,14,0.6484083666650617,0,0.5,0,0.572422
RW13,15,0.6525398272110188,0,0.5,0,0.567541
RW13,16,0.6005328739937468,0,0.5,0,0.54563147
RW13,17,0.6018706654475305,0,0.5,0,0.5232345
RW13,18,0.5923899890205315,0,0.5,0,0.50305784
RW13,19,0.5612641015154616,0,0.5,0,0.4833647
RW13,20,0.5456961123316568,0,0.5,0,0.46421337
RW13,21,0.5329610199130828,0,0.5,0,0.44708723
RW13,22,0.513416008393162,0,0.5,0,0.43077606
RW17,0,1.0,0,0.5,0,1.0007324
RW17,1,1.0026357949563962,0,0.5,0,0.9910731
RW17,2,0.9394918329295381,0,0.5,0,0.9448393
RW17,3,0.9184088724104814,0,0.5,0,0.89985275
RW17,4,0.8911584681985729,0,0.5,0,0.8777974
RW17,5,0.8589631609072765,0,0.5,0,0.85368323
RW17,6,0.8291575425450128,0,0.5,0,0.8287357
RW17,7,0.7987386988534076,0,0.5,0,0.80884933
RW17,8,0.7751485975307869,0,0.5,0,0.79012835
RW17,9,0.756656843774444,0,0.5,0,0.7707248
RW17,10,0.7426667041719264,0,0.5,0,0.74908364
RW17,11,0.7130644081290144,0,0.5,0,0.72544235
RW17,12,0.6970482137460301,0,0.5,0,0.706159
RW17,13,0.6802011348844728,0,0.5,0,0.68708044
RW17,14,0.6582592678998883,0,0.5,0,0.6691649
RW17,15,0.6398762010019141,0,0.5,0,0.65253234
RW17,16,0.6204725968210568,0,0.5,0,0.6358573
RW17,17,0.6239733900924819,0,0.5,0,0.63386476
RW17,18,0.5987008167774444,0,0.5,0,0.61923397
RW17,19,0.5772080177645994,0,0.5,0,0.6075494
RW17,20,0.566682764841642,0,0.5,0,0.59610295
RW17,21,0.5622090221375536,0,0.5,0,0.5858277
RW17,22,0.5447943351336495,0,0.5,0,0.5765802
RW17,23,0.5353719031237376,0,0.5,0,0.56777287
RW17,24,0.5321386201162224,0,0.5,0,0.56004477
RW17,25,0.5256696552882916,0,0.5,0,0.55309355
RW17,26,0.5216566461738521,0,0.5,0,0.5463574
RW17,27,0.5142014944571648,0,0.5,0,0.5408975
RW21,0,1.0,0,0.5,0,1.0011832
RW21,1,0.9740724898567775,0,0.5,0,0.98704463
RW21,2,0.9527184796006276,0,0.5,0,0.94525087
RW21,3,0.9282169542090231,0,0.5,0,0.9081381
RW21,4,0.8955478419839256,0,0.5,0,0.8733366
RW21,5,0.8573416928236135,0,0.5,0,0.842407
RW21,6,0.8262560190318581,0,0.5,0,0.8150554
RW21,7,0.8028064819028633,0,0.5,0,0.79095197
RW21,8,0.7893600413911868,0,0.5,0,0.7697606
RW21,9,0.775128424104771,0,0.5,0,0.75076264
RW21,10,0.7694576973245436,0,0.5,0,0.7345742
RW25,0,1.0,0,0.5,0,1.0001287
RW25,1,0.968918095597688,0,0.5,0,0.9756889
RW25,2,0.9414534545922638,0,0.5,0,0.95408326
RW25,3,0.9123147456691004,0,0.5,0,0.9339061
RW25,4,0.888189503733068,0,0.5,0,0.9170556
RW25,5,0.8696823709546798,0,0.5,0,0.9010986
RW25,6,0.8537549502050074,0,0.5,0,0.88759625
RW25,7,0.8375259921719959,0,0.5,0,0.87498057
RW25,8,0.8193673257776384,0,0.5,0,0.8628907
RW25,9,0.8135065611667396,0,0.5,0,0.85180044
RW25,10,0.803434694880542,0,0.5,0,0.8408621
RW25,11,0.7943807611523241,0,0.5,0,0.8296649
RW25,12,0.7853815339720616,0,0.5,0,0.81883615
RW3,0,1.0,0,0.5,0,0.99942523
RW3,1,0.9687426932522573,0,0.5,0,0.95977974
RW3,2,0.929211084462392,0,0.5,0,0.9316165
RW3,3,0.8970072599473418,0,0.5,0,0.90377676
RW3,4,0.8739883587909667,0,0.5,0,0.87455535
RW3,5,0.8483648360418079,0,0.5,0,0.85145634
RW3,6,0.834035367164592,0,0.5,0,0.8298677
RW3,7,0.8165629846823869,0,0.5,0,0.81139046
RW3,8,0.7932890383246501,0,0.5,0,0.79423803
RW3,9,0.8102317992092032,0,0.5,0,0.78181994
RW3,10,0.7772348372341118,0,0.5,0,0.7638504
RW3,11,0.758047293748471,0,0.5,0,0.74742985
RW3,12,0.7406746149745171,0,0.5,0,0.73224247
RW3,13,0.7142042200057844,0,0.5,0,0.7160013
RW3,14,0.6871908455658011,0,0.5,0,0.699734
RW3,15,0.6654079726651321,0,0.5,0,0.68164444
RW3,16,0.6625411808641404,0,0.5,0,0.66539764
RW3,17,0.6492046234819603,0,0.5,0,0.6464452
RW3,18,0.6150347872417288,0,0.5,0,0.63049304
RW3,19,0.6042370279644296,0,0.5,0,0.6097342
RW3,20,0.5462918454573739,0,0.5,0,0.5873348
RW3,21,0.5294258363488458,0,0.5,0,0.5666381
RW9,0,1.0,0,0.5,0,1.0045931
RW9,1,0.9744806801719121,0,0.5,0,1.0070599
RW9,2,0.9453104679064025,0,0.5,0,0.96670085
RW9,3,0.911360857317688,0,0.5,0,0.9310292
RW9,4,0.8847866727225885,0,0.5,0,0.89567196
RW9,5,0.8406944835087043,0,0.5,0,0.863836
RW9,6,0.8176901280788624,0,0.5,0,0.8351457
RW9,7,0.7864030549959673,0,0.5,0,0.8053657
RW9,8,0.7628733089042045,0,0.5,0,0.78236365
RW9,9,0.7266047623827654,0,0.5,0,0.7592152
RW9,10,0.6950317886415597,0,0.5,0,0.7386856
RW9,11,0.6756574638458637,0,0.5,0,0.71945083
RW9,12,0.6603653366488433,0,0.5,0,0.7029525
RW9,13,0.6964212062092479,0,0.5,0,0.70575285
RW9,14,0.6472003063742006,0,0.5,0,0.6910554
RW9,15,0.6351750298406914,0,0.5,0,0.67740315
RW9,16,0.6165428117187594,0,0.5,0,0.66471374
RW9,17,0.5964223557750638,0,0.5,0,0.6529591
RW9,18,0.59783807785969,0,0.5,0,0.64275867
RW9,19,0.5791340224765132,0,0.5,0,0.631524
RW9,20,0.572651808445847,0,0.5,0,0.6214131
RW9,21,0.5654329871052775,0,0.5,0,0.6109662
RW9,22,0.5530896777273546,0,0.5,0,0.60132813
RW9,23,0.542052740223641,0,0.5,0,0.5913644
RW9,24,0.534245247108605,0,0.5,0,0.5824684
RW9,25,0.5310967487165805,0,0.5,0,0.5738782
RW9,26,0.5130674490339593,0,0.5,0,0.5644389
RW9,27,0.5178543420622359,0,0.5,0,0.55454034
RW9,28,0.5073736155103112,0,0.5,0,0.54442406
RW9,29,0.5062313423318389,0,0.5,0,0.5351105
RW9,30,0.4936209036779812,0,0.5,0,0.52450716
RW9,31,0.4789604612310552,0,0.5,0,0.51432294
RW9,32,0.5040541243406096,0,0.5,0,0.5112175
RW9,33,0.4707276486475776,0,0.5,0,0.49948156
RW9,34,0.45110138474628303,0,0.5,0,0.48822975
RW9,35,0.4162269401905226,0,0.5,0,0.47730166
RW9,36,0.39630758405323846,0,0.5,0,0.4676696
RW9,37,0.37288217447495453,0,0.5,0,0.45848042
RW9,38,0.3621987887485223,0,0.5,0,0.44931304
RW9,39,0.3575388160665002,0,0.5,0,0.44027257
RW1,0,1.0,0,0.5,1,0.978024
RW1,1,0.9802670752876338,0,0.5,1,0.97141683
RW1,2,0.9565216183750929,0,0.5,1,0.95030993
RW1,3,0.9339790204206347,0,0.5,1,0.9231899
RW1,4,0.9146940376750224,0,0.5,1,0.8967038
RW1,5,0.8911839245665371,0,0.5,1,0.8739795
RW1,6,0.8763421303143164,0,0.5,1,0.85536003
RW1,7,0.8561581297172293,0,0.5,1,0.8409657
RW1,8,0.8433079203727134,0,0.5,1,0.8238487
RW1,9,0.8224842210510717,0,0.5,1,0.8077195
RW1,10,0.8103568229633243,0,0.5,1,0.7923871
RW1,11,0.7998003763340421,0,0.5,1,0.7794328
RW1,12,0.8088487095632187,0,0.5,1,0.7695654
RW1,13,0.7843175647994992,0,0.5,1,0.75703084
RW1,14,0.7703735760756814,0,0.5,1,0.7444968
RW1,15,0.7535480936807142,0,0.5,1,0.72936106
RW1,16,0.7275046205067329,0,0.5,1,0.714756
RW1,17,0.7193999486186523,0,0.5,1,0.702178
RW1,18,0.692610556793688,0,0.5,1,0.6891614
RW1,19,0.6793568250462967,0,0.5,1,0.6714202
RW1,20,0.6705532526507081,0,0.5,1,0.65221125
RW1,21,0.6981110202679772,0,0.5,1,0.62677217
RW1,22,0.6247003756395969,0,0.5,1,0.6036401
RW1,23,0.5832750085056947,0,0.5,1,0.58277106
RW13,0,1.0,0,0.5,1,1.0048681
RW13,1,0.965406142462438,0,0.5,1,0.93632513
RW13,2,0.9390282053526243,0,0.5,1,0.8870924
RW13,3,0.8973664410850068,0,0.5,1,0.84413534
RW13,4,0.8559853917191745,0,0.5,1,0.8096734
RW13,5,0.8236615111297403,0,0.5,1,0.7779577
RW13,6,0.7989888416994142,0,0.5,1,0.7492824
RW13,7,0.7751912982027924,0,0.5,1,0.7219608
RW13,8,0.7640716479571148,0,0.5,1,0.6965418
RW13,9,0.7489144784756683,0,0.5,1,0.67172277
RW13,10,0.7267880380307747,0,0.5,1,0.6474597
RW13,11,0.7055711236531398,0,0.5,1,0.62480795
RW13,12,0.681354367058826,0,0.5,1,0.60332876
RW13,13,0.632238066246379,0,0.5,1,0.5826583
RW13,14,0.6484083666650617,0,0.5,1,0.56021106
RW13,15,0.6525398272110188,0,0.5,1,0.55532044
RW13,16,0.6005328739937468,0,0.5,1,0.53514826
RW13,17,0.6018706654475305,0,0.5,1,0.5130676
RW13,18,0.5923899890205315,0,0.5,1,0.49342394
RW13,19,0.5612641015154616,0,0.5,1,0.47537017
RW13,20,0.5456961123316568,0,0.5,1,0.45751518
RW13,21,0.5329610199130828,0,0.5,1,0.44192863
RW13,22,0.513416008393162,0,0.5,1,0.42696583
RW17,0,1.0,0,0.5,1,1.0056238
RW17,1,1.0026357949563962,0,0.5,1,0.9231968
RW17,2,0.9394918329295381,0,0.5,1,0.9415445
RW17,3,0.9184088724104814,0,0.5,1,0.89480984
RW17,4,0.8911584681985729,0,0.5,1,0.8743043
RW17,5,0.8589631609072765,0,0.5,1,0.85158074
RW17,6,0.8291575425450128,0,0.5,1,0.82871324
RW17,7,0.7987386988534076,0,0.5,1,0.8101461
RW17,8,0.7751485975307869,0,0.5,1,0.79221094
RW17,9,0.756656843774444,0,0.5,1,0.7738312
RW17,10,0.7426667041719264,0,0.5,1,0.753062
RW17,11,0.7130644081290144,0,0.5,1,0.7299166
RW17,12,0.6970482137460301,0,0.5,1,0.7111088
RW17,13,0.6802011348844728,0,0.5,1,0.6927247
RW17,14,0.6582592678998883,0,0.5,1,0.67485774
RW17,15,0.6398762010019141,0,0.5,1,0.65829575
RW17,16,0.6204725968210568,0,0.5,1,0.64109993
RW17,17,0.6239733900924819,0,0.5,1,0.6394863
RW17,18,0.5987008167774444,0,0.5,1,0.6240133
RW17,19,0.5772080177645994,0,0.5,1,0.61167604
RW17,20,0.566682764841642,0,0.5,1,0.5995032
RW17,21,0.5622090221375536,0,0.5,1,0.58818424
RW17,22,0.5447943351336495,0,0.5,1,0.57753074
RW17,23,0.5353719031237376,0,0.5,1,0.56755847
RW17,24,0.5321386201162224,0,0.5,1,0.5584794
RW17,25,0.5256696552882916,0,0.5,1,0.55004543
RW17,26,0.5216566461738521,0,0.5,1,0.5421729
RW17,27,0.5142014944571648,0,0.5,1,0.5353165
RW21,0,1.0,0,0.5,1,1.0035824
RW21,1,0.9740724898567775,0,0.5,1,0.9821838
RW21,2,0.9527184796006276,0,0.5,1,0.93696654
RW21,3,0.9282169542090231,0,0.5,1,0.898348
RW21,4,0.8955478419839256,0,0.5,1,0.86210644
RW21,5,0.8573416928236135,0,0.5,1,0.83107483
RW21,6,0.8262560190318581,0,0.5,1,0.80454737
RW21,7,0.8028064819028633,0,0.5,1,0.7826185
RW21,8,0.7893600413911868,0,0.5,1,0.7645373
RW21,9,0.775128424104771,0,0.5,1,0.74892664
RW21,10,0.7694576973245436,0,0.5,1,0.7383789
RW25,0,1.0,0,0.5,1,1.0015883
RW25,1,0.968918095597688,0,0.5,1,0.9655699
RW25,2,0.9414534545922638,0,0.5,1,0.94928414
RW25,3,0.9123147456691004,0,0.5,1,0.9334702
RW25,4,0.888189503733068,0,0.5,1,0.91957676
RW25,5,0.8696823709546798,0,0.5,1,0.9058475
RW25,6,0.8537549502050074,0,0.5,1,0.89296323
RW25,7,0.8375259921719959,0,0.5,1,0.87982047
RW25,8,0.8193673257776384,0,0.5,1,0.86619294
RW25,9,0.8135065611667396,0,0.5,1,0.8522154
RW25,10,0.803434694880542,0,0.5,1,0.83737385
RW25,11,0.7943807611523241,0,0.5,1,0.8217565
RW25,12,0.7853815339720616,0,0.5,1,0.8047943
RW3,0,1.0,0,0.5,1,0.99317664
RW3,1,0.9687426932522573,0,0.5,1,0.9523111
RW3,2,0.929211084462392,0,0.5,1,0.92888415
RW3,3,0.8970072599473418,0,0.5,1,0.9045909
RW3,4,0.8739883587909667,0,0.5,1,0.87644124
RW3,5,0.8483648360418079,0,0.5,1,0.8558717
RW3,6,0.834035367164592,0,0.5,1,0.8360857
RW3,7,0.8165629846823869,0,0.5,1,0.8192126
RW3,8,0.7932890383246501,0,0.5,1,0.8033533
RW3,9,0.8102317992092032,0,0.5,1,0.79117405
RW3,10,0.7772348372341118,0,0.5,1,0.77365047
RW3,11,0.758047293748471,0,0.5,1,0.75728214
RW3,12,0.7406746149745171,0,0.5,1,0.74194026
RW3,13,0.7142042200057844,0,0.5,1,0.725169
RW3,14,0.6871908455658011,0,0.5,1,0.7083528
RW3,15,0.6654079726651321,0,0.5,1,0.68961096
RW3,16,0.6625411808641404,0,0.5,1,0.6736393
RW3,17,0.6492046234819603,0,0.5,1,0.6549642
RW3,18,0.6150347872417288,0,0.5,1,0.6398597
RW3,19,0.6042370279644296,0,0.5,1,0.6202754
RW3,20,0.5462918454573739,0,0.5,1,0.5992615
RW3,21,0.5294258363488458,0,0.5,1,0.5807037
RW9,0,1.0,0,0.5,1,1.0105567
RW9,1,0.9744806801719121,0,0.5,1,0.99811876
RW9,2,0.9453104679064025,0,0.5,1,0.9604753
RW9,3,0.911360857317688,0,0.5,1,0.9232164
RW9,4,0.8847866727225885,0,0.5,1,0.88902175
RW9,5,0.8406944835087043,0,0.5,1,0.85835284
RW9,6,0.8176901280788624,0,0.5,1,0.8284625
RW9,7,0.7864030549959673,0,0.5,1,0.7978574
RW9,8,0.7628733089042045,0,0.5,1,0.7747797
RW9,9,0.7266047623827654,0,0.5,1,0.7519403
RW9,10,0.6950317886415597,0,0.5,1,0.7316928
RW9,11,0.6756574638458637,0,0.5,1,0.71327204
RW9,12,0.6603653366488433,0,0.5,1,0.69744647
RW9,13,0.6964212062092479,0,0.5,1,0.7024926
RW9,14,0.6472003063742006,0,0.5,1,0.68837255
RW9,15,0.6351750298406914,0,0.5,1,0.6749869
RW9,16,0.6165428117187594,0,0.5,1,0.66232216
RW9,17,0.5964223557750638,0,0.5,1,0.6511202
RW9,18,0.59783807785969,0,0.5,1,0.6414801
RW9,19,0.5791340224765132,0,0.5,1,0.6308046
RW9,20,0.572651808445847,0,0.5,1,0.6214671
RW9,21,0.5654329871052775,0,0.5,1,0.6111398
RW9,22,0.5530896777273546,0,0.5,1,0.602162
RW9,23,0.542052740223641,0,0.5,1,0.5927515
RW9,24,0.534245247108605,0,0.5,1,0.5846611
RW9,25,0.5310967487165805,0,0.5,1,0.5765672
RW9,26,0.5130674490339593,0,0.5,1,0.5675356
RW9,27,0.5178543420622359,0,0.5,1,0.55736244
RW9,28,0.5073736155103112,0,0.5,1,0.5469134
RW9,29,0.5062313423318389,0,0.5,1,0.5363405
RW9,30,0.4936209036779812,0,0.5,1,0.52441025
RW9,31,0.4789604612310552,0,0.5,1,0.51302993
RW9,32,0.5040541243406096,0,0.5,1,0.5070212
RW9,33,0.4707276486475776,0,0.5,1,0.49298817
RW9,34,0.45110138474628303,0,0.5,1,0.479532
RW9,35,0.4162269401905226,0,0.5,1,0.46645826
RW9,36,0.39630758405323846,0,0.5,1,0.45520562
RW9,37,0.37288217447495453,0,0.5,1,0.44441432
RW9,38,0.3621987887485223,0,0.5,1,0.4335286
RW9,39,0.3575388160665002,0,0.5,1,0.42261207
RW1,0,1.0,0,0.5,2,0.98681927
RW1,1,0.9802670752876338,0,0.5,2,0.9679605
RW1,2,0.9565216183750929,0,0.5,2,0.94511056
RW1,3,0.9339790204206347,0,0.5,2,0.9176125
RW1,4,0.9146940376750224,0,0.5,2,0.8903023
RW1,5,0.8911839245665371,0,0.5,2,0.86762947
RW1,6,0.8763421303143164,0,0.5,2,0.84544
RW1,7,0.8561581297172293,0,0.5,2,0.8289361
RW1,8,0.8433079203727134,0,0.5,2,0.8108128
RW1,9,0.8224842210510717,0,0.5,2,0.7941685
RW1,10,0.8103568229633243,0,0.5,2,0.7784304
RW1,11,0.7998003763340421,0,0.5,2,0.7651801
RW1,12,0.8088487095632187,0,0.5,2,0.7552084
RW1,13,0.7843175647994992,0,0.5,2,0.7426338
RW1,14,0.7703735760756814,0,0.5,2,0.7304753
RW1,15,0.7535480936807142,0,0.5,2,0.7160624
RW1,16,0.7275046205067329,0,0.5,2,0.7021914
RW1,17,0.7193999486186523,0,0.5,2,0.6906786
RW1,18,0.692610556793688,0,0.5,2,0.6783551
RW1,19,0.6793568250462967,0,0.5,2,0.66151
RW1,20,0.6705532526507081,0,0.5,2,0.6422257
RW1,21,0.6981110202679772,0,0.5,2,0.6181646
RW1,22,0.6247003756395969,0,0.5,2,0.5940449
RW1,23,0.5832750085056947,0,0.5,2,0.5727314
RW13,0,1.0,0,0.5,2,1.0014491
RW13,1,0.965406142462438,0,0.5,2,0.94922453
RW13,2,0.9390282053526243,0,0.5,2,0.8942288
RW13,3,0.8973664410850068,0,0.5,2,0.8495377
RW13,4,0.8559853917191745,0,0.5,2,0.81130147
RW13,5,0.8236615111297403,0,0.5,2,0.777771
RW13,6,0.7989888416994142,0,0.5,2,0.7479743
RW13,7,0.7751912982027924,0,0.5,2,0.72104573
RW13,8,0.7640716479571148,0,0.5,2,0.69703275
RW13,9,0.7489144784756683,0,0.5,2,0.67421764
RW13,10,0.7267880380307747,0,0.5,2,0.6508776
RW13,11,0.7055711236531398,0,0.5,2,0.62904906
RW13,12,0.681354367058826,0,0.5,2,0.60781616
RW13,13,0.632238066246379,0,0.5,2,0.5869211
RW13,14,0.6484083666650617,0,0.5,2,0.56450284
RW13,15,0.6525398272110188,0,0.5,2,0.55951667
RW13,16,0.6005328739937468,0,0.5,2,0.53764695
RW13,17,0.6018706654475305,0,0.5,2,0.51498854
RW13,18,0.5923899890205315,0,0.5,2,0.4945112
RW13,19,0.5612641015154616,0,0.5,2,0.47477365
RW13,20,0.5456961123316568,0,0.5,2,0.45511466
RW13,21,0.5329610199130828,0,0.5,2,0.43734717
RW13,22,0.513416008393162,0,0.5,2,0.41998708
RW17,0,1.0,0,0.5,2,1.0018444
RW17,1,1.0026357949563962,0,0.5,2,0.97455645
RW17,2,0.9394918329295381,0,0.5,2,0.95816517
RW17,3,0.9184088724104814,0,0.5,2,0.9061247
RW17,4,0.8911584681985729,0,0.5,2,0.88368577
RW17,5,0.8589631609072765,0,0.5,2,0.8589618
RW17,6,0.8291575425450128,0,0.5,2,0.8338379
RW17,7,0.7987386988534076,0,0.5,2,0.8143706
RW17,8,0.7751485975307869,0,0.5,2,0.79557323
RW17,9,0.756656843774444,0,0.5,2,0.77631944
RW17,10,0.7426667041719264,0,0.5,2,0.75487953
RW17,11,0.7130644081290144,0,0.5,2,0.73106
RW17,12,0.6970482137460301,0,0.5,2,0.7114889
RW17,13,0.6802011348844728,0,0.5,2,0.6921929
RW17,14,0.6582592678998883,0,0.5,2,0.6736585
RW17,15,0.6398762010019141,0,0.5,2,0.65639603
RW17,16,0.6204725968210568,0,0.5,2,0.63882565
RW17,17,0.6239733900924819,0,0.5,2,0.6370129
RW17,18,0.5987008167774444,0,0.5,2,0.621383
RW17,19,0.5772080177645994,0,0.5,2,0.6089239
RW17,20,0.566682764841642,0,0.5,2,0.59665716
RW17,21,0.5622090221375536,0,0.5,2,0.5854341
RW17,22,0.5447943351336495,0,0.5,2,0.57529575
RW17,23,0.5353719031237376,0,0.5,2,0.5657201
RW17,24,0.5321386201162224,0,0.5,2,0.557173
RW17,25,0.5256696552882916,0,0.5,2,0.5494174
RW17,26,0.5216566461738521,0,0.5,2,0.54199195
RW17,27,0.5142014944571648,0,0.5,2,0.53595316
RW21,0,1.0,0,0.5,2,1.001892
RW21,1,0.9740724898567775,0,0.5,2,1.0044739
RW21,2,0.9527184796006276,0,0.5,2,0.9505801
RW21,3,0.9282169542090231,0,0.5,2,0.90579873
RW21,4,0.8955478419839256,0,0.5,2,0.865631
RW21,5,0.8573416928236135,0,0.5,2,0.83208394
RW21,6,0.8262560190318581,0,0.5,2,0.8036724
RW21,7,0.8028064819028633,0,0.5,2,0.7800596
RW21,8,0.7893600413911868,0,0.5,2,0.7598504
RW21,9,0.775128424104771,0,0.5,2,0.7414088
RW21,10,0.7694576973245436,0,0.5,2,0.727564
RW25,0,1.0,0,0.5,2,0.9990519
RW25,1,0.968918095597688,0,0.5,2,0.9687476
RW25,2,0.9414534545922638,0,0.5,2,0.95026547
RW25,3,0.9123147456691004,0,0.5,2,0.93204963
RW25,4,0.888189503733068,0,0.5,2,0.91586995
RW25,5,0.8696823709546798,0,0.5,2,0.90110534
RW25,6,0.8537549502050074,0,0.5,2,0.88695747
RW25,7,0.8375259921719959,0,0.5,2,0.8730609
RW25,8,0.8193673257776384,0,0.5,2,0.8596592
RW25,9,0.8135065611667396,0,0.5,2,0.84694046
RW25,10,0.803434694880542,0,0.5,2,0.83439165
RW25,11,0.7943807611523241,0,0.5,2,0.82238215
RW25,12,0.7853815339720616,0,0.5,2,0.8099176
RW3,0,1.0,0,0.5,2,0.99649173
RW3,1,0.9687426932522573,0,0.5,2,0.9585046
RW3,2,0.929211084462392,0,0.5,2,0.9294063
RW3,3,0.8970072599473418,0,0.5,2,0.9013972
RW3,4,0.8739883587909667,0,0.5,2,0.87152183
RW3,5,0.8483648360418079,0,0.5,2,0.84895325
RW3,6,0.834035367164592,0,0.5,2,0.8278694
RW3,7,0.8165629846823869,0,0.5,2,0.81003857
RW3,8,0.7932890383246501,0,0.5,2,0.7935558
RW3,9,0.8102317992092032,0,0.5,2,0.78147656
RW3,10,0.7772348372341118,0,0.5,2,0.7640339
RW3,11,0.758047293748471,0,0.5,2,0.7479255
RW3,12,0.7406746149745171,0,0.5,2,0.73284274
RW3,13,0.7142042200057844,0,0.5,2,0.7163931
RW3,14,0.6871908455658011,0,0.5,2,0.699799
RW3,15,0.6654079726651321,0,0.5,2,0.68116534
RW3,16,0.6625411808641404,0,0.5,2,0.6648899
RW3,17,0.6492046234819603,0,0.5,2,0.6456396
RW3,18,0.6150347872417288,0,0.5,2,0.6296857
RW3,19,0.6042370279644296,0,0.5,2,0.60881627
RW3,20,0.5462918454573739,0,0.5,2,0.5861994
RW3,21,0.5294258363488458,0,0.5,2,0.5657367
RW9,0,1.0,0,0.5,2,1.0050385
RW9,1,0.9744806801719121,0,0.5,2,0.99963486
RW9,2,0.9453104679064025,0,0.5,2,0.96066517
RW9,3,0.911360857317688,0,0.5,2,0.9234737
RW9,4,0.8847866727225885,0,0.5,2,0.8890848
RW9,5,0.8406944835087043,0,0.5,2,0.8580355
RW9,6,0.8176901280788624,0,0.5,2,0.8276204
RW9,7,0.7864030549959673,0,0.5,2,0.7964647
RW9,8,0.7628733089042045,0,0.5,2,0.7738141
RW9,9,0.7266047623827654,0,0.5,2,0.75119567
RW9,10,0.6950317886415597,0,0.5,2,0.7312989
RW9,11,0.6756574638458637,0,0.5,2,0.7132707
RW9,12,0.6603653366488433,0,0.5,2,0.69787705
RW9,13,0.6964212062092479,0,0.5,2,0.6999495
RW9,14,0.6472003063742006,0,0.5,2,0.6865386
RW9,15,0.6351750298406914,0,0.5,2,0.6737969
RW9,16,0.6165428117187594,0,0.5,2,0.66184044
RW9,17,0.5964223557750638,0,0.5,2,0.65134156
RW9,18,0.59783807785969,0,0.5,2,0.64224315
RW9,19,0.5791340224765132,0,0.5,2,0.63215554
RW9,20,0.572651808445847,0,0.5,2,0.62323755
RW9,21,0.5654329871052775,0,0.5,2,0.61342406
RW9,22,0.5530896777273546,0,0.5,2,0.60468423
RW9,23,0.542052740223641,0,0.5,2,0.5955265
RW9,24,0.534245247108605,0,0.5,2,0.5874635
RW9,25,0.5310967487165805,0,0.5,2,0.5792879
RW9,26,0.5130674490339593,0,0.5,2,0.57016623
RW9,27,0.5178543420622359,0,0.5,2,0.56011295
RW9,28,0.5073736155103112,0,0.5,2,0.54978955
RW9,29,0.5062313423318389,0,0.5,2,0.5396023
RW9,30,0.4936209036779812,0,0.5,2,0.52802825
RW9,31,0.4789604612310552,0,0.5,2,0.51676905
RW9,32,0.5040541243406096,0,0.5,2,0.51036865
RW9,33,0.4707276486475776,0,0.5,2,0.4967811
RW9,34,0.45110138474628303,0,0.5,2,0.48353696
RW9,35,0.4162269401905226,0,0.5,2,0.4704951
RW9,36,0.39630758405323846,0,0.5,2,0.45880115
RW9,37,0.37288217447495453,0,0.5,2,0.4473719
RW9,38,0.3621987887485223,0,0.5,2,0.43572378
RW9,39,0.3575388160665002,0,0.5,2,0.42397892
RW1,0,1.0,0,0.5,3,0.9816337
RW1,1,0.9802670752876338,0,0.5,3,0.9650281
RW1,2,0.9565216183750929,0,0.5,3,0.9432492
RW1,3,0.9339790204206347,0,0.5,3,0.91858864
RW1,4,0.9146940376750224,0,0.5,3,0.8924318
RW1,5,0.8911839245665371,0,0.5,3,0.8697216
RW1,6,0.8763421303143164,0,0.5,3,0.850476
RW1,7,0.8561581297172293,0,0.5,3,0.83461225
RW1,8,0.8433079203727134,0,0.5,3,0.8173148
RW1,9,0.8224842210510717,0,0.5,3,0.80096215
RW1,10,0.8103568229633243,0,0.5,3,0.7855527
RW1,11,0.7998003763340421,0,0.5,3,0.77249753
RW1,12,0.8088487095632187,0,0.5,3,0.76166815
RW1,13,0.7843175647994992,0,0.5,3,0.7487838
RW1,14,0.7703735760756814,0,0.5,3,0.736736
RW1,15,0.7535480936807142,0,0.5,3,0.7232722
RW1,16,0.7275046205067329,0,0.5,3,0.7104107
RW1,17,0.7193999486186523,0,0.5,3,0.69955367
RW1,18,0.692610556793688,0,0.5,3,0.6878753
RW1,19,0.6793568250462967,0,0.5,3,0.6725583
RW1,20,0.6705532526507081,0,0.5,3,0.6561183
RW1,21,0.6981110202679772,0,0.5,3,0.6349466
RW1,22,0.6247003756395969,0,0.5,3,0.6143848
RW1,23,0.5832750085056947,0,0.5,3,0.595533
RW13,0,1.0,0,0.5,3,0.999909
RW13,1,0.965406142462438,0,0.5,3,0.9451236
RW13,2,0.9390282053526243,0,0.5,3,0.8965231
RW13,3,0.8973664410850068,0,0.5,3,0.8545751
RW13,4,0.8559853917191745,0,0.5,3,0.81886524
RW13,5,0.8236615111297403,0,0.5,3,0.7867763
RW13,6,0.7989888416994142,0,0.5,3,0.75773084
RW13,7,0.7751912982027924,0,0.5,3,0.73102283
RW13,8,0.7640716479571148,0,0.5,3,0.70652604
RW13,9,0.7489144784756683,0,0.5,3,0.68299866
RW13,10,0.7267880380307747,0,0.5,3,0.65909445
RW13,11,0.7055711236531398,0,0.5,3,0.63634765
RW13,12,0.681354367058826,0,0.5,3,0.6141057
RW13,13,0.632238066246379,0,0.5,3,0.5922564
RW13,14,0.6484083666650617,0,0.5,3,0.56968236
RW13,15,0.6525398272110188,0,0.5,3,0.56483
RW13,16,0.6005328739937468,0,0.5,3,0.5416224
RW13,17,0.6018706654475305,0,0.5,3,0.519032
RW13,18,0.5923899890205315,0,0.5,3,0.49947178
RW13,19,0.5612641015154616,0,0.5,3,0.48011214
RW13,20,0.5456961123316568,0,0.5,3,0.46148628
RW13,21,0.5329610199130828,0,0.5,3,0.44462216
RW13,22,0.513416008393162,0,0.5,3,0.4280634
RW17,0,1.0,0,0.5,3,1.0013531
RW17,1,1.0026357949563962,0,0.5,3,0.95706344
RW17,2,0.9394918329295381,0,0.5,3,0.9472811
RW17,3,0.9184088724104814,0,0.5,3,0.900463
RW17,4,0.8911584681985729,0,0.5,3,0.8745484
RW17,5,0.8589631609072765,0,0.5,3,0.84844184
RW17,6,0.8291575425450128,0,0.5,3,0.8231738
RW17,7,0.7987386988534076,0,0.5,3,0.80292654
RW17,8,0.7751485975307869,0,0.5,3,0.7846762
RW17,9,0.756656843774444,0,0.5,3,0.76618135
RW17,10,0.7426667041719264,0,0.5,3,0.74573314
RW17,11,0.7130644081290144,0,0.5,3,0.72351575
RW17,12,0.6970482137460301,0,0.5,3,0.7053133
RW17,13,0.6802011348844728,0,0.5,3,0.6871492
RW17,14,0.6582592678998883,0,0.5,3,0.6698661
RW17,15,0.6398762010019141,0,0.5,3,0.6536045
RW17,16,0.6204725968210568,0,0.5,3,0.6369778
RW17,17,0.6239733900924819,0,0.5,3,0.63514006
RW17,18,0.5987008167774444,0,0.5,3,0.62020844
RW17,19,0.5772080177645994,0,0.5,3,0.60801697
RW17,20,0.566682764841642,0,0.5,3,0.5957871
RW17,21,0.5622090221375536,0,0.5,3,0.5844263
RW17,22,0.5447943351336495,0,0.5,3,0.57381105
RW17,23,0.5353719031237376,0,0.5,3,0.5633482
RW17,24,0.5321386201162224,0,0.5,3,0.5537686
RW17,25,0.5256696552882916,0,0.5,3,0.5447647
RW17,26,0.5216566461738521,0,0.5,3,0.5358008
RW17,27,0.5142014944571648,0,0.5,3,0.52799785
RW21,0,1.0,0,0.5,3,0.9999864
RW21,1,0.9740724898567775,0,0.5,3,0.991373
RW21,2,0.9527184796006276,0,0.5,3,0.9493673
RW21,3,0.9282169542090231,0,0.5,3,0.9120895
RW21,4,0.8955478419839256,0,0.5,3,0.8768848
RW21,5,0.8573416928236135,0,0.5,3,0.8455615
RW21,6,0.8262560190318581,0,0.5,3,0.8178061
RW21,7,0.8028064819028633,0,0.5,3,0.793327
RW21,8,0.7893600413911868,0,0.5,3,0.7716477
RW21,9,0.775128424104771,0,0.5,3,0.7518585
RW21,10,0.7694576973245436,0,0.5,3,0.73475707
RW25,0,1.0,0,0.5,3,0.9993134
RW25,1,0.968918095597688,0,0.5,3,0.9732638
RW25,2,0.9414534545922638,0,0.5,3,0.9524047
RW25,3,0.9123147456691004,0,0.5,3,0.93306565
RW25,4,0.888189503733068,0,0.5,3,0.9171535
RW25,5,0.8696823709546798,0,0.5,3,0.90164727
RW25,6,0.8537549502050074,0,0.5,3,0.8889046
RW25,7,0.8375259921719959,0,0.5,3,0.8768178
RW25,8,0.8193673257776384,0,0.5,3,0.86491126
RW25,9,0.8135065611667396,0,0.5,3,0.85356003
RW25,10,0.803434694880542,0,0.5,3,0.84188604
RW25,11,0.7943807611523241,0,0.5,3,0.8291466
RW25,12,0.7853815339720616,0,0.5,3,0.81620455
RW3,0,1.0,0,0.5,3,0.995626
RW3,1,0.9687426932522573,0,0.5,3,0.9589895
RW3,2,0.929211084462392,0,0.5,3,0.9326755
RW3,3,0.8970072599473418,0,0.5,3,0.9062866
RW3,4,0.8739883587909667,0,0.5,3,0.8785949
RW3,5,0.8483648360418079,0,0.5,3,0.8564016
RW3,6,0.834035367164592,0,0.5,3,0.8354526
RW3,7,0.8165629846823869,0,0.5,3,0.81695867
RW3,8,0.7932890383246501,0,0.5,3,0.7995814
RW3,9,0.8102317992092032,0,0.5,3,0.7861521
RW3,10,0.7772348372341118,0,0.5,3,0.76710635
RW3,11,0.758047293748471,0,0.5,3,0.74959195
RW3,12,0.7406746149745171,0,0.5,3,0.73336744
RW3,13,0.7142042200057844,0,0.5,3,0.7162652
RW3,14,0.6871908455658011,0,0.5,3,0.69920397
RW3,15,0.6654079726651321,0,0.5,3,0.6805744
RW3,16,0.6625411808641404,0,0.5,3,0.6637813
RW3,17,0.6492046234819603,0,0.5,3,0.64468014
RW3,18,0.6150347872417288,0,0.5,3,0.6287552
RW3,19,0.6042370279644296,0,0.5,3,0.6084012
RW3,20,0.5462918454573739,0,0.5,3,0.58679736
RW3,21,0.5294258363488458,0,0.5,3,0.56707096
RW9,0,1.0,0,0.5,3,1.0090784
RW9,1,0.9744806801719121,0,0.5,3,0.9946591
RW9,2,0.9453104679064025,0,0.5,3,0.9592375
RW9,3,0.911360857317688,0,0.5,3,0.9249948
RW9,4,0.8847866727225885,0,0.5,3,0.8926482
RW9,5,0.8406944835087043,0,0.5,3,0.8633276
RW9,6,0.8176901280788624,0,0.5,3,0.83391
RW9,7,0.7864030549959673,0,0.5,3,0.803729
RW9,8,0.7628733089042045,0,0.5,3,0.77971625
RW9,9,0.7266047623827654,0,0.5,3,0.7563775
RW9,10,0.6950317886415597,0,0.5,3,0.73574114
RW9,11,0.6756574638458637,0,0.5,3,0.71669394
RW9,12,0.6603653366488433,0,0.5,3,0.7003212
RW9,13,0.6964212062092479,0,0.5,3,0.7006643
RW9,14,0.6472003063742006,0,0.5,3,0.68625903
RW9,15,0.6351750298406914,0,0.5,3,0.6731241
RW9,16,0.6165428117187594,0,0.5,3,0.66043067
RW9,17,0.5964223557750638,0,0.5,3,0.6490753
RW9,18,0.59783807785969,0,0.5,3,0.6391884
RW9,19,0.5791340224765132,0,0.5,3,0.6284876
RW9,20,0.572651808445847,0,0.5,3,0.6189029
RW9,21,0.5654329871052775,0,0.5,3,0.6086366
RW9,22,0.5530896777273546,0,0.5,3,0.59956783
RW9,23,0.542052740223641,0,0.5,3,0.58996475
RW9,24,0.534245247108605,0,0.5,3,0.58144224
RW9,25,0.5310967487165805,0,0.5,3,0.57325053
RW9,26,0.5130674490339593,0,0.5,3,0.5639976
RW9,27,0.5178543420622359,0,0.5,3,0.5535997
RW9,28,0.5073736155103112,0,0.5,3,0.5427351
RW9,29,0.5062313423318389,0,0.5,3,0.5319654
RW9,30,0.4936209036779812,0,0.5,3,0.5197501
RW9,31,0.4789604612310552,0,0.5,3,0.5082983
RW9,32,0.5040541243406096,0,0.5,3,0.50402665
RW9,33,0.4707276486475776,0,0.5,3,0.4901263
RW9,34,0.45110138474628303,0,0.5,3,0.4770983
RW9,35,0.4162269401905226,0,0.5,3,0.46440166
RW9,36,0.39630758405323846,0,0.5,3,0.45372498
RW9,37,0.37288217447495453,0,0.5,3,0.44367713
RW9,38,0.3621987887485223,0,0.5,3,0.43375218
RW9,39,0.3575388160665002,0,0.5,3,0.4239958
RW1,0,1.0,0,0.5,4,0.9815209
RW1,1,0.9802670752876338,0,0.5,4,0.98350596
RW1,2,0.9565216183750929,0,0.5,4,0.9598853
RW1,3,0.9339790204206347,0,0.5,4,0.9320202
RW1,4,0.9146940376750224,0,0.5,4,0.90370476
RW1,5,0.8911839245665371,0,0.5,4,0.8788053
RW1,6,0.8763421303143164,0,0.5,4,0.85934305
RW1,7,0.8561581297172293,0,0.5,4,0.8440568
RW1,8,0.8433079203727134,0,0.5,4,0.82632786
RW1,9,0.8224842210510717,0,0.5,4,0.80961823
RW1,10,0.8103568229633243,0,0.5,4,0.7939241
RW1,11,0.7998003763340421,0,0.5,4,0.7808143
RW1,12,0.8088487095632187,0,0.5,4,0.77049065
RW1,13,0.7843175647994992,0,0.5,4,0.758037
RW1,14,0.7703735760756814,0,0.5,4,0.7458459
RW1,15,0.7535480936807142,0,0.5,4,0.7315083
RW1,16,0.7275046205067329,0,0.5,4,0.7178498
RW1,17,0.7193999486186523,0,0.5,4,0.7062764
RW1,18,0.692610556793688,0,0.5,4,0.6941107
RW1,19,0.6793568250462967,0,0.5,4,0.67750454
RW1,20,0.6705532526507081,0,0.5,4,0.6594571
RW1,21,0.6981110202679772,0,0.5,4,0.63495326
RW1,22,0.6247003756395969,0,0.5,4,0.6119835
RW1,23,0.5832750085056947,0,0.5,4,0.5904782
RW13,0,1.0,0,0.5,4,1.0011247
RW13,1,0.965406142462438,0,0.5,4,0.9468848
RW13,2,0.9390282053526243,0,0.5,4,0.89364237
RW13,3,0.8973664410850068,0,0.5,4,0.84708077
RW13,4,0.8559853917191745,0,0.5,4,0.8114677
RW13,5,0.8236615111297403,0,0.5,4,0.7796279
RW13,6,0.7989888416994142,0,0.5,4,0.7513298
RW13,7,0.7751912982027924,0,0.5,4,0.72484505
RW13,8,0.7640716479571148,0,0.5,4,0.7003587
RW13,9,0.7489144784756683,0,0.5,4,0.6766448
RW13,10,0.7267880380307747,0,0.5,4,0.65296376
RW13,11,0.7055711236531398,0,0.5,4,0.6304346
RW13,12,0.681354367058826,0,0.5,4,0.6084143
RW13,13,0.632238066246379,0,0.5,4,0.58644354
RW13,14,0.6484083666650617,0,0.5,4,0.5624113
RW13,15,0.6525398272110188,0,0.5,4,0.55710316
RW13,16,0.6005328739937468,0,0.5,4,0.5333551
RW13,17,0.6018706654475305,0,0.5,4,0.50805914
RW13,18,0.5923899890205315,0,0.5,4,0.48525178
RW13,19,0.5612641015154616,0,0.5,4,0.46318138
RW13,20,0.5456961123316568,0,0.5,4,0.44115603
RW13,21,0.5329610199130828,0,0.5,4,0.42131448
RW13,22,0.513416008393162,0,0.5,4,0.40183377
RW17,0,1.0,0,0.5,4,1.0024859
RW17,1,1.0026357949563962,0,0.5,4,0.9502256
RW17,2,0.9394918329295381,0,0.5,4,0.9230965
RW17,3,0.9184088724104814,0,0.5,4,0.8924791
RW17,4,0.8911584681985729,0,0.5,4,0.8699404
RW17,5,0.8589631609072765,0,0.5,4,0.8463627
RW17,6,0.8291575425450128,0,0.5,4,0.8218752
RW17,7,0.7987386988534076,0,0.5,4,0.8013469
RW17,8,0.7751485975307869,0,0.5,4,0.78282887
RW17,9,0.756656843774444,0,0.5,4,0.7637751
RW17,10,0.7426667041719264,0,0.5,4,0.7423297
RW17,11,0.7130644081290144,0,0.5,4,0.7194293
RW17,12,0.6970482137460301,0,0.5,4,0.7009174
RW17,13,0.6802011348844728,0,0.5,4,0.6824072
RW17,14,0.6582592678998883,0,0.5,4,0.6649586
RW17,15,0.6398762010019141,0,0.5,4,0.64870214
RW17,16,0.6204725968210568,0,0.5,4,0.63208276
RW17,17,0.6239733900924819,0,0.5,4,0.63067895
RW17,18,0.5987008167774444,0,0.5,4,0.61610734
RW17,19,0.5772080177645994,0,0.5,4,0.6049229
RW17,20,0.566682764841642,0,0.5,4,0.5938827
RW17,21,0.5622090221375536,0,0.5,4,0.583824
RW17,22,0.5447943351336495,0,0.5,4,0.5749706
RW17,23,0.5353719031237376,0,0.5,4,0.5667368
RW17,24,0.5321386201162224,0,0.5,4,0.559484
RW17,25,0.5256696552882916,0,0.5,4,0.5530325
RW17,26,0.5216566461738521,0,0.5,4,0.5469749
RW17,27,0.5142014944571648,0,0.5,4,0.54238266
RW21,0,1.0,0,0.5,4,1.0073376
RW21,1,0.9740724898567775,0,0.5,4,0.98965126
RW21,2,0.9527184796006276,0,0.5,4,0.9489365
RW21,3,0.9282169542090231,0,0.5,4,0.91088784
RW21,4,0.8955478419839256,0,0.5,4,0.8754945
RW21,5,0.8573416928236135,0,0.5,4,0.8430976
RW21,6,0.8262560190318581,0,0.5,4,0.81443995
RW21,7,0.8028064819028633,0,0.5,4,0.7890551
RW21,8,0.7893600413911868,0,0.5,4,0.766943
RW21,9,0.775128424104771,0,0.5,4,0.74740237
RW21,10,0.7694576973245436,0,0.5,4,0.73073894
RW25,0,1.0,0,0.5,4,1.0022076
RW25,1,0.968918095597688,0,0.5,4,0.97809935
RW25,2,0.9414534545922638,0,0.5,4,0.9564328
RW25,3,0.9123147456691004,0,0.5,4,0.93629575
RW25,4,0.888189503733068,0,0.5,4,0.9190216
RW25,5,0.8696823709546798,0,0.5,4,0.90276647
RW25,6,0.8537549502050074,0,0.5,4,0.8887681
RW25,7,0.8375259921719959,0,0.5,4,0.87583953
RW25,8,0.8193673257776384,0,0.5,4,0.86343473
RW25,9,0.8135065611667396,0,0.5,4,0.8518099
RW25,10,0.803434694880542,0,0.5,4,0.840177
RW25,11,0.7943807611523241,0,0.5,4,0.82794464
RW25,12,0.7853815339720616,0,0.5,4,0.815786
RW3,0,1.0,0,0.5,4,0.9931933
RW3,1,0.9687426932522573,0,0.5,4,0.96632165
RW3,2,0.929211084462392,0,0.5,4,0.93704695
RW3,3,0.8970072599473418,0,0.5,4,0.9092052
RW3,4,0.8739883587909667,0,0.5,4,0.88024527
RW3,5,0.8483648360418079,0,0.5,4,0.85834
RW3,6,0.834035367164592,0,0.5,4,0.8377404
RW3,7,0.8165629846823869,0,0.5,4,0.82007504
RW3,8,0.7932890383246501,0,0.5,4,0.8036482
RW3,9,0.8102317992092032,0,0.5,4,0.79100806
RW3,10,0.7772348372341118,0,0.5,4,0.7732644
RW3,11,0.758047293748471,0,0.5,4,0.7570125
RW3,12,0.7406746149745171,0,0.5,4,0.7420083
RW3,13,0.7142042200057844,0,0.5,4,0.7257688
RW3,14,0.6871908455658011,0,0.5,4,0.70941734
RW3,15,0.6654079726651321,0,0.5,4,0.6910012
RW3,16,0.6625411808641404,0,0.5,4,0.6748281
RW3,17,0.6492046234819603,0,0.5,4,0.6556319
RW3,18,0.6150347872417288,0,0.5,4,0.6396344
RW3,19,0.6042370279644296,0,0.5,4,0.61848044
RW3,20,0.5462918454573739,0,0.5,4,0.5952686
RW3,21,0.5294258363488458,0,0.5,4,0.57404196
RW9,0,1.0,0,0.5,4,1.0127841
RW9,1,0.9744806801719121,0,0.5,4,0.99473906
RW9,2,0.9453104679064025,0,0.5,4,0.96479356
RW9,3,0.911360857317688,0,0.5,4,0.9309537
RW9,4,0.8847866727225885,0,0.5,4,0.8996688
RW9,5,0.8406944835087043,0,0.5,4,0.8697319
RW9,6,0.8176901280788624,0,0.5,4,0.8401532
RW9,7,0.7864030549959673,0,0.5,4,0.8086155
RW9,8,0.7628733089042045,0,0.5,4,0.7858945
RW9,9,0.7266047623827654,0,0.5,4,0.7625123
RW9,10,0.6950317886415597,0,0.5,4,0.74130166
RW9,11,0.6756574638458637,0,0.5,4,0.7218789
RW9,12,0.6603653366488433,0,0.5,4,0.7050003
RW9,13,0.6964212062092479,0,0.5,4,0.7072544
RW9,14,0.6472003063742006,0,0.5,4,0.6928394
RW9,15,0.6351750298406914,0,0.5,4,0.67902535
RW9,16,0.6165428117187594,0,0.5,4,0.66548675
RW9,17,0.5964223557750638,0,0.5,4,0.65362287
RW9,18,0.59783807785969,0,0.5,4,0.64332604
RW9,19,0.5791340224765132,0,0.5,4,0.6321001
RW9,20,0.572651808445847,0,0.5,4,0.6221355
RW9,21,0.5654329871052775,0,0.5,4,0.611186
RW9,22,0.5530896777273546,0,0.5,4,0.60182273
RW9,23,0.542052740223641,0,0.5,4,0.59189725
RW9,24,0.534245247108605,0,0.5,4,0.5834036
RW9,25,0.5310967487165805,0,0.5,4,0.5752636
RW9,26,0.5130674490339593,0,0.5,4,0.5661781
RW9,27,0.5178543420622359,0,0.5,4,0.5556946
RW9,28,0.5073736155103112,0,0.5,4,0.54515946
RW9,29,0.5062313423318389,0,0.5,4,0.53453076
RW9,30,0.4936209036779812,0,0.5,4,0.52282953
RW9,31,0.4789604612310552,0,0.5,4,0.51202637
RW9,32,0.5040541243406096,0,0.5,4,0.5102843
RW9,33,0.4707276486475776,0,0.5,4,0.4972098
RW9,34,0.45110138474628303,0,0.5,4,0.4848293
RW9,35,0.4162269401905226,0,0.5,4,0.47319216
RW9,36,0.39630758405323846,0,0.5,4,0.46326363
RW9,37,0.37288217447495453,0,0.5,4,0.45410836
RW9,38,0.3621987887485223,0,0.5,4,0.44503272
RW9,39,0.3575388160665002,0,0.5,4,0.43615198
RW1,0,1.0,0,0.25,0,0.9875309
RW1,1,0.9802670752876338,0,0.25,0,0.95244074
RW1,2,0.9565216183750929,0,0.25,0,0.93418384
RW1,3,0.9339790204206347,0,0.25,0,0.91045153
RW1,4,0.9146940376750224,0,0.25,0,0.88578606
RW1,5,0.8911839245665371,0,0.25,0,0.86527693
RW1,6,0.8763421303143164,0,0.25,0,0.8466114
RW1,7,0.8561581297172293,0,0.25,0,0.83234805
RW1,8,0.8433079203727134,0,0.25,0,0.8156704
RW1,9,0.8224842210510717,0,0.25,0,0.79976964
RW1,10,0.8103568229633243,0,0.25,0,0.7842512
RW1,11,0.7998003763340421,0,0.25,0,0.7708497
RW1,12,0.8088487095632187,0,0.25,0,0.7589799
RW1,13,0.7843175647994992,0,0.25,0,0.7447878
RW1,14,0.7703735760756814,0,0.25,0,0.73124576
RW1,15,0.7535480936807142,0,0.25,0,0.71599996
RW1,16,0.7275046205067329,0,0.25,0,0.70156205
RW1,17,0.7193999486186523,0,0.25,0,0.68999434
RW1,18,0.692610556793688,0,0.25,0,0.67792255
RW1,19,0.6793568250462967,0,0.25,0,0.66296136
RW1,20,0.6705532526507081,0,0.25,0,0.64710987
RW1,21,0.6981110202679772,0,0.25,0,0.6290107
RW1,22,0.6247003756395969,0,0.25,0,0.6113733
RW1,23,0.5832750085056947,0,0.25,0,0.5963676
RW13,0,1.0,0,0.25,0,1.0017471
RW13,1,0.965406142462438,0,0.25,0,0.92770916
RW13,2,0.9390282053526243,0,0.25,0,0.88318634
RW13,3,0.8973664410850068,0,0.25,0,0.8452921
RW13,4,0.8559853917191745,0,0.25,0,0.8115108
RW13,5,0.8236615111297403,0,0.25,0,0.7797904
RW13,6,0.7989888416994142,0,0.25,0,0.75014997
RW13,7,0.7751912982027924,0,0.25,0,0.72199607
RW13,8,0.7640716479571148,0,0.25,0,0.6960752
RW13,9,0.7489144784756683,0,0.25,0,0.67205125
RW13,10,0.7267880380307747,0,0.25,0,0.64823484
RW13,11,0.7055711236531398,0,0.25,0,0.62656677
RW13,12,0.681354367058826,0,0.25,0,0.6065911
RW13,13,0.632238066246379,0,0.25,0,0.5877222
RW13,14,0.6484083666650617,0,0.25,0,0.569015
RW13,15,0.6525398272110188,0,0.25,0,0.56505233
RW13,16,0.6005328739937468,0,0.25,0,0.5466643
RW13,17,0.6018706654475305,0,0.25,0,0.52912396
RW13,18,0.5923899890205315,0,0.25,0,0.51438946
RW13,19,0.5612641015154616,0,0.25,0,0.4998259
RW13,20,0.5456961123316568,0,0.25,0,0.48607856
RW13,21,0.5329610199130828,0,0.25,0,0.47362572
RW13,22,0.513416008393162,0,0.25,0,0.46135515
RW17,0,1.0,0,0.25,0,1.002471
RW17,1,1.0026357949563962,0,0.25,0,0.9338388
RW17,2,0.9394918329295381,0,0.25,0,0.9375098
RW17,3,0.9184088724104814,0,0.25,0,0.881792
RW17,4,0.8911584681985729,0,0.25,0,0.8696498
RW17,5,0.8589631609072765,0,0.25,0,0.85045904
RW17,6,0.8291575425450128,0,0.25,0,0.8287343
RW17,7,0.7987386988534076,0,0.25,0,0.81237566
RW17,8,0.7751485975307869,0,0.25,0,0.7961607
RW17,9,0.756656843774444,0,0.25,0,0.77849436
RW17,10,0.7426667041719264,0,0.25,0,0.7581426
RW17,11,0.7130644081290144,0,0.25,0,0.73504657
RW17,12,0.6970482137460301,0,0.25,0,0.716799
RW17,13,0.6802011348844728,0,0.25,0,0.69862497
RW17,14,0.6582592678998883,0,0.25,0,0.68092996
RW17,15,0.6398762010019141,0,0.25,0,0.66420114
RW17,16,0.6204725968210568,0,0.25,0,0.6466285
RW17,17,0.6239733900924819,0,0.25,0,0.6446461
RW17,18,0.5987008167774444,0,0.25,0,0.6285507
RW17,19,0.5772080177645994,0,0.25,0,0.6152768
RW17,20,0.566682764841642,0,0.25,0,0.6018616
RW17,21,0.5622090221375536,0,0.25,0,0.5891583
RW17,22,0.5447943351336495,0,0.25,0,0.5768576
RW17,23,0.5353719031237376,0,0.25,0,0.5648792
RW17,24,0.5321386201162224,0,0.25,0,0.5536729
RW17,25,0.5256696552882916,0,0.25,0,0.54291695
RW17,26,0.5216566461738521,0,0.25,0,0.5324692
RW17,27,0.5142014944571648,0,0.25,0,0.5229589
RW21,0,1.0,0,0.25,0,1.0040611
RW21,1,0.9740724898567775,0,0.25,0,0.992957
RW21,2,0.9527184796006276,0,0.25,0,0.9446694
RW21,3,0.9282169542090231,0,0.25,0,0.90329766
RW21,4,0.8955478419839256,0,0.25,0,0.86551833
RW21,5,0.8573416928236135,0,0.25,0,0.8333665
RW21,6,0.8262560190318581,0,0.25,0,0.8063847
RW21,7,0.8028064819028633,0,0.25,0,0.7843119
RW21,8,0.7893600413911868,0,0.25,0,0.7660534
RW21,9,0.775128424104771,0,0.25,0,0.7498652
RW21,10,0.7694576973245436,0,0.25,0,0.73930347
RW25,0,1.0,0,0.25,0,1.0019157
RW25,1,0.968918095597688,0,0.25,0,0.96826416
RW25,2,0.9414534545922638,0,0.25,0,0.94788176
RW25,3,0.9123147456691004,0,0.25,0,0.9299815
RW25,4,0.888189503733068,0,0.25,0,0.9140024
RW25,5,0.8696823709546798,0,0.25,0,0.89890724
RW25,6,0.8537549502050074,0,0.25,0,0.8856307
RW25,7,0.8375259921719959,0,0.25,0,0.87236935
RW25,8,0.8193673257776384,0,0.25,0,0.85914755
RW25,9,0.8135065611667396,0,0.25,0,0.8465221
RW25,10,0.803434694880542,0,0.25,0,0.8336258
RW25,11,0.7943807611523241,0,0.25,0,0.8203402
RW25,12,0.7853815339720616,0,0.25,0,0.80667543
RW3,0,1.0,0,0.25,0,0.9959669
RW3,1,0.9687426932522573,0,0.25,0,0.9418565
RW3,2,0.929211084462392,0,0.25,0,0.92169017
RW3,3,0.8970072599473418,0,0.25,0,0.8995099
RW3,4,0.8739883587909667,0,0.25,0,0.87303746
RW3,5,0.8483648360418079,0,0.25,0,0.8527137
RW3,6,0.834035367164592,0,0.25,0,0.8328396
RW3,7,0.8165629846823869,0,0.25,0,0.81522954
RW3,8,0.7932890383246501,0,0.25,0,0.7981842
RW3,9,0.8102317992092032,0,0.25,0,0.7845459
RW3,10,0.7772348372341118,0,0.25,0,0.7649364
RW3,11,0.758047293748471,0,0.25,0,0.7466253
RW3,12,0.7406746149745171,0,0.25,0,0.72965896
RW3,13,0.7142042200057844,0,0.25,0,0.7119151
RW3,14,0.6871908455658011,0,0.25,0,0.69485325
RW3,15,0.6654079726651321,0,0.25,0,0.6768671
RW3,16,0.6625411808641404,0,0.25,0,0.66208416
RW3,17,0.6492046234819603,0,0.25,0,0.64561146
RW3,18,0.6150347872417288,0,0.25,0,0.63276434
RW3,19,0.6042370279644296,0,0.25,0,0.6166835
RW3,20,0.5462918454573739,0,0.25,0,0.599956
RW3,21,0.5294258363488458,0,0.25,0,0.58553624
RW9,0,1.0,0,0.25,0,1.0085036
RW9,1,0.9744806801719121,0,0.25,0,0.9996627
RW9,2,0.9453104679064025,0,0.25,0,0.9637781
RW9,3,0.911360857317688,0,0.25,0,0.92888486
RW9,4,0.8847866727225885,0,0.25,0,0.89591205
RW9,5,0.8406944835087043,0,0.25,0,0.86620146
RW9,6,0.8176901280788624,0,0.25,0,0.8354145
RW9,7,0.7864030549959673,0,0.25,0,0.80437744
RW9,8,0.7628733089042045,0,0.25,0,0.7795677
RW9,9,0.7266047623827654,0,0.25,0,0.756497
RW9,10,0.6950317886415597,0,0.25,0,0.736907
RW9,11,0.6756574638458637,0,0.25,0,0.71906614
RW9,12,0.6603653366488433,0,0.25,0,0.70403826
RW9,13,0.6964212062092479,0,0.25,0,0.69953024
RW9,14,0.6472003063742006,0,0.25,0,0.68524575
RW9,15,0.6351750298406914,0,0.25,0,0.6727319
RW9,16,0.6165428117187594,0,0.25,0,0.6608219
RW9,17,0.5964223557750638,0,0.25,0,0.65008736
RW9,18,0.59783807785969,0,0.25,0,0.64038587
RW9,19,0.5791340224765132,0,0.25,0,0.6301627
RW9,20,0.572651808445847,0,0.25,0,0.6206204
RW9,21,0.5654329871052775,0,0.25,0,0.61101866
RW9,22,0.5530896777273546,0,0.25,0,0.6018095
RW9,23,0.542052740223641,0,0.25,0,0.59240925
RW9,24,0.534245247108605,0,0.25,0,0.5834253
RW9,25,0.5310967487165805,0,0.25,0,0.574643
RW9,26,0.5130674490339593,0,0.25,0,0.5649537
RW9,27,0.5178543420622359,0,0.25,0,0.5548239
RW9,28,0.5073736155103112,0,0.25,0,0.54418755
RW9,29,0.5062313423318389,0,0.25,0,0.53386354
RW9,30,0.4936209036779812,0,0.25,0,0.5220559
RW9,31,0.4789604612310552,0,0.25,0,0.51069266
RW9,32,0.5040541243406096,0,0.25,0,0.49902147
RW9,33,0.4707276486475776,0,0.25,0,0.48534727
RW9,34,0.45110138474628303,0,0.25,0,0.47250497
RW9,35,0.4162269401905226,0,0.25,0,0.45925194
RW9,36,0.39630758405323846,0,0.25,0,0.44747013
RW9,37,0.37288217447495453,0,0.25,0,0.4357521
RW9,38,0.3621987887485223,0,0.25,0,0.42396164
RW9,39,0.3575388160665002,0,0.25,0,0.41211075
RW1,0,1.0,0,0.25,1,0.9818604
RW1,1,0.9802670752876338,0,0.25,1,0.97807413
RW1,2,0.9565216183750929,0,0.25,1,0.9566846
RW1,3,0.9339790204206347,0,0.25,1,0.92764664
RW1,4,0.9146940376750224,0,0.25,1,0.8985342
RW1,5,0.8911839245665371,0,0.25,1,0.87296665
RW1,6,0.8763421303143164,0,0.25,1,0.85004425
RW1,7,0.8561581297172293,0,0.25,1,0.83254683
RW1,8,0.8433079203727134,0,0.25,1,0.81321084
RW1,9,0.8224842210510717,0,0.25,1,0.794905
RW1,10,0.8103568229633243,0,0.25,1,0.7779201
RW1,11,0.7998003763340421,0,0.25,1,0.76355946
RW1,12,0.8088487095632187,0,0.25,1,0.75294685
RW1,13,0.7843175647994992,0,0.25,1,0.73971725
RW1,14,0.7703735760756814,0,0.25,1,0.72722745
RW1,15,0.7535480936807142,0,0.25,1,0.7128564
RW1,16,0.7275046205067329,0,0.25,1,0.69937015
RW1,17,0.7193999486186523,0,0.25,1,0.6880082
RW1,18,0.692610556793688,0,0.25,1,0.6763663
RW1,19,0.6793568250462967,0,0.25,1,0.6602331
RW1,20,0.6705532526507081,0,0.25,1,0.64197767
RW1,21,0.6981110202679772,0,0.25,1,0.61771345
RW1,22,0.6247003756395969,0,0.25,1,0.59447384
RW1,23,0.5832750085056947,0,0.25,1,0.5733122
RW13,0,1.0,0,0.25,1,1.0033628
RW13,1,0.965406142462438,0,0.25,1,0.93965757
RW13,2,0.9390282053526243,0,0.25,1,0.88698846
RW13,3,0.8973664410850068,0,0.25,1,0.8436049
RW13,4,0.8559853917191745,0,0.25,1,0.8081562
RW13,5,0.8236615111297403,0,0.25,1,0.7756126
RW13,6,0.7989888416994142,0,0.25,1,0.7459731
RW13,7,0.7751912982027924,0,0.25,1,0.7180263
RW13,8,0.7640716479571148,0,0.25,1,0.6927268
RW13,9,0.7489144784756683,0,0.25,1,0.6683302
RW13,10,0.7267880380307747,0,0.25,1,0.64527535
RW13,11,0.7055711236531398,0,0.25,1,0.6240641
RW13,12,0.681354367058826,0,0.25,1,0.604112
RW13,13,0.632238066246379,0,0.25,1,0.58481324
RW13,14,0.6484083666650617,0,0.25,1,0.5631478
RW13,15,0.6525398272110188,0,0.25,1,0.5583091
RW13,16,0.6005328739937468,0,0.25,1,0.5386019
RW13,17,0.6018706654475305,0,0.25,1,0.51581305
RW13,18,0.5923899890205315,0,0.25,1,0.4945026
RW13,19,0.5612641015154616,0,0.25,1,0.47422236
RW13,20,0.5456961123316568,0,0.25,1,0.4530512
RW13,21,0.5329610199130828,0,0.25,1,0.4335928
RW13,22,0.513416008393162,0,0.25,1,0.41396135
RW17,0,1.0,0,0.25,1,1.0042311
RW17,1,1.0026357949563962,0,0.25,1,0.92122656
RW17,2,0.9394918329295381,0,0.25,1,0.9390249
RW17,3,0.9184088724104814,0,0.25,1,0.8967147
RW17,4,0.8911584681985729,0,0.25,1,0.87753403
RW17,5,0.8589631609072765,0,0.25,1,0.8538884
RW17,6,0.8291575425450128,0,0.25,1,0.8287573
RW17,7,0.7987386988534076,0,0.25,1,0.8077446
RW17,8,0.7751485975307869,0,0.25,1,0.78778046
RW17,9,0.756656843774444,0,0.25,1,0.76749533
RW17,10,0.7426667041719264,0,0.25,1,0.7452817
RW17,11,0.7130644081290144,0,0.25,1,0.7216834
RW17,12,0.6970482137460301,0,0.25,1,0.7028551
RW17,13,0.6802011348844728,0,0.25,1,0.68473333
RW17,14,0.6582592678998883,0,0.25,1,0.66742134
RW17,15,0.6398762010019141,0,0.25,1,0.6515486
RW17,16,0.6204725968210568,0,0.25,1,0.6352399
RW17,17,0.6239733900924819,0,0.25,1,0.63387644
RW17,18,0.5987008167774444,0,0.25,1,0.61930704
RW17,19,0.5772080177645994,0,0.25,1,0.6078185
RW17,20,0.566682764841642,0,0.25,1,0.5965375
RW17,21,0.5622090221375536,0,0.25,1,0.58603334
RW17,22,0.5447943351336495,0,0.25,1,0.5761936
RW17,23,0.5353719031237376,0,0.25,1,0.567086
RW17,24,0.5321386201162224,0,0.25,1,0.5587616
RW17,25,0.5256696552882916,0,0.25,1,0.5510206
RW17,26,0.5216566461738521,0,0.25,1,0.54388046
RW17,27,0.5142014944571648,0,0.25,1,0.53764975
RW21,0,1.0,0,0.25,1,1.0016923
RW21,1,0.9740724898567775,0,0.25,1,0.9850137
RW21,2,0.9527184796006276,0,0.25,1,0.9402189
RW21,3,0.9282169542090231,0,0.25,1,0.9025724
RW21,4,0.8955478419839256,0,0.25,1,0.8668777
RW21,5,0.8573416928236135,0,0.25,1,0.8348955
RW21,6,0.8262560190318581,0,0.25,1,0.80515814
RW21,7,0.8028064819028633,0,0.25,1,0.77779156
RW21,8,0.7893600413911868,0,0.25,1,0.75216484
RW21,9,0.775128424104771,0,0.25,1,0.72688746
RW21,10,0.7694576973245436,0,0.25,1,0.7057123
RW25,0,1.0,0,0.25,1,1.0003396
RW25,1,0.968918095597688,0,0.25,1,0.9718495
RW25,2,0.9414534545922638,0,0.25,1,0.9507217
RW25,3,0.9123147456691004,0,0.25,1,0.9307775
RW25,4,0.888189503733068,0,0.25,1,0.9149145
RW25,5,0.8696823709546798,0,0.25,1,0.9005183
RW25,6,0.8537549502050074,0,0.25,1,0.8880304
RW25,7,0.8375259921719959,0,0.25,1,0.8762126
RW25,8,0.8193673257776384,0,0.25,1,0.8647453
RW25,9,0.8135065611667396,0,0.25,1,0.8532603
RW25,10,0.803434694880542,0,0.25,1,0.84125555
RW25,11,0.7943807611523241,0,0.25,1,0.8287781
RW25,12,0.7853815339720616,0,0.25,1,0.8148886
RW3,0,1.0,0,0.25,1,0.99457
RW3,1,0.9687426932522573,0,0.25,1,0.9570181
RW3,2,0.929211084462392,0,0.25,1,0.9317465
RW3,3,0.8970072599473418,0,0.25,1,0.904307
RW3,4,0.8739883587909667,0,0.25,1,0.8730059
RW3,5,0.8483648360418079,0,0.25,1,0.8495867
RW3,6,0.834035367164592,0,0.25,1,0.82718384
RW3,7,0.8165629846823869,0,0.25,1,0.8077383
RW3,8,0.7932890383246501,0,0.25,1,0.7896954
RW3,9,0.8102317992092032,0,0.25,1,0.7764503
RW3,10,0.7772348372341118,0,0.25,1,0.7580526
RW3,11,0.758047293748471,0,0.25,1,0.74188435
RW3,12,0.7406746149745171,0,0.25,1,0.727545
RW3,13,0.7142042200057844,0,0.25,1,0.71265113
RW3,14,0.6871908455658011,0,0.25,1,0.6981501
RW3,15,0.6654079726651321,0,0.25,1,0.6819764
RW3,16,0.6625411808641404,0,0.25,1,0.66832334
RW3,17,0.6492046234819603,0,0.25,1,0.651731
RW3,18,0.6150347872417288,0,0.25,1,0.6380327
RW3,19,0.6042370279644296,0,0.25,1,0.61957127
RW3,20,0.5462918454573739,0,0.25,1,0.59891695
RW3,21,0.5294258363488458,0,0.25,1,0.5801991
RW9,0,1.0,0,0.25,1,1.010142
RW9,1,0.9744806801719121,0,0.25,1,1.0180699
RW9,2,0.9453104679064025,0,0.25,1,0.9769658
RW9,3,0.911360857317688,0,0.25,1,0.93688685
RW9,4,0.8847866727225885,0,0.25,1,0.8982293
RW9,5,0.8406944835087043,0,0.25,1,0.862601
RW9,6,0.8176901280788624,0,0.25,1,0.8294639
RW9,7,0.7864030549959673,0,0.25,1,0.7968023
RW9,8,0.7628733089042045,0,0.25,1,0.77194405
RW9,9,0.7266047623827654,0,0.25,1,0.7478572
RW9,10,0.6950317886415597,0,0.25,1,0.72665244
RW9,11,0.6756574638458637,0,0.25,1,0.70756245
RW9,12,0.6603653366488433,0,0.25,1,0.6917297
RW9,13,0.6964212062092479,0,0.25,1,0.6946788
RW9,14,0.6472003063742006,0,0.25,1,0.68187594
RW9,15,0.6351750298406914,0,0.25,1,0.66989356
RW9,16,0.6165428117187594,0,0.25,1,0.65882206
RW9,17,0.5964223557750638,0,0.25,1,0.64936227
RW9,18,0.59783807785969,0,0.25,1,0.6413642
RW9,19,0.5791340224765132,0,0.25,1,0.6324605
RW9,20,0.572651808445847,0,0.25,1,0.6246433
RW9,21,0.5654329871052775,0,0.25,1,0.61570585
RW9,22,0.5530896777273546,0,0.25,1,0.6077368
RW9,23,0.542052740223641,0,0.25,1,0.5991936
RW9,24,0.534245247108605,0,0.25,1,0.59157944
RW9,25,0.5310967487165805,0,0.25,1,0.58353853
RW9,26,0.5130674490339593,0,0.25,1,0.5743719
RW9,27,0.5178543420622359,0,0.25,1,0.56394476
RW9,28,0.5073736155103112,0,0.25,1,0.55309206
RW9,29,0.5062313423318389,0,0.25,1,0.5420455
RW9,30,0.4936209036779812,0,0.25,1,0.52939725
RW9,31,0.4789604612310552,0,0.25,1,0.51694167
RW9,32,0.5040541243406096,0,0.25,1,0.5092028
RW9,33,0.4707276486475776,0,0.25,1,0.49411172
RW9,34,0.45110138474628303,0,0.25,1,0.47926986
RW9,35,0.4162269401905226,0,0.25,1,0.46473718
RW9,36,0.39630758405323846,0,0.25,1,0.4516765
RW9,37,0.37288217447495453,0,0.25,1,0.43900418
RW9,38,0.3621987887485223,0,0.25,1,0.42614532
RW9,39,0.3575388160665002,0,0.25,1,0.41328597
RW1,0,1.0,0,0.25,2,0.9857413
RW1,1,0.9802670752876338,0,0.25,2,0.97139025
RW1,2,0.9565216183750929,0,0.25,2,0.94894916
RW1,3,0.9339790204206347,0,0.25,2,0.922027
RW1,4,0.9146940376750224,0,0.25,2,0.8954058
RW1,5,0.8911839245665371,0,0.25,2,0.87260634
RW1,6,0.8763421303143164,0,0.25,2,0.85082597
RW1,7,0.8561581297172293,0,0.25,2,0.83434474
RW1,8,0.8433079203727134,0,0.25,2,0.8165446
RW1,9,0.8224842210510717,0,0.25,2,0.8000289
RW1,10,0.8103568229633243,0,0.25,2,0.78470623
RW1,11,0.7998003763340421,0,0.25,2,0.77180403
RW1,12,0.8088487095632187,0,0.25,2,0.7617489
RW1,13,0.7843175647994992,0,0.25,2,0.7494444
RW1,14,0.7703735760756814,0,0.25,2,0.7374689
RW1,15,0.7535480936807142,0,0.25,2,0.72323656
RW1,16,0.7275046205067329,0,0.25,2,0.70948696
RW1,17,0.7193999486186523,0,0.25,2,0.6969826
RW1,18,0.692610556793688,0,0.25,2,0.6840312
RW1,19,0.6793568250462967,0,0.25,2,0.6655701
RW1,20,0.6705532526507081,0,0.25,2,0.64441717
RW1,21,0.6981110202679772,0,0.25,2,0.61638033
RW1,22,0.6247003756395969,0,0.25,2,0.5893916
RW1,23,0.5832750085056947,0,0.25,2,0.5652872
RW13,0,1.0,0,0.25,2,1.0033499
RW13,1,0.965406142462438,0,0.25,2,0.9482088
RW13,2,0.9390282053526243,0,0.25,2,0.8923173
RW13,3,0.8973664410850068,0,0.25,2,0.8469831
RW13,4,0.8559853917191745,0,0.25,2,0.81002444
RW13,5,0.8236615111297403,0,0.25,2,0.77796406
RW13,6,0.7989888416994142,0,0.25,2,0.7500471
RW13,7,0.7751912982027924,0,0.25,2,0.7249743
RW13,8,0.7640716479571148,0,0.25,2,0.7027091
RW13,9,0.7489144784756683,0,0.25,2,0.68098307
RW13,10,0.7267880380307747,0,0.25,2,0.6592582
RW13,11,0.7055711236531398,0,0.25,2,0.6384924
RW13,12,0.681354367058826,0,0.25,2,0.6176804
RW13,13,0.632238066246379,0,0.25,2,0.5970224
RW13,14,0.6484083666650617,0,0.25,2,0.5739209
RW13,15,0.6525398272110188,0,0.25,2,0.5687561
RW13,16,0.6005328739937468,0,0.25,2,0.54669183
RW13,17,0.6018706654475305,0,0.25,2,0.52267414
RW13,18,0.5923899890205315,0,0.25,2,0.50046444
RW13,19,0.5612641015154616,0,0.25,2,0.47944343
RW13,20,0.5456961123316568,0,0.25,2,0.45820987
RW13,21,0.5329610199130828,0,0.25,2,0.4391755
RW13,22,0.513416008393162,0,0.25,2,0.42069966
RW17,0,1.0,0,0.25,2,1.0039245
RW17,1,1.0026357949563962,0,0.25,2,0.9703549
RW17,2,0.9394918329295381,0,0.25,2,0.9444225
RW17,3,0.9184088724104814,0,0.25,2,0.8965585
RW17,4,0.8911584681985729,0,0.25,2,0.8711411
RW17,5,0.8589631609072765,0,0.25,2,0.8456359
RW17,6,0.8291575425450128,0,0.25,2,0.8208611
RW17,7,0.7987386988534076,0,0.25,2,0.8006598
RW17,8,0.7751485975307869,0,0.25,2,0.78175306
RW17,9,0.756656843774444,0,0.25,2,0.7623012
RW17,10,0.7426667041719264,0,0.25,2,0.74037087
RW17,11,0.7130644081290144,0,0.25,2,0.7169566
RW17,12,0.6970482137460301,0,0.25,2,0.6977285
RW17,13,0.6802011348844728,0,0.25,2,0.6786771
RW17,14,0.6582592678998883,0,0.25,2,0.66079617
RW17,15,0.6398762010019141,0,0.25,2,0.64422673
RW17,16,0.6204725968210568,0,0.25,2,0.6276251
RW17,17,0.6239733900924819,0,0.25,2,0.6259819
RW17,18,0.5987008167774444,0,0.25,2,0.61149716
RW17,19,0.5772080177645994,0,0.25,2,0.60013515
RW17,20,0.566682764841642,0,0.25,2,0.5890235
RW17,21,0.5622090221375536,0,0.25,2,0.57903606
RW17,22,0.5447943351336495,0,0.25,2,0.57025874
RW17,23,0.5353719031237376,0,0.25,2,0.56195277
RW17,24,0.5321386201162224,0,0.25,2,0.55470693
RW17,25,0.5256696552882916,0,0.25,2,0.5482791
RW17,26,0.5216566461738521,0,0.25,2,0.5420614
RW17,27,0.5142014944571648,0,0.25,2,0.53723484
RW21,0,1.0,0,0.25,2,0.9976944
RW21,1,0.9740724898567775,0,0.25,2,0.9950713
RW21,2,0.9527184796006276,0,0.25,2,0.9435412
RW21,3,0.9282169542090231,0,0.25,2,0.900725
RW21,4,0.8955478419839256,0,0.25,2,0.8624559
RW21,5,0.8573416928236135,0,0.25,2,0.83095324
RW21,6,0.8262560190318581,0,0.25,2,0.80479133
RW21,7,0.8028064819028633,0,0.25,2,0.7834752
RW21,8,0.7893600413911868,0,0.25,2,0.76578
RW21,9,0.775128424104771,0,0.25,2,0.7502587
RW21,10,0.7694576973245436,0,0.25,2,0.7382362
RW25,0,1.0,0,0.25,2,0.99568045
RW25,1,0.968918095597688,0,0.25,2,0.9615786
RW25,2,0.9414534545922638,0,0.25,2,0.94289654
RW25,3,0.9123147456691004,0,0.25,2,0.92495257
RW25,4,0.888189503733068,0,0.25,2,0.90867543
RW25,5,0.8696823709546798,0,0.25,2,0.8942982
RW25,6,0.8537549502050074,0,0.25,2,0.8804678
RW25,7,0.8375259921719959,0,0.25,2,0.8675878
RW25,8,0.8193673257776384,0,0.25,2,0.8556277
RW25,9,0.8135065611667396,0,0.25,2,0.8444828
RW25,10,0.803434694880542,0,0.25,2,0.8338148
RW25,11,0.7943807611523241,0,0.25,2,0.82386273
RW25,12,0.7853815339720616,0,0.25,2,0.81370205
RW3,0,1.0,0,0.25,2,0.9961567
RW3,1,0.9687426932522573,0,0.25,2,0.95882446
RW3,2,0.929211084462392,0,0.25,2,0.9294097
RW3,3,0.8970072599473418,0,0.25,2,0.9012096
RW3,4,0.8739883587909667,0,0.25,2,0.8714912
RW3,5,0.8483648360418079,0,0.25,2,0.8491986
RW3,6,0.834035367164592,0,0.25,2,0.8285655
RW3,7,0.8165629846823869,0,0.25,2,0.8111254
RW3,8,0.7932890383246501,0,0.25,2,0.7951804
RW3,9,0.8102317992092032,0,0.25,2,0.7831805
RW3,10,0.7772348372341118,0,0.25,2,0.76635104
RW3,11,0.758047293748471,0,0.25,2,0.7509139
RW3,12,0.7406746149745171,0,0.25,2,0.7364452
RW3,13,0.7142042200057844,0,0.25,2,0.7206082
RW3,14,0.6871908455658011,0,0.25,2,0.7042315
RW3,15,0.6654079726651321,0,0.25,2,0.68564045
RW3,16,0.6625411808641404,0,0.25,2,0.6683691
RW3,17,0.6492046234819603,0,0.25,2,0.6481292
RW3,18,0.6150347872417288,0,0.25,2,0.6308067
RW3,19,0.6042370279644296,0,0.25,2,0.60825825
RW3,20,0.5462918454573739,0,0.25,2,0.5839643
RW3,21,0.5294258363488458,0,0.25,2,0.56152874
RW9,0,1.0,0,0.25,2,1.0073004
RW9,1,0.9744806801719121,0,0.25,2,0.9984126
RW9,2,0.9453104679064025,0,0.25,2,0.9627565
RW9,3,0.911360857317688,0,0.25,2,0.9266765
RW9,4,0.8847866727225885,0,0.25,2,0.89331293
RW9,5,0.8406944835087043,0,0.25,2,0.8624615
RW9,6,0.8176901280788624,0,0.25,2,0.8330106
RW9,7,0.7864030549959673,0,0.25,2,0.80234027
RW9,8,0.7628733089042045,0,0.25,2,0.7802692
RW9,9,0.7266047623827654,0,0.25,2,0.7578026
RW9,10,0.6950317886415597,0,0.25,2,0.737767
RW9,11,0.6756574638458637,0,0.25,2,0.7196287
RW9,12,0.6603653366488433,0,0.25,2,0.7041578
RW9,13,0.6964212062092479,0,0.25,2,0.70581347
RW9,14,0.6472003063742006,0,0.25,2,0.6927031
RW9,15,0.6351750298406914,0,0.25,2,0.68002
RW9,16,0.6165428117187594,0,0.25,2,0.668018
RW9,17,0.5964223557750638,0,0.25,2,0.65767026
RW9,18,0.59783807785969,0,0.25,2,0.64868414
RW9,19,0.5791340224765132,0,0.25,2,0.6387151
RW9,20,0.572651808445847,0,0.25,2,0.62988734
RW9,21,0.5654329871052775,0,0.25,2,0.619982
RW9,22,0.5530896777273546,0,0.25,2,0.61124146
RW9,23,0.542052740223641,0,0.25,2,0.60203457
RW9,24,0.534245247108605,0,0.25,2,0.5939516
RW9,25,0.5310967487165805,0,0.25,2,0.58568
RW9,26,0.5130674490339593,0,0.25,2,0.57644767
RW9,27,0.5178543420622359,0,0.25,2,0.5660856
RW9,28,0.5073736155103112,0,0.25,2,0.55556256
RW9,29,0.5062313423318389,0,0.25,2,0.5449626
RW9,30,0.4936209036779812,0,0.25,2,0.5330725
RW9,31,0.4789604612310552,0,0.25,2,0.52157134
RW9,32,0.5040541243406096,0,0.25,2,0.5147629
RW9,33,0.4707276486475776,0,0.25,2,0.500903
RW9,34,0.45110138474628303,0,0.25,2,0.48737258
RW9,35,0.4162269401905226,0,0.25,2,0.47421372
RW9,36,0.39630758405323846,0,0.25,2,0.46230876
RW9,37,0.37288217447495453,0,0.25,2,0.4507386
RW9,38,0.3621987887485223,0,0.25,2,0.43894517
RW9,39,0.3575388160665002,0,0.25,2,0.42709064
RW1,0,1.0,0,0.25,3,0.9933502
RW1,1,0.9802670752876338,0,0.25,3,0.95672715
RW1,2,0.9565216183750929,0,0.25,3,0.93939894
RW1,3,0.9339790204206347,0,0.25,3,0.9142747
RW1,4,0.9146940376750224,0,0.25,3,0.8886739
RW1,5,0.8911839245665371,0,0.25,3,0.86627525
RW1,6,0.8763421303143164,0,0.25,3,0.8471127
RW1,7,0.8561581297172293,0,0.25,3,0.8322966
RW1,8,0.8433079203727134,0,0.25,3,0.81422335
RW1,9,0.8224842210510717,0,0.25,3,0.7971826
RW1,10,0.8103568229633243,0,0.25,3,0.7809546
RW1,11,0.7998003763340421,0,0.25,3,0.7674986
RW1,12,0.8088487095632187,0,0.25,3,0.7593758
RW1,13,0.7843175647994992,0,0.25,3,0.7481229
RW1,14,0.7703735760756814,0,0.25,3,0.7374468
RW1,15,0.7535480936807142,0,0.25,3,0.725082
RW1,16,0.7275046205067329,0,0.25,3,0.71374226
RW1,17,0.7193999486186523,0,0.25,3,0.7044674
RW1,18,0.692610556793688,0,0.25,3,0.6947019
RW1,19,0.6793568250462967,0,0.25,3,0.6807097
RW1,20,0.6705532526507081,0,0.25,3,0.6648717
RW1,21,0.6981110202679772,0,0.25,3,0.6420455
RW1,22,0.6247003756395969,0,0.25,3,0.62072814
RW1,23,0.5832750085056947,0,0.25,3,0.6008377
RW13,0,1.0,0,0.25,3,1.0006781
RW13,1,0.965406142462438,0,0.25,3,0.9174074
RW13,2,0.9390282053526243,0,0.25,3,0.8758675
RW13,3,0.8973664410850068,0,0.25,3,0.83585495
RW13,4,0.8559853917191745,0,0.25,3,0.80443066
RW13,5,0.8236615111297403,0,0.25,3,0.77569425
RW13,6,0.7989888416994142,0,0.25,3,0.7499834
RW13,7,0.7751912982027924,0,0.25,3,0.7262325
RW13,8,0.7640716479571148,0,0.25,3,0.7046244
RW13,9,0.7489144784756683,0,0.25,3,0.6831226
RW13,10,0.7267880380307747,0,0.25,3,0.66161734
RW13,11,0.7055711236531398,0,0.25,3,0.64117754
RW13,12,0.681354367058826,0,0.25,3,0.62085545
RW13,13,0.632238066246379,0,0.25,3,0.6007178
RW13,14,0.6484083666650617,0,0.25,3,0.5786369
RW13,15,0.6525398272110188,0,0.25,3,0.57375443
RW13,16,0.6005328739937468,0,0.25,3,0.55232567
RW13,17,0.6018706654475305,0,0.25,3,0.5296366
RW13,18,0.5923899890205315,0,0.25,3,0.50919104
RW13,19,0.5612641015154616,0,0.25,3,0.48956454
RW13,20,0.5456961123316568,0,0.25,3,0.47025013
RW13,21,0.5329610199130828,0,0.25,3,0.45294923
RW13,22,0.513416008393162,0,0.25,3,0.43616217
RW17,0,1.0,0,0.25,3,1.0014317
RW17,1,1.0026357949563962,0,0.25,3,0.9055773
RW17,2,0.9394918329295381,0,0.25,3,0.9477136
RW17,3,0.9184088724104814,0,0.25,3,0.8881789
RW17,4,0.8911584681985729,0,0.25,3,0.8720043
RW17,5,0.8589631609072765,0,0.25,3,0.84814227
RW17,6,0.8291575425450128,0,0.25,3,0.8234273
RW17,7,0.7987386988534076,0,0.25,3,0.8030077
RW17,8,0.7751485975307869,0,0.25,3,0.7830548
RW17,9,0.756656843774444,0,0.25,3,0.7629048
RW17,10,0.7426667041719264,0,0.25,3,0.740972
RW17,11,0.7130644081290144,0,0.25,3,0.717942
RW17,12,0.6970482137460301,0,0.25,3,0.6984075
RW17,13,0.6802011348844728,0,0.25,3,0.6793752
RW17,14,0.6582592678998883,0,0.25,3,0.6615236
RW17,15,0.6398762010019141,0,0.25,3,0.6450175
RW17,16,0.6204725968210568,0,0.25,3,0.62846255
RW17,17,0.6239733900924819,0,0.25,3,0.62680405
RW17,18,0.5987008167774444,0,0.25,3,0.61203957
RW17,19,0.5772080177645994,0,0.25,3,0.60004956
RW17,20,0.566682764841642,0,0.25,3,0.58813345
RW17,21,0.5622090221375536,0,0.25,3,0.57705295
RW17,22,0.5447943351336495,0,0.25,3,0.56666374
RW17,23,0.5353719031237376,0,0.25,3,0.55642945
RW17,24,0.5321386201162224,0,0.25,3,0.5469675
RW17,25,0.5256696552882916,0,0.25,3,0.53797066
RW17,26,0.5216566461738521,0,0.25,3,0.5289879
RW17,27,0.5142014944571648,0,0.25,3,0.52097523
RW21,0,1.0,0,0.25,3,1.0027664
RW21,1,0.9740724898567775,0,0.25,3,0.9793359
RW21,2,0.9527184796006276,0,0.25,3,0.9394174
RW21,3,0.9282169542090231,0,0.25,3,0.90391797
RW21,4,0.8955478419839256,0,0.25,3,0.87073696
RW21,5,0.8573416928236135,0,0.25,3,0.8411269
RW21,6,0.8262560190318581,0,0.25,3,0.8153774
RW21,7,0.8028064819028633,0,0.25,3,0.79239917
RW21,8,0.7893600413911868,0,0.25,3,0.77207375
RW21,9,0.775128424104771,0,0.25,3,0.75356877
RW21,10,0.7694576973245436,0,0.25,3,0.73648876
RW25,0,1.0,0,0.25,3,1.0019917
RW25,1,0.968918095597688,0,0.25,3,0.9736532
RW25,2,0.9414534545922638,0,0.25,3,0.9509452
RW25,3,0.9123147456691004,0,0.25,3,0.9320075
RW25,4,0.888189503733068,0,0.25,3,0.9146053
RW25,5,0.8696823709546798,0,0.25,3,0.8990786
RW25,6,0.8537549502050074,0,0.25,3,0.8854178
RW25,7,0.8375259921719959,0,0.25,3,0.8729783
RW25,8,0.8193673257776384,0,0.25,3,0.8611081
RW25,9,0.8135065611667396,0,0.25,3,0.84960747
RW25,10,0.803434694880542,0,0.25,3,0.83799624
RW25,11,0.7943807611523241,0,0.25,3,0.82578456
RW25,12,0.7853815339720616,0,0.25,3,0.81307256
RW3,0,1.0,0,0.25,3,0.999549
RW3,1,0.9687426932522573,0,0.25,3,0.93889576
RW3,2,0.929211084462392,0,0.25,3,0.9201715
RW3,3,0.8970072599473418,0,0.25,3,0.89827275
RW3,4,0.8739883587909667,0,0.25,3,0.87077373
RW3,5,0.8483648360418079,0,0.25,3,0.8505593
RW3,6,0.834035367164592,0,0.25,3,0.83041793
RW3,7,0.8165629846823869,0,0.25,3,0.81300235
RW3,8,0.7932890383246501,0,0.25,3,0.79651135
RW3,9,0.8102317992092032,0,0.25,3,0.784881
RW3,10,0.7772348372341118,0,0.25,3,0.7678556
RW3,11,0.758047293748471,0,0.25,3,0.75250006
RW3,12,0.7406746149745171,0,0.25,3,0.73852205
RW3,13,0.7142042200057844,0,0.25,3,0.7236756
RW3,14,0.6871908455658011,0,0.25,3,0.70886385
RW3,15,0.6654079726651321,0,0.25,3,0.69221604
RW3,16,0.6625411808641404,0,0.25,3,0.6771568
RW3,17,0.6492046234819603,0,0.25,3,0.6594144
RW3,18,0.6150347872417288,0,0.25,3,0.64441675
RW3,19,0.6042370279644296,0,0.25,3,0.62475014
RW3,20,0.5462918454573739,0,0.25,3,0.60338676
RW3,21,0.5294258363488458,0,0.25,3,0.58348614
RW9,0,1.0,0,0.25,3,1.0052505
RW9,1,0.9744806801719121,0,0.25,3,1.0218129
RW9,2,0.9453104679064025,0,0.25,3,0.98517555
RW9,3,0.911360857317688,0,0.25,3,0.94597024
RW9,4,0.8847866727225885,0,0.25,3,0.9090955
RW9,5,0.8406944835087043,0,0.25,3,0.8738904
RW9,6,0.8176901280788624,0,0.25,3,0.8459953
RW9,7,0.7864030549959673,0,0.25,3,0.8150492
RW9,8,0.7628733089042045,0,0.25,3,0.7942761
RW9,9,0.7266047623827654,0,0.25,3,0.77150536
RW9,10,0.6950317886415597,0,0.25,3,0.7508596
RW9,11,0.6756574638458637,0,0.25,3,0.7321678
RW9,12,0.6603653366488433,0,0.25,3,0.7163589
RW9,13,0.6964212062092479,0,0.25,3,0.72010076
RW9,14,0.6472003063742006,0,0.25,3,0.7070062
RW9,15,0.6351750298406914,0,0.25,3,0.6935898
RW9,16,0.6165428117187594,0,0.25,3,0.68106973
RW9,17,0.5964223557750638,0,0.25,3,0.6699841
RW9,18,0.59783807785969,0,0.25,3,0.66018283
RW9,19,0.5791340224765132,0,0.25,3,0.6488184
RW9,20,0.572651808445847,0,0.25,3,0.638553
RW9,21,0.5654329871052775,0,0.25,3,0.6267959
RW9,22,0.5530896777273546,0,0.25,3,0.61620665
RW9,23,0.542052740223641,0,0.25,3,0.604966
RW9,24,0.534245247108605,0,0.25,3,0.59515387
RW9,25,0.5310967487165805,0,0.25,3,0.5851741
RW9,26,0.5130674490339593,0,0.25,3,0.5741422
RW9,27,0.5178543420622359,0,0.25,3,0.5618304
RW9,28,0.5073736155103112,0,0.25,3,0.54951143
RW9,29,0.5062313423318389,0,0.25,3,0.5373236
RW9,30,0.4936209036779812,0,0.25,3,0.52383804
RW9,31,0.4789604612310552,0,0.25,3,0.5110408
RW9,32,0.5040541243406096,0,0.25,3,0.5082648
RW9,33,0.4707276486475776,0,0.25,3,0.49369633
RW9,34,0.45110138474628303,0,0.25,3,0.47958505
RW9,35,0.4162269401905226,0,0.25,3,0.46680647
RW9,36,0.39630758405323846,0,0.25,3,0.4559161
RW9,37,0.37288217447495453,0,0.25,3,0.44611627
RW9,38,0.3621987887485223,0,0.25,3,0.43653286
RW9,39,0.3575388160665002,0,0.25,3,0.42739236
RW1,0,1.0,0,0.25,4,0.98964083
RW1,1,0.9802670752876338,0,0.25,4,0.97283566
RW1,2,0.9565216183750929,0,0.25,4,0.94865364
RW1,3,0.9339790204206347,0,0.25,4,0.92306125
RW1,4,0.9146940376750224,0,0.25,4,0.89598435
RW1,5,0.8911839245665371,0,0.25,4,0.87217337
RW1,6,0.8763421303143164,0,0.25,4,0.8489342
RW1,7,0.8561581297172293,0,0.25,4,0.82961565
RW1,8,0.8433079203727134,0,0.25,4,0.81041133
RW1,9,0.8224842210510717,0,0.25,4,0.7924345
RW1,10,0.8103568229633243,0,0.25,4,0.7759759
RW1,11,0.7998003763340421,0,0.25,4,0.7621125
RW1,12,0.8088487095632187,0,0.25,4,0.75046986
RW1,13,0.7843175647994992,0,0.25,4,0.73776203
RW1,14,0.7703735760756814,0,0.25,4,0.72655034
RW1,15,0.7535480936807142,0,0.25,4,0.71428055
RW1,16,0.7275046205067329,0,0.25,4,0.7032539
RW1,17,0.7193999486186523,0,0.25,4,0.6940676
RW1,18,0.692610556793688,0,0.25,4,0.6848335
RW1,19,0.6793568250462967,0,0.25,4,0.6713045
RW1,20,0.6705532526507081,0,0.25,4,0.6556187
RW1,21,0.6981110202679772,0,0.25,4,0.6336016
RW1,22,0.6247003756395969,0,0.25,4,0.6124983
RW1,23,0.5832750085056947,0,0.25,4,0.5931821
RW13,0,1.0,0,0.25,4,0.9993056
RW13,1,0.965406142462438,0,0.25,4,0.95574063
RW13,2,0.9390282053526243,0,0.25,4,0.89815336
RW13,3,0.8973664410850068,0,0.25,4,0.8506613
RW13,4,0.8559853917191745,0,0.25,4,0.80982107
RW13,5,0.8236615111297403,0,0.25,4,0.77400225
RW13,6,0.7989888416994142,0,0.25,4,0.74280953
RW13,7,0.7751912982027924,0,0.25,4,0.7160202
RW13,8,0.7640716479571148,0,0.25,4,0.69336236
RW13,9,0.7489144784756683,0,0.25,4,0.67238927
RW13,10,0.7267880380307747,0,0.25,4,0.65219736
RW13,11,0.7055711236531398,0,0.25,4,0.6340803
RW13,12,0.681354367058826,0,0.25,4,0.61645484
RW13,13,0.632238066246379,0,0.25,4,0.5991665
RW13,14,0.6484083666650617,0,0.25,4,0.5797682
RW13,15,0.6525398272110188,0,0.25,4,0.57531387
RW13,16,0.6005328739937468,0,0.25,4,0.5559587
RW13,17,0.6018706654475305,0,0.25,4,0.5344297
RW13,18,0.5923899890205315,0,0.25,4,0.5137597
RW13,19,0.5612641015154616,0,0.25,4,0.49299288
RW13,20,0.5456961123316568,0,0.25,4,0.4714074
RW13,21,0.5329610199130828,0,0.25,4,0.45109338
RW13,22,0.513416008393162,0,0.25,4,0.4306321
RW17,0,1.0,0,0.25,4,1.0003297
RW17,1,1.0026357949563962,0,0.25,4,0.98006773
RW17,2,0.9394918329295381,0,0.25,4,0.94270056
RW17,3,0.9184088724104814,0,0.25,4,0.9043925
RW17,4,0.8911584681985729,0,0.25,4,0.87513936
RW17,5,0.8589631609072765,0,0.25,4,0.84659326
RW17,6,0.8291575425450128,0,0.25,4,0.8192647
RW17,7,0.7987386988534076,0,0.25,4,0.796575
RW17,8,0.7751485975307869,0,0.25,4,0.777124
RW17,9,0.756656843774444,0,0.25,4,0.75824714
RW17,10,0.7426667041719264,0,0.25,4,0.7384198
RW17,11,0.7130644081290144,0,0.25,4,0.71796864
RW17,12,0.6970482137460301,0,0.25,4,0.7005462
RW17,13,0.6802011348844728,0,0.25,4,0.68288636
RW17,14,0.6582592678998883,0,0.25,4,0.6659873
RW17,15,0.6398762010019141,0,0.25,4,0.6497525
RW17,16,0.6204725968210568,0,0.25,4,0.6331855
RW17,17,0.6239733900924819,0,0.25,4,0.6313161
RW17,18,0.5987008167774444,0,0.25,4,0.6161162
RW17,19,0.5772080177645994,0,0.25,4,0.6033304
RW17,20,0.566682764841642,0,0.25,4,0.59046036
RW17,21,0.5622090221375536,0,0.25,4,0.5784629
RW17,22,0.5447943351336495,0,0.25,4,0.5673244
RW17,23,0.5353719031237376,0,0.25,4,0.55637217
RW17,24,0.5321386201162224,0,0.25,4,0.54640925
RW17,25,0.5256696552882916,0,0.25,4,0.5371543
RW17,26,0.5216566461738521,0,0.25,4,0.5280418
RW17,27,0.5142014944571648,0,0.25,4,0.52027464
RW21,0,1.0,0,0.25,4,1.0007389
RW21,1,0.9740724898567775,0,0.25,4,0.9703957
RW21,2,0.9527184796006276,0,0.25,4,0.9304883
RW21,3,0.9282169542090231,0,0.25,4,0.89496887
RW21,4,0.8955478419839256,0,0.25,4,0.86284536
RW21,5,0.8573416928236135,0,0.25,4,0.83503616
RW21,6,0.8262560190318581,0,0.25,4,0.8117254
RW21,7,0.8028064819028633,0,0.25,4,0.7921686
RW21,8,0.7893600413911868,0,0.25,4,0.77597076
RW21,9,0.775128424104771,0,0.25,4,0.76228476
RW21,10,0.7694576973245436,0,0.25,4,0.75095403
RW25,0,1.0,0,0.25,4,1.0011737
RW25,1,0.968918095597688,0,0.25,4,0.9750247
RW25,2,0.9414534545922638,0,0.25,4,0.95327425
RW25,3,0.9123147456691004,0,0.25,4,0.9336046
RW25,4,0.888189503733068,0,0.25,4,0.91709924
RW25,5,0.8696823709546798,0,0.25,4,0.9014838
RW25,6,0.8537549502050074,0,0.25,4,0.8881415
RW25,7,0.8375259921719959,0,0.25,4,0.87544626
RW25,8,0.8193673257776384,0,0.25,4,0.862844
RW25,9,0.8135065611667396,0,0.25,4,0.8505155
RW25,10,0.803434694880542,0,0.25,4,0.8376636
RW25,11,0.7943807611523241,0,0.25,4,0.8238151
RW25,12,0.7853815339720616,0,0.25,4,0.8093195
RW3,0,1.0,0,0.25,4,0.9975802
RW3,1,0.9687426932522573,0,0.25,4,0.96967727
RW3,2,0.929211084462392,0,0.25,4,0.9380749
RW3,3,0.8970072599473418,0,0.25,4,0.90666866
RW3,4,0.8739883587909667,0,0.25,4,0.8753727
RW3,5,0.8483648360418079,0,0.25,4,0.84992194
RW3,6,0.834035367164592,0,0.25,4,0.82670796
RW3,7,0.8165629846823869,0,0.25,4,0.8064596
RW3,8,0.7932890383246501,0,0.25,4,0.78806305
RW3,9,0.8102317992092032,0,0.25,4,0.7738071
RW3,10,0.7772348372341118,0,0.25,4,0.7548611
RW3,11,0.758047293748471,0,0.25,4,0.73843837
RW3,12,0.7406746149745171,0,0.25,4,0.7241546
RW3,13,0.7142042200057844,0,0.25,4,0.7097645
RW3,14,0.6871908455658011,0,0.25,4,0.69578373
RW3,15,0.6654079726651321,0,0.25,4,0.6805269
RW3,16,0.6625411808641404,0,0.25,4,0.6666675
RW3,17,0.6492046234819603,0,0.25,4,0.6505732
RW3,18,0.6150347872417288,0,0.25,4,0.63680756
RW3,19,0.6042370279644296,0,0.25,4,0.6184261
RW3,20,0.5462918454573739,0,0.25,4,0.5979035
RW3,21,0.5294258363488458,0,0.25,4,0.578144
RW9,0,1.0,0,0.25,4,1.0073336
RW9,1,0.9744806801719121,0,0.25,4,1.0095236
RW9,2,0.9453104679064025,0,0.25,4,0.9719203
RW9,3,0.911360857317688,0,0.25,4,0.93503904
RW9,4,0.8847866727225885,0,0.25,4,0.89941096
RW9,5,0.8406944835087043,0,0.25,4,0.86621535
RW9,6,0.8176901280788624,0,0.25,4,0.8377743
RW9,7,0.7864030549959673,0,0.25,4,0.8078857
RW9,8,0.7628733089042045,0,0.25,4,0.78429925
RW9,9,0.7266047623827654,0,0.25,4,0.76060057
RW9,10,0.6950317886415597,0,0.25,4,0.7392709
RW9,11,0.6756574638458637,0,0.25,4,0.71943104
RW9,12,0.6603653366488433,0,0.25,4,0.70248806
RW9,13,0.6964212062092479,0,0.25,4,0.70314336
RW9,14,0.6472003063742006,0,0.25,4,0.6891453
RW9,15,0.6351750298406914,0,0.25,4,0.67590445
RW9,16,0.6165428117187594,0,0.25,4,0.6633853
RW9,17,0.5964223557750638,0,0.25,4,0.6522526
RW9,18,0.59783807785969,0,0.25,4,0.6426791
RW9,19,0.5791340224765132,0,0.25,4,0.6320801
RW9,20,0.572651808445847,0,0.25,4,0.6227209
RW9,21,0.5654329871052775,0,0.25,4,0.61246383
RW9,22,0.5530896777273546,0,0.25,4,0.60344994
RW9,23,0.542052740223641,0,0.25,4,0.59393835
RW9,24,0.534245247108605,0,0.25,4,0.5857725
RW9,25,0.5310967487165805,0,0.25,4,0.5777065
RW9,26,0.5130674490339593,0,0.25,4,0.56873924
RW9,27,0.5178543420622359,0,0.25,4,0.55875385
RW9,28,0.5073736155103112,0,0.25,4,0.54871327
RW9,29,0.5062313423318389,0,0.25,4,0.53899837
RW9,30,0.4936209036779812,0,0.25,4,0.52819085
RW9,31,0.4789604612310552,0,0.25,4,0.5179399
RW9,32,0.5040541243406096,0,0.25,4,0.51717454
RW9,33,0.4707276486475776,0,0.25,4,0.5054819
RW9,34,0.45110138474628303,0,0.25,4,0.4941376
RW9,35,0.4162269401905226,0,0.25,4,0.48381126
RW9,36,0.39630758405323846,0,0.25,4,0.4748965
RW9,37,0.37288217447495453,0,0.25,4,0.46680212
RW9,38,0.3621987887485223,0,0.25,4,0.45882022
RW9,39,0.3575388160665002,0,0.25,4,0.45115298
RW1,0,1.0,0,0.1,0,0.97472984
RW1,1,0.9802670752876338,0,0.1,0,0.9476095
RW1,2,0.9565216183750929,0,0.1,0,0.9297536
RW1,3,0.9339790204206347,0,0.1,0,0.90942883
RW1,4,0.9146940376750224,0,0.1,0,0.8880397
RW1,5,0.8911839245665371,0,0.1,0,0.8689189
RW1,6,0.8763421303143164,0,0.1,0,0.8577672
RW1,7,0.8561581297172293,0,0.1,0,0.8473259
RW1,8,0.8433079203727134,0,0.1,0,0.8338334
RW1,9,0.8224842210510717,0,0.1,0,0.81977236
RW1,10,0.8103568229633243,0,0.1,0,0.8059817
RW1,11,0.7998003763340421,0,0.1,0,0.79357755
RW1,12,0.8088487095632187,0,0.1,0,0.7809993
RW1,13,0.7843175647994992,0,0.1,0,0.7659688
RW1,14,0.7703735760756814,0,0.1,0,0.75119174
RW1,15,0.7535480936807142,0,0.1,0,0.7348937
RW1,16,0.7275046205067329,0,0.1,0,0.7193401
RW1,17,0.7193999486186523,0,0.1,0,0.70597625
RW1,18,0.692610556793688,0,0.1,0,0.6928891
RW1,19,0.6793568250462967,0,0.1,0,0.6776166
RW1,20,0.6705532526507081,0,0.1,0,0.66406155
RW1,21,0.6981110202679772,0,0.1,0,0.6470115
RW1,22,0.6247003756395969,0,0.1,0,0.63388485
RW1,23,0.5832750085056947,0,0.1,0,0.62194586
RW13,0,1.0,0,0.1,0,1.0017822
RW13,1,0.965406142462438,0,0.1,0,0.9391987
RW13,2,0.9390282053526243,0,0.1,0,0.8990319
RW13,3,0.8973664410850068,0,0.1,0,0.8652922
RW13,4,0.8559853917191745,0,0.1,0,0.8353698
RW13,5,0.8236615111297403,0,0.1,0,0.8059667
RW13,6,0.7989888416994142,0,0.1,0,0.7767071
RW13,7,0.7751912982027924,0,0.1,0,0.74646974
RW13,8,0.7640716479571148,0,0.1,0,0.7165634
RW13,9,0.7489144784756683,0,0.1,0,0.6874044
RW13,10,0.7267880380307747,0,0.1,0,0.65911686
RW13,11,0.7055711236531398,0,0.1,0,0.63247526
RW13,12,0.681354367058826,0,0.1,0,0.6080512
RW13,13,0.632238066246379,0,0.1,0,0.585811
RW13,14,0.6484083666650617,0,0.1,0,0.5649421
RW13,15,0.6525398272110188,0,0.1,0,0.5608244
RW13,16,0.6005328739937468,0,0.1,0,0.54152524
RW13,17,0.6018706654475305,0,0.1,0,0.52480745
RW13,18,0.5923899890205315,0,0.1,0,0.51252747
RW13,19,0.5612641015154616,0,0.1,0,0.5015278
RW13,20,0.5456961123316568,0,0.1,0,0.49307305
RW13,21,0.5329610199130828,0,0.1,0,0.48691577
RW13,22,0.513416008393162,0,0.1,0,0.48240215
RW17,0,1.0,0,0.1,0,1.0030198
RW17,1,1.0026357949563962,0,0.1,0,0.94528824
RW17,2,0.9394918329295381,0,0.1,0,0.865823
RW17,3,0.9184088724104814,0,0.1,0,0.83934367
RW17,4,0.8911584681985729,0,0.1,0,0.8251689
RW17,5,0.8589631609072765,0,0.1,0,0.81053114
RW17,6,0.8291575425450128,0,0.1,0,0.79500115
RW17,7,0.7987386988534076,0,0.1,0,0.78177536
RW17,8,0.7751485975307869,0,0.1,0,0.76924264
RW17,9,0.756656843774444,0,0.1,0,0.7554303
RW17,10,0.7426667041719264,0,0.1,0,0.7385908
RW17,11,0.7130644081290144,0,0.1,0,0.7201859
RW17,12,0.6970482137460301,0,0.1,0,0.7047106
RW17,13,0.6802011348844728,0,0.1,0,0.68845606
RW17,14,0.6582592678998883,0,0.1,0,0.6724142
RW17,15,0.6398762010019141,0,0.1,0,0.6567503
RW17,16,0.6204725968210568,0,0.1,0,0.6404875
RW17,17,0.6239733900924819,0,0.1,0,0.6388159
RW17,18,0.5987008167774444,0,0.1,0,0.62379575
RW17,19,0.5772080177645994,0,0.1,0,0.61122775
RW17,20,0.566682764841642,0,0.1,0,0.59876704
RW17,21,0.5622090221375536,0,0.1,0,0.5873401
RW17,22,0.5447943351336495,0,0.1,0,0.57703316
RW17,23,0.5353719031237376,0,0.1,0,0.5676056
RW17,24,0.5321386201162224,0,0.1,0,0.55954087
RW17,25,0.5256696552882916,0,0.1,0,0.55267155
RW17,26,0.5216566461738521,0,0.1,0,0.54693043
RW17,27,0.5142014944571648,0,0.1,0,0.5427836
RW21,0,1.0,0,0.1,0,1.0044816
RW21,1,0.9740724898567775,0,0.1,0,0.99289834
RW21,2,0.9527184796006276,0,0.1,0,0.96747655
RW21,3,0.9282169542090231,0,0.1,0,0.93733096
RW21,4,0.8955478419839256,0,0.1,0,0.9058348
RW21,5,0.8573416928236135,0,0.1,0,0.8709914
RW21,6,0.8262560190318581,0,0.1,0,0.83531463
RW21,7,0.8028064819028633,0,0.1,0,0.79811484
RW21,8,0.7893600413911868,0,0.1,0,0.76050365
RW21,9,0.775128424104771,0,0.1,0,0.7223315
RW21,10,0.7694576973245436,0,0.1,0,0.68447626
RW25,0,1.0,0,0.1,0,1.0015335
RW25,1,0.968918095597688,0,0.1,0,0.9776207
RW25,2,0.9414534545922638,0,0.1,0,0.9633323
RW25,3,0.9123147456691004,0,0.1,0,0.9502968
RW25,4,0.888189503733068,0,0.1,0,0.9328495
RW25,5,0.8696823709546798,0,0.1,0,0.9128033
RW25,6,0.8537549502050074,0,0.1,0,0.8907815
RW25,7,0.8375259921719959,0,0.1,0,0.8668398
RW25,8,0.8193673257776384,0,0.1,0,0.8406494
RW25,9,0.8135065611667396,0,0.1,0,0.8122897
RW25,10,0.803434694880542,0,0.1,0,0.782328
RW25,11,0.7943807611523241,0,0.1,0,0.7495696
RW25,12,0.7853815339720616,0,0.1,0,0.71552753
RW3,0,1.0,0,0.1,0,0.99028426
RW3,1,0.9687426932522573,0,0.1,0,0.94385886
RW3,2,0.929211084462392,0,0.1,0,0.92347753
RW3,3,0.8970072599473418,0,0.1,0,0.9036808
RW3,4,0.8739883587909667,0,0.1,0,0.8813741
RW3,5,0.8483648360418079,0,0.1,0,0.86332715
RW3,6,0.834035367164592,0,0.1,0,0.84557724
RW3,7,0.8165629846823869,0,0.1,0,0.8290726
RW3,8,0.7932890383246501,0,0.1,0,0.8128341
RW3,9,0.8102317992092032,0,0.1,0,0.7988362
RW3,10,0.7772348372341118,0,0.1,0,0.7783947
RW3,11,0.758047293748471,0,0.1,0,0.7584475
RW3,12,0.7406746149745171,0,0.1,0,0.73927647
RW3,13,0.7142042200057844,0,0.1,0,0.719159
RW3,14,0.6871908455658011,0,0.1,0,0.6995172
RW3,15,0.6654079726651321,0,0.1,0,0.67931384
RW3,16,0.6625411808641404,0,0.1,0,0.66207063
RW3,17,0.6492046234819603,0,0.1,0,0.6441606
RW3,18,0.6150347872417288,0,0.1,0,0.6304621
RW3,19,0.6042370279644296,0,0.1,0,0.6143296
RW3,20,0.5462918454573739,0,0.1,0,0.59854424
RW3,21,0.5294258363488458,0,0.1,0,0.5851824
RW9,0,1.0,0,0.1,0,1.0140071
RW9,1,0.9744806801719121,0,0.1,0,0.9490092
RW9,2,0.9453104679064025,0,0.1,0,0.92735505
RW9,3,0.911360857317688,0,0.1,0,0.9018857
RW9,4,0.8847866727225885,0,0.1,0,0.8771613
RW9,5,0.8406944835087043,0,0.1,0,0.85356283
RW9,6,0.8176901280788624,0,0.1,0,0.8261759
RW9,7,0.7864030549959673,0,0.1,0,0.798529
RW9,8,0.7628733089042045,0,0.1,0,0.7759539
RW9,9,0.7266047623827654,0,0.1,0,0.7545653
RW9,10,0.6950317886415597,0,0.1,0,0.73527145
RW9,11,0.6756574638458637,0,0.1,0,0.71727717
RW9,12,0.6603653366488433,0,0.1,0,0.7015083
RW9,13,0.6964212062092479,0,0.1,0,0.703447
RW9,14,0.6472003063742006,0,0.1,0,0.6890458
RW9,15,0.6351750298406914,0,0.1,0,0.676051
RW9,16,0.6165428117187594,0,0.1,0,0.66324437
RW9,17,0.5964223557750638,0,0.1,0,0.6517483
RW9,18,0.59783807785969,0,0.1,0,0.64190894
RW9,19,0.5791340224765132,0,0.1,0,0.6316186
RW9,20,0.572651808445847,0,0.1,0,0.6225798
RW9,21,0.5654329871052775,0,0.1,0,0.61342585
RW9,22,0.5530896777273546,0,0.1,0,0.6056678
RW9,23,0.542052740223641,0,0.1,0,0.59780264
RW9,24,0.534245247108605,0,0.1,0,0.5913577
RW9,25,0.5310967487165805,0,0.1,0,0.58563167
RW9,26,0.5130674490339593,0,0.1,0,0.57953036
RW9,27,0.5178543420622359,0,0.1,0,0.572839
RW9,28,0.5073736155103112,0,0.1,0,0.5663589
RW9,29,0.5062313423318389,0,0.1,0,0.5601851
RW9,30,0.4936209036779812,0,0.1,0,0.55354464
RW9,31,0.4789604612310552,0,0.1,0,0.5476271
RW9,32,0.5040541243406096,0,0.1,0,0.54924285
RW9,33,0.4707276486475776,0,0.1,0,0.5421852
RW9,34,0.45110138474628303,0,0.1,0,0.53562474
RW9,35,0.4162269401905226,0,0.1,0,0.52981865
RW9,36,0.39630758405323846,0,0.1,0,0.5252682
RW9,37,0.37288217447495453,0,0.1,0,0.5213363
RW9,38,0.3621987887485223,0,0.1,0,0.5175408
RW9,39,0.3575388160665002,0,0.1,0,0.51391053
RW1,0,1.0,0,0.1,1,0.98186153
RW1,1,0.9802670752876338,0,0.1,1,0.9796994
RW1,2,0.9565216183750929,0,0.1,1,0.96547246
RW1,3,0.9339790204206347,0,0.1,1,0.9446271
RW1,4,0.9146940376750224,0,0.1,1,0.92485076
RW1,5,0.8911839245665371,0,0.1,1,0.90404075
RW1,6,0.8763421303143164,0,0.1,1,0.8817827
RW1,7,0.8561581297172293,0,0.1,1,0.86345965
RW1,8,0.8433079203727134,0,0.1,1,0.8452996
RW1,9,0.8224842210510717,0,0.1,1,0.8268678
RW1,10,0.8103568229633243,0,0.1,1,0.8098856
RW1,11,0.7998003763340421,0,0.1,1,0.7942078
RW1,12,0.8088487095632187,0,0.1,1,0.7781901
RW1,13,0.7843175647994992,0,0.1,1,0.7596801
RW1,14,0.7703735760756814,0,0.1,1,0.74173295
RW1,15,0.7535480936807142,0,0.1,1,0.7220472
RW1,16,0.7275046205067329,0,0.1,1,0.7037648
RW1,17,0.7193999486186523,0,0.1,1,0.68709254
RW1,18,0.692610556793688,0,0.1,1,0.67197955
RW1,19,0.6793568250462967,0,0.1,1,0.65349895
RW1,20,0.6705532526507081,0,0.1,1,0.6351669
RW1,21,0.6981110202679772,0,0.1,1,0.61185277
RW1,22,0.6247003756395969,0,0.1,1,0.592187
RW1,23,0.5832750085056947,0,0.1,1,0.5748095
RW13,0,1.0,0,0.1,1,1.0013703
RW13,1,0.965406142462438,0,0.1,1,0.9270091
RW13,2,0.9390282053526243,0,0.1,1,0.88970643
RW13,3,0.8973664410850068,0,0.1,1,0.8548206
RW13,4,0.8559853917191745,0,0.1,1,0.829168
RW13,5,0.8236615111297403,0,0.1,1,0.80362874
RW13,6,0.7989888416994142,0,0.1,1,0.77834463
RW13,7,0.7751912982027924,0,0.1,1,0.7523445
RW13,8,0.7640716479571148,0,0.1,1,0.7271919
RW13,9,0.7489144784756683,0,0.1,1,0.7006981
RW13,10,0.7267880380307747,0,0.1,1,0.6759634
RW13,11,0.7055711236531398,0,0.1,1,0.65260166
RW13,12,0.681354367058826,0,0.1,1,0.63053244
RW13,13,0.632238066246379,0,0.1,1,0.61019146
RW13,14,0.6484083666650617,0,0.1,1,0.5883436
RW13,15,0.6525398272110188,0,0.1,1,0.58372945
RW13,16,0.6005328739937468,0,0.1,1,0.5648744
RW13,17,0.6018706654475305,0,0.1,1,0.5437561
RW13,18,0.5923899890205315,0,0.1,1,0.52425003
RW13,19,0.5612641015154616,0,0.1,1,0.5059389
RW13,20,0.5456961123316568,0,0.1,1,0.48691392
RW13,21,0.5329610199130828,0,0.1,1,0.46937847
RW13,22,0.513416008393162,0,0.1,1,0.4517364
RW17,0,1.0,0,0.1,1,1.0024143
RW17,1,1.0026357949563962,0,0.1,1,0.9093264
RW17,2,0.9394918329295381,0,0.1,1,0.9178561
RW17,3,0.9184088724104814,0,0.1,1,0.867517
RW17,4,0.8911584681985729,0,0.1,1,0.8269437
RW17,5,0.8589631609072765,0,0.1,1,0.8008579
RW17,6,0.8291575425450128,0,0.1,1,0.7817817
RW17,7,0.7987386988534076,0,0.1,1,0.7660897
RW17,8,0.7751485975307869,0,0.1,1,0.7533374
RW17,9,0.756656843774444,0,0.1,1,0.7397658
RW17,10,0.7426667041719264,0,0.1,1,0.72308034
RW17,11,0.7130644081290144,0,0.1,1,0.70631135
RW17,12,0.6970482137460301,0,0.1,1,0.692117
RW17,13,0.6802011348844728,0,0.1,1,0.67673117
RW17,14,0.6582592678998883,0,0.1,1,0.6613376
RW17,15,0.6398762010019141,0,0.1,1,0.64564717
RW17,16,0.6204725968210568,0,0.1,1,0.62867534
RW17,17,0.6239733900924819,0,0.1,1,0.6269975
RW17,18,0.5987008167774444,0,0.1,1,0.61029625
RW17,19,0.5772080177645994,0,0.1,1,0.5950803
RW17,20,0.566682764841642,0,0.1,1,0.5789156
RW17,21,0.5622090221375536,0,0.1,1,0.5628365
RW17,22,0.5447943351336495,0,0.1,1,0.54672647
RW17,23,0.5353719031237376,0,0.1,1,0.52988774
RW17,24,0.5321386201162224,0,0.1,1,0.51358944
RW17,25,0.5256696552882916,0,0.1,1,0.49745357
RW17,26,0.5216566461738521,0,0.1,1,0.4809667
RW17,27,0.5142014944571648,0,0.1,1,0.46540433
RW21,0,1.0,0,0.1,1,1.0012039
RW21,1,0.9740724898567775,0,0.1,1,0.9607656
RW21,2,0.9527184796006276,0,0.1,1,0.92787564
RW21,3,0.9282169542090231,0,0.1,1,0.8976331
RW21,4,0.8955478419839256,0,0.1,1,0.86662203
RW21,5,0.8573416928236135,0,0.1,1,0.8370041
RW21,6,0.8262560190318581,0,0.1,1,0.8080739
RW21,7,0.8028064819028633,0,0.1,1,0.7804236
RW21,8,0.7893600413911868,0,0.1,1,0.75339127
RW21,9,0.775128424104771,0,0.1,1,0.7255554
RW21,10,0.7694576973245436,0,0.1,1,0.7008306
RW25,0,1.0,0,0.1,1,1.0012012
RW25,1,0.968918095597688,0,0.1,1,0.994633
RW25,2,0.9414534545922638,0,0.1,1,0.9755022
RW25,3,0.9123147456691004,0,0.1,1,0.9595374
RW25,4,0.888189503733068,0,0.1,1,0.94138265
RW25,5,0.8696823709546798,0,0.1,1,0.92418474
RW25,6,0.8537549502050074,0,0.1,1,0.9048974
RW25,7,0.8375259921719959,0,0.1,1,0.8873304
RW25,8,0.8193673257776384,0,0.1,1,0.8698947
RW25,9,0.8135065611667396,0,0.1,1,0.8522063
RW25,10,0.803434694880542,0,0.1,1,0.8342937
RW25,11,0.7943807611523241,0,0.1,1,0.81673473
RW25,12,0.7853815339720616,0,0.1,1,0.79849815
RW3,0,1.0,0,0.1,1,0.9935975
RW3,1,0.9687426932522573,0,0.1,1,0.94072783
RW3,2,0.929211084462392,0,0.1,1,0.91952825
RW3,3,0.8970072599473418,0,0.1,1,0.8988254
RW3,4,0.8739883587909667,0,0.1,1,0.87674564
RW3,5,0.8483648360418079,0,0.1,1,0.8595047
RW3,6,0.834035367164592,0,0.1,1,0.84233695
RW3,7,0.8165629846823869,0,0.1,1,0.8260243
RW3,8,0.7932890383246501,0,0.1,1,0.8098625
RW3,9,0.8102317992092032,0,0.1,1,0.7960511
RW3,10,0.7772348372341118,0,0.1,1,0.7758836
RW3,11,0.758047293748471,0,0.1,1,0.75634766
RW3,12,0.7406746149745171,0,0.1,1,0.73758113
RW3,13,0.7142042200057844,0,0.1,1,0.71825486
RW3,14,0.6871908455658011,0,0.1,1,0.6994897
RW3,15,0.6654079726651321,0,0.1,1,0.6803564
RW3,16,0.6625411808641404,0,0.1,1,0.66351235
RW3,17,0.6492046234819603,0,0.1,1,0.64560544
RW3,18,0.6150347872417288,0,0.1,1,0.63111496
RW3,19,0.6042370279644296,0,0.1,1,0.6135164
RW3,20,0.5462918454573739,0,0.1,1,0.59554946
RW3,21,0.5294258363488458,0,0.1,1,0.57917875
RW9,0,1.0,0,0.1,1,1.0099089
RW9,1,0.9744806801719121,0,0.1,1,0.950692
RW9,2,0.9453104679064025,0,0.1,1,0.9327698
RW9,3,0.911360857317688,0,0.1,1,0.9056295
RW9,4,0.8847866727225885,0,0.1,1,0.88372517
RW9,5,0.8406944835087043,0,0.1,1,0.86187005
RW9,6,0.8176901280788624,0,0.1,1,0.83401006
RW9,7,0.7864030549959673,0,0.1,1,0.8059031
RW9,8,0.7628733089042045,0,0.1,1,0.7867861
RW9,9,0.7266047623827654,0,0.1,1,0.76735073
RW9,10,0.6950317886415597,0,0.1,1,0.7495121
RW9,11,0.6756574638458637,0,0.1,1,0.73316216
RW9,12,0.6603653366488433,0,0.1,1,0.7186983
RW9,13,0.6964212062092479,0,0.1,1,0.706557
RW9,14,0.6472003063742006,0,0.1,1,0.69292116
RW9,15,0.6351750298406914,0,0.1,1,0.6796328
RW9,16,0.6165428117187594,0,0.1,1,0.66584986
RW9,17,0.5964223557750638,0,0.1,1,0.65441585
RW9,18,0.59783807785969,0,0.1,1,0.6437143
RW9,19,0.5791340224765132,0,0.1,1,0.6325784
RW9,20,0.572651808445847,0,0.1,1,0.6222749
RW9,21,0.5654329871052775,0,0.1,1,0.61100864
RW9,22,0.5530896777273546,0,0.1,1,0.60118526
RW9,23,0.542052740223641,0,0.1,1,0.5912102
RW9,24,0.534245247108605,0,0.1,1,0.5825021
RW9,25,0.5310967487165805,0,0.1,1,0.57388496
RW9,26,0.5130674490339593,0,0.1,1,0.5646999
RW9,27,0.5178543420622359,0,0.1,1,0.55423886
RW9,28,0.5073736155103112,0,0.1,1,0.5442685
RW9,29,0.5062313423318389,0,0.1,1,0.5336384
RW9,30,0.4936209036779812,0,0.1,1,0.5225258
RW9,31,0.4789604612310552,0,0.1,1,0.51235926
RW9,32,0.5040541243406096,0,0.1,1,0.5052437
RW9,33,0.4707276486475776,0,0.1,1,0.49338126
RW9,34,0.45110138474628303,0,0.1,1,0.48201174
RW9,35,0.4162269401905226,0,0.1,1,0.47174144
RW9,36,0.39630758405323846,0,0.1,1,0.46282667
RW9,37,0.37288217447495453,0,0.1,1,0.45465583
RW9,38,0.3621987887485223,0,0.1,1,0.4464962
RW9,39,0.3575388160665002,0,0.1,1,0.43850642
RW1,0,1.0,0,0.1,2,0.990505
RW1,1,0.9802670752876338,0,0.1,2,0.9953376
RW1,2,0.9565216183750929,0,0.1,2,0.9696522
RW1,3,0.9339790204206347,0,0.1,2,0.9365206
RW1,4,0.9146940376750224,0,0.1,2,0.90429574
RW1,5,0.8911839245665371,0,0.1,2,0.8724493
RW1,6,0.8763421303143164,0,0.1,2,0.84652734
RW1,7,0.8561581297172293,0,0.1,2,0.8246216
RW1,8,0.8433079203727134,0,0.1,2,0.802228
RW1,9,0.8224842210510717,0,0.1,2,0.78136504
RW1,10,0.8103568229633243,0,0.1,2,0.76386094
RW1,11,0.7998003763340421,0,0.1,2,0.7504072
RW1,12,0.8088487095632187,0,0.1,2,0.74037313
RW1,13,0.7843175647994992,0,0.1,2,0.72961134
RW1,14,0.7703735760756814,0,0.1,2,0.72041833
RW1,15,0.7535480936807142,0,0.1,2,0.7110219
RW1,16,0.7275046205067329,0,0.1,2,0.7024352
RW1,17,0.7193999486186523,0,0.1,2,0.6934464
RW1,18,0.692610556793688,0,0.1,2,0.6843228
RW1,19,0.6793568250462967,0,0.1,2,0.67060727
RW1,20,0.6705532526507081,0,0.1,2,0.65541345
RW1,21,0.6981110202679772,0,0.1,2,0.6320576
RW1,22,0.6247003756395969,0,0.1,2,0.6102179
RW1,23,0.5832750085056947,0,0.1,2,0.5889824
RW13,0,1.0,0,0.1,2,1.000481
RW13,1,0.965406142462438,0,0.1,2,0.9373414
RW13,2,0.9390282053526243,0,0.1,2,0.8943919
RW13,3,0.8973664410850068,0,0.1,2,0.84634733
RW13,4,0.8559853917191745,0,0.1,2,0.8108038
RW13,5,0.8236615111297403,0,0.1,2,0.7781081
RW13,6,0.7989888416994142,0,0.1,2,0.7485827
RW13,7,0.7751912982027924,0,0.1,2,0.7214468
RW13,8,0.7640716479571148,0,0.1,2,0.69739693
RW13,9,0.7489144784756683,0,0.1,2,0.6742678
RW13,10,0.7267880380307747,0,0.1,2,0.65417004
RW13,11,0.7055711236531398,0,0.1,2,0.6353703
RW13,12,0.681354367058826,0,0.1,2,0.6173254
RW13,13,0.632238066246379,0,0.1,2,0.59954435
RW13,14,0.6484083666650617,0,0.1,2,0.5795805
RW13,15,0.6525398272110188,0,0.1,2,0.57521987
RW13,16,0.6005328739937468,0,0.1,2,0.5553265
RW13,17,0.6018706654475305,0,0.1,2,0.53280705
RW13,18,0.5923899890205315,0,0.1,2,0.51173717
RW13,19,0.5612641015154616,0,0.1,2,0.49084795
RW13,20,0.5456961123316568,0,0.1,2,0.46914697
RW13,21,0.5329610199130828,0,0.1,2,0.4488988
RW13,22,0.513416008393162,0,0.1,2,0.42831707
RW17,0,1.0,0,0.1,2,1.0007687
RW17,1,1.0026357949563962,0,0.1,2,0.8915101
RW17,2,0.9394918329295381,0,0.1,2,1.0173974
RW17,3,0.9184088724104814,0,0.1,2,0.9370723
RW17,4,0.8911584681985729,0,0.1,2,0.891358
RW17,5,0.8589631609072765,0,0.1,2,0.84660643
RW17,6,0.8291575425450128,0,0.1,2,0.8078659
RW17,7,0.7987386988534076,0,0.1,2,0.77684534
RW17,8,0.7751485975307869,0,0.1,2,0.75208664
RW17,9,0.756656843774444,0,0.1,2,0.72951174
RW17,10,0.7426667041719264,0,0.1,2,0.70721203
RW17,11,0.7130644081290144,0,0.1,2,0.6876683
RW17,12,0.6970482137460301,0,0.1,2,0.67209435
RW17,13,0.6802011348844728,0,0.1,2,0.6569169
RW17,14,0.6582592678998883,0,0.1,2,0.6428719
RW17,15,0.6398762010019141,0,0.1,2,0.6295852
RW17,16,0.6204725968210568,0,0.1,2,0.616042
RW17,17,0.6239733900924819,0,0.1,2,0.61516136
RW17,18,0.5987008167774444,0,0.1,2,0.60258746
RW17,19,0.5772080177645994,0,0.1,2,0.5919622
RW17,20,0.566682764841642,0,0.1,2,0.5809723
RW17,21,0.5622090221375536,0,0.1,2,0.5702198
RW17,22,0.5447943351336495,0,0.1,2,0.55989456
RW17,23,0.5353719031237376,0,0.1,2,0.54940695
RW17,24,0.5321386201162224,0,0.1,2,0.53928185
RW17,25,0.5256696552882916,0,0.1,2,0.52933466
RW17,26,0.5216566461738521,0,0.1,2,0.5192528
RW17,27,0.5142014944571648,0,0.1,2,0.50994503
RW21,0,1.0,0,0.1,2,1.002262
RW21,1,0.9740724898567775,0,0.1,2,0.99093175
RW21,2,0.9527184796006276,0,0.1,2,0.94585514
RW21,3,0.9282169542090231,0,0.1,2,0.9098782
RW21,4,0.8955478419839256,0,0.1,2,0.88190305
RW21,5,0.8573416928236135,0,0.1,2,0.859074
RW21,6,0.8262560190318581,0,0.1,2,0.83908933
RW21,7,0.8028064819028633,0,0.1,2,0.8186157
RW21,8,0.7893600413911868,0,0.1,2,0.7962715
RW21,9,0.775128424104771,0,0.1,2,0.7705561
RW21,10,0.7694576973245436,0,0.1,2,0.74322224
RW25,0,1.0,0,0.1,2,0.99997854
RW25,1,0.968918095597688,0,0.1,2,1.0095545
RW25,2,0.9414534545922638,0,0.1,2,0.9687691
RW25,3,0.9123147456691004,0,0.1,2,0.93352705
RW25,4,0.888189503733068,0,0.1,2,0.9004752
RW25,5,0.8696823709546798,0,0.1,2,0.87079585
RW25,6,0.8537549502050074,0,0.1,2,0.8425952
RW25,7,0.8375259921719959,0,0.1,2,0.81525916
RW25,8,0.8193673257776384,0,0.1,2,0.7879627
RW25,9,0.8135065611667396,0,0.1,2,0.75975573
RW25,10,0.803434694880542,0,0.1,2,0.73060626
RW25,11,0.7943807611523241,0,0.1,2,0.6999396
RW25,12,0.7853815339720616,0,0.1,2,0.66757625
RW3,0,1.0,0,0.1,2,0.9963342
RW3,1,0.9687426932522573,0,0.1,2,0.96054906
RW3,2,0.929211084462392,0,0.1,2,0.9333414
RW3,3,0.8970072599473418,0,0.1,2,0.90411127
RW3,4,0.8739883587909667,0,0.1,2,0.8707893
RW3,5,0.8483648360418079,0,0.1,2,0.844406
RW3,6,0.834035367164592,0,0.1,2,0.818439
RW3,7,0.8165629846823869,0,0.1,2,0.7953168
RW3,8,0.7932890383246501,0,0.1,2,0.77431166
RW3,9,0.8102317992092032,0,0.1,2,0.7601328
RW3,10,0.7772348372341118,0,0.1,2,0.74033415
RW3,11,0.758047293748471,0,0.1,2,0.72396165
RW3,12,0.7406746149745171,0,0.1,2,0.710484
RW3,13,0.7142042200057844,0,0.1,2,0.6980335
RW3,14,0.6871908455658011,0,0.1,2,0.68653923
RW3,15,0.6654079726651321,0,0.1,2,0.67429745
RW3,16,0.6625411808641404,0,0.1,2,0.662814
RW3,17,0.6492046234819603,0,0.1,2,0.6493577
RW3,18,0.6150347872417288,0,0.1,2,0.6374779
RW3,19,0.6042370279644296,0,0.1,2,0.6213505
RW3,20,0.5462918454573739,0,0.1,2,0.60302675
RW3,21,0.5294258363488458,0,0.1,2,0.58524513
RW9,0,1.0,0,0.1,2,1.0039066
RW9,1,0.9744806801719121,0,0.1,2,1.0220907
RW9,2,0.9453104679064025,0,0.1,2,0.9761431
RW9,3,0.911360857317688,0,0.1,2,0.9261557
RW9,4,0.8847866727225885,0,0.1,2,0.8839134
RW9,5,0.8406944835087043,0,0.1,2,0.8455934
RW9,6,0.8176901280788624,0,0.1,2,0.818166
RW9,7,0.7864030549959673,0,0.1,2,0.7923534
RW9,8,0.7628733089042045,0,0.1,2,0.77985954
RW9,9,0.7266047623827654,0,0.1,2,0.7687792
RW9,10,0.6950317886415597,0,0.1,2,0.76054126
RW9,11,0.6756574638458637,0,0.1,2,0.7547906
RW9,12,0.6603653366488433,0,0.1,2,0.75014204
RW9,13,0.6964212062092479,0,0.1,2,0.7464236
RW9,14,0.6472003063742006,0,0.1,2,0.7405991
RW9,15,0.6351750298406914,0,0.1,2,0.73189217
RW9,16,0.6165428117187594,0,0.1,2,0.7211484
RW9,17,0.5964223557750638,0,0.1,2,0.71044695
RW9,18,0.59783807785969,0,0.1,2,0.69882935
RW9,19,0.5791340224765132,0,0.1,2,0.68521035
RW9,20,0.572651808445847,0,0.1,2,0.6714669
RW9,21,0.5654329871052775,0,0.1,2,0.65613806
RW9,22,0.5530896777273546,0,0.1,2,0.6417625
RW9,23,0.542052740223641,0,0.1,2,0.62690383
RW9,24,0.534245247108605,0,0.1,2,0.6133657
RW9,25,0.5310967487165805,0,0.1,2,0.60019743
RW9,26,0.5130674490339593,0,0.1,2,0.5861055
RW9,27,0.5178543420622359,0,0.1,2,0.57085264
RW9,28,0.5073736155103112,0,0.1,2,0.5559291
RW9,29,0.5062313423318389,0,0.1,2,0.5409579
RW9,30,0.4936209036779812,0,0.1,2,0.52503955
RW9,31,0.4789604612310552,0,0.1,2,0.51060486
RW9,32,0.5040541243406096,0,0.1,2,0.4999324
RW9,33,0.4707276486475776,0,0.1,2,0.48354763
RW9,34,0.45110138474628303,0,0.1,2,0.46845645
RW9,35,0.4162269401905226,0,0.1,2,0.45448887
RW9,36,0.39630758405323846,0,0.1,2,0.4428147
RW9,37,0.37288217447495453,0,0.1,2,0.43203235
RW9,38,0.3621987887485223,0,0.1,2,0.42145872
RW9,39,0.3575388160665002,0,0.1,2,0.41115212
RW1,0,1.0,0,0.1,3,0.98545283
RW1,1,0.9802670752876338,0,0.1,3,0.96415377
RW1,2,0.9565216183750929,0,0.1,3,0.95023555
RW1,3,0.9339790204206347,0,0.1,3,0.92999405
RW1,4,0.9146940376750224,0,0.1,3,0.9086514
RW1,5,0.8911839245665371,0,0.1,3,0.8885603
RW1,6,0.8763421303143164,0,0.1,3,0.86599624
RW1,7,0.8561581297172293,0,0.1,3,0.84801704
RW1,8,0.8433079203727134,0,0.1,3,0.82944095
RW1,9,0.8224842210510717,0,0.1,3,0.8109114
RW1,10,0.8103568229633243,0,0.1,3,0.7932124
RW1,11,0.7998003763340421,0,0.1,3,0.7771405
RW1,12,0.8088487095632187,0,0.1,3,0.76128376
RW1,13,0.7843175647994992,0,0.1,3,0.7428514
RW1,14,0.7703735760756814,0,0.1,3,0.7255579
RW1,15,0.7535480936807142,0,0.1,3,0.70720375
RW1,16,0.7275046205067329,0,0.1,3,0.690586
RW1,17,0.7193999486186523,0,0.1,3,0.67676115
RW1,18,0.692610556793688,0,0.1,3,0.66409665
RW1,19,0.6793568250462967,0,0.1,3,0.64942956
RW1,20,0.6705532526507081,0,0.1,3,0.6355449
RW1,21,0.6981110202679772,0,0.1,3,0.6184441
RW1,22,0.6247003756395969,0,0.1,3,0.6043213
RW1,23,0.5832750085056947,0,0.1,3,0.59187126
RW13,0,1.0,0,0.1,3,1.000912
RW13,1,0.965406142462438,0,0.1,3,0.9265221
RW13,2,0.9390282053526243,0,0.1,3,0.8904632
RW13,3,0.8973664410850068,0,0.1,3,0.85683566
RW13,4,0.8559853917191745,0,0.1,3,0.8272378
RW13,5,0.8236615111297403,0,0.1,3,0.7975619
RW13,6,0.7989888416994142,0,0.1,3,0.76797116
RW13,7,0.7751912982027924,0,0.1,3,0.7383346
RW13,8,0.7640716479571148,0,0.1,3,0.71040356
RW13,9,0.7489144784756683,0,0.1,3,0.68299156
RW13,10,0.7267880380307747,0,0.1,3,0.65712845
RW13,11,0.7055711236531398,0,0.1,3,0.6335521
RW13,12,0.681354367058826,0,0.1,3,0.6121074
RW13,13,0.632238066246379,0,0.1,3,0.5926267
RW13,14,0.6484083666650617,0,0.1,3,0.5730339
RW13,15,0.6525398272110188,0,0.1,3,0.5689525
RW13,16,0.6005328739937468,0,0.1,3,0.5514163
RW13,17,0.6018706654475305,0,0.1,3,0.53356004
RW13,18,0.5923899890205315,0,0.1,3,0.5179261
RW13,19,0.5612641015154616,0,0.1,3,0.50294435
RW13,20,0.5456961123316568,0,0.1,3,0.4881338
RW13,21,0.5329610199130828,0,0.1,3,0.4745475
RW13,22,0.513416008393162,0,0.1,3,0.46106017
RW17,0,1.0,0,0.1,3,1.0015736
RW17,1,1.0026357949563962,0,0.1,3,0.91571844
RW17,2,0.9394918329295381,0,0.1,3,0.95204234
RW17,3,0.9184088724104814,0,0.1,3,0.91207105
RW17,4,0.8911584681985729,0,0.1,3,0.86723673
RW17,5,0.8589631609072765,0,0.1,3,0.8336071
RW17,6,0.8291575425450128,0,0.1,3,0.8052564
RW17,7,0.7987386988534076,0,0.1,3,0.7806949
RW17,8,0.7751485975307869,0,0.1,3,0.7608788
RW17,9,0.756656843774444,0,0.1,3,0.7417388
RW17,10,0.7426667041719264,0,0.1,3,0.7213477
RW17,11,0.7130644081290144,0,0.1,3,0.70171183
RW17,12,0.6970482137460301,0,0.1,3,0.6867061
RW17,13,0.6802011348844728,0,0.1,3,0.67156243
RW17,14,0.6582592678998883,0,0.1,3,0.65700763
RW17,15,0.6398762010019141,0,0.1,3,0.6428219
RW17,16,0.6204725968210568,0,0.1,3,0.62775123
RW17,17,0.6239733900924819,0,0.1,3,0.62641317
RW17,18,0.5987008167774444,0,0.1,3,0.6121038
RW17,19,0.5772080177645994,0,0.1,3,0.59963775
RW17,20,0.566682764841642,0,0.1,3,0.5865403
RW17,21,0.5622090221375536,0,0.1,3,0.5736001
RW17,22,0.5447943351336495,0,0.1,3,0.56082684
RW17,23,0.5353719031237376,0,0.1,3,0.54776096
RW17,24,0.5321386201162224,0,0.1,3,0.53510904
RW17,25,0.5256696552882916,0,0.1,3,0.5226147
RW17,26,0.5216566461738521,0,0.1,3,0.5100559
RW17,27,0.5142014944571648,0,0.1,3,0.49829364
RW21,0,1.0,0,0.1,3,1.0016582
RW21,1,0.9740724898567775,0,0.1,3,0.9089686
RW21,2,0.9527184796006276,0,0.1,3,0.8877143
RW21,3,0.9282169542090231,0,0.1,3,0.86784613
RW21,4,0.8955478419839256,0,0.1,3,0.84613407
RW21,5,0.8573416928236135,0,0.1,3,0.8249579
RW21,6,0.8262560190318581,0,0.1,3,0.8034186
RW21,7,0.8028064819028633,0,0.1,3,0.7825754
RW21,8,0.7893600413911868,0,0.1,3,0.7616512
RW21,9,0.775128424104771,0,0.1,3,0.73931676
RW21,10,0.7694576973245436,0,0.1,3,0.7199825
RW25,0,1.0,0,0.1,3,0.99983084
RW25,1,0.968918095597688,0,0.1,3,0.994488
RW25,2,0.9414534545922638,0,0.1,3,0.97810715
RW25,3,0.9123147456691004,0,0.1,3,0.96147007
RW25,4,0.888189503733068,0,0.1,3,0.9445902
RW25,5,0.8696823709546798,0,0.1,3,0.92632496
RW25,6,0.8537549502050074,0,0.1,3,0.9074052
RW25,7,0.8375259921719959,0,0.1,3,0.8882504
RW25,8,0.8193673257776384,0,0.1,3,0.868233
RW25,9,0.8135065611667396,0,0.1,3,0.84800756
RW25,10,0.803434694880542,0,0.1,3,0.8270339
RW25,11,0.7943807611523241,0,0.1,3,0.8053994
RW25,12,0.7853815339720616,0,0.1,3,0.7832804
RW3,0,1.0,0,0.1,3,0.99488235
RW3,1,0.9687426932522573,0,0.1,3,0.9411348
RW3,2,0.929211084462392,0,0.1,3,0.92262363
RW3,3,0.8970072599473418,0,0.1,3,0.90206957
RW3,4,0.8739883587909667,0,0.1,3,0.87849796
RW3,5,0.8483648360418079,0,0.1,3,0.8590859
RW3,6,0.834035367164592,0,0.1,3,0.83947134
RW3,7,0.8165629846823869,0,0.1,3,0.8208053
RW3,8,0.7932890383246501,0,0.1,3,0.8021647
RW3,9,0.8102317992092032,0,0.1,3,0.78670865
RW3,10,0.7772348372341118,0,0.1,3,0.7641734
RW3,11,0.758047293748471,0,0.1,3,0.7428929
RW3,12,0.7406746149745171,0,0.1,3,0.7230972
RW3,13,0.7142042200057844,0,0.1,3,0.70331514
RW3,14,0.6871908455658011,0,0.1,3,0.6849051
RW3,15,0.6654079726651321,0,0.1,3,0.6666796
RW3,16,0.6625411808641404,0,0.1,3,0.6516728
RW3,17,0.6492046234819603,0,0.1,3,0.63599515
RW3,18,0.6150347872417288,0,0.1,3,0.62396264
RW3,19,0.6042370279644296,0,0.1,3,0.6095518
RW3,20,0.5462918454573739,0,0.1,3,0.5949688
RW3,21,0.5294258363488458,0,0.1,3,0.5821213
RW9,0,1.0,0,0.1,3,1.0074823
RW9,1,0.9744806801719121,0,0.1,3,0.96705866
RW9,2,0.9453104679064025,0,0.1,3,0.94374603
RW9,3,0.911360857317688,0,0.1,3,0.9158286
RW9,4,0.8847866727225885,0,0.1,3,0.8898228
RW9,5,0.8406944835087043,0,0.1,3,0.8649911
RW9,6,0.8176901280788624,0,0.1,3,0.83331066
RW9,7,0.7864030549959673,0,0.1,3,0.8019141
RW9,8,0.7628733089042045,0,0.1,3,0.7767359
RW9,9,0.7266047623827654,0,0.1,3,0.7527407
RW9,10,0.6950317886415597,0,0.1,3,0.73131645
RW9,11,0.6756574638458637,0,0.1,3,0.711143
RW9,12,0.6603653366488433,0,0.1,3,0.6934793
RW9,13,0.6964212062092479,0,0.1,3,0.68077713
RW9,14,0.6472003063742006,0,0.1,3,0.66405916
RW9,15,0.6351750298406914,0,0.1,3,0.64926887
RW9,16,0.6165428117187594,0,0.1,3,0.6345048
RW9,17,0.5964223557750638,0,0.1,3,0.6220607
RW9,18,0.59783807785969,0,0.1,3,0.6110836
RW9,19,0.5791340224765132,0,0.1,3,0.6002609
RW9,20,0.572651808445847,0,0.1,3,0.5908948
RW9,21,0.5654329871052775,0,0.1,3,0.5814569
RW9,22,0.5530896777273546,0,0.1,3,0.5739192
RW9,23,0.542052740223641,0,0.1,3,0.5667081
RW9,24,0.534245247108605,0,0.1,3,0.56114376
RW9,25,0.5310967487165805,0,0.1,3,0.5562947
RW9,26,0.5130674490339593,0,0.1,3,0.5514318
RW9,27,0.5178543420622359,0,0.1,3,0.5458313
RW9,28,0.5073736155103112,0,0.1,3,0.54063296
RW9,29,0.5062313423318389,0,0.1,3,0.53490317
RW9,30,0.4936209036779812,0,0.1,3,0.52911854
RW9,31,0.4789604612310552,0,0.1,3,0.52439266
RW9,32,0.5040541243406096,0,0.1,3,0.5227084
RW9,33,0.4707276486475776,0,0.1,3,0.5166389
RW9,34,0.45110138474628303,0,0.1,3,0.5114293
RW9,35,0.4162269401905226,0,0.1,3,0.5069612
RW9,36,0.39630758405323846,0,0.1,3,0.5043014
RW9,37,0.37288217447495453,0,0.1,3,0.5022428
RW9,38,0.3621987887485223,0,0.1,3,0.5004002
RW9,39,0.3575388160665002,0,0.1,3,0.49862635
RW1,0,1.0,0,0.1,4,0.9888408
RW1,1,0.9802670752876338,0,0.1,4,0.9702984
RW1,2,0.9565216183750929,0,0.1,4,0.9505203
RW1,3,0.9339790204206347,0,0.1,4,0.9277047
RW1,4,0.9146940376750224,0,0.1,4,0.9031197
RW1,5,0.8911839245665371,0,0.1,4,0.8796416
RW1,6,0.8763421303143164,0,0.1,4,0.855787
RW1,7,0.8561581297172293,0,0.1,4,0.8357042
RW1,8,0.8433079203727134,0,0.1,4,0.81716216
RW1,9,0.8224842210510717,0,0.1,4,0.79903454
RW1,10,0.8103568229633243,0,0.1,4,0.78264856
RW1,11,0.7998003763340421,0,0.1,4,0.76792055
RW1,12,0.8088487095632187,0,0.1,4,0.75350106
RW1,13,0.7843175647994992,0,0.1,4,0.7366899
RW1,14,0.7703735760756814,0,0.1,4,0.7211117
RW1,15,0.7535480936807142,0,0.1,4,0.704642
RW1,16,0.7275046205067329,0,0.1,4,0.6887835
RW1,17,0.7193999486186523,0,0.1,4,0.6740877
RW1,18,0.692610556793688,0,0.1,4,0.65968823
RW1,19,0.6793568250462967,0,0.1,4,0.64216125
RW1,20,0.6705532526507081,0,0.1,4,0.6236963
RW1,21,0.6981110202679772,0,0.1,4,0.60159147
RW1,22,0.6247003756395969,0,0.1,4,0.5798858
RW1,23,0.5832750085056947,0,0.1,4,0.56060886
RW13,0,1.0,0,0.1,4,0.99980557
RW13,1,0.965406142462438,0,0.1,4,0.93555546
RW13,2,0.9390282053526243,0,0.1,4,0.89245206
RW13,3,0.8973664410850068,0,0.1,4,0.85534215
RW13,4,0.8559853917191745,0,0.1,4,0.82576084
RW13,5,0.8236615111297403,0,0.1,4,0.79896957
RW13,6,0.7989888416994142,0,0.1,4,0.7738131
RW13,7,0.7751912982027924,0,0.1,4,0.7499428
RW13,8,0.7640716479571148,0,0.1,4,0.72772026
RW13,9,0.7489144784756683,0,0.1,4,0.7045702
RW13,10,0.7267880380307747,0,0.1,4,0.6815017
RW13,11,0.7055711236531398,0,0.1,4,0.6588908
RW13,12,0.681354367058826,0,0.1,4,0.6363753
RW13,13,0.632238066246379,0,0.1,4,0.61444896
RW13,14,0.6484083666650617,0,0.1,4,0.59077674
RW13,15,0.6525398272110188,0,0.1,4,0.58567274
RW13,16,0.6005328739937468,0,0.1,4,0.5624864
RW13,17,0.6018706654475305,0,0.1,4,0.5379892
RW13,18,0.5923899890205315,0,0.1,4,0.51529723
RW13,19,0.5612641015154616,0,0.1,4,0.4930868
RW13,20,0.5456961123316568,0,0.1,4,0.47006834
RW13,21,0.5329610199130828,0,0.1,4,0.4485374
RW13,22,0.513416008393162,0,0.1,4,0.42669058
RW17,0,1.0,0,0.1,4,1.000565
RW17,1,1.0026357949563962,0,0.1,4,0.9403324
RW17,2,0.9394918329295381,0,0.1,4,0.923007
RW17,3,0.9184088724104814,0,0.1,4,0.8934446
RW17,4,0.8911584681985729,0,0.1,4,0.86496484
RW17,5,0.8589631609072765,0,0.1,4,0.83678806
RW17,6,0.8291575425450128,0,0.1,4,0.80931664
RW17,7,0.7987386988534076,0,0.1,4,0.7832135
RW17,8,0.7751485975307869,0,0.1,4,0.76006943
RW17,9,0.756656843774444,0,0.1,4,0.7371471
RW17,10,0.7426667041719264,0,0.1,4,0.71464753
RW17,11,0.7130644081290144,0,0.1,4,0.6936569
RW17,12,0.6970482137460301,0,0.1,4,0.67658705
RW17,13,0.6802011348844728,0,0.1,4,0.6603361
RW17,14,0.6582592678998883,0,0.1,4,0.6453061
RW17,15,0.6398762010019141,0,0.1,4,0.63113344
RW17,16,0.6204725968210568,0,0.1,4,0.61669517
RW17,17,0.6239733900924819,0,0.1,4,0.61501575
RW17,18,0.5987008167774444,0,0.1,4,0.6016836
RW17,19,0.5772080177645994,0,0.1,4,0.5900465
RW17,20,0.566682764841642,0,0.1,4,0.578226
RW17,21,0.5622090221375536,0,0.1,4,0.56692153
RW17,22,0.5447943351336495,0,0.1,4,0.5558176
RW17,23,0.5353719031237376,0,0.1,4,0.5443473
RW17,24,0.5321386201162224,0,0.1,4,0.53350925
RW17,25,0.5256696552882916,0,0.1,4,0.5229308
RW17,26,0.5216566461738521,0,0.1,4,0.51196533
RW17,27,0.5142014944571648,0,0.1,4,0.501806
RW21,0,1.0,0,0.1,4,0.9984782
RW21,1,0.9740724898567775,0,0.1,4,0.9649832
RW21,2,0.9527184796006276,0,0.1,4,0.94598997
RW21,3,0.9282169542090231,0,0.1,4,0.92272997
RW21,4,0.8955478419839256,0,0.1,4,0.89688027
RW21,5,0.8573416928236135,0,0.1,4,0.8674352
RW21,6,0.8262560190318581,0,0.1,4,0.83615816
RW21,7,0.8028064819028633,0,0.1,4,0.80308175
RW21,8,0.7893600413911868,0,0.1,4,0.768819
RW21,9,0.775128424104771,0,0.1,4,0.7327354
RW21,10,0.7694576973245436,0,0.1,4,0.6977316
RW25,0,1.0,0,0.1,4,0.99912363
RW25,1,0.968918095597688,0,0.1,4,0.9692841
RW25,2,0.9414534545922638,0,0.1,4,0.9532097
RW25,3,0.9123147456691004,0,0.1,4,0.9390961
RW25,4,0.888189503733068,0,0.1,4,0.9246849
RW25,5,0.8696823709546798,0,0.1,4,0.90942293
RW25,6,0.8537549502050074,0,0.1,4,0.894076
RW25,7,0.8375259921719959,0,0.1,4,0.87811625
RW25,8,0.8193673257776384,0,0.1,4,0.8609854
RW25,9,0.8135065611667396,0,0.1,4,0.8427154
RW25,10,0.803434694880542,0,0.1,4,0.8232666
RW25,11,0.7943807611523241,0,0.1,4,0.80183715
RW25,12,0.7853815339720616,0,0.1,4,0.779419
RW3,0,1.0,0,0.1,4,0.9966551
RW3,1,0.9687426932522573,0,0.1,4,0.95350844
RW3,2,0.929211084462392,0,0.1,4,0.9262445
RW3,3,0.8970072599473418,0,0.1,4,0.89893305
RW3,4,0.8739883587909667,0,0.1,4,0.87272626
RW3,5,0.8483648360418079,0,0.1,4,0.85048413
RW3,6,0.834035367164592,0,0.1,4,0.8295959
RW3,7,0.8165629846823869,0,0.1,4,0.81008446
RW3,8,0.7932890383246501,0,0.1,4,0.79157966
RW3,9,0.8102317992092032,0,0.1,4,0.77701974
RW3,10,0.7772348372341118,0,0.1,4,0.7565433
RW3,11,0.758047293748471,0,0.1,4,0.7377545
RW3,12,0.7406746149745171,0,0.1,4,0.72018224
RW3,13,0.7142042200057844,0,0.1,4,0.7025547
RW3,14,0.6871908455658011,0,0.1,4,0.6852372
RW3,15,0.6654079726651321,0,0.1,4,0.6672953
RW3,16,0.6625411808641404,0,0.1,4,0.65049493
RW3,17,0.6492046234819603,0,0.1,4,0.6320919
RW3,18,0.6150347872417288,0,0.1,4,0.6164083
RW3,19,0.6042370279644296,0,0.1,4,0.59690845
RW3,20,0.5462918454573739,0,0.1,4,0.5765165
RW3,21,0.5294258363488458,0,0.1,4,0.55756414
RW9,0,1.0,0,0.1,4,1.0064665
RW9,1,0.9744806801719121,0,0.1,4,0.9758079
RW9,2,0.9453104679064025,0,0.1,4,0.9478912
RW9,3,0.911360857317688,0,0.1,4,0.9180342
RW9,4,0.8847866727225885,0,0.1,4,0.8893695
RW9,5,0.8406944835087043,0,0.1,4,0.86197007
RW9,6,0.8176901280788624,0,0.1,4,0.8332584
RW9,7,0.7864030549959673,0,0.1,4,0.8059318
RW9,8,0.7628733089042045,0,0.1,4,0.7848617
RW9,9,0.7266047623827654,0,0.1,4,0.76507354
RW9,10,0.6950317886415597,0,0.1,4,0.7475852
RW9,11,0.6756574638458637,0,0.1,4,0.73120683
RW9,12,0.6603653366488433,0,0.1,4,0.71725714
RW9,13,0.6964212062092479,0,0.1,4,0.70645976
RW9,14,0.6472003063742006,0,0.1,4,0.69403887
RW9,15,0.6351750298406914,0,0.1,4,0.68278235
RW9,16,0.6165428117187594,0,0.1,4,0.6713712
RW9,17,0.5964223557750638,0,0.1,4,0.661209
RW9,18,0.59783807785969,0,0.1,4,0.6517558
RW9,19,0.5791340224765132,0,0.1,4,0.64198804
RW9,20,0.572651808445847,0,0.1,4,0.6325828
RW9,21,0.5654329871052775,0,0.1,4,0.6231163
RW9,22,0.5530896777273546,0,0.1,4,0.6140951
RW9,23,0.542052740223641,0,0.1,4,0.6049293
RW9,24,0.534245247108605,0,0.1,4,0.5963527
RW9,25,0.5310967487165805,0,0.1,4,0.58809483
RW9,26,0.5130674490339593,0,0.1,4,0.5792217
RW9,27,0.5178543420622359,0,0.1,4,0.56979877
RW9,28,0.5073736155103112,0,0.1,4,0.56054837
RW9,29,0.5062313423318389,0,0.1,4,0.55149555
RW9,30,0.4936209036779812,0,0.1,4,0.541677
RW9,31,0.4789604612310552,0,0.1,4,0.53240466
RW9,32,0.5040541243406096,0,0.1,4,0.52587676
RW9,33,0.4707276486475776,0,0.1,4,0.51542664
RW9,34,0.45110138474628303,0,0.1,4,0.5053424
RW9,35,0.4162269401905226,0,0.1,4,0.49578977
RW9,36,0.39630758405323846,0,0.1,4,0.48710012
RW9,37,0.37288217447495453,0,0.1,4,0.47888476
RW9,38,0.3621987887485223,0,0.1,4,0.47068632
RW9,39,0.3575388160665002,0,0.1,4,0.46267283
RW10,0,1.0,1,1.0,0,1.0086212
RW10,1,0.9784479629888402,1,1.0,0,0.98024064
RW10,2,0.9453971298202616,1,1.0,0,0.9466117
RW10,3,0.9117019022865598,1,1.0,0,0.9141044
RW10,4,0.8914739157881061,1,1.0,0,0.8811148
RW10,5,0.8372321175180194,1,1.0,0,0.8350005
RW10,6,0.8164482337318268,1,1.0,0,0.7989316
RW10,7,0.789437652957632,1,1.0,0,0.766941
RW10,8,0.7647575279451165,1,1.0,0,0.7362231
RW10,9,0.7300635744525175,1,1.0,0,0.71136045
RW10,10,0.7075228861352875,1,1.0,0,0.68690693
RW10,11,0.6871342988910181,1,1.0,0,0.66470623
RW10,12,0.6697217219754731,1,1.0,0,0.64534914
RW10,13,0.7116492649368324,1,1.0,0,0.66885066
RW10,14,0.66327010566779,1,1.0,0,0.6533346
RW10,15,0.647631852731416,1,1.0,0,0.63868105
RW10,16,0.6309658064312244,1,1.0,0,0.6252489
RW10,17,0.6208612914817577,1,1.0,0,0.61182016
RW10,18,0.6112498733264151,1,1.0,0,0.6000156
RW10,19,0.6095624344801577,1,1.0,0,0.5889969
RW10,20,0.6033896649944029,1,1.0,0,0.57913
RW10,21,0.5971527839004813,1,1.0,0,0.56850445
RW10,22,0.5886394830051586,1,1.0,0,0.55762064
RW10,23,0.581456358011487,1,1.0,0,0.54645324
RW10,24,0.5695013029658712,1,1.0,0,0.5351074
RW10,25,0.5557961266569272,1,1.0,0,0.5244106
RW10,26,0.5474051567570081,1,1.0,0,0.5128951
RW10,27,0.55125687415375,1,1.0,0,0.49998224
RW10,28,0.5453048889853013,1,1.0,0,0.48567504
RW10,29,0.5460438670105365,1,1.0,0,0.4703657
RW10,30,0.5345542267638814,1,1.0,0,0.45493233
RW10,31,0.5489933336557506,1,1.0,0,0.45566213
RW10,32,0.522382773482141,1,1.0,0,0.4391064
RW10,33,0.5016148874153187,1,1.0,0,0.423733
RW10,34,0.45709804855548364,1,1.0,0,0.40965486
RW10,35,0.44563736559742767,1,1.0,0,0.39670634
RW10,36,0.4211045686596346,1,1.0,0,0.384587
RW10,37,0.4077546171475978,1,1.0,0,0.3740726
RW10,38,0.4021701914678571,1,1.0,0,0.3622613
RW14,0,1.0,1,1.0,0,0.9945631
RW14,1,0.9644332069664016,1,1.0,0,0.9548463
RW14,2,0.9213533384370284,1,1.0,0,0.909794
RW14,3,0.8707123594457894,1,1.0,0,0.87005377
RW14,4,0.8348278945661182,1,1.0,0,0.83318305
RW14,5,0.8004024718366409,1,1.0,0,0.7980864
RW14,6,0.7430047115117226,1,1.0,0,0.76789457
RW14,7,0.709476468046898,1,1.0,0,0.7403914
RW14,8,0.6823027697859351,1,1.0,0,0.71229136
RW14,9,0.6585988334150349,1,1.0,0,0.6857345
RW14,10,0.6253776891267986,1,1.0,0,0.658228
RW14,11,0.5924706416874056,1,1.0,0,0.63394105
RW14,12,0.57601843109804,1,1.0,0,0.6112141
RW14,13,0.5535409217390064,1,1.0,0,0.5911832
RW14,14,0.5387222453480347,1,1.0,0,0.57219464
RW14,15,0.552867285851326,1,1.0,0,0.56941974
RW14,16,0.5036045429058008,1,1.0,0,0.55250335
RW14,17,0.47883058910976284,1,1.0,0,0.53854156
RW14,18,0.4728937060347926,1,1.0,0,0.52523637
RW14,19,0.45854169582917254,1,1.0,0,0.5130714
RW14,20,0.4518166502306318,1,1.0,0,0.5018499
RW14,21,0.432531360836441,1,1.0,0,0.49191773
RW14,22,0.4200841979206751,1,1.0,0,0.48280102
RW14,23,0.4157935443883638,1,1.0,0,0.47411156
RW18,0,1.0,1,1.0,0,1.0006737
RW18,1,0.9977330149235677,1,1.0,0,0.997701
RW18,2,0.9213655815556884,1,1.0,0,0.9308854
RW18,3,0.8925716791703614,1,1.0,0,0.89460063
RW18,4,0.8718443394852413,1,1.0,0,0.87331146
RW18,5,0.8419174377110581,1,1.0,0,0.8461316
RW18,6,0.813365853114081,1,1.0,0,0.81922853
RW18,7,0.7961193757129356,1,1.0,0,0.79430544
RW18,8,0.7800851421665592,1,1.0,0,0.77006984
RW18,9,0.75369280553753,1,1.0,0,0.74608636
RW18,10,0.7376318600570141,1,1.0,0,0.7227751
RW18,11,0.7056274349360556,1,1.0,0,0.6991725
RW18,12,0.6816641704071746,1,1.0,0,0.67618895
RW18,13,0.6705293405758124,1,1.0,0,0.655194
RW18,14,0.65689339822108,1,1.0,0,0.63587904
RW18,15,0.6375308971062369,1,1.0,0,0.61753213
RW18,16,0.6343281547363112,1,1.0,0,0.60964966
RW18,17,0.609856009753373,1,1.0,0,0.59302235
RW18,18,0.5902016486507977,1,1.0,0,0.5796268
RW18,19,0.5830172536826165,1,1.0,0,0.5663589
RW18,20,0.5810826408538371,1,1.0,0,0.553846
RW18,21,0.5687453908621404,1,1.0,0,0.5417037
RW18,22,0.5542246611230017,1,1.0,0,0.52989054
RW18,23,0.5442080853160498,1,1.0,0,0.51905143
RW18,24,0.5344692122433156,1,1.0,0,0.5089042
RW18,25,0.518855432805061,1,1.0,0,0.50022197
RW18,26,0.5265886448180515,1,1.0,0,0.49151224
RW2,0,1.0,1,1.0,0,1.0072198
RW2,1,0.964138506194284,1,1.0,0,0.9714556
RW2,2,0.9249040871235984,1,1.0,0,0.95184547
RW2,3,0.8830402696076977,1,1.0,0,0.928314
RW2,4,0.8564110608744848,1,1.0,0,0.92288214
RW2,5,0.833163794491935,1,1.0,0,0.90803134
RW2,6,0.8231850244197494,1,1.0,0,0.89094174
RW2,7,0.8057852033709737,1,1.0,0,0.8741555
RW2,8,0.7938715366638514,1,1.0,0,0.8627753
RW2,9,0.7860956497952659,1,1.0,0,0.84652007
RW2,10,0.766804449532973,1,1.0,0,0.83673424
RW2,11,0.750728888947808,1,1.0,0,0.8256773
RW2,12,0.7623324166830754,1,1.0,0,0.81633
RW2,13,0.7296788762480323,1,1.0,0,0.8020867
RW2,14,0.7184708582425151,1,1.0,0,0.7890308
RW2,15,0.7036508460351927,1,1.0,0,0.7785699
RW2,16,0.6757157785547322,1,1.0,0,0.76178485
RW2,17,0.6541025835422499,1,1.0,0,0.7482613
RW2,18,0.6504949003103174,1,1.0,0,0.7335731
RW2,19,0.652906214483479,1,1.0,0,0.7166816
RW2,20,0.6626729647795675,1,1.0,0,0.70048285
RW2,21,0.6576724393157618,1,1.0,0,0.6790769
RW2,22,0.6308359860989354,1,1.0,0,0.64264894
RW2,23,0.5883539180772349,1,1.0,0,0.6251447
RW2,24,0.5714726928240693,1,1.0,0,0.60817003
RW22,0,1.0,1,1.0,0,1.0035315
RW22,1,0.9739365032865775,1,1.0,0,0.98833394
RW22,2,0.9553948808841696,1,1.0,0,0.9437828
RW22,3,0.9149809498639752,1,1.0,0,0.9059162
RW22,4,0.8618174981582503,1,1.0,0,0.8731845
RW22,5,0.8104095048251577,1,1.0,0,0.84768295
RW22,6,0.765116336467881,1,1.0,0,0.8268038
RW22,7,0.7463736626802354,1,1.0,0,0.80783105
RW22,8,0.6843131991933246,1,1.0,0,0.7901781
RW22,9,0.6666096162214906,1,1.0,0,0.7752335
RW26,0,1.0,1,1.0,0,0.9955632
RW26,1,0.9695503888019508,1,1.0,0,0.9739873
RW26,2,0.9530525699746794,1,1.0,0,0.94903344
RW26,3,0.9382100312250065,1,1.0,0,0.927614
RW26,4,0.9249710248364101,1,1.0,0,0.9093817
RW26,5,0.9129597330190223,1,1.0,0,0.8937067
RW26,6,0.9039473720808919,1,1.0,0,0.87920403
RW26,7,0.8938493013611533,1,1.0,0,0.8655223
RW26,8,0.8838201049114417,1,1.0,0,0.852787
RW26,9,0.8776749057612828,1,1.0,0,0.8410831
RW26,10,0.8664005053062743,1,1.0,0,0.8301786
RW26,11,0.8577843772790714,1,1.0,0,0.8196895
RW26,12,0.8512266479212676,1,1.0,0,0.8099154
RW26,13,0.8442312363783513,1,1.0,0,0.8007127
RW4,0,1.0,1,1.0,0,0.9954584
RW4,1,0.952908142031966,1,1.0,0,0.97221315
RW4,2,0.9169005743143264,1,1.0,0,0.94277406
RW4,3,0.8861547650375892,1,1.0,0,0.9171678
RW4,4,0.8653798883913402,1,1.0,0,0.8909203
RW4,5,0.8452071267530786,1,1.0,0,0.86925143
RW4,6,0.8228878119106672,1,1.0,0,0.84792554
RW4,7,0.8034885437099676,1,1.0,0,0.82963556
RW4,8,0.8175568100222665,1,1.0,0,0.80706435
RW4,9,0.781835479764987,1,1.0,0,0.78254926
RW4,10,0.7670246260000682,1,1.0,0,0.75904155
RW4,11,0.7443543078487312,1,1.0,0,0.7354896
RW4,12,0.7150665405639625,1,1.0,0,0.7098539
RW4,13,0.6809715885638455,1,1.0,0,0.6859484
RW4,14,0.6735233411679066,1,1.0,0,0.66098654
RW4,15,0.6479957823508535,1,1.0,0,0.63566196
RW4,16,0.6288981200103804,1,1.0,0,0.62244153
RW4,17,0.6134212256861231,1,1.0,0,0.5974355
RW4,18,0.5741659696180692,1,1.0,0,0.57669044
RW10,0,1.0,1,1.0,1,1.0084435
RW10,1,0.9784479629888402,1,1.0,1,0.9825546
RW10,2,0.9453971298202616,1,1.0,1,0.9486779
RW10,3,0.9117019022865598,1,1.0,1,0.9162357
RW10,4,0.8914739157881061,1,1.0,1,0.8832079
RW10,5,0.8372321175180194,1,1.0,1,0.84517413
RW10,6,0.8164482337318268,1,1.0,1,0.81060886
RW10,7,0.789437652957632,1,1.0,1,0.78061295
RW10,8,0.7647575279451165,1,1.0,1,0.7510246
RW10,9,0.7300635744525175,1,1.0,1,0.7267482
RW10,10,0.7075228861352875,1,1.0,1,0.7045324
RW10,11,0.6871342988910181,1,1.0,1,0.6822825
RW10,12,0.6697217219754731,1,1.0,1,0.6631065
RW10,13,0.7116492649368324,1,1.0,1,0.6755108
RW10,14,0.66327010566779,1,1.0,1,0.6590822
RW10,15,0.647631852731416,1,1.0,1,0.64410996
RW10,16,0.6309658064312244,1,1.0,1,0.63054985
RW10,17,0.6208612914817577,1,1.0,1,0.61682737
RW10,18,0.6112498733264151,1,1.0,1,0.60504794
RW10,19,0.6095624344801577,1,1.0,1,0.5939876
RW10,20,0.6033896649944029,1,1.0,1,0.58404833
RW10,21,0.5971527839004813,1,1.0,1,0.57353187
RW10,22,0.5886394830051586,1,1.0,1,0.56321245
RW10,23,0.581456358011487,1,1.0,1,0.5527111
RW10,24,0.5695013029658712,1,1.0,1,0.5423515
RW10,25,0.5557961266569272,1,1.0,1,0.532534
RW10,26,0.5474051567570081,1,1.0,1,0.52213943
RW10,27,0.55125687415375,1,1.0,1,0.5106109
RW10,28,0.5453048889853013,1,1.0,1,0.49802107
RW10,29,0.5460438670105365,1,1.0,1,0.4842823
RW10,30,0.5345542267638814,1,1.0,1,0.46986514
RW10,31,0.5489933336557506,1,1.0,1,0.46368247
RW10,32,0.522382773482141,1,1.0,1,0.447353
RW10,33,0.5016148874153187,1,1.0,1,0.4323613
RW10,34,0.45709804855548364,1,1.0,1,0.41726857
RW10,35,0.44563736559742767,1,1.0,1,0.40352112
RW10,36,0.4211045686596346,1,1.0,1,0.38985854
RW10,37,0.4077546171475978,1,1.0,1,0.3773833
RW10,38,0.4021701914678571,1,1.0,1,0.36342287
RW14,0,1.0,1,1.0,1,1.0020411
RW14,1,0.9644332069664016,1,1.0,1,0.9518544
RW14,2,0.9213533384370284,1,1.0,1,0.9065892
RW14,3,0.8707123594457894,1,1.0,1,0.86721796
RW14,4,0.8348278945661182,1,1.0,1,0.8310843
RW14,5,0.8004024718366409,1,1.0,1,0.79709333
RW14,6,0.7430047115117226,1,1.0,1,0.7681247
RW14,7,0.709476468046898,1,1.0,1,0.7418421
RW14,8,0.6823027697859351,1,1.0,1,0.7145734
RW14,9,0.6585988334150349,1,1.0,1,0.6881236
RW14,10,0.6253776891267986,1,1.0,1,0.660204
RW14,11,0.5924706416874056,1,1.0,1,0.6349057
RW14,12,0.57601843109804,1,1.0,1,0.61047244
RW14,13,0.5535409217390064,1,1.0,1,0.5888667
RW14,14,0.5387222453480347,1,1.0,1,0.5683046
RW14,15,0.552867285851326,1,1.0,1,0.5653332
RW14,16,0.5036045429058008,1,1.0,1,0.54729205
RW14,17,0.47883058910976284,1,1.0,1,0.5328777
RW14,18,0.4728937060347926,1,1.0,1,0.5193062
RW14,19,0.45854169582917254,1,1.0,1,0.50743115
RW14,20,0.4518166502306318,1,1.0,1,0.49670017
RW14,21,0.432531360836441,1,1.0,1,0.48809367
RW14,22,0.4200841979206751,1,1.0,1,0.48089063
RW14,23,0.4157935443883638,1,1.0,1,0.4744237
RW18,0,1.0,1,1.0,1,1.001883
RW18,1,0.9977330149235677,1,1.0,1,0.9983369
RW18,2,0.9213655815556884,1,1.0,1,0.94617593
RW18,3,0.8925716791703614,1,1.0,1,0.9058507
RW18,4,0.8718443394852413,1,1.0,1,0.88029325
RW18,5,0.8419174377110581,1,1.0,1,0.85242295
RW18,6,0.813365853114081,1,1.0,1,0.8255324
RW18,7,0.7961193757129356,1,1.0,1,0.801147
RW18,8,0.7800851421665592,1,1.0,1,0.7771261
RW18,9,0.75369280553753,1,1.0,1,0.75339925
RW18,10,0.7376318600570141,1,1.0,1,0.7299366
RW18,11,0.7056274349360556,1,1.0,1,0.7061482
RW18,12,0.6816641704071746,1,1.0,1,0.68299055
RW18,13,0.6705293405758124,1,1.0,1,0.66141343
RW18,14,0.65689339822108,1,1.0,1,0.6415304
RW18,15,0.6375308971062369,1,1.0,1,0.6221775
RW18,16,0.6343281547363112,1,1.0,1,0.61371255
RW18,17,0.609856009753373,1,1.0,1,0.596492
RW18,18,0.5902016486507977,1,1.0,1,0.5835395
RW18,19,0.5830172536826165,1,1.0,1,0.57064503
RW18,20,0.5810826408538371,1,1.0,1,0.5586025
RW18,21,0.5687453908621404,1,1.0,1,0.54718816
RW18,22,0.5542246611230017,1,1.0,1,0.53639996
RW18,23,0.5442080853160498,1,1.0,1,0.5269301
RW18,24,0.5344692122433156,1,1.0,1,0.5185821
RW18,25,0.518855432805061,1,1.0,1,0.51239806
RW18,26,0.5265886448180515,1,1.0,1,0.50595987
RW2,0,1.0,1,1.0,1,0.99171424
RW2,1,0.964138506194284,1,1.0,1,0.973682
RW2,2,0.9249040871235984,1,1.0,1,0.95330685
RW2,3,0.8830402696076977,1,1.0,1,0.9286547
RW2,4,0.8564110608744848,1,1.0,1,0.9203227
RW2,5,0.833163794491935,1,1.0,1,0.9044528
RW2,6,0.8231850244197494,1,1.0,1,0.887246
RW2,7,0.8057852033709737,1,1.0,1,0.87083775
RW2,8,0.7938715366638514,1,1.0,1,0.8593836
RW2,9,0.7860956497952659,1,1.0,1,0.8437979
RW2,10,0.766804449532973,1,1.0,1,0.8340976
RW2,11,0.750728888947808,1,1.0,1,0.82315975
RW2,12,0.7623324166830754,1,1.0,1,0.8143885
RW2,13,0.7296788762480323,1,1.0,1,0.8007662
RW2,14,0.7184708582425151,1,1.0,1,0.788567
RW2,15,0.7036508460351927,1,1.0,1,0.7795563
RW2,16,0.6757157785547322,1,1.0,1,0.7642037
RW2,17,0.6541025835422499,1,1.0,1,0.7523986
RW2,18,0.6504949003103174,1,1.0,1,0.7391648
RW2,19,0.652906214483479,1,1.0,1,0.72350633
RW2,20,0.6626729647795675,1,1.0,1,0.7082696
RW2,21,0.6576724393157618,1,1.0,1,0.6869087
RW2,22,0.6308359860989354,1,1.0,1,0.6499127
RW2,23,0.5883539180772349,1,1.0,1,0.6318782
RW2,24,0.5714726928240693,1,1.0,1,0.6142481
RW22,0,1.0,1,1.0,1,0.9995932
RW22,1,0.9739365032865775,1,1.0,1,0.98652595
RW22,2,0.9553948808841696,1,1.0,1,0.9465345
RW22,3,0.9149809498639752,1,1.0,1,0.9117917
RW22,4,0.8618174981582503,1,1.0,1,0.87974375
RW22,5,0.8104095048251577,1,1.0,1,0.85385036
RW22,6,0.765116336467881,1,1.0,1,0.8313579
RW22,7,0.7463736626802354,1,1.0,1,0.8102085
RW22,8,0.6843131991933246,1,1.0,1,0.79130626
RW22,9,0.6666096162214906,1,1.0,1,0.77711546
RW26,0,1.0,1,1.0,1,0.99392843
RW26,1,0.9695503888019508,1,1.0,1,0.9605594
RW26,2,0.9530525699746794,1,1.0,1,0.93802
RW26,3,0.9382100312250065,1,1.0,1,0.9186411
RW26,4,0.9249710248364101,1,1.0,1,0.90383726
RW26,5,0.9129597330190223,1,1.0,1,0.8915277
RW26,6,0.9039473720808919,1,1.0,1,0.8800201
RW26,7,0.8938493013611533,1,1.0,1,0.8695287
RW26,8,0.8838201049114417,1,1.0,1,0.8597634
RW26,9,0.8776749057612828,1,1.0,1,0.85151136
RW26,10,0.8664005053062743,1,1.0,1,0.8446497
RW26,11,0.8577843772790714,1,1.0,1,0.83882546
RW26,12,0.8512266479212676,1,1.0,1,0.8350722
RW26,13,0.8442312363783513,1,1.0,1,0.8330726
RW4,0,1.0,1,1.0,1,0.99437624
RW4,1,0.952908142031966,1,1.0,1,0.9730722
RW4,2,0.9169005743143264,1,1.0,1,0.9418017
RW4,3,0.8861547650375892,1,1.0,1,0.9153969
RW4,4,0.8653798883913402,1,1.0,1,0.88847756
RW4,5,0.8452071267530786,1,1.0,1,0.8666847
RW4,6,0.8228878119106672,1,1.0,1,0.84541833
RW4,7,0.8034885437099676,1,1.0,1,0.82758045
RW4,8,0.8175568100222665,1,1.0,1,0.80634594
RW4,9,0.781835479764987,1,1.0,1,0.783585
RW4,10,0.7670246260000682,1,1.0,1,0.7617246
RW4,11,0.7443543078487312,1,1.0,1,0.7398454
RW4,12,0.7150665405639625,1,1.0,1,0.7155551
RW4,13,0.6809715885638455,1,1.0,1,0.692029
RW4,14,0.6735233411679066,1,1.0,1,0.6662842
RW4,15,0.6479957823508535,1,1.0,1,0.6392814
RW4,16,0.6288981200103804,1,1.0,1,0.6245997
RW4,17,0.6134212256861231,1,1.0,1,0.59676623
RW4,18,0.5741659696180692,1,1.0,1,0.5735407
RW10,0,1.0,1,1.0,2,1.009305
RW10,1,0.9784479629888402,1,1.0,2,0.98267674
RW10,2,0.9453971298202616,1,1.0,2,0.9473485
RW10,3,0.9117019022865598,1,1.0,2,0.9132156
RW10,4,0.8914739157881061,1,1.0,2,0.8801549
RW10,5,0.8372321175180194,1,1.0,2,0.8356758
RW10,6,0.8164482337318268,1,1.0,2,0.8024566
RW10,7,0.789437652957632,1,1.0,2,0.77334845
RW10,8,0.7647575279451165,1,1.0,2,0.7460525
RW10,9,0.7300635744525175,1,1.0,2,0.7235596
RW10,10,0.7075228861352875,1,1.0,2,0.70152915
RW10,11,0.6871342988910181,1,1.0,2,0.6812241
RW10,12,0.6697217219754731,1,1.0,2,0.6632036
RW10,13,0.7116492649368324,1,1.0,2,0.6695543
RW10,14,0.66327010566779,1,1.0,2,0.65388834
RW10,15,0.647631852731416,1,1.0,2,0.6392133
RW10,16,0.6309658064312244,1,1.0,2,0.6253089
RW10,17,0.6208612914817577,1,1.0,2,0.61161864
RW10,18,0.6112498733264151,1,1.0,2,0.59908587
RW10,19,0.6095624344801577,1,1.0,2,0.5873433
RW10,20,0.6033896649944029,1,1.0,2,0.57665354
RW10,21,0.5971527839004813,1,1.0,2,0.5655985
RW10,22,0.5886394830051586,1,1.0,2,0.554269
RW10,23,0.581456358011487,1,1.0,2,0.5429695
RW10,24,0.5695013029658712,1,1.0,2,0.5316976
RW10,25,0.5557961266569272,1,1.0,2,0.52123135
RW10,26,0.5474051567570081,1,1.0,2,0.51018065
RW10,27,0.55125687415375,1,1.0,2,0.49820632
RW10,28,0.5453048889853013,1,1.0,2,0.48506147
RW10,29,0.5460438670105365,1,1.0,2,0.47142434
RW10,30,0.5345542267638814,1,1.0,2,0.45786363
RW10,31,0.5489933336557506,1,1.0,2,0.45644635
RW10,32,0.522382773482141,1,1.0,2,0.44230247
RW10,33,0.5016148874153187,1,1.0,2,0.4293267
RW10,34,0.45709804855548364,1,1.0,2,0.41747797
RW10,35,0.44563736559742767,1,1.0,2,0.40644288
RW10,36,0.4211045686596346,1,1.0,2,0.3961206
RW10,37,0.4077546171475978,1,1.0,2,0.38709354
RW10,38,0.4021701914678571,1,1.0,2,0.37697303
RW14,0,1.0,1,1.0,2,0.99786365
RW14,1,0.9644332069664016,1,1.0,2,0.95904875
RW14,2,0.9213533384370284,1,1.0,2,0.91095924
RW14,3,0.8707123594457894,1,1.0,2,0.86997247
RW14,4,0.8348278945661182,1,1.0,2,0.83225787
RW14,5,0.8004024718366409,1,1.0,2,0.7972685
RW14,6,0.7430047115117226,1,1.0,2,0.76861274
RW14,7,0.709476468046898,1,1.0,2,0.7433015
RW14,8,0.6823027697859351,1,1.0,2,0.7175281
RW14,9,0.6585988334150349,1,1.0,2,0.6928462
RW14,10,0.6253776891267986,1,1.0,2,0.6664468
RW14,11,0.5924706416874056,1,1.0,2,0.64240235
RW14,12,0.57601843109804,1,1.0,2,0.61878943
RW14,13,0.5535409217390064,1,1.0,2,0.5973474
RW14,14,0.5387222453480347,1,1.0,2,0.57631713
RW14,15,0.552867285851326,1,1.0,2,0.5731838
RW14,16,0.5036045429058008,1,1.0,2,0.5541826
RW14,17,0.47883058910976284,1,1.0,2,0.538956
RW14,18,0.4728937060347926,1,1.0,2,0.52461576
RW14,19,0.45854169582917254,1,1.0,2,0.5121012
RW14,20,0.4518166502306318,1,1.0,2,0.5011547
RW14,21,0.432531360836441,1,1.0,2,0.4928913
RW14,22,0.4200841979206751,1,1.0,2,0.48667544
RW14,23,0.4157935443883638,1,1.0,2,0.48175746
RW18,0,1.0,1,1.0,2,1.003118
RW18,1,0.9977330149235677,1,1.0,2,0.9993789
RW18,2,0.9213655815556884,1,1.0,2,0.93040276
RW18,3,0.8925716791703614,1,1.0,2,0.8942224
RW18,4,0.8718443394852413,1,1.0,2,0.87064755
RW18,5,0.8419174377110581,1,1.0,2,0.84203196
RW18,6,0.813365853114081,1,1.0,2,0.8150103
RW18,7,0.7961193757129356,1,1.0,2,0.7909533
RW18,8,0.7800851421665592,1,1.0,2,0.76837945
RW18,9,0.75369280553753,1,1.0,2,0.74681795
RW18,10,0.7376318600570141,1,1.0,2,0.72562784
RW18,11,0.7056274349360556,1,1.0,2,0.7041495
RW18,12,0.6816641704071746,1,1.0,2,0.682824
RW18,13,0.6705293405758124,1,1.0,2,0.6625777
RW18,14,0.65689339822108,1,1.0,2,0.6434109
RW18,15,0.6375308971062369,1,1.0,2,0.62433934
RW18,16,0.6343281547363112,1,1.0,2,0.6157862
RW18,17,0.609856009753373,1,1.0,2,0.5982894
RW18,18,0.5902016486507977,1,1.0,2,0.5852245
RW18,19,0.5830172536826165,1,1.0,2,0.5720191
RW18,20,0.5810826408538371,1,1.0,2,0.5596169
RW18,21,0.5687453908621404,1,1.0,2,0.5477819
RW18,22,0.5542246611230017,1,1.0,2,0.53655285
RW18,23,0.5442080853160498,1,1.0,2,0.5268287
RW18,24,0.5344692122433156,1,1.0,2,0.518473
RW18,25,0.518855432805061,1,1.0,2,0.5128928
RW18,26,0.5265886448180515,1,1.0,2,0.50697404
RW2,0,1.0,1,1.0,2,1.0004214
RW2,1,0.964138506194284,1,1.0,2,0.9768879
RW2,2,0.9249040871235984,1,1.0,2,0.95413274
RW2,3,0.8830402696076977,1,1.0,2,0.92808306
RW2,4,0.8564110608744848,1,1.0,2,0.9170077
RW2,5,0.833163794491935,1,1.0,2,0.8999419
RW2,6,0.8231850244197494,1,1.0,2,0.88184404
RW2,7,0.8057852033709737,1,1.0,2,0.8646757
RW2,8,0.7938715366638514,1,1.0,2,0.8520552
RW2,9,0.7860956497952659,1,1.0,2,0.8358729
RW2,10,0.766804449532973,1,1.0,2,0.82513326
RW2,11,0.750728888947808,1,1.0,2,0.8134228
RW2,12,0.7623324166830754,1,1.0,2,0.8042404
RW2,13,0.7296788762480323,1,1.0,2,0.7908532
RW2,14,0.7184708582425151,1,1.0,2,0.7792535
RW2,15,0.7036508460351927,1,1.0,2,0.77119946
RW2,16,0.6757157785547322,1,1.0,2,0.75765216
RW2,17,0.6541025835422499,1,1.0,2,0.74775946
RW2,18,0.6504949003103174,1,1.0,2,0.73654795
RW2,19,0.652906214483479,1,1.0,2,0.7229413
RW2,20,0.6626729647795675,1,1.0,2,0.7094109
RW2,21,0.6576724393157618,1,1.0,2,0.6887482
RW2,22,0.6308359860989354,1,1.0,2,0.6507442
RW2,23,0.5883539180772349,1,1.0,2,0.63089687
RW2,24,0.5714726928240693,1,1.0,2,0.61058444
RW22,0,1.0,1,1.0,2,1.001253
RW22,1,0.9739365032865775,1,1.0,2,0.9848456
RW22,2,0.9553948808841696,1,1.0,2,0.9455967
RW22,3,0.9149809498639752,1,1.0,2,0.9113819
RW22,4,0.8618174981582503,1,1.0,2,0.8805712
RW22,5,0.8104095048251577,1,1.0,2,0.85529566
RW22,6,0.765116336467881,1,1.0,2,0.83333814
RW22,7,0.7463736626802354,1,1.0,2,0.8121251
RW22,8,0.6843131991933246,1,1.0,2,0.7915069
RW22,9,0.6666096162214906,1,1.0,2,0.7730063
RW26,0,1.0,1,1.0,2,0.9945428
RW26,1,0.9695503888019508,1,1.0,2,0.95636487
RW26,2,0.9530525699746794,1,1.0,2,0.93396837
RW26,3,0.9382100312250065,1,1.0,2,0.91434664
RW26,4,0.9249710248364101,1,1.0,2,0.89795333
RW26,5,0.9129597330190223,1,1.0,2,0.8837594
RW26,6,0.9039473720808919,1,1.0,2,0.8699911
RW26,7,0.8938493013611533,1,1.0,2,0.8572352
RW26,8,0.8838201049114417,1,1.0,2,0.8452933
RW26,9,0.8776749057612828,1,1.0,2,0.83427835
RW26,10,0.8664005053062743,1,1.0,2,0.8243096
RW26,11,0.8577843772790714,1,1.0,2,0.8151139
RW26,12,0.8512266479212676,1,1.0,2,0.8074486
RW26,13,0.8442312363783513,1,1.0,2,0.80132097
RW4,0,1.0,1,1.0,2,0.99712265
RW4,1,0.952908142031966,1,1.0,2,0.97804415
RW4,2,0.9169005743143264,1,1.0,2,0.94570917
RW4,3,0.8861547650375892,1,1.0,2,0.917568
RW4,4,0.8653798883913402,1,1.0,2,0.8897483
RW4,5,0.8452071267530786,1,1.0,2,0.8670689
RW4,6,0.8228878119106672,1,1.0,2,0.8450633
RW4,7,0.8034885437099676,1,1.0,2,0.8263253
RW4,8,0.8175568100222665,1,1.0,2,0.80452824
RW4,9,0.781835479764987,1,1.0,2,0.7817511
RW4,10,0.7670246260000682,1,1.0,2,0.7605908
RW4,11,0.7443543078487312,1,1.0,2,0.73993003
RW4,12,0.7150665405639625,1,1.0,2,0.7175216
RW4,13,0.6809715885638455,1,1.0,2,0.6961137
RW4,14,0.6735233411679066,1,1.0,2,0.67224544
RW4,15,0.6479957823508535,1,1.0,2,0.6460553
RW4,16,0.6288981200103804,1,1.0,2,0.63148695
RW4,17,0.6134212256861231,1,1.0,2,0.6024557
RW4,18,0.5741659696180692,1,1.0,2,0.5772263
RW10,0,1.0,1,1.0,3,1.0087869
RW10,1,0.9784479629888402,1,1.0,3,0.9838685
RW10,2,0.9453971298202616,1,1.0,3,0.9469634
RW10,3,0.9117019022865598,1,1.0,3,0.91241443
RW10,4,0.8914739157881061,1,1.0,3,0.8785894
RW10,5,0.8372321175180194,1,1.0,3,0.833979
RW10,6,0.8164482337318268,1,1.0,3,0.80042434
RW10,7,0.789437652957632,1,1.0,3,0.77146566
RW10,8,0.7647575279451165,1,1.0,3,0.7443499
RW10,9,0.7300635744525175,1,1.0,3,0.72234035
RW10,10,0.7075228861352875,1,1.0,3,0.7008916
RW10,11,0.6871342988910181,1,1.0,3,0.68105197
RW10,12,0.6697217219754731,1,1.0,3,0.6636046
RW10,13,0.7116492649368324,1,1.0,3,0.6735101
RW10,14,0.66327010566779,1,1.0,3,0.658064
RW10,15,0.647631852731416,1,1.0,3,0.64348465
RW10,16,0.6309658064312244,1,1.0,3,0.62967217
RW10,17,0.6208612914817577,1,1.0,3,0.61582124
RW10,18,0.6112498733264151,1,1.0,3,0.60311866
RW10,19,0.6095624344801577,1,1.0,3,0.59103155
RW10,20,0.6033896649944029,1,1.0,3,0.5799258
RW10,21,0.5971527839004813,1,1.0,3,0.5682398
RW10,22,0.5886394830051586,1,1.0,3,0.55621207
RW10,23,0.581456358011487,1,1.0,3,0.54401183
RW10,24,0.5695013029658712,1,1.0,3,0.5318696
RW10,25,0.5557961266569272,1,1.0,3,0.520445
RW10,26,0.5474051567570081,1,1.0,3,0.50840306
RW10,27,0.55125687415375,1,1.0,3,0.4954381
RW10,28,0.5453048889853013,1,1.0,3,0.48135483
RW10,29,0.5460438670105365,1,1.0,3,0.46665347
RW10,30,0.5345542267638814,1,1.0,3,0.45191163
RW10,31,0.5489933336557506,1,1.0,3,0.4515484
RW10,32,0.522382773482141,1,1.0,3,0.43643427
RW10,33,0.5016148874153187,1,1.0,3,0.422435
RW10,34,0.45709804855548364,1,1.0,3,0.4096666
RW10,35,0.44563736559742767,1,1.0,3,0.39786512
RW10,36,0.4211045686596346,1,1.0,3,0.3868336
RW10,37,0.4077546171475978,1,1.0,3,0.37724984
RW10,38,0.4021701914678571,1,1.0,3,0.36654258
RW14,0,1.0,1,1.0,3,0.9985152
RW14,1,0.9644332069664016,1,1.0,3,0.9543881
RW14,2,0.9213533384370284,1,1.0,3,0.9084321
RW14,3,0.8707123594457894,1,1.0,3,0.8683046
RW14,4,0.8348278945661182,1,1.0,3,0.83188665
RW14,5,0.8004024718366409,1,1.0,3,0.79781204
RW14,6,0.7430047115117226,1,1.0,3,0.7687223
RW14,7,0.709476468046898,1,1.0,3,0.74233663
RW14,8,0.6823027697859351,1,1.0,3,0.7152109
RW14,9,0.6585988334150349,1,1.0,3,0.6892861
RW14,10,0.6253776891267986,1,1.0,3,0.6618662
RW14,11,0.5924706416874056,1,1.0,3,0.63733107
RW14,12,0.57601843109804,1,1.0,3,0.614014
RW14,13,0.5535409217390064,1,1.0,3,0.5932524
RW14,14,0.5387222453480347,1,1.0,3,0.57338035
RW14,15,0.552867285851326,1,1.0,3,0.5704545
RW14,16,0.5036045429058008,1,1.0,3,0.5527723
RW14,17,0.47883058910976284,1,1.0,3,0.538515
RW14,18,0.4728937060347926,1,1.0,3,0.5250598
RW14,19,0.45854169582917254,1,1.0,3,0.51303756
RW14,20,0.4518166502306318,1,1.0,3,0.50225043
RW14,21,0.432531360836441,1,1.0,3,0.49328113
RW14,22,0.4200841979206751,1,1.0,3,0.48557287
RW14,23,0.4157935443883638,1,1.0,3,0.4786265
RW18,0,1.0,1,1.0,3,1.0024403
RW18,1,0.9977330149235677,1,1.0,3,0.9994376
RW18,2,0.9213655815556884,1,1.0,3,0.93416965
RW18,3,0.8925716791703614,1,1.0,3,0.8995879
RW18,4,0.8718443394852413,1,1.0,3,0.8770276
RW18,5,0.8419174377110581,1,1.0,3,0.84865224
RW18,6,0.813365853114081,1,1.0,3,0.8207073
RW18,7,0.7961193757129356,1,1.0,3,0.7953424
RW18,8,0.7800851421665592,1,1.0,3,0.7706455
RW18,9,0.75369280553753,1,1.0,3,0.74630755
RW18,10,0.7376318600570141,1,1.0,3,0.7226559
RW18,11,0.7056274349360556,1,1.0,3,0.6987022
RW18,12,0.6816641704071746,1,1.0,3,0.67549884
RW18,13,0.6705293405758124,1,1.0,3,0.65415883
RW18,14,0.65689339822108,1,1.0,3,0.6346087
RW18,15,0.6375308971062369,1,1.0,3,0.6159263
RW18,16,0.6343281547363112,1,1.0,3,0.60788155
RW18,17,0.609856009753373,1,1.0,3,0.59110796
RW18,18,0.5902016486507977,1,1.0,3,0.57784975
RW18,19,0.5830172536826165,1,1.0,3,0.5648823
RW18,20,0.5810826408538371,1,1.0,3,0.5528887
RW18,21,0.5687453908621404,1,1.0,3,0.54151106
RW18,22,0.5542246611230017,1,1.0,3,0.5307709
RW18,23,0.5442080853160498,1,1.0,3,0.5212631
RW18,24,0.5344692122433156,1,1.0,3,0.5127276
RW18,25,0.518855432805061,1,1.0,3,0.5058458
RW18,26,0.5265886448180515,1,1.0,3,0.4991874
RW2,0,1.0,1,1.0,3,0.9996148
RW2,1,0.964138506194284,1,1.0,3,0.9741268
RW2,2,0.9249040871235984,1,1.0,3,0.9514394
RW2,3,0.8830402696076977,1,1.0,3,0.9264606
RW2,4,0.8564110608744848,1,1.0,3,0.91648734
RW2,5,0.833163794491935,1,1.0,3,0.90039253
RW2,6,0.8231850244197494,1,1.0,3,0.88290787
RW2,7,0.8057852033709737,1,1.0,3,0.86628777
RW2,8,0.7938715366638514,1,1.0,3,0.8542396
RW2,9,0.7860956497952659,1,1.0,3,0.83864594
RW2,10,0.766804449532973,1,1.0,3,0.82849884
RW2,11,0.750728888947808,1,1.0,3,0.8173391
RW2,12,0.7623324166830754,1,1.0,3,0.8085597
RW2,13,0.7296788762480323,1,1.0,3,0.7953114
RW2,14,0.7184708582425151,1,1.0,3,0.7835051
RW2,15,0.7036508460351927,1,1.0,3,0.7744149
RW2,16,0.6757157785547322,1,1.0,3,0.75976044
RW2,17,0.6541025835422499,1,1.0,3,0.74814624
RW2,18,0.6504949003103174,1,1.0,3,0.73529744
RW2,19,0.652906214483479,1,1.0,3,0.72007966
RW2,20,0.6626729647795675,1,1.0,3,0.70511633
RW2,21,0.6576724393157618,1,1.0,3,0.6841593
RW2,22,0.6308359860989354,1,1.0,3,0.6465101
RW2,23,0.5883539180772349,1,1.0,3,0.6275768
RW2,24,0.5714726928240693,1,1.0,3,0.6085956
RW22,0,1.0,1,1.0,3,1.0011551
RW22,1,0.9739365032865775,1,1.0,3,0.9788444
RW22,2,0.9553948808841696,1,1.0,3,0.9402747
RW22,3,0.9149809498639752,1,1.0,3,0.9074544
RW22,4,0.8618174981582503,1,1.0,3,0.87786484
RW22,5,0.8104095048251577,1,1.0,3,0.85327816
RW22,6,0.765116336467881,1,1.0,3,0.8315864
RW22,7,0.7463736626802354,1,1.0,3,0.8105085
RW22,8,0.6843131991933246,1,1.0,3,0.79003185
RW22,9,0.6666096162214906,1,1.0,3,0.77188396
RW26,0,1.0,1,1.0,3,0.9975265
RW26,1,0.9695503888019508,1,1.0,3,0.9690152
RW26,2,0.9530525699746794,1,1.0,3,0.94539165
RW26,3,0.9382100312250065,1,1.0,3,0.9245846
RW26,4,0.9249710248364101,1,1.0,3,0.9067312
RW26,5,0.9129597330190223,1,1.0,3,0.89103776
RW26,6,0.9039473720808919,1,1.0,3,0.876268
RW26,7,0.8938493013611533,1,1.0,3,0.8624322
RW26,8,0.8838201049114417,1,1.0,3,0.8496737
RW26,9,0.8776749057612828,1,1.0,3,0.8380945
RW26,10,0.8664005053062743,1,1.0,3,0.8276257
RW26,11,0.8577843772790714,1,1.0,3,0.81821483
RW26,12,0.8512266479212676,1,1.0,3,0.81047654
RW26,13,0.8442312363783513,1,1.0,3,0.80432916
RW4,0,1.0,1,1.0,3,0.9961488
RW4,1,0.952908142031966,1,1.0,3,0.9744456
RW4,2,0.9169005743143264,1,1.0,3,0.94347274
RW4,3,0.8861547650375892,1,1.0,3,0.91702
RW4,4,0.8653798883913402,1,1.0,3,0.8900097
RW4,5,0.8452071267530786,1,1.0,3,0.86809057
RW4,6,0.8228878119106672,1,1.0,3,0.846591
RW4,7,0.8034885437099676,1,1.0,3,0.8284238
RW4,8,0.8175568100222665,1,1.0,3,0.8066372
RW4,9,0.781835479764987,1,1.0,3,0.7831361
RW4,10,0.7670246260000682,1,1.0,3,0.7606422
RW4,11,0.7443543078487312,1,1.0,3,0.73817754
RW4,12,0.7150665405639625,1,1.0,3,0.7133527
RW4,13,0.6809715885638455,1,1.0,3,0.6899677
RW4,14,0.6735233411679066,1,1.0,3,0.6650001
RW4,15,0.6479957823508535,1,1.0,3,0.6390147
RW4,16,0.6288981200103804,1,1.0,3,0.6252203
RW4,17,0.6134212256861231,1,1.0,3,0.5984364
RW4,18,0.5741659696180692,1,1.0,3,0.5758264
RW10,0,1.0,1,1.0,4,1.0067677
RW10,1,0.9784479629888402,1,1.0,4,0.9793658
RW10,2,0.9453971298202616,1,1.0,4,0.9459748
RW10,3,0.9117019022865598,1,1.0,4,0.91354024
RW10,4,0.8914739157881061,1,1.0,4,0.8809303
RW10,5,0.8372321175180194,1,1.0,4,0.8368303
RW10,6,0.8164482337318268,1,1.0,4,0.801762
RW10,7,0.789437652957632,1,1.0,4,0.770635
RW10,8,0.7647575279451165,1,1.0,4,0.74080426
RW10,9,0.7300635744525175,1,1.0,4,0.7164397
RW10,10,0.7075228861352875,1,1.0,4,0.69277567
RW10,11,0.6871342988910181,1,1.0,4,0.67119175
RW10,12,0.6697217219754731,1,1.0,4,0.6522578
RW10,13,0.7116492649368324,1,1.0,4,0.6687459
RW10,14,0.66327010566779,1,1.0,4,0.65313727
RW10,15,0.647631852731416,1,1.0,4,0.6386067
RW10,16,0.6309658064312244,1,1.0,4,0.6251925
RW10,17,0.6208612914817577,1,1.0,4,0.6120539
RW10,18,0.6112498733264151,1,1.0,4,0.6004782
RW10,19,0.6095624344801577,1,1.0,4,0.58983827
RW10,20,0.6033896649944029,1,1.0,4,0.580283
RW10,21,0.5971527839004813,1,1.0,4,0.5702138
RW10,22,0.5886394830051586,1,1.0,4,0.5599593
RW10,23,0.581456358011487,1,1.0,4,0.54964906
RW10,24,0.5695013029658712,1,1.0,4,0.53924036
RW10,25,0.5557961266569272,1,1.0,4,0.52942085
RW10,26,0.5474051567570081,1,1.0,4,0.5188458
RW10,27,0.55125687415375,1,1.0,4,0.50695825
RW10,28,0.5453048889853013,1,1.0,4,0.4937328
RW10,29,0.5460438670105365,1,1.0,4,0.47967374
RW10,30,0.5345542267638814,1,1.0,4,0.46537107
RW10,31,0.5489933336557506,1,1.0,4,0.46080273
RW10,32,0.522382773482141,1,1.0,4,0.444677
RW10,33,0.5016148874153187,1,1.0,4,0.4299174
RW10,34,0.45709804855548364,1,1.0,4,0.41562998
RW10,35,0.44563736559742767,1,1.0,4,0.4024349
RW10,36,0.4211045686596346,1,1.0,4,0.38961
RW10,37,0.4077546171475978,1,1.0,4,0.37806845
RW10,38,0.4021701914678571,1,1.0,4,0.36504847
RW14,0,1.0,1,1.0,4,0.99613106
RW14,1,0.9644332069664016,1,1.0,4,0.955148
RW14,2,0.9213533384370284,1,1.0,4,0.9101084
RW14,3,0.8707123594457894,1,1.0,4,0.8699977
RW14,4,0.8348278945661182,1,1.0,4,0.8330721
RW14,5,0.8004024718366409,1,1.0,4,0.7984174
RW14,6,0.7430047115117226,1,1.0,4,0.7683532
RW14,7,0.709476468046898,1,1.0,4,0.7411597
RW14,8,0.6823027697859351,1,1.0,4,0.71347713
RW14,9,0.6585988334150349,1,1.0,4,0.6872232
RW14,10,0.6253776891267986,1,1.0,4,0.65968925
RW14,11,0.5924706416874056,1,1.0,4,0.6350424
RW14,12,0.57601843109804,1,1.0,4,0.61186
RW14,13,0.5535409217390064,1,1.0,4,0.59119725
RW14,14,0.5387222453480347,1,1.0,4,0.57154894
RW14,15,0.552867285851326,1,1.0,4,0.5686824
RW14,16,0.5036045429058008,1,1.0,4,0.551258
RW14,17,0.47883058910976284,1,1.0,4,0.53712285
RW14,18,0.4728937060347926,1,1.0,4,0.5238773
RW14,19,0.45854169582917254,1,1.0,4,0.5120387
RW14,20,0.4518166502306318,1,1.0,4,0.5013766
RW14,21,0.432531360836441,1,1.0,4,0.49235833
RW14,22,0.4200841979206751,1,1.0,4,0.48447347
RW14,23,0.4157935443883638,1,1.0,4,0.47722697
RW18,0,1.0,1,1.0,4,1.0008414
RW18,1,0.9977330149235677,1,1.0,4,0.99766445
RW18,2,0.9213655815556884,1,1.0,4,0.911945
RW18,3,0.8925716791703614,1,1.0,4,0.87373495
RW18,4,0.8718443394852413,1,1.0,4,0.86069936
RW18,5,0.8419174377110581,1,1.0,4,0.8349863
RW18,6,0.813365853114081,1,1.0,4,0.808222
RW18,7,0.7961193757129356,1,1.0,4,0.7850666
RW18,8,0.7800851421665592,1,1.0,4,0.7626533
RW18,9,0.75369280553753,1,1.0,4,0.740274
RW18,10,0.7376318600570141,1,1.0,4,0.718304
RW18,11,0.7056274349360556,1,1.0,4,0.69561255
RW18,12,0.6816641704071746,1,1.0,4,0.67328644
RW18,13,0.6705293405758124,1,1.0,4,0.6525662
RW18,14,0.65689339822108,1,1.0,4,0.63343346
RW18,15,0.6375308971062369,1,1.0,4,0.6152152
RW18,16,0.6343281547363112,1,1.0,4,0.60739917
RW18,17,0.609856009753373,1,1.0,4,0.5909177
RW18,18,0.5902016486507977,1,1.0,4,0.577751
RW18,19,0.5830172536826165,1,1.0,4,0.5648776
RW18,20,0.5810826408538371,1,1.0,4,0.55289805
RW18,21,0.5687453908621404,1,1.0,4,0.541459
RW18,22,0.5542246611230017,1,1.0,4,0.5305316
RW18,23,0.5442080853160498,1,1.0,4,0.5207153
RW18,24,0.5344692122433156,1,1.0,4,0.5117556
RW18,25,0.518855432805061,1,1.0,4,0.50442857
RW18,26,0.5265886448180515,1,1.0,4,0.49710464
RW2,0,1.0,1,1.0,4,1.0010343
RW2,1,0.964138506194284,1,1.0,4,0.97365975
RW2,2,0.9249040871235984,1,1.0,4,0.95339394
RW2,3,0.8830402696076977,1,1.0,4,0.9289794
RW2,4,0.8564110608744848,1,1.0,4,0.9208708
RW2,5,0.833163794491935,1,1.0,4,0.9048345
RW2,6,0.8231850244197494,1,1.0,4,0.8871655
RW2,7,0.8057852033709737,1,1.0,4,0.87014616
RW2,8,0.7938715366638514,1,1.0,4,0.8579863
RW2,9,0.7860956497952659,1,1.0,4,0.841872
RW2,10,0.766804449532973,1,1.0,4,0.83151907
RW2,11,0.750728888947808,1,1.0,4,0.8201408
RW2,12,0.7623324166830754,1,1.0,4,0.8109121
RW2,13,0.7296788762480323,1,1.0,4,0.7972567
RW2,14,0.7184708582425151,1,1.0,4,0.78501564
RW2,15,0.7036508460351927,1,1.0,4,0.77535284
RW2,16,0.6757157785547322,1,1.0,4,0.7598975
RW2,17,0.6541025835422499,1,1.0,4,0.7473595
RW2,18,0.6504949003103174,1,1.0,4,0.73360735
RW2,19,0.652906214483479,1,1.0,4,0.7174598
RW2,20,0.6626729647795675,1,1.0,4,0.70151955
RW2,21,0.6576724393157618,1,1.0,4,0.6800003
RW2,22,0.6308359860989354,1,1.0,4,0.64240986
RW2,23,0.5883539180772349,1,1.0,4,0.6238454
RW2,24,0.5714726928240693,1,1.0,4,0.6056596
RW22,0,1.0,1,1.0,4,1.002623
RW22,1,0.9739365032865775,1,1.0,4,0.98732567
RW22,2,0.9553948808841696,1,1.0,4,0.9435355
RW22,3,0.9149809498639752,1,1.0,4,0.9057355
RW22,4,0.8618174981582503,1,1.0,4,0.87228525
RW22,5,0.8104095048251577,1,1.0,4,0.8462779
RW22,6,0.765116336467881,1,1.0,4,0.82531273
RW22,7,0.7463736626802354,1,1.0,4,0.8069852
RW22,8,0.6843131991933246,1,1.0,4,0.79110694
RW22,9,0.6666096162214906,1,1.0,4,0.77897626
RW26,0,1.0,1,1.0,4,0.9965623
RW26,1,0.9695503888019508,1,1.0,4,0.9694912
RW26,2,0.9530525699746794,1,1.0,4,0.94546413
RW26,3,0.9382100312250065,1,1.0,4,0.9244962
RW26,4,0.9249710248364101,1,1.0,4,0.9069216
RW26,5,0.9129597330190223,1,1.0,4,0.8916167
RW26,6,0.9039473720808919,1,1.0,4,0.87739
RW26,7,0.8938493013611533,1,1.0,4,0.86406744
RW26,8,0.8838201049114417,1,1.0,4,0.85160404
RW26,9,0.8776749057612828,1,1.0,4,0.8402068
RW26,10,0.8664005053062743,1,1.0,4,0.8297981
RW26,11,0.8577843772790714,1,1.0,4,0.82003385
RW26,12,0.8512266479212676,1,1.0,4,0.8113016
RW26,13,0.8442312363783513,1,1.0,4,0.80346584
RW4,0,1.0,1,1.0,4,0.99624544
RW4,1,0.952908142031966,1,1.0,4,0.9717402
RW4,2,0.9169005743143264,1,1.0,4,0.94266087
RW4,3,0.8861547650375892,1,1.0,4,0.91661906
RW4,4,0.8653798883913402,1,1.0,4,0.89037514
RW4,5,0.8452071267530786,1,1.0,4,0.8684244
RW4,6,0.8228878119106672,1,1.0,4,0.8468617
RW4,7,0.8034885437099676,1,1.0,4,0.8285073
RW4,8,0.8175568100222665,1,1.0,4,0.80637884
RW4,9,0.781835479764987,1,1.0,4,0.7826939
RW4,10,0.7670246260000682,1,1.0,4,0.76015186
RW4,11,0.7443543078487312,1,1.0,4,0.7376727
RW4,12,0.7150665405639625,1,1.0,4,0.7127991
RW4,13,0.6809715885638455,1,1.0,4,0.6893309
RW4,14,0.6735233411679066,1,1.0,4,0.6644342
RW4,15,0.6479957823508535,1,1.0,4,0.6387731
RW4,16,0.6288981200103804,1,1.0,4,0.6252527
RW4,17,0.6134212256861231,1,1.0,4,0.59909326
RW4,18,0.5741659696180692,1,1.0,4,0.57707644
RW10,0,1.0,1,0.5,0,1.0178585
RW10,1,0.9784479629888402,1,0.5,0,0.98545015
RW10,2,0.9453971298202616,1,0.5,0,0.9484538
RW10,3,0.9117019022865598,1,0.5,0,0.9133188
RW10,4,0.8914739157881061,1,0.5,0,0.87866867
RW10,5,0.8372321175180194,1,0.5,0,0.83383197
RW10,6,0.8164482337318268,1,0.5,0,0.7983382
RW10,7,0.789437652957632,1,0.5,0,0.76771337
RW10,8,0.7647575279451165,1,0.5,0,0.7386253
RW10,9,0.7300635744525175,1,0.5,0,0.715378
RW10,10,0.7075228861352875,1,0.5,0,0.6932987
RW10,11,0.6871342988910181,1,0.5,0,0.6727055
RW10,12,0.6697217219754731,1,0.5,0,0.6550083
RW10,13,0.7116492649368324,1,0.5,0,0.66753745
RW10,14,0.66327010566779,1,0.5,0,0.6521692
RW10,15,0.647631852731416,1,0.5,0,0.6379918
RW10,16,0.6309658064312244,1,0.5,0,0.6249931
RW10,17,0.6208612914817577,1,0.5,0,0.61199486
RW10,18,0.6112498733264151,1,0.5,0,0.6004691
RW10,19,0.6095624344801577,1,0.5,0,0.5895795
RW10,20,0.6033896649944029,1,0.5,0,0.57963955
RW10,21,0.5971527839004813,1,0.5,0,0.569144
RW10,22,0.5886394830051586,1,0.5,0,0.55851233
RW10,23,0.581456358011487,1,0.5,0,0.5476663
RW10,24,0.5695013029658712,1,0.5,0,0.5368705
RW10,25,0.5557961266569272,1,0.5,0,0.52660835
RW10,26,0.5474051567570081,1,0.5,0,0.51575494
RW10,27,0.55125687415375,1,0.5,0,0.50405383
RW10,28,0.5453048889853013,1,0.5,0,0.4913746
RW10,29,0.5460438670105365,1,0.5,0,0.4779824
RW10,30,0.5345542267638814,1,0.5,0,0.46409166
RW10,31,0.5489933336557506,1,0.5,0,0.45686293
RW10,32,0.522382773482141,1,0.5,0,0.44153702
RW10,33,0.5016148874153187,1,0.5,0,0.42758203
RW10,34,0.45709804855548364,1,0.5,0,0.41362274
RW10,35,0.44563736559742767,1,0.5,0,0.40077782
RW10,36,0.4211045686596346,1,0.5,0,0.38803947
RW10,37,0.4077546171475978,1,0.5,0,0.37634706
RW10,38,0.4021701914678571,1,0.5,0,0.36337447
RW14,0,1.0,1,0.5,0,1.0084795
RW14,1,0.9644332069664016,1,0.5,0,0.96084553
RW14,2,0.9213533384370284,1,0.5,0,0.91342473
RW14,3,0.8707123594457894,1,0.5,0,0.8725778
RW14,4,0.8348278945661182,1,0.5,0,0.8353267
RW14,5,0.8004024718366409,1,0.5,0,0.80033714
RW14,6,0.7430047115117226,1,0.5,0,0.7698004
RW14,7,0.709476468046898,1,0.5,0,0.7416513
RW14,8,0.6823027697859351,1,0.5,0,0.71250296
RW14,9,0.6585988334150349,1,0.5,0,0.68432397
RW14,10,0.6253776891267986,1,0.5,0,0.6546209
RW14,11,0.5924706416874056,1,0.5,0,0.62764037
RW14,12,0.57601843109804,1,0.5,0,0.6023854
RW14,13,0.5535409217390064,1,0.5,0,0.58002996
RW14,14,0.5387222453480347,1,0.5,0,0.5592872
RW14,15,0.552867285851326,1,0.5,0,0.55633056
RW14,16,0.5036045429058008,1,0.5,0,0.5385649
RW14,17,0.47883058910976284,1,0.5,0,0.5246302
RW14,18,0.4728937060347926,1,0.5,0,0.51231766
RW14,19,0.45854169582917254,1,0.5,0,0.50208414
RW14,20,0.4518166502306318,1,0.5,0,0.49353123
RW14,21,0.432531360836441,1,0.5,0,0.48699725
RW14,22,0.4200841979206751,1,0.5,0,0.4819274
RW14,23,0.4157935443883638,1,0.5,0,0.47776878
RW18,0,1.0,1,0.5,0,1.0113938
RW18,1,0.9977330149235677,1,0.5,0,1.0080106
RW18,2,0.9213655815556884,1,0.5,0,0.9411825
RW18,3,0.8925716791703614,1,0.5,0,0.90132594
RW18,4,0.8718443394852413,1,0.5,0,0.8778799
RW18,5,0.8419174377110581,1,0.5,0,0.84947497
RW18,6,0.813365853114081,1,0.5,0,0.8221361
RW18,7,0.7961193757129356,1,0.5,0,0.7973603
RW18,8,0.7800851421665592,1,0.5,0,0.7732012
RW18,9,0.75369280553753,1,0.5,0,0.74917495
RW18,10,0.7376318600570141,1,0.5,0,0.72536945
RW18,11,0.7056274349360556,1,0.5,0,0.70084596
RW18,12,0.6816641704071746,1,0.5,0,0.676578
RW18,13,0.6705293405758124,1,0.5,0,0.654125
RW18,14,0.65689339822108,1,0.5,0,0.6333922
RW18,15,0.6375308971062369,1,0.5,0,0.61364484
RW18,16,0.6343281547363112,1,0.5,0,0.6051312
RW18,17,0.609856009753373,1,0.5,0,0.5875552
RW18,18,0.5902016486507977,1,0.5,0,0.5740689
RW18,19,0.5830172536826165,1,0.5,0,0.56096876
RW18,20,0.5810826408538371,1,0.5,0,0.54897785
RW18,21,0.5687453908621404,1,0.5,0,0.53770185
RW18,22,0.5542246611230017,1,0.5,0,0.5270908
RW18,23,0.5442080853160498,1,0.5,0,0.5178045
RW18,24,0.5344692122433156,1,0.5,0,0.5095742
RW18,25,0.518855432805061,1,0.5,0,0.5033078
RW18,26,0.5265886448180515,1,0.5,0,0.49691582
RW2,0,1.0,1,0.5,0,1.006132
RW2,1,0.964138506194284,1,0.5,0,0.9788265
RW2,2,0.9249040871235984,1,0.5,0,0.9584672
RW2,3,0.8830402696076977,1,0.5,0,0.93330413
RW2,4,0.8564110608744848,1,0.5,0,0.92750007
RW2,5,0.833163794491935,1,0.5,0,0.9118519
RW2,6,0.8231850244197494,1,0.5,0,0.89431995
RW2,7,0.8057852033709737,1,0.5,0,0.87727034
RW2,8,0.7938715366638514,1,0.5,0,0.86566097
RW2,9,0.7860956497952659,1,0.5,0,0.849022
RW2,10,0.766804449532973,1,0.5,0,0.838993
RW2,11,0.750728888947808,1,0.5,0,0.8275522
RW2,12,0.7623324166830754,1,0.5,0,0.8187773
RW2,13,0.7296788762480323,1,0.5,0,0.8045514
RW2,14,0.7184708582425151,1,0.5,0,0.79169303
RW2,15,0.7036508460351927,1,0.5,0,0.7821126
RW2,16,0.6757157785547322,1,0.5,0,0.76564085
RW2,17,0.6541025835422499,1,0.5,0,0.7527254
RW2,18,0.6504949003103174,1,0.5,0,0.73808193
RW2,19,0.652906214483479,1,0.5,0,0.7205768
RW2,20,0.6626729647795675,1,0.5,0,0.7032285
RW2,21,0.6576724393157618,1,0.5,0,0.678957
RW2,22,0.6308359860989354,1,0.5,0,0.6365423
RW2,23,0.5883539180772349,1,0.5,0,0.61548865
RW2,24,0.5714726928240693,1,0.5,0,0.5949186
RW22,0,1.0,1,0.5,0,1.0176105
RW22,1,0.9739365032865775,1,0.5,0,1.0077074
RW22,2,0.9553948808841696,1,0.5,0,0.9626104
RW22,3,0.9149809498639752,1,0.5,0,0.9231727
RW22,4,0.8618174981582503,1,0.5,0,0.8880689
RW22,5,0.8104095048251577,1,0.5,0,0.86040425
RW22,6,0.765116336467881,1,0.5,0,0.8373338
RW22,7,0.7463736626802354,1,0.5,0,0.8164805
RW22,8,0.6843131991933246,1,0.5,0,0.7984794
RW22,9,0.6666096162214906,1,0.5,0,0.7859383
RW26,0,1.0,1,0.5,0,1.009302
RW26,1,0.9695503888019508,1,0.5,0,0.9748363
RW26,2,0.9530525699746794,1,0.5,0,0.94992477
RW26,3,0.9382100312250065,1,0.5,0,0.9287479
RW26,4,0.9249710248364101,1,0.5,0,0.9130668
RW26,5,0.9129597330190223,1,0.5,0,0.89969844
RW26,6,0.9039473720808919,1,0.5,0,0.8880975
RW26,7,0.8938493013611533,1,0.5,0,0.877754
RW26,8,0.8838201049114417,1,0.5,0,0.8684075
RW26,9,0.8776749057612828,1,0.5,0,0.86089504
RW26,10,0.8664005053062743,1,0.5,0,0.85495645
RW26,11,0.8577843772790714,1,0.5,0,0.85019815
RW26,12,0.8512266479212676,1,0.5,0,0.8471143
RW26,13,0.8442312363783513,1,0.5,0,0.8454176
RW4,0,1.0,1,0.5,0,1.0063536
RW4,1,0.952908142031966,1,0.5,0,0.97970206
RW4,2,0.9169005743143264,1,0.5,0,0.947985
RW4,3,0.8861547650375892,1,0.5,0,0.92111415
RW4,4,0.8653798883913402,1,0.5,0,0.89388096
RW4,5,0.8452071267530786,1,0.5,0,0.87186456
RW4,6,0.8228878119106672,1,0.5,0,0.850354
RW4,7,0.8034885437099676,1,0.5,0,0.8321584
RW4,8,0.8175568100222665,1,0.5,0,0.8099741
RW4,9,0.781835479764987,1,0.5,0,0.7859318
RW4,10,0.7670246260000682,1,0.5,0,0.76274085
RW4,11,0.7443543078487312,1,0.5,0,0.7391797
RW4,12,0.7150665405639625,1,0.5,0,0.71281517
RW4,13,0.6809715885638455,1,0.5,0,0.68739814
RW4,14,0.6735233411679066,1,0.5,0,0.6601205
RW4,15,0.6479957823508535,1,0.5,0,0.631899
RW4,16,0.6288981200103804,1,0.5,0,0.61702025
RW4,17,0.6134212256861231,1,0.5,0,0.58862793
RW4,18,0.5741659696180692,1,0.5,0,0.5650005
RW10,0,1.0,1,0.5,1,1.008212
RW10,1,0.9784479629888402,1,0.5,1,0.98764694
RW10,2,0.9453971298202616,1,0.5,1,0.9527222
RW10,3,0.9117019022865598,1,0.5,1,0.91860455
RW10,4,0.8914739157881061,1,0.5,1,0.88405335
RW10,5,0.8372321175180194,1,0.5,1,0.842094
RW10,6,0.8164482337318268,1,0.5,1,0.8065703
RW10,7,0.789437652957632,1,0.5,1,0.77579045
RW10,8,0.7647575279451165,1,0.5,1,0.74617255
RW10,9,0.7300635744525175,1,0.5,1,0.7222326
RW10,10,0.7075228861352875,1,0.5,1,0.7002747
RW10,11,0.6871342988910181,1,0.5,1,0.6791139
RW10,12,0.6697217219754731,1,0.5,1,0.66120934
RW10,13,0.7116492649368324,1,0.5,1,0.66906905
RW10,14,0.66327010566779,1,0.5,1,0.6535854
RW10,15,0.647631852731416,1,0.5,1,0.6396197
RW10,16,0.6309658064312244,1,0.5,1,0.62696314
RW10,17,0.6208612914817577,1,0.5,1,0.6143998
RW10,18,0.6112498733264151,1,0.5,1,0.60333467
RW10,19,0.6095624344801577,1,0.5,1,0.5928891
RW10,20,0.6033896649944029,1,0.5,1,0.58335483
RW10,21,0.5971527839004813,1,0.5,1,0.5733834
RW10,22,0.5886394830051586,1,0.5,1,0.5632652
RW10,23,0.581456358011487,1,0.5,1,0.5529467
RW10,24,0.5695013029658712,1,0.5,1,0.542597
RW10,25,0.5557961266569272,1,0.5,1,0.5326786
RW10,26,0.5474051567570081,1,0.5,1,0.52205884
RW10,27,0.55125687415375,1,0.5,1,0.5105389
RW10,28,0.5453048889853013,1,0.5,1,0.4977824
RW10,29,0.5460438670105365,1,0.5,1,0.48428786
RW10,30,0.5345542267638814,1,0.5,1,0.4700716
RW10,31,0.5489933336557506,1,0.5,1,0.45983642
RW10,32,0.522382773482141,1,0.5,1,0.44393682
RW10,33,0.5016148874153187,1,0.5,1,0.42941165
RW10,34,0.45709804855548364,1,0.5,1,0.414738
RW10,35,0.44563736559742767,1,0.5,1,0.40099043
RW10,36,0.4211045686596346,1,0.5,1,0.38732994
RW10,37,0.4077546171475978,1,0.5,1,0.3747385
RW10,38,0.4021701914678571,1,0.5,1,0.36085188
RW14,0,1.0,1,0.5,1,1.002554
RW14,1,0.9644332069664016,1,0.5,1,0.95308375
RW14,2,0.9213533384370284,1,0.5,1,0.9044709
RW14,3,0.8707123594457894,1,0.5,1,0.86504483
RW14,4,0.8348278945661182,1,0.5,1,0.82885385
RW14,5,0.8004024718366409,1,0.5,1,0.79471093
RW14,6,0.7430047115117226,1,0.5,1,0.76692355
RW14,7,0.709476468046898,1,0.5,1,0.7418723
RW14,8,0.6823027697859351,1,0.5,1,0.71589506
RW14,9,0.6585988334150349,1,0.5,1,0.69078374
RW14,10,0.6253776891267986,1,0.5,1,0.66448903
RW14,11,0.5924706416874056,1,0.5,1,0.64032745
RW14,12,0.57601843109804,1,0.5,1,0.6162142
RW14,13,0.5535409217390064,1,0.5,1,0.5945103
RW14,14,0.5387222453480347,1,0.5,1,0.5732585
RW14,15,0.552867285851326,1,0.5,1,0.5701399
RW14,16,0.5036045429058008,1,0.5,1,0.5508121
RW14,17,0.47883058910976284,1,0.5,1,0.53485125
RW14,18,0.4728937060347926,1,0.5,1,0.5194534
RW14,19,0.45854169582917254,1,0.5,1,0.5057443
RW14,20,0.4518166502306318,1,0.5,1,0.49335188
RW14,21,0.432531360836441,1,0.5,1,0.48330498
RW14,22,0.4200841979206751,1,0.5,1,0.47491252
RW14,23,0.4157935443883638,1,0.5,1,0.46763504
RW18,0,1.0,1,0.5,1,1.0047987
RW18,1,0.9977330149235677,1,0.5,1,1.000992
RW18,2,0.9213655815556884,1,0.5,1,0.97273755
RW18,3,0.8925716791703614,1,0.5,1,0.94446146
RW18,4,0.8718443394852413,1,0.5,1,0.90650916
RW18,5,0.8419174377110581,1,0.5,1,0.8775161
RW18,6,0.813365853114081,1,0.5,1,0.8522712
RW18,7,0.7961193757129356,1,0.5,1,0.8252865
RW18,8,0.7800851421665592,1,0.5,1,0.79776937
RW18,9,0.75369280553753,1,0.5,1,0.7710045
RW18,10,0.7376318600570141,1,0.5,1,0.74422836
RW18,11,0.7056274349360556,1,0.5,1,0.71808034
RW18,12,0.6816641704071746,1,0.5,1,0.69302607
RW18,13,0.6705293405758124,1,0.5,1,0.66970634
RW18,14,0.65689339822108,1,0.5,1,0.64853287
RW18,15,0.6375308971062369,1,0.5,1,0.62771535
RW18,16,0.6343281547363112,1,0.5,1,0.6185489
RW18,17,0.609856009753373,1,0.5,1,0.6002345
RW18,18,0.5902016486507977,1,0.5,1,0.5867544
RW18,19,0.5830172536826165,1,0.5,1,0.5732038
RW18,20,0.5810826408538371,1,0.5,1,0.5605792
RW18,21,0.5687453908621404,1,0.5,1,0.548704
RW18,22,0.5542246611230017,1,0.5,1,0.5376537
RW18,23,0.5442080853160498,1,0.5,1,0.52818346
RW18,24,0.5344692122433156,1,0.5,1,0.520094
RW18,25,0.518855432805061,1,0.5,1,0.5143686
RW18,26,0.5265886448180515,1,0.5,1,0.50866365
RW2,0,1.0,1,0.5,1,0.99583226
RW2,1,0.964138506194284,1,0.5,1,0.9716974
RW2,2,0.9249040871235984,1,0.5,1,0.9485073
RW2,3,0.8830402696076977,1,0.5,1,0.9235078
RW2,4,0.8564110608744848,1,0.5,1,0.9096193
RW2,5,0.833163794491935,1,0.5,1,0.89243686
RW2,6,0.8231850244197494,1,0.5,1,0.8746861
RW2,7,0.8057852033709737,1,0.5,1,0.8582709
RW2,8,0.7938715366638514,1,0.5,1,0.84582496
RW2,9,0.7860956497952659,1,0.5,1,0.8309582
RW2,10,0.766804449532973,1,0.5,1,0.8206314
RW2,11,0.750728888947808,1,0.5,1,0.8095324
RW2,12,0.7623324166830754,1,0.5,1,0.8001039
RW2,13,0.7296788762480323,1,0.5,1,0.7870196
RW2,14,0.7184708582425151,1,0.5,1,0.7753321
RW2,15,0.7036508460351927,1,0.5,1,0.7665036
RW2,16,0.6757157785547322,1,0.5,1,0.752439
RW2,17,0.6541025835422499,1,0.5,1,0.7415472
RW2,18,0.6504949003103174,1,0.5,1,0.7294277
RW2,19,0.652906214483479,1,0.5,1,0.71502715
RW2,20,0.6626729647795675,1,0.5,1,0.7007365
RW2,21,0.6576724393157618,1,0.5,1,0.6806926
RW2,22,0.6308359860989354,1,0.5,1,0.645188
RW2,23,0.5883539180772349,1,0.5,1,0.62705374
RW2,24,0.5714726928240693,1,0.5,1,0.6088003
RW22,0,1.0,1,0.5,1,1.0009594
RW22,1,0.9739365032865775,1,0.5,1,0.9866671
RW22,2,0.9553948808841696,1,0.5,1,0.9452974
RW22,3,0.9149809498639752,1,0.5,1,0.9095771
RW22,4,0.8618174981582503,1,0.5,1,0.87740266
RW22,5,0.8104095048251577,1,0.5,1,0.8519812
RW22,6,0.765116336467881,1,0.5,1,0.83044195
RW22,7,0.7463736626802354,1,0.5,1,0.81055605
RW22,8,0.6843131991933246,1,0.5,1,0.79289556
RW22,9,0.6666096162214906,1,0.5,1,0.7797593
RW26,0,1.0,1,0.5,1,0.9965554
RW26,1,0.9695503888019508,1,0.5,1,0.9641798
RW26,2,0.9530525699746794,1,0.5,1,0.9408246
RW26,3,0.9382100312250065,1,0.5,1,0.9207929
RW26,4,0.9249710248364101,1,0.5,1,0.9054961
RW26,5,0.9129597330190223,1,0.5,1,0.8927355
RW26,6,0.9039473720808919,1,0.5,1,0.8813072
RW26,7,0.8938493013611533,1,0.5,1,0.8711224
RW26,8,0.8838201049114417,1,0.5,1,0.86188257
RW26,9,0.8776749057612828,1,0.5,1,0.8543421
RW26,10,0.8664005053062743,1,0.5,1,0.8483016
RW26,11,0.8577843772790714,1,0.5,1,0.8434533
RW26,12,0.8512266479212676,1,0.5,1,0.8406439
RW26,13,0.8442312363783513,1,0.5,1,0.83958286
RW4,0,1.0,1,0.5,1,0.99641997
RW4,1,0.952908142031966,1,0.5,1,0.97649735
RW4,2,0.9169005743143264,1,0.5,1,0.9430042
RW4,3,0.8861547650375892,1,0.5,1,0.9158491
RW4,4,0.8653798883913402,1,0.5,1,0.8875357
RW4,5,0.8452071267530786,1,0.5,1,0.8649149
RW4,6,0.8228878119106672,1,0.5,1,0.84314716
RW4,7,0.8034885437099676,1,0.5,1,0.82462376
RW4,8,0.8175568100222665,1,0.5,1,0.80287427
RW4,9,0.781835479764987,1,0.5,1,0.7798232
RW4,10,0.7670246260000682,1,0.5,1,0.7579825
RW4,11,0.7443543078487312,1,0.5,1,0.7368109
RW4,12,0.7150665405639625,1,0.5,1,0.71380484
RW4,13,0.6809715885638455,1,0.5,1,0.69135153
RW4,14,0.6735233411679066,1,0.5,1,0.6663793
RW4,15,0.6479957823508535,1,0.5,1,0.6398586
RW4,16,0.6288981200103804,1,0.5,1,0.62511873
RW4,17,0.6134212256861231,1,0.5,1,0.5973257
RW4,18,0.5741659696180692,1,0.5,1,0.573838
RW10,0,1.0,1,0.5,2,1.007612
RW10,1,0.9784479629888402,1,0.5,2,0.9877704
RW10,2,0.9453971298202616,1,0.5,2,0.9517618
RW10,3,0.9117019022865598,1,0.5,2,0.9171266
RW10,4,0.8914739157881061,1,0.5,2,0.88363993
RW10,5,0.8372321175180194,1,0.5,2,0.8388176
RW10,6,0.8164482337318268,1,0.5,2,0.80523455
RW10,7,0.789437652957632,1,0.5,2,0.7755981
RW10,8,0.7647575279451165,1,0.5,2,0.74773234
RW10,9,0.7300635744525175,1,0.5,2,0.7247489
RW10,10,0.7075228861352875,1,0.5,2,0.7022362
RW10,11,0.6871342988910181,1,0.5,2,0.6815449
RW10,12,0.6697217219754731,1,0.5,2,0.6631856
RW10,13,0.7116492649368324,1,0.5,2,0.66993755
RW10,14,0.66327010566779,1,0.5,2,0.65414345
RW10,15,0.647631852731416,1,0.5,2,0.6393483
RW10,16,0.6309658064312244,1,0.5,2,0.62535125
RW10,17,0.6208612914817577,1,0.5,2,0.611583
RW10,18,0.6112498733264151,1,0.5,2,0.59898794
RW10,19,0.6095624344801577,1,0.5,2,0.5872035
RW10,20,0.6033896649944029,1,0.5,2,0.57648504
RW10,21,0.5971527839004813,1,0.5,2,0.5653873
RW10,22,0.5886394830051586,1,0.5,2,0.55400074
RW10,23,0.581456358011487,1,0.5,2,0.5426414
RW10,24,0.5695013029658712,1,0.5,2,0.5312794
RW10,25,0.5557961266569272,1,0.5,2,0.5207288
RW10,26,0.5474051567570081,1,0.5,2,0.5095636
RW10,27,0.55125687415375,1,0.5,2,0.49741662
RW10,28,0.5453048889853013,1,0.5,2,0.48405665
RW10,29,0.5460438670105365,1,0.5,2,0.47018832
RW10,30,0.5345542267638814,1,0.5,2,0.456419
RW10,31,0.5489933336557506,1,0.5,2,0.4550823
RW10,32,0.522382773482141,1,0.5,2,0.44069886
RW10,33,0.5016148874153187,1,0.5,2,0.42751384
RW10,34,0.45709804855548364,1,0.5,2,0.41549492
RW10,35,0.44563736559742767,1,0.5,2,0.404298
RW10,36,0.4211045686596346,1,0.5,2,0.39383316
RW10,37,0.4077546171475978,1,0.5,2,0.38468683
RW10,38,0.4021701914678571,1,0.5,2,0.37442708
RW14,0,1.0,1,0.5,2,0.9981994
RW14,1,0.9644332069664016,1,0.5,2,0.95962864
RW14,2,0.9213533384370284,1,0.5,2,0.9103234
RW14,3,0.8707123594457894,1,0.5,2,0.8686973
RW14,4,0.8348278945661182,1,0.5,2,0.83061576
RW14,5,0.8004024718366409,1,0.5,2,0.79534066
RW14,6,0.7430047115117226,1,0.5,2,0.76645434
RW14,7,0.709476468046898,1,0.5,2,0.74094415
RW14,8,0.6823027697859351,1,0.5,2,0.7150607
RW14,9,0.6585988334150349,1,0.5,2,0.6902845
RW14,10,0.6253776891267986,1,0.5,2,0.66383463
RW14,11,0.5924706416874056,1,0.5,2,0.6395775
RW14,12,0.57601843109804,1,0.5,2,0.61575866
RW14,13,0.5535409217390064,1,0.5,2,0.594018
RW14,14,0.5387222453480347,1,0.5,2,0.57268584
RW14,15,0.552867285851326,1,0.5,2,0.5695143
RW14,16,0.5036045429058008,1,0.5,2,0.55019104
RW14,17,0.47883058910976284,1,0.5,2,0.53464615
RW14,18,0.4728937060347926,1,0.5,2,0.5200875
RW14,19,0.45854169582917254,1,0.5,2,0.5074427
RW14,20,0.4518166502306318,1,0.5,2,0.49649894
RW14,21,0.432531360836441,1,0.5,2,0.48832047
RW14,22,0.4200841979206751,1,0.5,2,0.48229957
RW14,23,0.4157935443883638,1,0.5,2,0.47771394
RW18,0,1.0,1,0.5,2,1.0031906
RW18,1,0.9977330149235677,1,0.5,2,0.9994803
RW18,2,0.9213655815556884,1,0.5,2,0.93143064
RW18,3,0.8925716791703614,1,0.5,2,0.89254314
RW18,4,0.8718443394852413,1,0.5,2,0.86964494
RW18,5,0.8419174377110581,1,0.5,2,0.8408936
RW18,6,0.813365853114081,1,0.5,2,0.8134904
RW18,7,0.7961193757129356,1,0.5,2,0.7893634
RW18,8,0.7800851421665592,1,0.5,2,0.76664394
RW18,9,0.75369280553753,1,0.5,2,0.7449555
RW18,10,0.7376318600570141,1,0.5,2,0.7236859
RW18,11,0.7056274349360556,1,0.5,2,0.7021304
RW18,12,0.6816641704071746,1,0.5,2,0.68079233
RW18,13,0.6705293405758124,1,0.5,2,0.6605692
RW18,14,0.65689339822108,1,0.5,2,0.64152575
RW18,15,0.6375308971062369,1,0.5,2,0.62262535
RW18,16,0.6343281547363112,1,0.5,2,0.6141548
RW18,17,0.609856009753373,1,0.5,2,0.5969237
RW18,18,0.5902016486507977,1,0.5,2,0.58421946
RW18,19,0.5830172536826165,1,0.5,2,0.5714646
RW18,20,0.5810826408538371,1,0.5,2,0.5596061
RW18,21,0.5687453908621404,1,0.5,2,0.5483978
RW18,22,0.5542246611230017,1,0.5,2,0.537886
RW18,23,0.5442080853160498,1,0.5,2,0.5289539
RW18,24,0.5344692122433156,1,0.5,2,0.52147543
RW18,25,0.518855432805061,1,0.5,2,0.516837
RW18,26,0.5265886448180515,1,0.5,2,0.5119336
RW2,0,1.0,1,0.5,2,0.998394
RW2,1,0.964138506194284,1,0.5,2,0.977315
RW2,2,0.9249040871235984,1,0.5,2,0.952935
RW2,3,0.8830402696076977,1,0.5,2,0.92699903
RW2,4,0.8564110608744848,1,0.5,2,0.9125621
RW2,5,0.833163794491935,1,0.5,2,0.8950895
RW2,6,0.8231850244197494,1,0.5,2,0.8772886
RW2,7,0.8057852033709737,1,0.5,2,0.860833
RW2,8,0.7938715366638514,1,0.5,2,0.84827375
RW2,9,0.7860956497952659,1,0.5,2,0.83331317
RW2,10,0.766804449532973,1,0.5,2,0.82294345
RW2,11,0.750728888947808,1,0.5,2,0.81191427
RW2,12,0.7623324166830754,1,0.5,2,0.8031662
RW2,13,0.7296788762480323,1,0.5,2,0.7906498
RW2,14,0.7184708582425151,1,0.5,2,0.7797109
RW2,15,0.7036508460351927,1,0.5,2,0.7720518
RW2,16,0.6757157785547322,1,0.5,2,0.7590047
RW2,17,0.6541025835422499,1,0.5,2,0.7493791
RW2,18,0.6504949003103174,1,0.5,2,0.73833144
RW2,19,0.652906214483479,1,0.5,2,0.7247895
RW2,20,0.6626729647795675,1,0.5,2,0.71124154
RW2,21,0.6576724393157618,1,0.5,2,0.6904094
RW2,22,0.6308359860989354,1,0.5,2,0.6515227
RW2,23,0.5883539180772349,1,0.5,2,0.63101214
RW2,24,0.5714726928240693,1,0.5,2,0.6098594
RW22,0,1.0,1,0.5,2,1.0015745
RW22,1,0.9739365032865775,1,0.5,2,0.9850824
RW22,2,0.9553948808841696,1,0.5,2,0.94560623
RW22,3,0.9149809498639752,1,0.5,2,0.9114313
RW22,4,0.8618174981582503,1,0.5,2,0.8808726
RW22,5,0.8104095048251577,1,0.5,2,0.8557294
RW22,6,0.765116336467881,1,0.5,2,0.8338965
RW22,7,0.7463736626802354,1,0.5,2,0.81271744
RW22,8,0.6843131991933246,1,0.5,2,0.79183817
RW22,9,0.6666096162214906,1,0.5,2,0.7727209
RW26,0,1.0,1,0.5,2,0.9952674
RW26,1,0.9695503888019508,1,0.5,2,0.9559533
RW26,2,0.9530525699746794,1,0.5,2,0.9330338
RW26,3,0.9382100312250065,1,0.5,2,0.91312003
RW26,4,0.9249710248364101,1,0.5,2,0.89614224
RW26,5,0.9129597330190223,1,0.5,2,0.8817491
RW26,6,0.9039473720808919,1,0.5,2,0.8676139
RW26,7,0.8938493013611533,1,0.5,2,0.8546027
RW26,8,0.8838201049114417,1,0.5,2,0.842603
RW26,9,0.8776749057612828,1,0.5,2,0.8316641
RW26,10,0.8664005053062743,1,0.5,2,0.82196164
RW26,11,0.8577843772790714,1,0.5,2,0.81311756
RW26,12,0.8512266479212676,1,0.5,2,0.8058941
RW26,13,0.8442312363783513,1,0.5,2,0.8002186
RW4,0,1.0,1,0.5,2,0.99721444
RW4,1,0.952908142031966,1,0.5,2,0.9802434
RW4,2,0.9169005743143264,1,0.5,2,0.94700575
RW4,3,0.8861547650375892,1,0.5,2,0.9185064
RW4,4,0.8653798883913402,1,0.5,2,0.88995856
RW4,5,0.8452071267530786,1,0.5,2,0.8666704
RW4,6,0.8228878119106672,1,0.5,2,0.8442562
RW4,7,0.8034885437099676,1,0.5,2,0.8252796
RW4,8,0.8175568100222665,1,0.5,2,0.8032216
RW4,9,0.781835479764987,1,0.5,2,0.78034973
RW4,10,0.7670246260000682,1,0.5,2,0.7592299
RW4,11,0.7443543078487312,1,0.5,2,0.7387361
RW4,12,0.7150665405639625,1,0.5,2,0.7164524
RW4,13,0.6809715885638455,1,0.5,2,0.6949813
RW4,14,0.6735233411679066,1,0.5,2,0.67098206
RW4,15,0.6479957823508535,1,0.5,2,0.6446225
RW4,16,0.6288981200103804,1,0.5,2,0.62992114
RW4,17,0.6134212256861231,1,0.5,2,0.6005098
RW4,18,0.5741659696180692,1,0.5,2,0.5747571
RW10,0,1.0,1,0.5,3,1.0065763
RW10,1,0.9784479629888402,1,0.5,3,0.9905435
RW10,2,0.9453971298202616,1,0.5,3,0.9524438
RW10,3,0.9117019022865598,1,0.5,3,0.9167733
RW10,4,0.8914739157881061,1,0.5,3,0.8816923
RW10,5,0.8372321175180194,1,0.5,3,0.8373345
RW10,6,0.8164482337318268,1,0.5,3,0.80326885
RW10,7,0.789437652957632,1,0.5,3,0.77373415
RW10,8,0.7647575279451165,1,0.5,3,0.7458557
RW10,9,0.7300635744525175,1,0.5,3,0.72298336
RW10,10,0.7075228861352875,1,0.5,3,0.70108616
RW10,11,0.6871342988910181,1,0.5,3,0.68044776
RW10,12,0.6697217219754731,1,0.5,3,0.6624458
RW10,13,0.7116492649368324,1,0.5,3,0.6722292
RW10,14,0.66327010566779,1,0.5,3,0.65624034
RW10,15,0.647631852731416,1,0.5,3,0.6413157
RW10,16,0.6309658064312244,1,0.5,3,0.62720144
RW10,17,0.6208612914817577,1,0.5,3,0.613014
RW10,18,0.6112498733264151,1,0.5,3,0.6001338
RW10,19,0.6095624344801577,1,0.5,3,0.5878239
RW10,20,0.6033896649944029,1,0.5,3,0.5764805
RW10,21,0.5971527839004813,1,0.5,3,0.564489
RW10,22,0.5886394830051586,1,0.5,3,0.55221844
RW10,23,0.581456358011487,1,0.5,3,0.53967476
RW10,24,0.5695013029658712,1,0.5,3,0.52737063
RW10,25,0.5557961266569272,1,0.5,3,0.5156604
RW10,26,0.5474051567570081,1,0.5,3,0.50341535
RW10,27,0.55125687415375,1,0.5,3,0.4904629
RW10,28,0.5453048889853013,1,0.5,3,0.47661877
RW10,29,0.5460438670105365,1,0.5,3,0.46220243
RW10,30,0.5345542267638814,1,0.5,3,0.44757962
RW10,31,0.5489933336557506,1,0.5,3,0.44628382
RW10,32,0.522382773482141,1,0.5,3,0.43140733
RW10,33,0.5016148874153187,1,0.5,3,0.4175477
RW10,34,0.45709804855548364,1,0.5,3,0.40462196
RW10,35,0.44563736559742767,1,0.5,3,0.3926494
RW10,36,0.4211045686596346,1,0.5,3,0.38124442
RW10,37,0.4077546171475978,1,0.5,3,0.37117195
RW10,38,0.4021701914678571,1,0.5,3,0.36002576
RW14,0,1.0,1,0.5,3,0.99997175
RW14,1,0.9644332069664016,1,0.5,3,0.9548905
RW14,2,0.9213533384370284,1,0.5,3,0.90664655
RW14,3,0.8707123594457894,1,0.5,3,0.8655521
RW14,4,0.8348278945661182,1,0.5,3,0.8286438
RW14,5,0.8004024718366409,1,0.5,3,0.7941156
RW14,6,0.7430047115117226,1,0.5,3,0.76445323
RW14,7,0.709476468046898,1,0.5,3,0.73757637
RW14,8,0.6823027697859351,1,0.5,3,0.7100303
RW14,9,0.6585988334150349,1,0.5,3,0.6836516
RW14,10,0.6253776891267986,1,0.5,3,0.6558224
RW14,11,0.5924706416874056,1,0.5,3,0.6308884
RW14,12,0.57601843109804,1,0.5,3,0.60721445
RW14,13,0.5535409217390064,1,0.5,3,0.5862931
RW14,14,0.5387222453480347,1,0.5,3,0.56644
RW14,15,0.552867285851326,1,0.5,3,0.56354237
RW14,16,0.5036045429058008,1,0.5,3,0.5461685
RW14,17,0.47883058910976284,1,0.5,3,0.5324337
RW14,18,0.4728937060347926,1,0.5,3,0.5196786
RW14,19,0.45854169582917254,1,0.5,3,0.5085627
RW14,20,0.4518166502306318,1,0.5,3,0.4987917
RW14,21,0.432531360836441,1,0.5,3,0.49101925
RW14,22,0.4200841979206751,1,0.5,3,0.48464406
RW14,23,0.4157935443883638,1,0.5,3,0.4791063
RW18,0,1.0,1,0.5,3,1.0020477
RW18,1,0.9977330149235677,1,0.5,3,0.9991439
RW18,2,0.9213655815556884,1,0.5,3,0.9243119
RW18,3,0.8925716791703614,1,0.5,3,0.88999593
RW18,4,0.8718443394852413,1,0.5,3,0.872279
RW18,5,0.8419174377110581,1,0.5,3,0.84579766
RW18,6,0.813365853114081,1,0.5,3,0.8191478
RW18,7,0.7961193757129356,1,0.5,3,0.795017
RW18,8,0.7800851421665592,1,0.5,3,0.7713267
RW18,9,0.75369280553753,1,0.5,3,0.7477198
RW18,10,0.7376318600570141,1,0.5,3,0.7244383
RW18,11,0.7056274349360556,1,0.5,3,0.70070565
RW18,12,0.6816641704071746,1,0.5,3,0.6775196
RW18,13,0.6705293405758124,1,0.5,3,0.65611374
RW18,14,0.65689339822108,1,0.5,3,0.6364299
RW18,15,0.6375308971062369,1,0.5,3,0.61759305
RW18,16,0.6343281547363112,1,0.5,3,0.6094574
RW18,17,0.609856009753373,1,0.5,3,0.59268355
RW18,18,0.5902016486507977,1,0.5,3,0.5797341
RW18,19,0.5830172536826165,1,0.5,3,0.56708145
RW18,20,0.5810826408538371,1,0.5,3,0.555449
RW18,21,0.5687453908621404,1,0.5,3,0.5445093
RW18,22,0.5542246611230017,1,0.5,3,0.53427863
RW18,23,0.5442080853160498,1,0.5,3,0.5253728
RW18,24,0.5344692122433156,1,0.5,3,0.5175481
RW18,25,0.518855432805061,1,0.5,3,0.5115223
RW18,26,0.5265886448180515,1,0.5,3,0.50567424
RW2,0,1.0,1,0.5,3,0.9930106
RW2,1,0.964138506194284,1,0.5,3,0.9742006
RW2,2,0.9249040871235984,1,0.5,3,0.94973534
RW2,3,0.8830402696076977,1,0.5,3,0.9250715
RW2,4,0.8564110608744848,1,0.5,3,0.9113587
RW2,5,0.833163794491935,1,0.5,3,0.8949589
RW2,6,0.8231850244197494,1,0.5,3,0.87783325
RW2,7,0.8057852033709737,1,0.5,3,0.86181736
RW2,8,0.7938715366638514,1,0.5,3,0.84976137
RW2,9,0.7860956497952659,1,0.5,3,0.83494455
RW2,10,0.766804449532973,1,0.5,3,0.8248737
RW2,11,0.750728888947808,1,0.5,3,0.813956
RW2,12,0.7623324166830754,1,0.5,3,0.80545473
RW2,13,0.7296788762480323,1,0.5,3,0.79265964
RW2,14,0.7184708582425151,1,0.5,3,0.78121674
RW2,15,0.7036508460351927,1,0.5,3,0.77247536
RW2,16,0.6757157785547322,1,0.5,3,0.75814354
RW2,17,0.6541025835422499,1,0.5,3,0.7468401
RW2,18,0.6504949003103174,1,0.5,3,0.7342018
RW2,19,0.652906214483479,1,0.5,3,0.71908665
RW2,20,0.6626729647795675,1,0.5,3,0.70417506
RW2,21,0.6576724393157618,1,0.5,3,0.68286556
RW2,22,0.6308359860989354,1,0.5,3,0.6443341
RW2,23,0.5883539180772349,1,0.5,3,0.62492704
RW2,24,0.5714726928240693,1,0.5,3,0.6054969
RW22,0,1.0,1,0.5,3,1.0004292
RW22,1,0.9739365032865775,1,0.5,3,0.97427243
RW22,2,0.9553948808841696,1,0.5,3,0.9396505
RW22,3,0.9149809498639752,1,0.5,3,0.9094756
RW22,4,0.8618174981582503,1,0.5,3,0.881443
RW22,5,0.8104095048251577,1,0.5,3,0.85689723
RW22,6,0.765116336467881,1,0.5,3,0.8345362
RW22,7,0.7463736626802354,1,0.5,3,0.81228256
RW22,8,0.6843131991933246,1,0.5,3,0.79020727
RW22,9,0.6666096162214906,1,0.5,3,0.7703023
RW26,0,1.0,1,0.5,3,0.99830884
RW26,1,0.9695503888019508,1,0.5,3,0.96498865
RW26,2,0.9530525699746794,1,0.5,3,0.9420545
RW26,3,0.9382100312250065,1,0.5,3,0.9215838
RW26,4,0.9249710248364101,1,0.5,3,0.90321314
RW26,5,0.9129597330190223,1,0.5,3,0.8872142
RW26,6,0.9039473720808919,1,0.5,3,0.871711
RW26,7,0.8938493013611533,1,0.5,3,0.8573058
RW26,8,0.8838201049114417,1,0.5,3,0.8442842
RW26,9,0.8776749057612828,1,0.5,3,0.83251804
RW26,10,0.8664005053062743,1,0.5,3,0.8220526
RW26,11,0.8577843772790714,1,0.5,3,0.81279224
RW26,12,0.8512266479212676,1,0.5,3,0.80537057
RW26,13,0.8442312363783513,1,0.5,3,0.79958147
RW4,0,1.0,1,0.5,3,0.9956247
RW4,1,0.952908142031966,1,0.5,3,0.9744524
RW4,2,0.9169005743143264,1,0.5,3,0.94322634
RW4,3,0.8861547650375892,1,0.5,3,0.9163508
RW4,4,0.8653798883913402,1,0.5,3,0.888745
RW4,5,0.8452071267530786,1,0.5,3,0.86609316
RW4,6,0.8228878119106672,1,0.5,3,0.84414494
RW4,7,0.8034885437099676,1,0.5,3,0.82574475
RW4,8,0.8175568100222665,1,0.5,3,0.8036716
RW4,9,0.781835479764987,1,0.5,3,0.78005606
RW4,10,0.7670246260000682,1,0.5,3,0.7575345
RW4,11,0.7443543078487312,1,0.5,3,0.7351126
RW4,12,0.7150665405639625,1,0.5,3,0.71028507
RW4,13,0.6809715885638455,1,0.5,3,0.68668807
RW4,14,0.6735233411679066,1,0.5,3,0.66133845
RW4,15,0.6479957823508535,1,0.5,3,0.6348734
RW4,16,0.6288981200103804,1,0.5,3,0.62072206
RW4,17,0.6134212256861231,1,0.5,3,0.5933045
RW4,18,0.5741659696180692,1,0.5,3,0.5702857
RW10,0,1.0,1,0.5,4,0.9969496
RW10,1,0.9784479629888402,1,0.5,4,0.9792925
RW10,2,0.9453971298202616,1,0.5,4,0.94347453
RW10,3,0.9117019022865598,1,0.5,4,0.91021043
RW10,4,0.8914739157881061,1,0.5,4,0.87730485
RW10,5,0.8372321175180194,1,0.5,4,0.83634746
RW10,6,0.8164482337318268,1,0.5,4,0.80177194
RW10,7,0.789437652957632,1,0.5,4,0.7715597
RW10,8,0.7647575279451165,1,0.5,4,0.7424995
RW10,9,0.7300635744525175,1,0.5,4,0.7188902
RW10,10,0.7075228861352875,1,0.5,4,0.69669455
RW10,11,0.6871342988910181,1,0.5,4,0.67589736
RW10,12,0.6697217219754731,1,0.5,4,0.657754
RW10,13,0.7116492649368324,1,0.5,4,0.670492
RW10,14,0.66327010566779,1,0.5,4,0.6549366
RW10,15,0.647631852731416,1,0.5,4,0.64061
RW10,16,0.6309658064312244,1,0.5,4,0.6273793
RW10,17,0.6208612914817577,1,0.5,4,0.61430925
RW10,18,0.6112498733264151,1,0.5,4,0.6028466
RW10,19,0.6095624344801577,1,0.5,4,0.5922472
RW10,20,0.6033896649944029,1,0.5,4,0.5826372
RW10,21,0.5971527839004813,1,0.5,4,0.57254654
RW10,22,0.5886394830051586,1,0.5,4,0.5624186
RW10,23,0.581456358011487,1,0.5,4,0.5522691
RW10,24,0.5695013029658712,1,0.5,4,0.54218185
RW10,25,0.5557961266569272,1,0.5,4,0.5326201
RW10,26,0.5474051567570081,1,0.5,4,0.5224334
RW10,27,0.55125687415375,1,0.5,4,0.51108646
RW10,28,0.5453048889853013,1,0.5,4,0.4986331
RW10,29,0.5460438670105365,1,0.5,4,0.48535842
RW10,30,0.5345542267638814,1,0.5,4,0.47170413
RW10,31,0.5489933336557506,1,0.5,4,0.46509564
RW10,32,0.522382773482141,1,0.5,4,0.4496225
RW10,33,0.5016148874153187,1,0.5,4,0.43557066
RW10,34,0.45709804855548364,1,0.5,4,0.42152655
RW10,35,0.44563736559742767,1,0.5,4,0.40872467
RW10,36,0.4211045686596346,1,0.5,4,0.39604676
RW10,37,0.4077546171475978,1,0.5,4,0.38449585
RW10,38,0.4021701914678571,1,0.5,4,0.37148833
RW14,0,1.0,1,0.5,4,0.99327135
RW14,1,0.9644332069664016,1,0.5,4,0.9481357
RW14,2,0.9213533384370284,1,0.5,4,0.902132
RW14,3,0.8707123594457894,1,0.5,4,0.86137086
RW14,4,0.8348278945661182,1,0.5,4,0.82497185
RW14,5,0.8004024718366409,1,0.5,4,0.7915047
RW14,6,0.7430047115117226,1,0.5,4,0.76176417
RW14,7,0.709476468046898,1,0.5,4,0.7349661
RW14,8,0.6823027697859351,1,0.5,4,0.7077029
RW14,9,0.6585988334150349,1,0.5,4,0.68166065
RW14,10,0.6253776891267986,1,0.5,4,0.65390027
RW14,11,0.5924706416874056,1,0.5,4,0.6287781
RW14,12,0.57601843109804,1,0.5,4,0.60516953
RW14,13,0.5535409217390064,1,0.5,4,0.58384746
RW14,14,0.5387222453480347,1,0.5,4,0.5635152
RW14,15,0.552867285851326,1,0.5,4,0.56054413
RW14,16,0.5036045429058008,1,0.5,4,0.54245883
RW14,17,0.47883058910976284,1,0.5,4,0.5278029
RW14,18,0.4728937060347926,1,0.5,4,0.514196
RW14,19,0.45854169582917254,1,0.5,4,0.5021187
RW14,20,0.4518166502306318,1,0.5,4,0.49133992
RW14,21,0.432531360836441,1,0.5,4,0.48232502
RW14,22,0.4200841979206751,1,0.5,4,0.47456002
RW14,23,0.4157935443883638,1,0.5,4,0.4674921
RW18,0,1.0,1,0.5,4,0.9943146
RW18,1,0.9977330149235677,1,0.5,4,0.9913938
RW18,2,0.9213655815556884,1,0.5,4,0.8917668
RW18,3,0.8925716791703614,1,0.5,4,0.8472054
RW18,4,0.8718443394852413,1,0.5,4,0.8441843
RW18,5,0.8419174377110581,1,0.5,4,0.8201775
RW18,6,0.813365853114081,1,0.5,4,0.79299283
RW18,7,0.7961193757129356,1,0.5,4,0.7714785
RW18,8,0.7800851421665592,1,0.5,4,0.7503458
RW18,9,0.75369280553753,1,0.5,4,0.72867393
RW18,10,0.7376318600570141,1,0.5,4,0.70746726
RW18,11,0.7056274349360556,1,0.5,4,0.68504596
RW18,12,0.6816641704071746,1,0.5,4,0.6630042
RW18,13,0.6705293405758124,1,0.5,4,0.6426087
RW18,14,0.65689339822108,1,0.5,4,0.623791
RW18,15,0.6375308971062369,1,0.5,4,0.6059607
RW18,16,0.6343281547363112,1,0.5,4,0.598346
RW18,17,0.609856009753373,1,0.5,4,0.58221567
RW18,18,0.5902016486507977,1,0.5,4,0.56925356
RW18,19,0.5830172536826165,1,0.5,4,0.5567677
RW18,20,0.5810826408538371,1,0.5,4,0.5453012
RW18,21,0.5687453908621404,1,0.5,4,0.53449106
RW18,22,0.5542246611230017,1,0.5,4,0.5243019
RW18,23,0.5442080853160498,1,0.5,4,0.515279
RW18,24,0.5344692122433156,1,0.5,4,0.5071779
RW18,25,0.518855432805061,1,0.5,4,0.5007405
RW18,26,0.5265886448180515,1,0.5,4,0.49434787
RW2,0,1.0,1,0.5,4,0.982495
RW2,1,0.964138506194284,1,0.5,4,0.97036684
RW2,2,0.9249040871235984,1,0.5,4,0.9496694
RW2,3,0.8830402696076977,1,0.5,4,0.9248434
RW2,4,0.8564110608744848,1,0.5,4,0.9172275
RW2,5,0.833163794491935,1,0.5,4,0.90125275
RW2,6,0.8231850244197494,1,0.5,4,0.88363785
RW2,7,0.8057852033709737,1,0.5,4,0.8666673
RW2,8,0.7938715366638514,1,0.5,4,0.8546542
RW2,9,0.7860956497952659,1,0.5,4,0.83843696
RW2,10,0.766804449532973,1,0.5,4,0.82807773
RW2,11,0.750728888947808,1,0.5,4,0.81647444
RW2,12,0.7623324166830754,1,0.5,4,0.8068197
RW2,13,0.7296788762480323,1,0.5,4,0.7925245
RW2,14,0.7184708582425151,1,0.5,4,0.7797012
RW2,15,0.7036508460351927,1,0.5,4,0.7695806
RW2,16,0.6757157785547322,1,0.5,4,0.75359493
RW2,17,0.6541025835422499,1,0.5,4,0.7406897
RW2,18,0.6504949003103174,1,0.5,4,0.7266439
RW2,19,0.652906214483479,1,0.5,4,0.7101816
RW2,20,0.6626729647795675,1,0.5,4,0.6938533
RW2,21,0.6576724393157618,1,0.5,4,0.6717185
RW2,22,0.6308359860989354,1,0.5,4,0.63306355
RW2,23,0.5883539180772349,1,0.5,4,0.6138493
RW2,24,0.5714726928240693,1,0.5,4,0.5950179
RW22,0,1.0,1,0.5,4,0.9976729
RW22,1,0.9739365032865775,1,0.5,4,0.9798198
RW22,2,0.9553948808841696,1,0.5,4,0.93828994
RW22,3,0.9149809498639752,1,0.5,4,0.90261483
RW22,4,0.8618174981582503,1,0.5,4,0.87023026
RW22,5,0.8104095048251577,1,0.5,4,0.8446902
RW22,6,0.765116336467881,1,0.5,4,0.8234737
RW22,7,0.7463736626802354,1,0.5,4,0.8043979
RW22,8,0.6843131991933246,1,0.5,4,0.78762764
RW22,9,0.6666096162214906,1,0.5,4,0.7749704
RW26,0,1.0,1,0.5,4,0.99433404
RW26,1,0.9695503888019508,1,0.5,4,0.95496005
RW26,2,0.9530525699746794,1,0.5,4,0.93287456
RW26,3,0.9382100312250065,1,0.5,4,0.91400844
RW26,4,0.9249710248364101,1,0.5,4,0.8990403
RW26,5,0.9129597330190223,1,0.5,4,0.8864432
RW26,6,0.9039473720808919,1,0.5,4,0.87434745
RW26,7,0.8938493013611533,1,0.5,4,0.8629475
RW26,8,0.8838201049114417,1,0.5,4,0.8520121
RW26,9,0.8776749057612828,1,0.5,4,0.84190553
RW26,10,0.8664005053062743,1,0.5,4,0.8326403
RW26,11,0.8577843772790714,1,0.5,4,0.8237609
RW26,12,0.8512266479212676,1,0.5,4,0.8160951
RW26,13,0.8442312363783513,1,0.5,4,0.80940795
RW4,0,1.0,1,0.5,4,0.9908824
RW4,1,0.952908142031966,1,0.5,4,0.9663209
RW4,2,0.9169005743143264,1,0.5,4,0.9364135
RW4,3,0.8861547650375892,1,0.5,4,0.9100182
RW4,4,0.8653798883913402,1,0.5,4,0.88337755
RW4,5,0.8452071267530786,1,0.5,4,0.86138934
RW4,6,0.8228878119106672,1,0.5,4,0.8397885
RW4,7,0.8034885437099676,1,0.5,4,0.8217926
RW4,8,0.8175568100222665,1,0.5,4,0.80021906
RW4,9,0.781835479764987,1,0.5,4,0.7771113
RW4,10,0.7670246260000682,1,0.5,4,0.7550037
RW4,11,0.7443543078487312,1,0.5,4,0.7326934
RW4,12,0.7150665405639625,1,0.5,4,0.7075726
RW4,13,0.6809715885638455,1,0.5,4,0.6839722
RW4,14,0.6735233411679066,1,0.5,4,0.6589363
RW4,15,0.6479957823508535,1,0.5,4,0.63298917
RW4,16,0.6288981200103804,1,0.5,4,0.6194074
RW4,17,0.6134212256861231,1,0.5,4,0.5926563
RW4,18,0.5741659696180692,1,0.5,4,0.5698712
RW10,0,1.0,1,0.25,0,1.0035
RW10,1,0.9784479629888402,1,0.25,0,0.9855181
RW10,2,0.9453971298202616,1,0.25,0,0.9478078
RW10,3,0.9117019022865598,1,0.25,0,0.9143033
RW10,4,0.8914739157881061,1,0.25,0,0.8812433
RW10,5,0.8372321175180194,1,0.25,0,0.84369457
RW10,6,0.8164482337318268,1,0.25,0,0.8079425
RW10,7,0.789437652957632,1,0.25,0,0.7778817
RW10,8,0.7647575279451165,1,0.25,0,0.7491197
RW10,9,0.7300635744525175,1,0.25,0,0.72646606
RW10,10,0.7075228861352875,1,0.25,0,0.7060083
RW10,11,0.6871342988910181,1,0.25,0,0.68618363
RW10,12,0.6697217219754731,1,0.25,0,0.6691305
RW10,13,0.7116492649368324,1,0.25,0,0.677835
RW10,14,0.66327010566779,1,0.25,0,0.6624582
RW10,15,0.647631852731416,1,0.25,0,0.6483419
RW10,16,0.6309658064312244,1,0.25,0,0.6353454
RW10,17,0.6208612914817577,1,0.25,0,0.62213784
RW10,18,0.6112498733264151,1,0.25,0,0.61045104
RW10,19,0.6095624344801577,1,0.25,0,0.59933656
RW10,20,0.6033896649944029,1,0.25,0,0.589085
RW10,21,0.5971527839004813,1,0.25,0,0.5782589
RW10,22,0.5886394830051586,1,0.25,0,0.5674751
RW10,23,0.581456358011487,1,0.25,0,0.55653274
RW10,24,0.5695013029658712,1,0.25,0,0.54574776
RW10,25,0.5557961266569272,1,0.25,0,0.5355244
RW10,26,0.5474051567570081,1,0.25,0,0.5248297
RW10,27,0.55125687415375,1,0.25,0,0.51327795
RW10,28,0.5453048889853013,1,0.25,0,0.50095755
RW10,29,0.5460438670105365,1,0.25,0,0.4878136
RW10,30,0.5345542267638814,1,0.25,0,0.4741816
RW10,31,0.5489933336557506,1,0.25,0,0.4676845
RW10,32,0.522382773482141,1,0.25,0,0.45297635
RW10,33,0.5016148874153187,1,0.25,0,0.43972743
RW10,34,0.45709804855548364,1,0.25,0,0.4264617
RW10,35,0.44563736559742767,1,0.25,0,0.41470146
RW10,36,0.4211045686596346,1,0.25,0,0.40311074
RW10,37,0.4077546171475978,1,0.25,0,0.3926471
RW10,38,0.4021701914678571,1,0.25,0,0.38104677
RW14,0,1.0,1,0.25,0,1.0021635
RW14,1,0.9644332069664016,1,0.25,0,0.95612705
RW14,2,0.9213533384370284,1,0.25,0,0.91190916
RW14,3,0.8707123594457894,1,0.25,0,0.87083286
RW14,4,0.8348278945661182,1,0.25,0,0.83439356
RW14,5,0.8004024718366409,1,0.25,0,0.80139816
RW14,6,0.7430047115117226,1,0.25,0,0.77145016
RW14,7,0.709476468046898,1,0.25,0,0.74428934
RW14,8,0.6823027697859351,1,0.25,0,0.7166279
RW14,9,0.6585988334150349,1,0.25,0,0.69034064
RW14,10,0.6253776891267986,1,0.25,0,0.6624367
RW14,11,0.5924706416874056,1,0.25,0,0.63702416
RW14,12,0.57601843109804,1,0.25,0,0.6136132
RW14,13,0.5535409217390064,1,0.25,0,0.5921832
RW14,14,0.5387222453480347,1,0.25,0,0.5719745
RW14,15,0.552867285851326,1,0.25,0,0.5690474
RW14,16,0.5036045429058008,1,0.25,0,0.5509304
RW14,17,0.47883058910976284,1,0.25,0,0.53577423
RW14,18,0.4728937060347926,1,0.25,0,0.5220437
RW14,19,0.45854169582917254,1,0.25,0,0.50990516
RW14,20,0.4518166502306318,1,0.25,0,0.4993686
RW14,21,0.432531360836441,1,0.25,0,0.49017644
RW14,22,0.4200841979206751,1,0.25,0,0.48206437
RW14,23,0.4157935443883638,1,0.25,0,0.4748013
RW18,0,1.0,1,0.25,0,1.0004061
RW18,1,0.9977330149235677,1,0.25,0,0.99752104
RW18,2,0.9213655815556884,1,0.25,0,0.9122567
RW18,3,0.8925716791703614,1,0.25,0,0.86947995
RW18,4,0.8718443394852413,1,0.25,0,0.85798216
RW18,5,0.8419174377110581,1,0.25,0,0.8316064
RW18,6,0.813365853114081,1,0.25,0,0.80235505
RW18,7,0.7961193757129356,1,0.25,0,0.77819276
RW18,8,0.7800851421665592,1,0.25,0,0.7547756
RW18,9,0.75369280553753,1,0.25,0,0.7309121
RW18,10,0.7376318600570141,1,0.25,0,0.70866126
RW18,11,0.7056274349360556,1,0.25,0,0.68515724
RW18,12,0.6816641704071746,1,0.25,0,0.6622412
RW18,13,0.6705293405758124,1,0.25,0,0.64161783
RW18,14,0.65689339822108,1,0.25,0,0.6226608
RW18,15,0.6375308971062369,1,0.25,0,0.60521525
RW18,16,0.6343281547363112,1,0.25,0,0.59798676
RW18,17,0.609856009753373,1,0.25,0,0.5820348
RW18,18,0.5902016486507977,1,0.25,0,0.568282
RW18,19,0.5830172536826165,1,0.25,0,0.5553895
RW18,20,0.5810826408538371,1,0.25,0,0.5437376
RW18,21,0.5687453908621404,1,0.25,0,0.5328218
RW18,22,0.5542246611230017,1,0.25,0,0.5225873
RW18,23,0.5442080853160498,1,0.25,0,0.51344985
RW18,24,0.5344692122433156,1,0.25,0,0.5050812
RW18,25,0.518855432805061,1,0.25,0,0.49782348
RW18,26,0.5265886448180515,1,0.25,0,0.49110895
RW2,0,1.0,1,0.25,0,0.9860454
RW2,1,0.964138506194284,1,0.25,0,0.9836651
RW2,2,0.9249040871235984,1,0.25,0,0.9652534
RW2,3,0.8830402696076977,1,0.25,0,0.93914115
RW2,4,0.8564110608744848,1,0.25,0,0.93775225
RW2,5,0.833163794491935,1,0.25,0,0.92158145
RW2,6,0.8231850244197494,1,0.25,0,0.9023111
RW2,7,0.8057852033709737,1,0.25,0,0.88305306
RW2,8,0.7938715366638514,1,0.25,0,0.87024784
RW2,9,0.7860956497952659,1,0.25,0,0.8511889
RW2,10,0.766804449532973,1,0.25,0,0.8395854
RW2,11,0.750728888947808,1,0.25,0,0.8262712
RW2,12,0.7623324166830754,1,0.25,0,0.8139442
RW2,13,0.7296788762480323,1,0.25,0,0.7973856
RW2,14,0.7184708582425151,1,0.25,0,0.78274155
RW2,15,0.7036508460351927,1,0.25,0,0.7713217
RW2,16,0.6757157785547322,1,0.25,0,0.75446975
RW2,17,0.6541025835422499,1,0.25,0,0.7411491
RW2,18,0.6504949003103174,1,0.25,0,0.7270454
RW2,19,0.652906214483479,1,0.25,0,0.7109841
RW2,20,0.6626729647795675,1,0.25,0,0.69540215
RW2,21,0.6576724393157618,1,0.25,0,0.67510474
RW2,22,0.6308359860989354,1,0.25,0,0.6403859
RW2,23,0.5883539180772349,1,0.25,0,0.6233181
RW2,24,0.5714726928240693,1,0.25,0,0.6065742
RW22,0,1.0,1,0.25,0,1.0014246
RW22,1,0.9739365032865775,1,0.25,0,0.98219657
RW22,2,0.9553948808841696,1,0.25,0,0.94129944
RW22,3,0.9149809498639752,1,0.25,0,0.9062684
RW22,4,0.8618174981582503,1,0.25,0,0.874215
RW22,5,0.8104095048251577,1,0.25,0,0.84879404
RW22,6,0.765116336467881,1,0.25,0,0.8269894
RW22,7,0.7463736626802354,1,0.25,0,0.8066184
RW22,8,0.6843131991933246,1,0.25,0,0.78817576
RW22,9,0.6666096162214906,1,0.25,0,0.77406967
RW26,0,1.0,1,0.25,0,0.99686795
RW26,1,0.9695503888019508,1,0.25,0,0.9680182
RW26,2,0.9530525699746794,1,0.25,0,0.94713527
RW26,3,0.9382100312250065,1,0.25,0,0.92932856
RW26,4,0.9249710248364101,1,0.25,0,0.915674
RW26,5,0.9129597330190223,1,0.25,0,0.9039966
RW26,6,0.9039473720808919,1,0.25,0,0.8931722
RW26,7,0.8938493013611533,1,0.25,0,0.8826578
RW26,8,0.8838201049114417,1,0.25,0,0.8722458
RW26,9,0.8776749057612828,1,0.25,0,0.86263466
RW26,10,0.8664005053062743,1,0.25,0,0.8535265
RW26,11,0.8577843772790714,1,0.25,0,0.8446715
RW26,12,0.8512266479212676,1,0.25,0,0.8369583
RW26,13,0.8442312363783513,1,0.25,0,0.83029807
RW4,0,1.0,1,0.25,0,0.9966618
RW4,1,0.952908142031966,1,0.25,0,0.97381914
RW4,2,0.9169005743143264,1,0.25,0,0.94434035
RW4,3,0.8861547650375892,1,0.25,0,0.91768134
RW4,4,0.8653798883913402,1,0.25,0,0.89102256
RW4,5,0.8452071267530786,1,0.25,0,0.86895835
RW4,6,0.8228878119106672,1,0.25,0,0.846697
RW4,7,0.8034885437099676,1,0.25,0,0.82796365
RW4,8,0.8175568100222665,1,0.25,0,0.8056441
RW4,9,0.781835479764987,1,0.25,0,0.78152996
RW4,10,0.7670246260000682,1,0.25,0,0.7586461
RW4,11,0.7443543078487312,1,0.25,0,0.73525107
RW4,12,0.7150665405639625,1,0.25,0,0.7094531
RW4,13,0.6809715885638455,1,0.25,0,0.68574286
RW4,14,0.6735233411679066,1,0.25,0,0.6614651
RW4,15,0.6479957823508535,1,0.25,0,0.63718486
RW4,16,0.6288981200103804,1,0.25,0,0.6250157
RW4,17,0.6134212256861231,1,0.25,0,0.60136473
RW4,18,0.5741659696180692,1,0.25,0,0.58100855
RW10,0,1.0,1,0.25,1,1.0071691
RW10,1,0.9784479629888402,1,0.25,1,0.98190063
RW10,2,0.9453971298202616,1,0.25,1,0.95147437
RW10,3,0.9117019022865598,1,0.25,1,0.9200058
RW10,4,0.8914739157881061,1,0.25,1,0.88857913
RW10,5,0.8372321175180194,1,0.25,1,0.8505881
RW10,6,0.8164482337318268,1,0.25,1,0.81802005
RW10,7,0.789437652957632,1,0.25,1,0.78869474
RW10,8,0.7647575279451165,1,0.25,1,0.7594912
RW10,9,0.7300635744525175,1,0.25,1,0.7352845
RW10,10,0.7075228861352875,1,0.25,1,0.71224976
RW10,11,0.6871342988910181,1,0.25,1,0.68944967
RW10,12,0.6697217219754731,1,0.25,1,0.6695447
RW10,13,0.7116492649368324,1,0.25,1,0.67757004
RW10,14,0.66327010566779,1,0.25,1,0.65993184
RW10,15,0.647631852731416,1,0.25,1,0.64364004
RW10,16,0.6309658064312244,1,0.25,1,0.6286927
RW10,17,0.6208612914817577,1,0.25,1,0.6136587
RW10,18,0.6112498733264151,1,0.25,1,0.60044426
RW10,19,0.6095624344801577,1,0.25,1,0.58807814
RW10,20,0.6033896649944029,1,0.25,1,0.57704854
RW10,21,0.5971527839004813,1,0.25,1,0.56565166
RW10,22,0.5886394830051586,1,0.25,1,0.55453056
RW10,23,0.581456358011487,1,0.25,1,0.54349816
RW10,24,0.5695013029658712,1,0.25,1,0.53273726
RW10,25,0.5557961266569272,1,0.25,1,0.5229559
RW10,26,0.5474051567570081,1,0.25,1,0.51286364
RW10,27,0.55125687415375,1,0.25,1,0.5018744
RW10,28,0.5453048889853013,1,0.25,1,0.49008912
RW10,29,0.5460438670105365,1,0.25,1,0.4774636
RW10,30,0.5345542267638814,1,0.25,1,0.46483064
RW10,31,0.5489933336557506,1,0.25,1,0.46545923
RW10,32,0.522382773482141,1,0.25,1,0.45218372
RW10,33,0.5016148874153187,1,0.25,1,0.4401027
RW10,34,0.45709804855548364,1,0.25,1,0.4289428
RW10,35,0.44563736559742767,1,0.25,1,0.41906512
RW10,36,0.4211045686596346,1,0.25,1,0.4098106
RW10,37,0.4077546171475978,1,0.25,1,0.40180445
RW10,38,0.4021701914678571,1,0.25,1,0.39276177
RW14,0,1.0,1,0.25,1,0.9985624
RW14,1,0.9644332069664016,1,0.25,1,0.9602549
RW14,2,0.9213533384370284,1,0.25,1,0.908393
RW14,3,0.8707123594457894,1,0.25,1,0.86832446
RW14,4,0.8348278945661182,1,0.25,1,0.8308357
RW14,5,0.8004024718366409,1,0.25,1,0.79519796
RW14,6,0.7430047115117226,1,0.25,1,0.7652803
RW14,7,0.709476468046898,1,0.25,1,0.7382299
RW14,8,0.6823027697859351,1,0.25,1,0.71099085
RW14,9,0.6585988334150349,1,0.25,1,0.68522096
RW14,10,0.6253776891267986,1,0.25,1,0.6587395
RW14,11,0.5924706416874056,1,0.25,1,0.63474315
RW14,12,0.57601843109804,1,0.25,1,0.6117854
RW14,13,0.5535409217390064,1,0.25,1,0.5913843
RW14,14,0.5387222453480347,1,0.25,1,0.5719709
RW14,15,0.552867285851326,1,0.25,1,0.5691628
RW14,16,0.5036045429058008,1,0.25,1,0.5520259
RW14,17,0.47883058910976284,1,0.25,1,0.5382205
RW14,18,0.4728937060347926,1,0.25,1,0.5254539
RW14,19,0.45854169582917254,1,0.25,1,0.5144485
RW14,20,0.4518166502306318,1,0.25,1,0.5048867
RW14,21,0.432531360836441,1,0.25,1,0.4974252
RW14,22,0.4200841979206751,1,0.25,1,0.49151456
RW14,23,0.4157935443883638,1,0.25,1,0.48663497
RW18,0,1.0,1,0.25,1,1.005007
RW18,1,0.9977330149235677,1,0.25,1,1.0005845
RW18,2,0.9213655815556884,1,0.25,1,0.94104844
RW18,3,0.8925716791703614,1,0.25,1,0.90665406
RW18,4,0.8718443394852413,1,0.25,1,0.8747708
RW18,5,0.8419174377110581,1,0.25,1,0.84553385
RW18,6,0.813365853114081,1,0.25,1,0.8186557
RW18,7,0.7961193757129356,1,0.25,1,0.7931418
RW18,8,0.7800851421665592,1,0.25,1,0.7692659
RW18,9,0.75369280553753,1,0.25,1,0.74677324
RW18,10,0.7376318600570141,1,0.25,1,0.7251362
RW18,11,0.7056274349360556,1,0.25,1,0.7035587
RW18,12,0.6816641704071746,1,0.25,1,0.6822431
RW18,13,0.6705293405758124,1,0.25,1,0.66211855
RW18,14,0.65689339822108,1,0.25,1,0.64313227
RW18,15,0.6375308971062369,1,0.25,1,0.6245314
RW18,16,0.6343281547363112,1,0.25,1,0.6163767
RW18,17,0.609856009753373,1,0.25,1,0.59928894
RW18,18,0.5902016486507977,1,0.25,1,0.58590454
RW18,19,0.5830172536826165,1,0.25,1,0.57255244
RW18,20,0.5810826408538371,1,0.25,1,0.5600344
RW18,21,0.5687453908621404,1,0.25,1,0.548085
RW18,22,0.5542246611230017,1,0.25,1,0.5367394
RW18,23,0.5442080853160498,1,0.25,1,0.52674186
RW18,24,0.5344692122433156,1,0.25,1,0.51788485
RW18,25,0.518855432805061,1,0.25,1,0.5111244
RW18,26,0.5265886448180515,1,0.25,1,0.5044064
RW2,0,1.0,1,0.25,1,1.0016577
RW2,1,0.964138506194284,1,0.25,1,0.96938443
RW2,2,0.9249040871235984,1,0.25,1,0.9482809
RW2,3,0.8830402696076977,1,0.25,1,0.9261323
RW2,4,0.8564110608744848,1,0.25,1,0.914971
RW2,5,0.833163794491935,1,0.25,1,0.9003923
RW2,6,0.8231850244197494,1,0.25,1,0.8849636
RW2,7,0.8057852033709737,1,0.25,1,0.870129
RW2,8,0.7938715366638514,1,0.25,1,0.85958225
RW2,9,0.7860956497952659,1,0.25,1,0.8452809
RW2,10,0.766804449532973,1,0.25,1,0.83594775
RW2,11,0.750728888947808,1,0.25,1,0.8254724
RW2,12,0.7623324166830754,1,0.25,1,0.8152522
RW2,13,0.7296788762480323,1,0.25,1,0.80175936
RW2,14,0.7184708582425151,1,0.25,1,0.78970575
RW2,15,0.7036508460351927,1,0.25,1,0.7808768
RW2,16,0.6757157785547322,1,0.25,1,0.76661074
RW2,17,0.6541025835422499,1,0.25,1,0.7558621
RW2,18,0.6504949003103174,1,0.25,1,0.74387777
RW2,19,0.652906214483479,1,0.25,1,0.7297341
RW2,20,0.6626729647795675,1,0.25,1,0.7160691
RW2,21,0.6576724393157618,1,0.25,1,0.69655836
RW2,22,0.6308359860989354,1,0.25,1,0.6609529
RW2,23,0.5883539180772349,1,0.25,1,0.6428467
RW2,24,0.5714726928240693,1,0.25,1,0.624346
RW22,0,1.0,1,0.25,1,0.9922143
RW22,1,0.9739365032865775,1,0.25,1,0.98730564
RW22,2,0.9553948808841696,1,0.25,1,0.9479692
RW22,3,0.9149809498639752,1,0.25,1,0.91311496
RW22,4,0.8618174981582503,1,0.25,1,0.8805727
RW22,5,0.8104095048251577,1,0.25,1,0.8531952
RW22,6,0.765116336467881,1,0.25,1,0.8289542
RW22,7,0.7463736626802354,1,0.25,1,0.8054808
RW22,8,0.6843131991933246,1,0.25,1,0.78306806
RW22,9,0.6666096162214906,1,0.25,1,0.7639003
RW26,0,1.0,1,0.25,1,0.9880383
RW26,1,0.9695503888019508,1,0.25,1,0.95215994
RW26,2,0.9530525699746794,1,0.25,1,0.93000984
RW26,3,0.9382100312250065,1,0.25,1,0.91115063
RW26,4,0.9249710248364101,1,0.25,1,0.89552045
RW26,5,0.9129597330190223,1,0.25,1,0.8826717
RW26,6,0.9039473720808919,1,0.25,1,0.8702767
RW26,7,0.8938493013611533,1,0.25,1,0.85879505
RW26,8,0.8838201049114417,1,0.25,1,0.84809506
RW26,9,0.8776749057612828,1,0.25,1,0.8384535
RW26,10,0.8664005053062743,1,0.25,1,0.8297503
RW26,11,0.8577843772790714,1,0.25,1,0.82163626
RW26,12,0.8512266479212676,1,0.25,1,0.8150403
RW26,13,0.8442312363783513,1,0.25,1,0.8098468
RW4,0,1.0,1,0.25,1,0.99616075
RW4,1,0.952908142031966,1,0.25,1,0.9747057
RW4,2,0.9169005743143264,1,0.25,1,0.94321626
RW4,3,0.8861547650375892,1,0.25,1,0.91572976
RW4,4,0.8653798883913402,1,0.25,1,0.88868374
RW4,5,0.8452071267530786,1,0.25,1,0.8657723
RW4,6,0.8228878119106672,1,0.25,1,0.84409106
RW4,7,0.8034885437099676,1,0.25,1,0.82538915
RW4,8,0.8175568100222665,1,0.25,1,0.80263734
RW4,9,0.781835479764987,1,0.25,1,0.7790812
RW4,10,0.7670246260000682,1,0.25,1,0.75737846
RW4,11,0.7443543078487312,1,0.25,1,0.7361568
RW4,12,0.7150665405639625,1,0.25,1,0.71333647
RW4,13,0.6809715885638455,1,0.25,1,0.6912068
RW4,14,0.6735233411679066,1,0.25,1,0.6673006
RW4,15,0.6479957823508535,1,0.25,1,0.6423439
RW4,16,0.6288981200103804,1,0.25,1,0.6287397
RW4,17,0.6134212256861231,1,0.25,1,0.6025051
RW4,18,0.5741659696180692,1,0.25,1,0.5799587
RW10,0,1.0,1,0.25,2,1.0084581
RW10,1,0.9784479629888402,1,0.25,2,0.98572165
RW10,2,0.9453971298202616,1,0.25,2,0.9501248
RW10,3,0.9117019022865598,1,0.25,2,0.91552526
RW10,4,0.8914739157881061,1,0.25,2,0.88184196
RW10,5,0.8372321175180194,1,0.25,2,0.83737683
RW10,6,0.8164482337318268,1,0.25,2,0.802503
RW10,7,0.789437652957632,1,0.25,2,0.7722286
RW10,8,0.7647575279451165,1,0.25,2,0.7438177
RW10,9,0.7300635744525175,1,0.25,2,0.720862
RW10,10,0.7075228861352875,1,0.25,2,0.6988689
RW10,11,0.6871342988910181,1,0.25,2,0.6784259
RW10,12,0.6697217219754731,1,0.25,2,0.6605799
RW10,13,0.7116492649368324,1,0.25,2,0.6686875
RW10,14,0.66327010566779,1,0.25,2,0.6532972
RW10,15,0.647631852731416,1,0.25,2,0.6388914
RW10,16,0.6309658064312244,1,0.25,2,0.62540996
RW10,17,0.6208612914817577,1,0.25,2,0.6118622
RW10,18,0.6112498733264151,1,0.25,2,0.59953463
RW10,19,0.6095624344801577,1,0.25,2,0.58781785
RW10,20,0.6033896649944029,1,0.25,2,0.57709056
RW10,21,0.5971527839004813,1,0.25,2,0.5658545
RW10,22,0.5886394830051586,1,0.25,2,0.5543834
RW10,23,0.581456358011487,1,0.25,2,0.5428041
RW10,24,0.5695013029658712,1,0.25,2,0.53120506
RW10,25,0.5557961266569272,1,0.25,2,0.5203876
RW10,26,0.5474051567570081,1,0.25,2,0.50896704
RW10,27,0.55125687415375,1,0.25,2,0.49659824
RW10,28,0.5453048889853013,1,0.25,2,0.48307258
RW10,29,0.5460438670105365,1,0.25,2,0.4688961
RW10,30,0.5345542267638814,1,0.25,2,0.4546122
RW10,31,0.5489933336557506,1,0.25,2,0.45150864
RW10,32,0.522382773482141,1,0.25,2,0.43647313
RW10,33,0.5016148874153187,1,0.25,2,0.4227817
RW10,34,0.45709804855548364,1,0.25,2,0.41000146
RW10,35,0.44563736559742767,1,0.25,2,0.3982703
RW10,36,0.4211045686596346,1,0.25,2,0.3871876
RW10,37,0.4077546171475978,1,0.25,2,0.37742913
RW10,38,0.4021701914678571,1,0.25,2,0.36656994
RW14,0,1.0,1,0.25,2,0.9977746
RW14,1,0.9644332069664016,1,0.25,2,0.95429856
RW14,2,0.9213533384370284,1,0.25,2,0.90274566
RW14,3,0.8707123594457894,1,0.25,2,0.8611567
RW14,4,0.8348278945661182,1,0.25,2,0.8237387
RW14,5,0.8004024718366409,1,0.25,2,0.79016256
RW14,6,0.7430047115117226,1,0.25,2,0.7625171
RW14,7,0.709476468046898,1,0.25,2,0.7380971
RW14,8,0.6823027697859351,1,0.25,2,0.7138858
RW14,9,0.6585988334150349,1,0.25,2,0.6910156
RW14,10,0.6253776891267986,1,0.25,2,0.6668112
RW14,11,0.5924706416874056,1,0.25,2,0.6438111
RW14,12,0.57601843109804,1,0.25,2,0.6215869
RW14,13,0.5535409217390064,1,0.25,2,0.6004184
RW14,14,0.5387222453480347,1,0.25,2,0.57953346
RW14,15,0.552867285851326,1,0.25,2,0.57644033
RW14,16,0.5036045429058008,1,0.25,2,0.5568336
RW14,17,0.47883058910976284,1,0.25,2,0.5400714
RW14,18,0.4728937060347926,1,0.25,2,0.5244562
RW14,19,0.45854169582917254,1,0.25,2,0.5105367
RW14,20,0.4518166502306318,1,0.25,2,0.4984098
RW14,21,0.432531360836441,1,0.25,2,0.4884166
RW14,22,0.4200841979206751,1,0.25,2,0.48025692
RW14,23,0.4157935443883638,1,0.25,2,0.4735551
RW18,0,1.0,1,0.25,2,1.005285
RW18,1,0.9977330149235677,1,0.25,2,1.0015599
RW18,2,0.9213655815556884,1,0.25,2,0.9331717
RW18,3,0.8925716791703614,1,0.25,2,0.89004856
RW18,4,0.8718443394852413,1,0.25,2,0.8648706
RW18,5,0.8419174377110581,1,0.25,2,0.83531654
RW18,6,0.813365853114081,1,0.25,2,0.8071211
RW18,7,0.7961193757129356,1,0.25,2,0.7828857
RW18,8,0.7800851421665592,1,0.25,2,0.7605883
RW18,9,0.75369280553753,1,0.25,2,0.7392723
RW18,10,0.7376318600570141,1,0.25,2,0.71910495
RW18,11,0.7056274349360556,1,0.25,2,0.69818115
RW18,12,0.6816641704071746,1,0.25,2,0.67733485
RW18,13,0.6705293405758124,1,0.25,2,0.65776455
RW18,14,0.65689339822108,1,0.25,2,0.6393262
RW18,15,0.6375308971062369,1,0.25,2,0.6212866
RW18,16,0.6343281547363112,1,0.25,2,0.6133115
RW18,17,0.609856009753373,1,0.25,2,0.5963997
RW18,18,0.5902016486507977,1,0.25,2,0.58303624
RW18,19,0.5830172536826165,1,0.25,2,0.56987053
RW18,20,0.5810826408538371,1,0.25,2,0.5576981
RW18,21,0.5687453908621404,1,0.25,2,0.54609436
RW18,22,0.5542246611230017,1,0.25,2,0.5351101
RW18,23,0.5442080853160498,1,0.25,2,0.52556324
RW18,24,0.5344692122433156,1,0.25,2,0.51727855
RW18,25,0.518855432805061,1,0.25,2,0.51142037
RW18,26,0.5265886448180515,1,0.25,2,0.5056705
RW2,0,1.0,1,0.25,2,1.0056798
RW2,1,0.964138506194284,1,0.25,2,0.97371405
RW2,2,0.9249040871235984,1,0.25,2,0.950626
RW2,3,0.8830402696076977,1,0.25,2,0.92409945
RW2,4,0.8564110608744848,1,0.25,2,0.91258824
RW2,5,0.833163794491935,1,0.25,2,0.8946047
RW2,6,0.8231850244197494,1,0.25,2,0.8755728
RW2,7,0.8057852033709737,1,0.25,2,0.8577845
RW2,8,0.7938715366638514,1,0.25,2,0.8448684
RW2,9,0.7860956497952659,1,0.25,2,0.82906806
RW2,10,0.766804449532973,1,0.25,2,0.81846523
RW2,11,0.750728888947808,1,0.25,2,0.80739534
RW2,12,0.7623324166830754,1,0.25,2,0.79764825
RW2,13,0.7296788762480323,1,0.25,2,0.7858363
RW2,14,0.7184708582425151,1,0.25,2,0.7758863
RW2,15,0.7036508460351927,1,0.25,2,0.76882124
RW2,16,0.6757157785547322,1,0.25,2,0.75757784
RW2,17,0.6541025835422499,1,0.25,2,0.74898064
RW2,18,0.6504949003103174,1,0.25,2,0.7391219
RW2,19,0.652906214483479,1,0.25,2,0.7270229
RW2,20,0.6626729647795675,1,0.25,2,0.71469694
RW2,21,0.6576724393157618,1,0.25,2,0.69659525
RW2,22,0.6308359860989354,1,0.25,2,0.6617055
RW2,23,0.5883539180772349,1,0.25,2,0.6426358
RW2,24,0.5714726928240693,1,0.25,2,0.6223783
RW22,0,1.0,1,0.25,2,1.0011487
RW22,1,0.9739365032865775,1,0.25,2,0.99003935
RW22,2,0.9553948808841696,1,0.25,2,0.9480134
RW22,3,0.9149809498639752,1,0.25,2,0.9131029
RW22,4,0.8618174981582503,1,0.25,2,0.88212365
RW22,5,0.8104095048251577,1,0.25,2,0.85687023
RW22,6,0.765116336467881,1,0.25,2,0.8346138
RW22,7,0.7463736626802354,1,0.25,2,0.81219524
RW22,8,0.6843131991933246,1,0.25,2,0.7887119
RW22,9,0.6666096162214906,1,0.25,2,0.765466
RW26,0,1.0,1,0.25,2,0.99628276
RW26,1,0.9695503888019508,1,0.25,2,0.9557669
RW26,2,0.9530525699746794,1,0.25,2,0.93394166
RW26,3,0.9382100312250065,1,0.25,2,0.91547096
RW26,4,0.9249710248364101,1,0.25,2,0.8991562
RW26,5,0.9129597330190223,1,0.25,2,0.8856896
RW26,6,0.9039473720808919,1,0.25,2,0.87117636
RW26,7,0.8938493013611533,1,0.25,2,0.85691166
RW26,8,0.8838201049114417,1,0.25,2,0.84270954
RW26,9,0.8776749057612828,1,0.25,2,0.8284858
RW26,10,0.8664005053062743,1,0.25,2,0.8144779
RW26,11,0.8577843772790714,1,0.25,2,0.80002564
RW26,12,0.8512266479212676,1,0.25,2,0.7861748
RW26,13,0.8442312363783513,1,0.25,2,0.77293915
RW4,0,1.0,1,0.25,2,0.99903476
RW4,1,0.952908142031966,1,0.25,2,0.9767873
RW4,2,0.9169005743143264,1,0.25,2,0.9416647
RW4,3,0.8861547650375892,1,0.25,2,0.9120227
RW4,4,0.8653798883913402,1,0.25,2,0.882633
RW4,5,0.8452071267530786,1,0.25,2,0.8585909
RW4,6,0.8228878119106672,1,0.25,2,0.8357712
RW4,7,0.8034885437099676,1,0.25,2,0.81657517
RW4,8,0.8175568100222665,1,0.25,2,0.79462177
RW4,9,0.781835479764987,1,0.25,2,0.772678
RW4,10,0.7670246260000682,1,0.25,2,0.7532418
RW4,11,0.7443543078487312,1,0.25,2,0.73458326
RW4,12,0.7150665405639625,1,0.25,2,0.7142971
RW4,13,0.6809715885638455,1,0.25,2,0.69462824
RW4,14,0.6735233411679066,1,0.25,2,0.67325324
RW4,15,0.6479957823508535,1,0.25,2,0.65035844
RW4,16,0.6288981200103804,1,0.25,2,0.63794816
RW4,17,0.6134212256861231,1,0.25,2,0.612422
RW4,18,0.5741659696180692,1,0.25,2,0.5886917
RW10,0,1.0,1,0.25,3,1.0054675
RW10,1,0.9784479629888402,1,0.25,3,0.9881701
RW10,2,0.9453971298202616,1,0.25,3,0.949308
RW10,3,0.9117019022865598,1,0.25,3,0.9146924
RW10,4,0.8914739157881061,1,0.25,3,0.88050747
RW10,5,0.8372321175180194,1,0.25,3,0.84059477
RW10,6,0.8164482337318268,1,0.25,3,0.8050535
RW10,7,0.789437652957632,1,0.25,3,0.77457064
RW10,8,0.7647575279451165,1,0.25,3,0.7452074
RW10,9,0.7300635744525175,1,0.25,3,0.7220049
RW10,10,0.7075228861352875,1,0.25,3,0.7005141
RW10,11,0.6871342988910181,1,0.25,3,0.6800321
RW10,12,0.6697217219754731,1,0.25,3,0.66250074
RW10,13,0.7116492649368324,1,0.25,3,0.67330116
RW10,14,0.66327010566779,1,0.25,3,0.65728915
RW10,15,0.647631852731416,1,0.25,3,0.6426085
RW10,16,0.6309658064312244,1,0.25,3,0.6290992
RW10,17,0.6208612914817577,1,0.25,3,0.6155059
RW10,18,0.6112498733264151,1,0.25,3,0.60346645
RW10,19,0.6095624344801577,1,0.25,3,0.59204245
RW10,20,0.6033896649944029,1,0.25,3,0.58146846
RW10,21,0.5971527839004813,1,0.25,3,0.5702794
RW10,22,0.5886394830051586,1,0.25,3,0.5589964
RW10,23,0.581456358011487,1,0.25,3,0.5474687
RW10,24,0.5695013029658712,1,0.25,3,0.53615236
RW10,25,0.5557961266569272,1,0.25,3,0.52521783
RW10,26,0.5474051567570081,1,0.25,3,0.51371825
RW10,27,0.55125687415375,1,0.25,3,0.50142807
RW10,28,0.5453048889853013,1,0.25,3,0.48833507
RW10,29,0.5460438670105365,1,0.25,3,0.47456557
RW10,30,0.5345542267638814,1,0.25,3,0.4601792
RW10,31,0.5489933336557506,1,0.25,3,0.4519598
RW10,32,0.522382773482141,1,0.25,3,0.43666482
RW10,33,0.5016148874153187,1,0.25,3,0.42272115
RW10,34,0.45709804855548364,1,0.25,3,0.40866166
RW10,35,0.44563736559742767,1,0.25,3,0.39588654
RW10,36,0.4211045686596346,1,0.25,3,0.3831746
RW10,37,0.4077546171475978,1,0.25,3,0.3715821
RW10,38,0.4021701914678571,1,0.25,3,0.35885692
RW14,0,1.0,1,0.25,3,0.99989307
RW14,1,0.9644332069664016,1,0.25,3,0.95148504
RW14,2,0.9213533384370284,1,0.25,3,0.91202784
RW14,3,0.8707123594457894,1,0.25,3,0.8745232
RW14,4,0.8348278945661182,1,0.25,3,0.83921075
RW14,5,0.8004024718366409,1,0.25,3,0.804632
RW14,6,0.7430047115117226,1,0.25,3,0.7735412
RW14,7,0.709476468046898,1,0.25,3,0.74404836
RW14,8,0.6823027697859351,1,0.25,3,0.7131947
RW14,9,0.6585988334150349,1,0.25,3,0.684066
RW14,10,0.6253776891267986,1,0.25,3,0.6542541
RW14,11,0.5924706416874056,1,0.25,3,0.62848043
RW14,12,0.57601843109804,1,0.25,3,0.6054121
RW14,13,0.5535409217390064,1,0.25,3,0.585606
RW14,14,0.5387222453480347,1,0.25,3,0.5676987
RW14,15,0.552867285851326,1,0.25,3,0.56517345
RW14,16,0.5036045429058008,1,0.25,3,0.5499736
RW14,17,0.47883058910976284,1,0.25,3,0.53777474
RW14,18,0.4728937060347926,1,0.25,3,0.5269227
RW14,19,0.45854169582917254,1,0.25,3,0.5175482
RW14,20,0.4518166502306318,1,0.25,3,0.50955343
RW14,21,0.432531360836441,1,0.25,3,0.50263613
RW14,22,0.4200841979206751,1,0.25,3,0.49649942
RW14,23,0.4157935443883638,1,0.25,3,0.49100447
RW18,0,1.0,1,0.25,3,1.0013877
RW18,1,0.9977330149235677,1,0.25,3,0.99930507
RW18,2,0.9213655815556884,1,0.25,3,0.94626826
RW18,3,0.8925716791703614,1,0.25,3,0.91094375
RW18,4,0.8718443394852413,1,0.25,3,0.8860497
RW18,5,0.8419174377110581,1,0.25,3,0.8560504
RW18,6,0.813365853114081,1,0.25,3,0.8262065
RW18,7,0.7961193757129356,1,0.25,3,0.79848206
RW18,8,0.7800851421665592,1,0.25,3,0.7710618
RW18,9,0.75369280553753,1,0.25,3,0.7438401
RW18,10,0.7376318600570141,1,0.25,3,0.7178638
RW18,11,0.7056274349360556,1,0.25,3,0.6919446
RW18,12,0.6816641704071746,1,0.25,3,0.6674084
RW18,13,0.6705293405758124,1,0.25,3,0.645665
RW18,14,0.65689339822108,1,0.25,3,0.62636214
RW18,15,0.6375308971062369,1,0.25,3,0.60854316
RW18,16,0.6343281547363112,1,0.25,3,0.60108626
RW18,17,0.609856009753373,1,0.25,3,0.58550835
RW18,18,0.5902016486507977,1,0.25,3,0.5729248
RW18,19,0.5830172536826165,1,0.25,3,0.56083834
RW18,20,0.5810826408538371,1,0.25,3,0.5497725
RW18,21,0.5687453908621404,1,0.25,3,0.5392554
RW18,22,0.5542246611230017,1,0.25,3,0.5292833
RW18,23,0.5442080853160498,1,0.25,3,0.5202832
RW18,24,0.5344692122433156,1,0.25,3,0.5119187
RW18,25,0.518855432805061,1,0.25,3,0.5044156
RW18,26,0.5265886448180515,1,0.25,3,0.49743545
RW2,0,1.0,1,0.25,3,0.99845695
RW2,1,0.964138506194284,1,0.25,3,0.9792981
RW2,2,0.9249040871235984,1,0.25,3,0.9580476
RW2,3,0.8830402696076977,1,0.25,3,0.93443394
RW2,4,0.8564110608744848,1,0.25,3,0.9247265
RW2,5,0.833163794491935,1,0.25,3,0.90951014
RW2,6,0.8231850244197494,1,0.25,3,0.89299685
RW2,7,0.8057852033709737,1,0.25,3,0.87704563
RW2,8,0.7938715366638514,1,0.25,3,0.86507565
RW2,9,0.7860956497952659,1,0.25,3,0.84929156
RW2,10,0.766804449532973,1,0.25,3,0.83835614
RW2,11,0.750728888947808,1,0.25,3,0.8258864
RW2,12,0.7623324166830754,1,0.25,3,0.81339216
RW2,13,0.7296788762480323,1,0.25,3,0.79618394
RW2,14,0.7184708582425151,1,0.25,3,0.7797883
RW2,15,0.7036508460351927,1,0.25,3,0.7654836
RW2,16,0.6757157785547322,1,0.25,3,0.7456277
RW2,17,0.6541025835422499,1,0.25,3,0.7290288
RW2,18,0.6504949003103174,1,0.25,3,0.7121244
RW2,19,0.652906214483479,1,0.25,3,0.6935771
RW2,20,0.6626729647795675,1,0.25,3,0.67592627
RW2,21,0.6576724393157618,1,0.25,3,0.6551
RW2,22,0.6308359860989354,1,0.25,3,0.6218833
RW2,23,0.5883539180772349,1,0.25,3,0.60647416
RW2,24,0.5714726928240693,1,0.25,3,0.59193635
RW22,0,1.0,1,0.25,3,1.0006899
RW22,1,0.9739365032865775,1,0.25,3,0.96942806
RW22,2,0.9553948808841696,1,0.25,3,0.9333279
RW22,3,0.9149809498639752,1,0.25,3,0.90156794
RW22,4,0.8618174981582503,1,0.25,3,0.87124527
RW22,5,0.8104095048251577,1,0.25,3,0.84615505
RW22,6,0.765116336467881,1,0.25,3,0.82478833
RW22,7,0.7463736626802354,1,0.25,3,0.80571413
RW22,8,0.6843131991933246,1,0.25,3,0.7897313
RW22,9,0.6666096162214906,1,0.25,3,0.7790673
RW26,0,1.0,1,0.25,3,0.99823815
RW26,1,0.9695503888019508,1,0.25,3,0.9706161
RW26,2,0.9530525699746794,1,0.25,3,0.94823813
RW26,3,0.9382100312250065,1,0.25,3,0.9279048
RW26,4,0.9249710248364101,1,0.25,3,0.90961766
RW26,5,0.9129597330190223,1,0.25,3,0.89381963
RW26,6,0.9039473720808919,1,0.25,3,0.87882227
RW26,7,0.8938493013611533,1,0.25,3,0.8648763
RW26,8,0.8838201049114417,1,0.25,3,0.85234654
RW26,9,0.8776749057612828,1,0.25,3,0.841464
RW26,10,0.8664005053062743,1,0.25,3,0.8322411
RW26,11,0.8577843772790714,1,0.25,3,0.8245814
RW26,12,0.8512266479212676,1,0.25,3,0.81937695
RW26,13,0.8442312363783513,1,0.25,3,0.81623334
RW4,0,1.0,1,0.25,3,0.9969917
RW4,1,0.952908142031966,1,0.25,3,0.97642785
RW4,2,0.9169005743143264,1,0.25,3,0.94744885
RW4,3,0.8861547650375892,1,0.25,3,0.92293
RW4,4,0.8653798883913402,1,0.25,3,0.8972051
RW4,5,0.8452071267530786,1,0.25,3,0.87628233
RW4,6,0.8228878119106672,1,0.25,3,0.8547083
RW4,7,0.8034885437099676,1,0.25,3,0.8357563
RW4,8,0.8175568100222665,1,0.25,3,0.8119263
RW4,9,0.781835479764987,1,0.25,3,0.78490597
RW4,10,0.7670246260000682,1,0.25,3,0.75829357
RW4,11,0.7443543078487312,1,0.25,3,0.73101354
RW4,12,0.7150665405639625,1,0.25,3,0.70144975
RW4,13,0.6809715885638455,1,0.25,3,0.6748374
RW4,14,0.6735233411679066,1,0.25,3,0.64851105
RW4,15,0.6479957823508535,1,0.25,3,0.6236212
RW4,16,0.6288981200103804,1,0.25,3,0.611573
RW4,17,0.6134212256861231,1,0.25,3,0.5899402
RW4,18,0.5741659696180692,1,0.25,3,0.5728612
RW10,0,1.0,1,0.25,4,1.0077163
RW10,1,0.9784479629888402,1,0.25,4,0.979141
RW10,2,0.9453971298202616,1,0.25,4,0.94279563
RW10,3,0.9117019022865598,1,0.25,4,0.90779424
RW10,4,0.8914739157881061,1,0.25,4,0.8742784
RW10,5,0.8372321175180194,1,0.25,4,0.8314142
RW10,6,0.8164482337318268,1,0.25,4,0.7992501
RW10,7,0.789437652957632,1,0.25,4,0.77119637
RW10,8,0.7647575279451165,1,0.25,4,0.7446498
RW10,9,0.7300635744525175,1,0.25,4,0.72317547
RW10,10,0.7075228861352875,1,0.25,4,0.7022276
RW10,11,0.6871342988910181,1,0.25,4,0.6826897
RW10,12,0.6697217219754731,1,0.25,4,0.66562176
RW10,13,0.7116492649368324,1,0.25,4,0.6725631
RW10,14,0.66327010566779,1,0.25,4,0.6572205
RW10,15,0.647631852731416,1,0.25,4,0.6428481
RW10,16,0.6309658064312244,1,0.25,4,0.6294173
RW10,17,0.6208612914817577,1,0.25,4,0.61605203
RW10,18,0.6112498733264151,1,0.25,4,0.6038446
RW10,19,0.6095624344801577,1,0.25,4,0.5923489
RW10,20,0.6033896649944029,1,0.25,4,0.58188534
RW10,21,0.5971527839004813,1,0.25,4,0.57109857
RW10,22,0.5886394830051586,1,0.25,4,0.5601169
RW10,23,0.581456358011487,1,0.25,4,0.5491967
RW10,24,0.5695013029658712,1,0.25,4,0.53822386
RW10,25,0.5557961266569272,1,0.25,4,0.5280808
RW10,26,0.5474051567570081,1,0.25,4,0.51733786
RW10,27,0.55125687415375,1,0.25,4,0.5055785
RW10,28,0.5453048889853013,1,0.25,4,0.49259233
RW10,29,0.5460438670105365,1,0.25,4,0.47895473
RW10,30,0.5345542267638814,1,0.25,4,0.46517694
RW10,31,0.5489933336557506,1,0.25,4,0.4605106
RW10,32,0.522382773482141,1,0.25,4,0.44561398
RW10,33,0.5016148874153187,1,0.25,4,0.43215418
RW10,34,0.45709804855548364,1,0.25,4,0.41931736
RW10,35,0.44563736559742767,1,0.25,4,0.40763587
RW10,36,0.4211045686596346,1,0.25,4,0.3964696
RW10,37,0.4077546171475978,1,0.25,4,0.38656116
RW10,38,0.4021701914678571,1,0.25,4,0.375444
RW14,0,1.0,1,0.25,4,0.9990151
RW14,1,0.9644332069664016,1,0.25,4,0.9553501
RW14,2,0.9213533384370284,1,0.25,4,0.9077925
RW14,3,0.8707123594457894,1,0.25,4,0.86712587
RW14,4,0.8348278945661182,1,0.25,4,0.83023953
RW14,5,0.8004024718366409,1,0.25,4,0.7962658
RW14,6,0.7430047115117226,1,0.25,4,0.76763904
RW14,7,0.709476468046898,1,0.25,4,0.7416971
RW14,8,0.6823027697859351,1,0.25,4,0.715166
RW14,9,0.6585988334150349,1,0.25,4,0.6898545
RW14,10,0.6253776891267986,1,0.25,4,0.6630952
RW14,11,0.5924706416874056,1,0.25,4,0.63837236
RW14,12,0.57601843109804,1,0.25,4,0.6147088
RW14,13,0.5535409217390064,1,0.25,4,0.59287906
RW14,14,0.5387222453480347,1,0.25,4,0.5717478
RW14,15,0.552867285851326,1,0.25,4,0.56866765
RW14,16,0.5036045429058008,1,0.25,4,0.5494025
RW14,17,0.47883058910976284,1,0.25,4,0.5332838
RW14,18,0.4728937060347926,1,0.25,4,0.5183797
RW14,19,0.45854169582917254,1,0.25,4,0.5052802
RW14,20,0.4518166502306318,1,0.25,4,0.49396038
RW14,21,0.432531360836441,1,0.25,4,0.48467696
RW14,22,0.4200841979206751,1,0.25,4,0.47705275
RW14,23,0.4157935443883638,1,0.25,4,0.47075546
RW18,0,1.0,1,0.25,4,1.0046585
RW18,1,0.9977330149235677,1,0.25,4,1.0006567
RW18,2,0.9213655815556884,1,0.25,4,0.93630195
RW18,3,0.8925716791703614,1,0.25,4,0.9017887
RW18,4,0.8718443394852413,1,0.25,4,0.878367
RW18,5,0.8419174377110581,1,0.25,4,0.8487989
RW18,6,0.813365853114081,1,0.25,4,0.81920433
RW18,7,0.7961193757129356,1,0.25,4,0.7917584
RW18,8,0.7800851421665592,1,0.25,4,0.7653353
RW18,9,0.75369280553753,1,0.25,4,0.73992836
RW18,10,0.7376318600570141,1,0.25,4,0.7161438
RW18,11,0.7056274349360556,1,0.25,4,0.6925007
RW18,12,0.6816641704071746,1,0.25,4,0.66995895
RW18,13,0.6705293405758124,1,0.25,4,0.6493289
RW18,14,0.65689339822108,1,0.25,4,0.63064283
RW18,15,0.6375308971062369,1,0.25,4,0.61285996
RW18,16,0.6343281547363112,1,0.25,4,0.60526687
RW18,17,0.609856009753373,1,0.25,4,0.589262
RW18,18,0.5902016486507977,1,0.25,4,0.57649434
RW18,19,0.5830172536826165,1,0.25,4,0.5642023
RW18,20,0.5810826408538371,1,0.25,4,0.55299973
RW18,21,0.5687453908621404,1,0.25,4,0.5425519
RW18,22,0.5542246611230017,1,0.25,4,0.5329083
RW18,23,0.5442080853160498,1,0.25,4,0.5246037
RW18,24,0.5344692122433156,1,0.25,4,0.5174226
RW18,25,0.518855432805061,1,0.25,4,0.51199377
RW18,26,0.5265886448180515,1,0.25,4,0.5069494
RW2,0,1.0,1,0.25,4,0.9991332
RW2,1,0.964138506194284,1,0.25,4,0.9747815
RW2,2,0.9249040871235984,1,0.25,4,0.9493786
RW2,3,0.8830402696076977,1,0.25,4,0.9226188
RW2,4,0.8564110608744848,1,0.25,4,0.9066106
RW2,5,0.833163794491935,1,0.25,4,0.88861287
RW2,6,0.8231850244197494,1,0.25,4,0.87086207
RW2,7,0.8057852033709737,1,0.25,4,0.8548691
RW2,8,0.7938715366638514,1,0.25,4,0.8425729
RW2,9,0.7860956497952659,1,0.25,4,0.8287307
RW2,10,0.766804449532973,1,0.25,4,0.81876236
RW2,11,0.750728888947808,1,0.25,4,0.80844986
RW2,12,0.7623324166830754,1,0.25,4,0.7988938
RW2,13,0.7296788762480323,1,0.25,4,0.7867762
RW2,14,0.7184708582425151,1,0.25,4,0.77569914
RW2,15,0.7036508460351927,1,0.25,4,0.7668048
RW2,16,0.6757157785547322,1,0.25,4,0.7534168
RW2,17,0.6541025835422499,1,0.25,4,0.74252987
RW2,18,0.6504949003103174,1,0.25,4,0.7306232
RW2,19,0.652906214483479,1,0.25,4,0.71661085
RW2,20,0.6626729647795675,1,0.25,4,0.7026658
RW2,21,0.6576724393157618,1,0.25,4,0.68371576
RW2,22,0.6308359860989354,1,0.25,4,0.6491809
RW2,23,0.5883539180772349,1,0.25,4,0.63135064
RW2,24,0.5714726928240693,1,0.25,4,0.6131636
RW22,0,1.0,1,0.25,4,1.0013623
RW22,1,0.9739365032865775,1,0.25,4,0.9636566
RW22,2,0.9553948808841696,1,0.25,4,0.9284302
RW22,3,0.9149809498639752,1,0.25,4,0.89877355
RW22,4,0.8618174981582503,1,0.25,4,0.87212056
RW22,5,0.8104095048251577,1,0.25,4,0.85014105
RW22,6,0.765116336467881,1,0.25,4,0.830631
RW22,7,0.7463736626802354,1,0.25,4,0.8113918
RW22,8,0.6843131991933246,1,0.25,4,0.7924919
RW22,9,0.6666096162214906,1,0.25,4,0.77593225
RW26,0,1.0,1,0.25,4,0.9972336
RW26,1,0.9695503888019508,1,0.25,4,0.96420866
RW26,2,0.9530525699746794,1,0.25,4,0.94492567
RW26,3,0.9382100312250065,1,0.25,4,0.92770416
RW26,4,0.9249710248364101,1,0.25,4,0.91306394
RW26,5,0.9129597330190223,1,0.25,4,0.9001739
RW26,6,0.9039473720808919,1,0.25,4,0.8877795
RW26,7,0.8938493013611533,1,0.25,4,0.8759636
RW26,8,0.8838201049114417,1,0.25,4,0.8645853
RW26,9,0.8776749057612828,1,0.25,4,0.8539612
RW26,10,0.8664005053062743,1,0.25,4,0.8438872
RW26,11,0.8577843772790714,1,0.25,4,0.834315
RW26,12,0.8512266479212676,1,0.25,4,0.8258964
RW26,13,0.8442312363783513,1,0.25,4,0.8186623
RW4,0,1.0,1,0.25,4,0.99807465
RW4,1,0.952908142031966,1,0.25,4,0.97749734
RW4,2,0.9169005743143264,1,0.25,4,0.9440852
RW4,3,0.8861547650375892,1,0.25,4,0.9156752
RW4,4,0.8653798883913402,1,0.25,4,0.8875431
RW4,5,0.8452071267530786,1,0.25,4,0.8643859
RW4,6,0.8228878119106672,1,0.25,4,0.8420681
RW4,7,0.8034885437099676,1,0.25,4,0.8229856
RW4,8,0.8175568100222665,1,0.25,4,0.8008305
RW4,9,0.781835479764987,1,0.25,4,0.7776087
RW4,10,0.7670246260000682,1,0.25,4,0.7560375
RW4,11,0.7443543078487312,1,0.25,4,0.7347591
RW4,12,0.7150665405639625,1,0.25,4,0.71145517
RW4,13,0.6809715885638455,1,0.25,4,0.6892629
RW4,14,0.6735233411679066,1,0.25,4,0.6656755
RW4,15,0.6479957823508535,1,0.25,4,0.6413846
RW4,16,0.6288981200103804,1,0.25,4,0.6285598
RW4,17,0.6134212256861231,1,0.25,4,0.60336685
RW4,18,0.5741659696180692,1,0.25,4,0.58127755
RW10,0,1.0,1,0.1,0,1.0002435
RW10,1,0.9784479629888402,1,0.1,0,0.9914872
RW10,2,0.9453971298202616,1,0.1,0,0.94479626
RW10,3,0.9117019022865598,1,0.1,0,0.90416735
RW10,4,0.8914739157881061,1,0.1,0,0.86609674
RW10,5,0.8372321175180194,1,0.1,0,0.83593524
RW10,6,0.8164482337318268,1,0.1,0,0.8040054
RW10,7,0.789437652957632,1,0.1,0,0.7779284
RW10,8,0.7647575279451165,1,0.1,0,0.75284094
RW10,9,0.7300635744525175,1,0.1,0,0.7341058
RW10,10,0.7075228861352875,1,0.1,0,0.7184496
RW10,11,0.6871342988910181,1,0.1,0,0.7024483
RW10,12,0.6697217219754731,1,0.1,0,0.68915176
RW10,13,0.7116492649368324,1,0.1,0,0.6946673
RW10,14,0.66327010566779,1,0.1,0,0.6816529
RW10,15,0.647631852731416,1,0.1,0,0.66950715
RW10,16,0.6309658064312244,1,0.1,0,0.65803474
RW10,17,0.6208612914817577,1,0.1,0,0.64573365
RW10,18,0.6112498733264151,1,0.1,0,0.6343735
RW10,19,0.6095624344801577,1,0.1,0,0.6230338
RW10,20,0.6033896649944029,1,0.1,0,0.61206174
RW10,21,0.5971527839004813,1,0.1,0,0.6002391
RW10,22,0.5886394830051586,1,0.1,0,0.58822846
RW10,23,0.581456358011487,1,0.1,0,0.57583547
RW10,24,0.5695013029658712,1,0.1,0,0.5634778
RW10,25,0.5557961266569272,1,0.1,0,0.55157274
RW10,26,0.5474051567570081,1,0.1,0,0.5390846
RW10,27,0.55125687415375,1,0.1,0,0.5256397
RW10,28,0.5453048889853013,1,0.1,0,0.51128626
RW10,29,0.5460438670105365,1,0.1,0,0.49588066
RW10,30,0.5345542267638814,1,0.1,0,0.4795708
RW10,31,0.5489933336557506,1,0.1,0,0.46640998
RW10,32,0.522382773482141,1,0.1,0,0.4485904
RW10,33,0.5016148874153187,1,0.1,0,0.43286026
RW10,34,0.45709804855548364,1,0.1,0,0.41649234
RW10,35,0.44563736559742767,1,0.1,0,0.4023077
RW10,36,0.4211045686596346,1,0.1,0,0.3881889
RW10,37,0.4077546171475978,1,0.1,0,0.3754366
RW10,38,0.4021701914678571,1,0.1,0,0.3614204
RW14,0,1.0,1,0.1,0,1.0057781
RW14,1,0.9644332069664016,1,0.1,0,0.9633951
RW14,2,0.9213533384370284,1,0.1,0,0.92047614
RW14,3,0.8707123594457894,1,0.1,0,0.8763406
RW14,4,0.8348278945661182,1,0.1,0,0.83708835
RW14,5,0.8004024718366409,1,0.1,0,0.80126673
RW14,6,0.7430047115117226,1,0.1,0,0.77046406
RW14,7,0.709476468046898,1,0.1,0,0.7427698
RW14,8,0.6823027697859351,1,0.1,0,0.713913
RW14,9,0.6585988334150349,1,0.1,0,0.6863088
RW14,10,0.6253776891267986,1,0.1,0,0.6572969
RW14,11,0.5924706416874056,1,0.1,0,0.63213724
RW14,12,0.57601843109804,1,0.1,0,0.60940367
RW14,13,0.5535409217390064,1,0.1,0,0.58999544
RW14,14,0.5387222453480347,1,0.1,0,0.5727934
RW14,15,0.552867285851326,1,0.1,0,0.5704137
RW14,16,0.5036045429058008,1,0.1,0,0.556581
RW14,17,0.47883058910976284,1,0.1,0,0.5461726
RW14,18,0.4728937060347926,1,0.1,0,0.5379216
RW14,19,0.45854169582917254,1,0.1,0,0.5320374
RW14,20,0.4518166502306318,1,0.1,0,0.5283811
RW14,21,0.432531360836441,1,0.1,0,0.52645624
RW14,22,0.4200841979206751,1,0.1,0,0.5260408
RW14,23,0.4157935443883638,1,0.1,0,0.5271509
RW18,0,1.0,1,0.1,0,0.9994994
RW18,1,0.9977330149235677,1,0.1,0,0.99634606
RW18,2,0.9213655815556884,1,0.1,0,0.94050866
RW18,3,0.8925716791703614,1,0.1,0,0.89490694
RW18,4,0.8718443394852413,1,0.1,0,0.8758954
RW18,5,0.8419174377110581,1,0.1,0,0.8474464
RW18,6,0.813365853114081,1,0.1,0,0.81733286
RW18,7,0.7961193757129356,1,0.1,0,0.79277015
RW18,8,0.7800851421665592,1,0.1,0,0.7689475
RW18,9,0.75369280553753,1,0.1,0,0.7450082
RW18,10,0.7376318600570141,1,0.1,0,0.72217536
RW18,11,0.7056274349360556,1,0.1,0,0.6979536
RW18,12,0.6816641704071746,1,0.1,0,0.67394143
RW18,13,0.6705293405758124,1,0.1,0,0.65159297
RW18,14,0.65689339822108,1,0.1,0,0.6305136
RW18,15,0.6375308971062369,1,0.1,0,0.6100911
RW18,16,0.6343281547363112,1,0.1,0,0.6012684
RW18,17,0.609856009753373,1,0.1,0,0.5827368
RW18,18,0.5902016486507977,1,0.1,0,0.56773067
RW18,19,0.5830172536826165,1,0.1,0,0.55326945
RW18,20,0.5810826408538371,1,0.1,0,0.54019547
RW18,21,0.5687453908621404,1,0.1,0,0.52822363
RW18,22,0.5542246611230017,1,0.1,0,0.51748335
RW18,23,0.5442080853160498,1,0.1,0,0.5085053
RW18,24,0.5344692122433156,1,0.1,0,0.5009615
RW18,25,0.518855432805061,1,0.1,0,0.49500293
RW18,26,0.5265886448180515,1,0.1,0,0.49013865
RW2,0,1.0,1,0.1,0,0.9743103
RW2,1,0.964138506194284,1,0.1,0,0.9987958
RW2,2,0.9249040871235984,1,0.1,0,0.9719811
RW2,3,0.8830402696076977,1,0.1,0,0.94271225
RW2,4,0.8564110608744848,1,0.1,0,0.92863
RW2,5,0.833163794491935,1,0.1,0,0.91119194
RW2,6,0.8231850244197494,1,0.1,0,0.8941504
RW2,7,0.8057852033709737,1,0.1,0,0.87855285
RW2,8,0.7938715366638514,1,0.1,0,0.86749303
RW2,9,0.7860956497952659,1,0.1,0,0.85252184
RW2,10,0.766804449532973,1,0.1,0,0.8433613
RW2,11,0.750728888947808,1,0.1,0,0.83277404
RW2,12,0.7623324166830754,1,0.1,0,0.82406354
RW2,13,0.7296788762480323,1,0.1,0,0.8083545
RW2,14,0.7184708582425151,1,0.1,0,0.79311574
RW2,15,0.7036508460351927,1,0.1,0,0.78160304
RW2,16,0.6757157785547322,1,0.1,0,0.7617298
RW2,17,0.6541025835422499,1,0.1,0,0.7467778
RW2,18,0.6504949003103174,1,0.1,0,0.7304217
RW2,19,0.652906214483479,1,0.1,0,0.71170187
RW2,20,0.6626729647795675,1,0.1,0,0.6941492
RW2,21,0.6576724393157618,1,0.1,0,0.6697618
RW2,22,0.6308359860989354,1,0.1,0,0.631205
RW2,23,0.5883539180772349,1,0.1,0,0.6140984
RW2,24,0.5714726928240693,1,0.1,0,0.59890366
RW22,0,1.0,1,0.1,0,0.9997622
RW22,1,0.9739365032865775,1,0.1,0,0.96652657
RW22,2,0.9553948808841696,1,0.1,0,0.92075294
RW22,3,0.9149809498639752,1,0.1,0,0.88367796
RW22,4,0.8618174981582503,1,0.1,0,0.8505921
RW22,5,0.8104095048251577,1,0.1,0,0.8275666
RW22,6,0.765116336467881,1,0.1,0,0.8109535
RW22,7,0.7463736626802354,1,0.1,0,0.79952574
RW22,8,0.6843131991933246,1,0.1,0,0.79449725
RW22,9,0.6666096162214906,1,0.1,0,0.79716635
RW26,0,1.0,1,0.1,0,0.9972772
RW26,1,0.9695503888019508,1,0.1,0,0.9444997
RW26,2,0.9530525699746794,1,0.1,0,0.9325758
RW26,3,0.9382100312250065,1,0.1,0,0.9239148
RW26,4,0.9249710248364101,1,0.1,0,0.9181843
RW26,5,0.9129597330190223,1,0.1,0,0.9149946
RW26,6,0.9039473720808919,1,0.1,0,0.91153455
RW26,7,0.8938493013611533,1,0.1,0,0.90768814
RW26,8,0.8838201049114417,1,0.1,0,0.90346193
RW26,9,0.8776749057612828,1,0.1,0,0.9000391
RW26,10,0.8664005053062743,1,0.1,0,0.8967991
RW26,11,0.8577843772790714,1,0.1,0,0.89401096
RW26,12,0.8512266479212676,1,0.1,0,0.89355123
RW26,13,0.8442312363783513,1,0.1,0,0.8951747
RW4,0,1.0,1,0.1,0,0.99517953
RW4,1,0.952908142031966,1,0.1,0,0.98839045
RW4,2,0.9169005743143264,1,0.1,0,0.9561468
RW4,3,0.8861547650375892,1,0.1,0,0.9269854
RW4,4,0.8653798883913402,1,0.1,0,0.8984275
RW4,5,0.8452071267530786,1,0.1,0,0.8755241
RW4,6,0.8228878119106672,1,0.1,0,0.852289
RW4,7,0.8034885437099676,1,0.1,0,0.83324814
RW4,8,0.8175568100222665,1,0.1,0,0.81128645
RW4,9,0.781835479764987,1,0.1,0,0.7868835
RW4,10,0.7670246260000682,1,0.1,0,0.76285636
RW4,11,0.7443543078487312,1,0.1,0,0.7380214
RW4,12,0.7150665405639625,1,0.1,0,0.7104767
RW4,13,0.6809715885638455,1,0.1,0,0.68526775
RW4,14,0.6735233411679066,1,0.1,0,0.6588621
RW4,15,0.6479957823508535,1,0.1,0,0.63224983
RW4,16,0.6288981200103804,1,0.1,0,0.6188701
RW4,17,0.6134212256861231,1,0.1,0,0.5946862
RW4,18,0.5741659696180692,1,0.1,0,0.5763667
RW10,0,1.0,1,0.1,1,1.0077277
RW10,1,0.9784479629888402,1,0.1,1,1.0502386
RW10,2,0.9453971298202616,1,0.1,1,1.0013555
RW10,3,0.9117019022865598,1,0.1,1,0.95626867
RW10,4,0.8914739157881061,1,0.1,1,0.9128988
RW10,5,0.8372321175180194,1,0.1,1,0.86532974
RW10,6,0.8164482337318268,1,0.1,1,0.82508093
RW10,7,0.789437652957632,1,0.1,1,0.79091185
RW10,8,0.7647575279451165,1,0.1,1,0.7594877
RW10,9,0.7300635744525175,1,0.1,1,0.7337929
RW10,10,0.7075228861352875,1,0.1,1,0.7114686
RW10,11,0.6871342988910181,1,0.1,1,0.69054806
RW10,12,0.6697217219754731,1,0.1,1,0.6727107
RW10,13,0.7116492649368324,1,0.1,1,0.6701385
RW10,14,0.66327010566779,1,0.1,1,0.6552882
RW10,15,0.647631852731416,1,0.1,1,0.6420747
RW10,16,0.6309658064312244,1,0.1,1,0.62971604
RW10,17,0.6208612914817577,1,0.1,1,0.6176789
RW10,18,0.6112498733264151,1,0.1,1,0.6068257
RW10,19,0.6095624344801577,1,0.1,1,0.596714
RW10,20,0.6033896649944029,1,0.1,1,0.5873655
RW10,21,0.5971527839004813,1,0.1,1,0.5776874
RW10,22,0.5886394830051586,1,0.1,1,0.567893
RW10,23,0.581456358011487,1,0.1,1,0.5581533
RW10,24,0.5695013029658712,1,0.1,1,0.5484494
RW10,25,0.5557961266569272,1,0.1,1,0.5392964
RW10,26,0.5474051567570081,1,0.1,1,0.5296214
RW10,27,0.55125687415375,1,0.1,1,0.5190073
RW10,28,0.5453048889853013,1,0.1,1,0.5075519
RW10,29,0.5460438670105365,1,0.1,1,0.4955579
RW10,30,0.5345542267638814,1,0.1,1,0.4835012
RW10,31,0.5489933336557506,1,0.1,1,0.47999913
RW10,32,0.522382773482141,1,0.1,1,0.46766853
RW10,33,0.5016148874153187,1,0.1,1,0.4566238
RW10,34,0.45709804855548364,1,0.1,1,0.4461397
RW10,35,0.44563736559742767,1,0.1,1,0.43687963
RW10,36,0.4211045686596346,1,0.1,1,0.4280672
RW10,37,0.4077546171475978,1,0.1,1,0.42036086
RW10,38,0.4021701914678571,1,0.1,1,0.41183466
RW14,0,1.0,1,0.1,1,1.0021908
RW14,1,0.9644332069664016,1,0.1,1,0.9977548
RW14,2,0.9213533384370284,1,0.1,1,0.9402671
RW14,3,0.8707123594457894,1,0.1,1,0.88763785
RW14,4,0.8348278945661182,1,0.1,1,0.84141296
RW14,5,0.8004024718366409,1,0.1,1,0.8014568
RW14,6,0.7430047115117226,1,0.1,1,0.77293444
RW14,7,0.709476468046898,1,0.1,1,0.7513095
RW14,8,0.6823027697859351,1,0.1,1,0.73113495
RW14,9,0.6585988334150349,1,0.1,1,0.71324277
RW14,10,0.6253776891267986,1,0.1,1,0.6939895
RW14,11,0.5924706416874056,1,0.1,1,0.6764976
RW14,12,0.57601843109804,1,0.1,1,0.65813696
RW14,13,0.5535409217390064,1,0.1,1,0.63993704
RW14,14,0.5387222453480347,1,0.1,1,0.6201041
RW14,15,0.552867285851326,1,0.1,1,0.6169206
RW14,16,0.5036045429058008,1,0.1,1,0.5961008
RW14,17,0.47883058910976284,1,0.1,1,0.5766322
RW14,18,0.4728937060347926,1,0.1,1,0.5558061
RW14,19,0.45854169582917254,1,0.1,1,0.53445786
RW14,20,0.4518166502306318,1,0.1,1,0.5131216
RW14,21,0.432531360836441,1,0.1,1,0.49232823
RW14,22,0.4200841979206751,1,0.1,1,0.47164172
RW14,23,0.4157935443883638,1,0.1,1,0.450947
RW18,0,1.0,1,0.1,1,1.0046817
RW18,1,0.9977330149235677,1,0.1,1,1.000405
RW18,2,0.9213655815556884,1,0.1,1,0.9955483
RW18,3,0.8925716791703614,1,0.1,1,0.94352895
RW18,4,0.8718443394852413,1,0.1,1,0.9075606
RW18,5,0.8419174377110581,1,0.1,1,0.8716245
RW18,6,0.813365853114081,1,0.1,1,0.83721745
RW18,7,0.7961193757129356,1,0.1,1,0.80655843
RW18,8,0.7800851421665592,1,0.1,1,0.7771618
RW18,9,0.75369280553753,1,0.1,1,0.7500773
RW18,10,0.7376318600570141,1,0.1,1,0.7257889
RW18,11,0.7056274349360556,1,0.1,1,0.7025511
RW18,12,0.6816641704071746,1,0.1,1,0.68134284
RW18,13,0.6705293405758124,1,0.1,1,0.6619622
RW18,14,0.65689339822108,1,0.1,1,0.64466226
RW18,15,0.6375308971062369,1,0.1,1,0.6274458
RW18,16,0.6343281547363112,1,0.1,1,0.61980236
RW18,17,0.609856009753373,1,0.1,1,0.60349107
RW18,18,0.5902016486507977,1,0.1,1,0.5899354
RW18,19,0.5830172536826165,1,0.1,1,0.5760199
RW18,20,0.5810826408538371,1,0.1,1,0.5624876
RW18,21,0.5687453908621404,1,0.1,1,0.5488602
RW18,22,0.5542246611230017,1,0.1,1,0.53526497
RW18,23,0.5442080853160498,1,0.1,1,0.5223882
RW18,24,0.5344692122433156,1,0.1,1,0.5099536
RW18,25,0.518855432805061,1,0.1,1,0.49875098
RW18,26,0.5265886448180515,1,0.1,1,0.48776698
RW2,0,1.0,1,0.1,1,0.99532014
RW2,1,0.964138506194284,1,0.1,1,1.0331883
RW2,2,0.9249040871235984,1,0.1,1,0.99878764
RW2,3,0.8830402696076977,1,0.1,1,0.9621772
RW2,4,0.8564110608744848,1,0.1,1,0.93939394
RW2,5,0.833163794491935,1,0.1,1,0.9129956
RW2,6,0.8231850244197494,1,0.1,1,0.886026
RW2,7,0.8057852033709737,1,0.1,1,0.8615171
RW2,8,0.7938715366638514,1,0.1,1,0.8422974
RW2,9,0.7860956497952659,1,0.1,1,0.82157075
RW2,10,0.766804449532973,1,0.1,1,0.8063541
RW2,11,0.750728888947808,1,0.1,1,0.7912626
RW2,12,0.7623324166830754,1,0.1,1,0.77878946
RW2,13,0.7296788762480323,1,0.1,1,0.7646763
RW2,14,0.7184708582425151,1,0.1,1,0.7533465
RW2,15,0.7036508460351927,1,0.1,1,0.7454984
RW2,16,0.6757157785547322,1,0.1,1,0.7344793
RW2,17,0.6541025835422499,1,0.1,1,0.7264301
RW2,18,0.6504949003103174,1,0.1,1,0.71765566
RW2,19,0.652906214483479,1,0.1,1,0.7070675
RW2,20,0.6626729647795675,1,0.1,1,0.69591266
RW2,21,0.6576724393157618,1,0.1,1,0.6800506
RW2,22,0.6308359860989354,1,0.1,1,0.65080106
RW2,23,0.5883539180772349,1,0.1,1,0.6343516
RW2,24,0.5714726928240693,1,0.1,1,0.61668134
RW22,0,1.0,1,0.1,1,0.9986274
RW22,1,0.9739365032865775,1,0.1,1,0.98520607
RW22,2,0.9553948808841696,1,0.1,1,0.9479563
RW22,3,0.9149809498639752,1,0.1,1,0.9167095
RW22,4,0.8618174981582503,1,0.1,1,0.8874011
RW22,5,0.8104095048251577,1,0.1,1,0.8612524
RW22,6,0.765116336467881,1,0.1,1,0.8368672
RW22,7,0.7463736626802354,1,0.1,1,0.81152225
RW22,8,0.6843131991933246,1,0.1,1,0.7843604
RW22,9,0.6666096162214906,1,0.1,1,0.7581033
RW26,0,1.0,1,0.1,1,1.0006305
RW26,1,0.9695503888019508,1,0.1,1,0.9721583
RW26,2,0.9530525699746794,1,0.1,1,0.9483379
RW26,3,0.9382100312250065,1,0.1,1,0.9279722
RW26,4,0.9249710248364101,1,0.1,1,0.90908283
RW26,5,0.9129597330190223,1,0.1,1,0.894048
RW26,6,0.9039473720808919,1,0.1,1,0.8791199
RW26,7,0.8938493013611533,1,0.1,1,0.8648282
RW26,8,0.8838201049114417,1,0.1,1,0.8512876
RW26,9,0.8776749057612828,1,0.1,1,0.8384904
RW26,10,0.8664005053062743,1,0.1,1,0.8261887
RW26,11,0.8577843772790714,1,0.1,1,0.81358755
RW26,12,0.8512266479212676,1,0.1,1,0.80123377
RW26,13,0.8442312363783513,1,0.1,1,0.78886783
RW4,0,1.0,1,0.1,1,0.99632865
RW4,1,0.952908142031966,1,0.1,1,1.0344613
RW4,2,0.9169005743143264,1,0.1,1,0.991254
RW4,3,0.8861547650375892,1,0.1,1,0.9546753
RW4,4,0.8653798883913402,1,0.1,1,0.91620356
RW4,5,0.8452071267530786,1,0.1,1,0.8848688
RW4,6,0.8228878119106672,1,0.1,1,0.8544191
RW4,7,0.8034885437099676,1,0.1,1,0.8292352
RW4,8,0.8175568100222665,1,0.1,1,0.803921
RW4,9,0.781835479764987,1,0.1,1,0.77937704
RW4,10,0.7670246260000682,1,0.1,1,0.75862944
RW4,11,0.7443543078487312,1,0.1,1,0.7402477
RW4,12,0.7150665405639625,1,0.1,1,0.7216182
RW4,13,0.6809715885638455,1,0.1,1,0.705282
RW4,14,0.6735233411679066,1,0.1,1,0.6870817
RW4,15,0.6479957823508535,1,0.1,1,0.66645366
RW4,16,0.6288981200103804,1,0.1,1,0.6549443
RW4,17,0.6134212256861231,1,0.1,1,0.63098794
RW4,18,0.5741659696180692,1,0.1,1,0.608639
RW10,0,1.0,1,0.1,2,1.0078812
RW10,1,0.9784479629888402,1,0.1,2,0.9919746
RW10,2,0.9453971298202616,1,0.1,2,0.95560825
RW10,3,0.9117019022865598,1,0.1,2,0.9194716
RW10,4,0.8914739157881061,1,0.1,2,0.8845814
RW10,5,0.8372321175180194,1,0.1,2,0.8444267
RW10,6,0.8164482337318268,1,0.1,2,0.8119136
RW10,7,0.789437652957632,1,0.1,2,0.7835189
RW10,8,0.7647575279451165,1,0.1,2,0.75637203
RW10,9,0.7300635744525175,1,0.1,2,0.73369527
RW10,10,0.7075228861352875,1,0.1,2,0.71276176
RW10,11,0.6871342988910181,1,0.1,2,0.69233763
RW10,12,0.6697217219754731,1,0.1,2,0.6740526
RW10,13,0.7116492649368324,1,0.1,2,0.6789429
RW10,14,0.66327010566779,1,0.1,2,0.6626035
RW10,15,0.647631852731416,1,0.1,2,0.6473162
RW10,16,0.6309658064312244,1,0.1,2,0.63264847
RW10,17,0.6208612914817577,1,0.1,2,0.6177811
RW10,18,0.6112498733264151,1,0.1,2,0.60432243
RW10,19,0.6095624344801577,1,0.1,2,0.5915103
RW10,20,0.6033896649944029,1,0.1,2,0.5796951
RW10,21,0.5971527839004813,1,0.1,2,0.56728894
RW10,22,0.5886394830051586,1,0.1,2,0.5548974
RW10,23,0.581456358011487,1,0.1,2,0.5424448
RW10,24,0.5695013029658712,1,0.1,2,0.53037226
RW10,25,0.5557961266569272,1,0.1,2,0.5191324
RW10,26,0.5474051567570081,1,0.1,2,0.5075848
RW10,27,0.55125687415375,1,0.1,2,0.49530232
RW10,28,0.5453048889853013,1,0.1,2,0.4823727
RW10,29,0.5460438670105365,1,0.1,2,0.46876764
RW10,30,0.5345542267638814,1,0.1,2,0.45523107
RW10,31,0.5489933336557506,1,0.1,2,0.45681643
RW10,32,0.522382773482141,1,0.1,2,0.4433316
RW10,33,0.5016148874153187,1,0.1,2,0.43098605
RW10,34,0.45709804855548364,1,0.1,2,0.41981578
RW10,35,0.44563736559742767,1,0.1,2,0.4099701
RW10,36,0.4211045686596346,1,0.1,2,0.40090233
RW10,37,0.4077546171475978,1,0.1,2,0.39323002
RW10,38,0.4021701914678571,1,0.1,2,0.38465095
RW14,0,1.0,1,0.1,2,1.0000162
RW14,1,0.9644332069664016,1,0.1,2,0.9707788
RW14,2,0.9213533384370284,1,0.1,2,0.91940737
RW14,3,0.8707123594457894,1,0.1,2,0.8750995
RW14,4,0.8348278945661182,1,0.1,2,0.8340715
RW14,5,0.8004024718366409,1,0.1,2,0.7961217
RW14,6,0.7430047115117226,1,0.1,2,0.7655461
RW14,7,0.709476468046898,1,0.1,2,0.73869145
RW14,8,0.6823027697859351,1,0.1,2,0.7115573
RW14,9,0.6585988334150349,1,0.1,2,0.6859041
RW14,10,0.6253776891267986,1,0.1,2,0.6588149
RW14,11,0.5924706416874056,1,0.1,2,0.6341561
RW14,12,0.57601843109804,1,0.1,2,0.6099767
RW14,13,0.5535409217390064,1,0.1,2,0.58797604
RW14,14,0.5387222453480347,1,0.1,2,0.5664374
RW14,15,0.552867285851326,1,0.1,2,0.56326294
RW14,16,0.5036045429058008,1,0.1,2,0.54385716
RW14,17,0.47883058910976284,1,0.1,2,0.5282285
RW14,18,0.4728937060347926,1,0.1,2,0.5138242
RW14,19,0.45854169582917254,1,0.1,2,0.501606
RW14,20,0.4518166502306318,1,0.1,2,0.4914943
RW14,21,0.432531360836441,1,0.1,2,0.4843716
RW14,22,0.4200841979206751,1,0.1,2,0.4797868
RW14,23,0.4157935443883638,1,0.1,2,0.47716242
RW18,0,1.0,1,0.1,2,1.0069077
RW18,1,0.9977330149235677,1,0.1,2,1.0027132
RW18,2,0.9213655815556884,1,0.1,2,0.9467075
RW18,3,0.8925716791703614,1,0.1,2,0.9109544
RW18,4,0.8718443394852413,1,0.1,2,0.8774661
RW18,5,0.8419174377110581,1,0.1,2,0.8479441
RW18,6,0.813365853114081,1,0.1,2,0.82109046
RW18,7,0.7961193757129356,1,0.1,2,0.7956013
RW18,8,0.7800851421665592,1,0.1,2,0.771672
RW18,9,0.75369280553753,1,0.1,2,0.7489716
RW18,10,0.7376318600570141,1,0.1,2,0.7267782
RW18,11,0.7056274349360556,1,0.1,2,0.70430857
RW18,12,0.6816641704071746,1,0.1,2,0.68183833
RW18,13,0.6705293405758124,1,0.1,2,0.6603296
RW18,14,0.65689339822108,1,0.1,2,0.6399363
RW18,15,0.6375308971062369,1,0.1,2,0.61992437
RW18,16,0.6343281547363112,1,0.1,2,0.61115575
RW18,17,0.609856009753373,1,0.1,2,0.59277344
RW18,18,0.5902016486507977,1,0.1,2,0.57842433
RW18,19,0.5830172536826165,1,0.1,2,0.5643723
RW18,20,0.5810826408538371,1,0.1,2,0.55152595
RW18,21,0.5687453908621404,1,0.1,2,0.539678
RW18,22,0.5542246611230017,1,0.1,2,0.5289477
RW18,23,0.5442080853160498,1,0.1,2,0.52012
RW18,24,0.5344692122433156,1,0.1,2,0.513041
RW18,25,0.518855432805061,1,0.1,2,0.5087365
RW18,26,0.5265886448180515,1,0.1,2,0.5049125
RW2,0,1.0,1,0.1,2,1.0106294
RW2,1,0.964138506194284,1,0.1,2,0.9892159
RW2,2,0.9249040871235984,1,0.1,2,0.9611607
RW2,3,0.8830402696076977,1,0.1,2,0.93236315
RW2,4,0.8564110608744848,1,0.1,2,0.9128645
RW2,5,0.833163794491935,1,0.1,2,0.8929547
RW2,6,0.8231850244197494,1,0.1,2,0.8732892
RW2,7,0.8057852033709737,1,0.1,2,0.85544956
RW2,8,0.7938715366638514,1,0.1,2,0.841243
RW2,9,0.7860956497952659,1,0.1,2,0.82565606
RW2,10,0.766804449532973,1,0.1,2,0.8140809
RW2,11,0.750728888947808,1,0.1,2,0.80221885
RW2,12,0.7623324166830754,1,0.1,2,0.7925691
RW2,13,0.7296788762480323,1,0.1,2,0.78001106
RW2,14,0.7184708582425151,1,0.1,2,0.7693074
RW2,15,0.7036508460351927,1,0.1,2,0.7615356
RW2,16,0.6757157785547322,1,0.1,2,0.7496135
RW2,17,0.6541025835422499,1,0.1,2,0.7407826
RW2,18,0.6504949003103174,1,0.1,2,0.731124
RW2,19,0.652906214483479,1,0.1,2,0.7195429
RW2,20,0.6626729647795675,1,0.1,2,0.7081658
RW2,21,0.6576724393157618,1,0.1,2,0.69083726
RW2,22,0.6308359860989354,1,0.1,2,0.6582287
RW2,23,0.5883539180772349,1,0.1,2,0.64116335
RW2,24,0.5714726928240693,1,0.1,2,0.6233617
RW22,0,1.0,1,0.1,2,1.0031916
RW22,1,0.9739365032865775,1,0.1,2,0.9767662
RW22,2,0.9553948808841696,1,0.1,2,0.9413817
RW22,3,0.9149809498639752,1,0.1,2,0.9090494
RW22,4,0.8618174981582503,1,0.1,2,0.87859476
RW22,5,0.8104095048251577,1,0.1,2,0.85189974
RW22,6,0.765116336467881,1,0.1,2,0.82771564
RW22,7,0.7463736626802354,1,0.1,2,0.80337405
RW22,8,0.6843131991933246,1,0.1,2,0.7783819
RW22,9,0.6666096162214906,1,0.1,2,0.7543249
RW26,0,1.0,1,0.1,2,0.9996643
RW26,1,0.9695503888019508,1,0.1,2,0.964922
RW26,2,0.9530525699746794,1,0.1,2,0.94477224
RW26,3,0.9382100312250065,1,0.1,2,0.9257605
RW26,4,0.9249710248364101,1,0.1,2,0.90736055
RW26,5,0.9129597330190223,1,0.1,2,0.8898692
RW26,6,0.9039473720808919,1,0.1,2,0.87213683
RW26,7,0.8938493013611533,1,0.1,2,0.8545618
RW26,8,0.8838201049114417,1,0.1,2,0.8373071
RW26,9,0.8776749057612828,1,0.1,2,0.82017434
RW26,10,0.8664005053062743,1,0.1,2,0.8035783
RW26,11,0.8577843772790714,1,0.1,2,0.78744406
RW26,12,0.8512266479212676,1,0.1,2,0.77208847
RW26,13,0.8442312363783513,1,0.1,2,0.7579968
RW4,0,1.0,1,0.1,2,1.0010469
RW4,1,0.952908142031966,1,0.1,2,0.9916184
RW4,2,0.9169005743143264,1,0.1,2,0.95653415
RW4,3,0.8861547650375892,1,0.1,2,0.92550844
RW4,4,0.8653798883913402,1,0.1,2,0.89520866
RW4,5,0.8452071267530786,1,0.1,2,0.86976886
RW4,6,0.8228878119106672,1,0.1,2,0.8452658
RW4,7,0.8034885437099676,1,0.1,2,0.8243457
RW4,8,0.8175568100222665,1,0.1,2,0.8009078
RW4,9,0.781835479764987,1,0.1,2,0.7768414
RW4,10,0.7670246260000682,1,0.1,2,0.7549032
RW4,11,0.7443543078487312,1,0.1,2,0.7340958
RW4,12,0.7150665405639625,1,0.1,2,0.7118391
RW4,13,0.6809715885638455,1,0.1,2,0.6908313
RW4,14,0.6735233411679066,1,0.1,2,0.66767174
RW4,15,0.6479957823508535,1,0.1,2,0.64269483
RW4,16,0.6288981200103804,1,0.1,2,0.6288289
RW4,17,0.6134212256861231,1,0.1,2,0.60121506
RW4,18,0.5741659696180692,1,0.1,2,0.57706034
RW10,0,1.0,1,0.1,3,1.0044516
RW10,1,0.9784479629888402,1,0.1,3,0.9834339
RW10,2,0.9453971298202616,1,0.1,3,0.9498611
RW10,3,0.9117019022865598,1,0.1,3,0.91918135
RW10,4,0.8914739157881061,1,0.1,3,0.89010197
RW10,5,0.8372321175180194,1,0.1,3,0.8629683
RW10,6,0.8164482337318268,1,0.1,3,0.8345649
RW10,7,0.789437652957632,1,0.1,3,0.80948466
RW10,8,0.7647575279451165,1,0.1,3,0.7846986
RW10,9,0.7300635744525175,1,0.1,3,0.7640308
RW10,10,0.7075228861352875,1,0.1,3,0.74556065
RW10,11,0.6871342988910181,1,0.1,3,0.72650784
RW10,12,0.6697217219754731,1,0.1,3,0.710096
RW10,13,0.7116492649368324,1,0.1,3,0.6967013
RW10,14,0.66327010566779,1,0.1,3,0.6801663
RW10,15,0.647631852731416,1,0.1,3,0.6652324
RW10,16,0.6309658064312244,1,0.1,3,0.650969
RW10,17,0.6208612914817577,1,0.1,3,0.63673663
RW10,18,0.6112498733264151,1,0.1,3,0.6234621
RW10,19,0.6095624344801577,1,0.1,3,0.61072385
RW10,20,0.6033896649944029,1,0.1,3,0.5986645
RW10,21,0.5971527839004813,1,0.1,3,0.58646125
RW10,22,0.5886394830051586,1,0.1,3,0.5741129
RW10,23,0.581456358011487,1,0.1,3,0.5619116
RW10,24,0.5695013029658712,1,0.1,3,0.5500053
RW10,25,0.5557961266569272,1,0.1,3,0.53872573
RW10,26,0.5474051567570081,1,0.1,3,0.52702785
RW10,27,0.55125687415375,1,0.1,3,0.5148586
RW10,28,0.5453048889853013,1,0.1,3,0.5018066
RW10,29,0.5460438670105365,1,0.1,3,0.48844016
RW10,30,0.5345542267638814,1,0.1,3,0.4744892
RW10,31,0.5489933336557506,1,0.1,3,0.46011132
RW10,32,0.522382773482141,1,0.1,3,0.44536126
RW10,33,0.5016148874153187,1,0.1,3,0.43241215
RW10,34,0.45709804855548364,1,0.1,3,0.41908795
RW10,35,0.44563736559742767,1,0.1,3,0.40713978
RW10,36,0.4211045686596346,1,0.1,3,0.3953244
RW10,37,0.4077546171475978,1,0.1,3,0.3845899
RW10,38,0.4021701914678571,1,0.1,3,0.37287652
RW14,0,1.0,1,0.1,3,1.003983
RW14,1,0.9644332069664016,1,0.1,3,0.95731074
RW14,2,0.9213533384370284,1,0.1,3,0.91213006
RW14,3,0.8707123594457894,1,0.1,3,0.8740914
RW14,4,0.8348278945661182,1,0.1,3,0.8395857
RW14,5,0.8004024718366409,1,0.1,3,0.8083345
RW14,6,0.7430047115117226,1,0.1,3,0.7820709
RW14,7,0.709476468046898,1,0.1,3,0.7593941
RW14,8,0.6823027697859351,1,0.1,3,0.7368183
RW14,9,0.6585988334150349,1,0.1,3,0.71589756
RW14,10,0.6253776891267986,1,0.1,3,0.6936307
RW14,11,0.5924706416874056,1,0.1,3,0.6733477
RW14,12,0.57601843109804,1,0.1,3,0.653027
RW14,13,0.5535409217390064,1,0.1,3,0.6336229
RW14,14,0.5387222453480347,1,0.1,3,0.61342245
RW14,15,0.552867285851326,1,0.1,3,0.6102565
RW14,16,0.5036045429058008,1,0.1,3,0.5898207
RW14,17,0.47883058910976284,1,0.1,3,0.57110345
RW14,18,0.4728937060347926,1,0.1,3,0.55142456
RW14,19,0.45854169582917254,1,0.1,3,0.5315145
RW14,20,0.4518166502306318,1,0.1,3,0.5116987
RW14,21,0.432531360836441,1,0.1,3,0.49236888
RW14,22,0.4200841979206751,1,0.1,3,0.47304124
RW14,23,0.4157935443883638,1,0.1,3,0.45360398
RW18,0,1.0,1,0.1,3,1.0027202
RW18,1,0.9977330149235677,1,0.1,3,0.99992824
RW18,2,0.9213655815556884,1,0.1,3,0.93085504
RW18,3,0.8925716791703614,1,0.1,3,0.8858767
RW18,4,0.8718443394852413,1,0.1,3,0.8533414
RW18,5,0.8419174377110581,1,0.1,3,0.81787574
RW18,6,0.813365853114081,1,0.1,3,0.78383183
RW18,7,0.7961193757129356,1,0.1,3,0.7558919
RW18,8,0.7800851421665592,1,0.1,3,0.7305517
RW18,9,0.75369280553753,1,0.1,3,0.7079747
RW18,10,0.7376318600570141,1,0.1,3,0.68867135
RW18,11,0.7056274349360556,1,0.1,3,0.67058706
RW18,12,0.6816641704071746,1,0.1,3,0.654479
RW18,13,0.6705293405758124,1,0.1,3,0.6399168
RW18,14,0.65689339822108,1,0.1,3,0.6269665
RW18,15,0.6375308971062369,1,0.1,3,0.61396086
RW18,16,0.6343281547363112,1,0.1,3,0.6081495
RW18,17,0.609856009753373,1,0.1,3,0.5955205
RW18,18,0.5902016486507977,1,0.1,3,0.58471346
RW18,19,0.5830172536826165,1,0.1,3,0.57336706
RW18,20,0.5810826408538371,1,0.1,3,0.56203544
RW18,21,0.5687453908621404,1,0.1,3,0.5503
RW18,22,0.5542246611230017,1,0.1,3,0.53823245
RW18,23,0.5442080853160498,1,0.1,3,0.52643454
RW18,24,0.5344692122433156,1,0.1,3,0.5146549
RW18,25,0.518855432805061,1,0.1,3,0.50347936
RW18,26,0.5265886448180515,1,0.1,3,0.492383
RW2,0,1.0,1,0.1,3,0.9881151
RW2,1,0.964138506194284,1,0.1,3,0.9729619
RW2,2,0.9249040871235984,1,0.1,3,0.95109063
RW2,3,0.8830402696076977,1,0.1,3,0.92739743
RW2,4,0.8564110608744848,1,0.1,3,0.9147737
RW2,5,0.833163794491935,1,0.1,3,0.8978436
RW2,6,0.8231850244197494,1,0.1,3,0.87970155
RW2,7,0.8057852033709737,1,0.1,3,0.862103
RW2,8,0.7938715366638514,1,0.1,3,0.84843427
RW2,9,0.7860956497952659,1,0.1,3,0.8315508
RW2,10,0.766804449532973,1,0.1,3,0.81857926
RW2,11,0.750728888947808,1,0.1,3,0.80463827
RW2,12,0.7623324166830754,1,0.1,3,0.7884332
RW2,13,0.7296788762480323,1,0.1,3,0.7715478
RW2,14,0.7184708582425151,1,0.1,3,0.75610995
RW2,15,0.7036508460351927,1,0.1,3,0.7433342
RW2,16,0.6757157785547322,1,0.1,3,0.72768927
RW2,17,0.6541025835422499,1,0.1,3,0.715178
RW2,18,0.6504949003103174,1,0.1,3,0.7027055
RW2,19,0.652906214483479,1,0.1,3,0.68898225
RW2,20,0.6626729647795675,1,0.1,3,0.6753241
RW2,21,0.6576724393157618,1,0.1,3,0.6584368
RW2,22,0.6308359860989354,1,0.1,3,0.62990296
RW2,23,0.5883539180772349,1,0.1,3,0.61471367
RW2,24,0.5714726928240693,1,0.1,3,0.59924585
RW22,0,1.0,1,0.1,3,1.0004495
RW22,1,0.9739365032865775,1,0.1,3,0.9720091
RW22,2,0.9553948808841696,1,0.1,3,0.9397267
RW22,3,0.9149809498639752,1,0.1,3,0.91128397
RW22,4,0.8618174981582503,1,0.1,3,0.883717
RW22,5,0.8104095048251577,1,0.1,3,0.8599949
RW22,6,0.765116336467881,1,0.1,3,0.8383482
RW22,7,0.7463736626802354,1,0.1,3,0.817061
RW22,8,0.6843131991933246,1,0.1,3,0.7966912
RW22,9,0.6666096162214906,1,0.1,3,0.7795544
RW26,0,1.0,1,0.1,3,0.99918693
RW26,1,0.9695503888019508,1,0.1,3,0.96059847
RW26,2,0.9530525699746794,1,0.1,3,0.9413716
RW26,3,0.9382100312250065,1,0.1,3,0.9249752
RW26,4,0.9249710248364101,1,0.1,3,0.9117863
RW26,5,0.9129597330190223,1,0.1,3,0.9009256
RW26,6,0.9039473720808919,1,0.1,3,0.8912698
RW26,7,0.8938493013611533,1,0.1,3,0.8820133
RW26,8,0.8838201049114417,1,0.1,3,0.8730115
RW26,9,0.8776749057612828,1,0.1,3,0.8649153
RW26,10,0.8664005053062743,1,0.1,3,0.856999
RW26,11,0.8577843772790714,1,0.1,3,0.8490896
RW26,12,0.8512266479212676,1,0.1,3,0.84184575
RW26,13,0.8442312363783513,1,0.1,3,0.8352771
RW4,0,1.0,1,0.1,3,0.995831
RW4,1,0.952908142031966,1,0.1,3,0.969988
RW4,2,0.9169005743143264,1,0.1,3,0.9410424
RW4,3,0.8861547650375892,1,0.1,3,0.9138962
RW4,4,0.8653798883913402,1,0.1,3,0.887786
RW4,5,0.8452071267530786,1,0.1,3,0.86475897
RW4,6,0.8228878119106672,1,0.1,3,0.84225607
RW4,7,0.8034885437099676,1,0.1,3,0.8222932
RW4,8,0.8175568100222665,1,0.1,3,0.79993665
RW4,9,0.781835479764987,1,0.1,3,0.77677244
RW4,10,0.7670246260000682,1,0.1,3,0.7559338
RW4,11,0.7443543078487312,1,0.1,3,0.73491657
RW4,12,0.7150665405639625,1,0.1,3,0.7133225
RW4,13,0.6809715885638455,1,0.1,3,0.6940074
RW4,14,0.6735233411679066,1,0.1,3,0.67380255
RW4,15,0.6479957823508535,1,0.1,3,0.6523704
RW4,16,0.6288981200103804,1,0.1,3,0.640887
RW4,17,0.6134212256861231,1,0.1,3,0.61817944
RW4,18,0.5741659696180692,1,0.1,3,0.59770805
RW10,0,1.0,1,0.1,4,1.0118269
RW10,1,0.9784479629888402,1,0.1,4,0.95255476
RW10,2,0.9453971298202616,1,0.1,4,0.92983145
RW10,3,0.9117019022865598,1,0.1,4,0.9020752
RW10,4,0.8914739157881061,1,0.1,4,0.8752537
RW10,5,0.8372321175180194,1,0.1,4,0.8324794
RW10,6,0.8164482337318268,1,0.1,4,0.8055569
RW10,7,0.789437652957632,1,0.1,4,0.7805823
RW10,8,0.7647575279451165,1,0.1,4,0.757527
RW10,9,0.7300635744525175,1,0.1,4,0.7389635
RW10,10,0.7075228861352875,1,0.1,4,0.71841997
RW10,11,0.6871342988910181,1,0.1,4,0.70096946
RW10,12,0.6697217219754731,1,0.1,4,0.68562686
RW10,13,0.7116492649368324,1,0.1,4,0.6834598
RW10,14,0.66327010566779,1,0.1,4,0.6688392
RW10,15,0.647631852731416,1,0.1,4,0.6547985
RW10,16,0.6309658064312244,1,0.1,4,0.6414101
RW10,17,0.6208612914817577,1,0.1,4,0.6287371
RW10,18,0.6112498733264151,1,0.1,4,0.6163159
RW10,19,0.6095624344801577,1,0.1,4,0.6047824
RW10,20,0.6033896649944029,1,0.1,4,0.59423786
RW10,21,0.5971527839004813,1,0.1,4,0.58398646
RW10,22,0.5886394830051586,1,0.1,4,0.5730374
RW10,23,0.581456358011487,1,0.1,4,0.5625669
RW10,24,0.5695013029658712,1,0.1,4,0.55159473
RW10,25,0.5557961266569272,1,0.1,4,0.5416837
RW10,26,0.5474051567570081,1,0.1,4,0.53094715
RW10,27,0.55125687415375,1,0.1,4,0.5193559
RW10,28,0.5453048889853013,1,0.1,4,0.50596666
RW10,29,0.5460438670105365,1,0.1,4,0.49258637
RW10,30,0.5345542267638814,1,0.1,4,0.4790628
RW10,31,0.5489933336557506,1,0.1,4,0.4636668
RW10,32,0.522382773482141,1,0.1,4,0.44836688
RW10,33,0.5016148874153187,1,0.1,4,0.43510866
RW10,34,0.45709804855548364,1,0.1,4,0.4220351
RW10,35,0.44563736559742767,1,0.1,4,0.40972263
RW10,36,0.4211045686596346,1,0.1,4,0.3978578
RW10,37,0.4077546171475978,1,0.1,4,0.38704932
RW10,38,0.4021701914678571,1,0.1,4,0.3751502
RW14,0,1.0,1,0.1,4,0.99866337
RW14,1,0.9644332069664016,1,0.1,4,0.9531713
RW14,2,0.9213533384370284,1,0.1,4,0.90273887
RW14,3,0.8707123594457894,1,0.1,4,0.864949
RW14,4,0.8348278945661182,1,0.1,4,0.827502
RW14,5,0.8004024718366409,1,0.1,4,0.79010737
RW14,6,0.7430047115117226,1,0.1,4,0.76110744
RW14,7,0.709476468046898,1,0.1,4,0.73408526
RW14,8,0.6823027697859351,1,0.1,4,0.7062762
RW14,9,0.6585988334150349,1,0.1,4,0.6804899
RW14,10,0.6253776891267986,1,0.1,4,0.65544313
RW14,11,0.5924706416874056,1,0.1,4,0.63301194
RW14,12,0.57601843109804,1,0.1,4,0.6108076
RW14,13,0.5535409217390064,1,0.1,4,0.5911447
RW14,14,0.5387222453480347,1,0.1,4,0.57172143
RW14,15,0.552867285851326,1,0.1,4,0.5689697
RW14,16,0.5036045429058008,1,0.1,4,0.55102605
RW14,17,0.47883058910976284,1,0.1,4,0.5356617
RW14,18,0.4728937060347926,1,0.1,4,0.5201197
RW14,19,0.45854169582917254,1,0.1,4,0.50560844
RW14,20,0.4518166502306318,1,0.1,4,0.4916259
RW14,21,0.432531360836441,1,0.1,4,0.47948688
RW14,22,0.4200841979206751,1,0.1,4,0.46846765
RW14,23,0.4157935443883638,1,0.1,4,0.4580257
RW18,0,1.0,1,0.1,4,1.0093914
RW18,1,0.9977330149235677,1,0.1,4,1.005106
RW18,2,0.9213655815556884,1,0.1,4,0.99933124
RW18,3,0.8925716791703614,1,0.1,4,0.99057484
RW18,4,0.8718443394852413,1,0.1,4,0.9244054
RW18,5,0.8419174377110581,1,0.1,4,0.89117295
RW18,6,0.813365853114081,1,0.1,4,0.8677714
RW18,7,0.7961193757129356,1,0.1,4,0.8386254
RW18,8,0.7800851421665592,1,0.1,4,0.80912954
RW18,9,0.75369280553753,1,0.1,4,0.7825049
RW18,10,0.7376318600570141,1,0.1,4,0.75546277
RW18,11,0.7056274349360556,1,0.1,4,0.7307902
RW18,12,0.6816641704071746,1,0.1,4,0.70794535
RW18,13,0.6705293405758124,1,0.1,4,0.6855379
RW18,14,0.65689339822108,1,0.1,4,0.6657311
RW18,15,0.6375308971062369,1,0.1,4,0.64471215
RW18,16,0.6343281547363112,1,0.1,4,0.63493955
RW18,17,0.609856009753373,1,0.1,4,0.6157868
RW18,18,0.5902016486507977,1,0.1,4,0.6020976
RW18,19,0.5830172536826165,1,0.1,4,0.58703655
RW18,20,0.5810826408538371,1,0.1,4,0.5719161
RW18,21,0.5687453908621404,1,0.1,4,0.5566076
RW18,22,0.5542246611230017,1,0.1,4,0.54139054
RW18,23,0.5442080853160498,1,0.1,4,0.5272383
RW18,24,0.5344692122433156,1,0.1,4,0.51399654
RW18,25,0.518855432805061,1,0.1,4,0.50316334
RW18,26,0.5265886448180515,1,0.1,4,0.49173486
RW2,0,1.0,1,0.1,4,1.0190096
RW2,1,0.964138506194284,1,0.1,4,0.958004
RW2,2,0.9249040871235984,1,0.1,4,0.93361264
RW2,3,0.8830402696076977,1,0.1,4,0.9097814
RW2,4,0.8564110608744848,1,0.1,4,0.88557184
RW2,5,0.833163794491935,1,0.1,4,0.8662274
RW2,6,0.8231850244197494,1,0.1,4,0.84869564
RW2,7,0.8057852033709737,1,0.1,4,0.8338592
RW2,8,0.7938715366638514,1,0.1,4,0.8203455
RW2,9,0.7860956497952659,1,0.1,4,0.80986464
RW2,10,0.766804449532973,1,0.1,4,0.7994872
RW2,11,0.750728888947808,1,0.1,4,0.79046726
RW2,12,0.7623324166830754,1,0.1,4,0.7790639
RW2,13,0.7296788762480323,1,0.1,4,0.76989895
RW2,14,0.7184708582425151,1,0.1,4,0.76144433
RW2,15,0.7036508460351927,1,0.1,4,0.7532364
RW2,16,0.6757157785547322,1,0.1,4,0.74364996
RW2,17,0.6541025835422499,1,0.1,4,0.7348083
RW2,18,0.6504949003103174,1,0.1,4,0.72585976
RW2,19,0.652906214483479,1,0.1,4,0.7155871
RW2,20,0.6626729647795675,1,0.1,4,0.70531887
RW2,21,0.6576724393157618,1,0.1,4,0.69172496
RW2,22,0.6308359860989354,1,0.1,4,0.66503704
RW2,23,0.5883539180772349,1,0.1,4,0.65073836
RW2,24,0.5714726928240693,1,0.1,4,0.635701
RW22,0,1.0,1,0.1,4,1.0012981
RW22,1,0.9739365032865775,1,0.1,4,0.95875436
RW22,2,0.9553948808841696,1,0.1,4,0.92988235
RW22,3,0.9149809498639752,1,0.1,4,0.90423465
RW22,4,0.8618174981582503,1,0.1,4,0.88011974
RW22,5,0.8104095048251577,1,0.1,4,0.85827136
RW22,6,0.765116336467881,1,0.1,4,0.8377135
RW22,7,0.7463736626802354,1,0.1,4,0.81629556
RW22,8,0.6843131991933246,1,0.1,4,0.79422516
RW22,9,0.6666096162214906,1,0.1,4,0.7748055
RW26,0,1.0,1,0.1,4,1.0000364
RW26,1,0.9695503888019508,1,0.1,4,0.98004496
RW26,2,0.9530525699746794,1,0.1,4,0.96932894
RW26,3,0.9382100312250065,1,0.1,4,0.957788
RW26,4,0.9249710248364101,1,0.1,4,0.94556665
RW26,5,0.9129597330190223,1,0.1,4,0.9330063
RW26,6,0.9039473720808919,1,0.1,4,0.9209304
RW26,7,0.8938493013611533,1,0.1,4,0.90736085
RW26,8,0.8838201049114417,1,0.1,4,0.892341
RW26,9,0.8776749057612828,1,0.1,4,0.877196
RW26,10,0.8664005053062743,1,0.1,4,0.8609537
RW26,11,0.8577843772790714,1,0.1,4,0.84391636
RW26,12,0.8512266479212676,1,0.1,4,0.8262155
RW26,13,0.8442312363783513,1,0.1,4,0.80865055
RW4,0,1.0,1,0.1,4,0.99824893
RW4,1,0.952908142031966,1,0.1,4,0.96950996
RW4,2,0.9169005743143264,1,0.1,4,0.93784547
RW4,3,0.8861547650375892,1,0.1,4,0.9103693
RW4,4,0.8653798883913402,1,0.1,4,0.88377184
RW4,5,0.8452071267530786,1,0.1,4,0.8609391
RW4,6,0.8228878119106672,1,0.1,4,0.8396788
RW4,7,0.8034885437099676,1,0.1,4,0.8201185
RW4,8,0.8175568100222665,1,0.1,4,0.796648
RW4,9,0.781835479764987,1,0.1,4,0.7725647
RW4,10,0.7670246260000682,1,0.1,4,0.75041085
RW4,11,0.7443543078487312,1,0.1,4,0.7311941
RW4,12,0.7150665405639625,1,0.1,4,0.71123993
RW4,13,0.6809715885638455,1,0.1,4,0.69165546
RW4,14,0.6735233411679066,1,0.1,4,0.67011505
RW4,15,0.6479957823508535,1,0.1,4,0.64831066
RW4,16,0.6288981200103804,1,0.1,4,0.6355727
RW4,17,0.6134212256861231,1,0.1,4,0.6114398
RW4,18,0.5741659696180692,1,0.1,4,0.59063476
RW11,0,1.0,2,1.0,0,0.990319
RW11,1,0.9812509775303251,2,1.0,0,0.990554
RW11,2,0.9650137068435085,2,1.0,0,0.9595483
RW11,3,0.9351362403953054,2,1.0,0,0.9317083
RW11,4,0.90714425616019,2,1.0,0,0.9086344
RW11,5,0.8457053142903532,2,1.0,0,0.8879755
RW11,6,0.8020972922814096,2,1.0,0,0.87260354
RW11,7,0.7484325203829727,2,1.0,0,0.8599643
RW11,8,0.7189787689899965,2,1.0,0,0.84812033
RW11,9,0.6910853284576837,2,1.0,0,0.83828723
RW11,10,0.6761559111900426,2,1.0,0,0.83011734
RW11,11,0.6550657321125852,2,1.0,0,0.82300085
RW11,12,0.6425313612904104,2,1.0,0,0.81627196
RW11,13,0.6909619595729768,2,1.0,0,0.8057699
RW11,14,0.6373488207077248,2,1.0,0,0.79818195
RW11,15,0.6236460344632558,2,1.0,0,0.79121804
RW11,16,0.6096063869507001,2,1.0,0,0.78394836
RW11,17,0.6095592595614534,2,1.0,0,0.77652085
RW11,18,0.6117111890811565,2,1.0,0,0.76868594
RW11,19,0.6132328800421039,2,1.0,0,0.7601665
RW11,20,0.6177338702955617,2,1.0,0,0.7509465
RW11,21,0.6151726925016363,2,1.0,0,0.7416128
RW11,22,0.6150917110526547,2,1.0,0,0.7315778
RW11,23,0.6084443675781239,2,1.0,0,0.7213022
RW11,24,0.6108413236784053,2,1.0,0,0.71016574
RW11,25,0.604457872674917,2,1.0,0,0.6989987
RW11,26,0.6029517287743232,2,1.0,0,0.68763113
RW11,27,0.605157402435204,2,1.0,0,0.6757295
RW11,28,0.5960453588974413,2,1.0,0,0.66253483
RW11,29,0.5898473993066765,2,1.0,0,0.6500985
RW11,30,0.5639353004202469,2,1.0,0,0.63688374
RW11,31,0.5833093037578585,2,1.0,0,0.62085426
RW11,32,0.5385993504613933,2,1.0,0,0.60729104
RW11,33,0.5270290981610593,2,1.0,0,0.59472424
RW11,34,0.4838174078709938,2,1.0,0,0.581476
RW11,35,0.4668435392432821,2,1.0,0,0.5696738
RW11,36,0.4539967259442097,2,1.0,0,0.5348439
RW15,0,1.0,2,1.0,0,1.0054686
RW15,1,0.9650574510743339,2,1.0,0,0.956196
RW15,2,0.9225952378299382,2,1.0,0,0.91278183
RW15,3,0.8654685977166434,2,1.0,0,0.87509805
RW15,4,0.8331123466557073,2,1.0,0,0.84114695
RW15,5,0.7854218267547517,2,1.0,0,0.8123089
RW15,6,0.7308801736607424,2,1.0,0,0.7843833
RW15,7,0.7033432455088411,2,1.0,0,0.7562707
RW15,8,0.6798891483633692,2,1.0,0,0.7283292
RW15,9,0.6595524905078265,2,1.0,0,0.70069087
RW15,10,0.6385049022337113,2,1.0,0,0.6736978
RW15,11,0.6188055183968584,2,1.0,0,0.6487495
RW15,12,0.5978706628223552,2,1.0,0,0.6249201
RW15,13,0.564108530129482,2,1.0,0,0.6020018
RW15,14,0.5618221733421094,2,1.0,0,0.5804435
RW15,15,0.5683340400975069,2,1.0,0,0.5768548
RW15,16,0.5328255192748415,2,1.0,0,0.5581664
RW15,17,0.525805629163202,2,1.0,0,0.5418031
RW15,18,0.5037113308815376,2,1.0,0,0.52731633
RW15,19,0.4878101214299047,2,1.0,0,0.5141609
RW15,20,0.4857842099501362,2,1.0,0,0.50259876
RW15,21,0.4823497951477415,2,1.0,0,0.49273574
RW15,22,0.469053235395845,2,1.0,0,0.4838174
RW15,23,0.44283042970152153,2,1.0,0,0.475511
RW19,0,1.0,2,1.0,0,1.0074607
RW19,1,0.9396235436975541,2,1.0,0,0.9406605
RW19,2,0.9120786188350108,2,1.0,0,0.9235028
RW19,3,0.8847986908586808,2,1.0,0,0.8843222
RW19,4,0.8571370872127337,2,1.0,0,0.8497981
RW19,5,0.8354199075992986,2,1.0,0,0.8188442
RW19,6,0.8073309568665201,2,1.0,0,0.79155546
RW19,7,0.7857199625811689,2,1.0,0,0.76663816
RW19,8,0.7666372214100013,2,1.0,0,0.7444987
RW19,9,0.7513987910506147,2,1.0,0,0.72107065
RW19,10,0.7203267622205394,2,1.0,0,0.70066535
RW19,11,0.7081063051935211,2,1.0,0,0.67910945
RW19,12,0.6723114265835748,2,1.0,0,0.6599198
RW19,13,0.6639607922077001,2,1.0,0,0.6446412
RW19,14,0.6507704833452281,2,1.0,0,0.6292595
RW19,15,0.6454719449243604,2,1.0,0,0.6217599
RW19,16,0.6196235547721438,2,1.0,0,0.6072438
RW19,17,0.5838720772978139,2,1.0,0,0.5962887
RW19,18,0.5755212201280766,2,1.0,0,0.58546245
RW19,19,0.5607907745146146,2,1.0,0,0.5747005
RW19,20,0.5604943676173099,2,1.0,0,0.56448424
RW19,21,0.5388293035023539,2,1.0,0,0.55512583
RW19,22,0.5241299200287287,2,1.0,0,0.5459908
RW19,23,0.5173999584381129,2,1.0,0,0.5371438
RW19,24,0.5070395009418225,2,1.0,0,0.5295495
RW19,25,0.5041861774066588,2,1.0,0,0.5222821
RW23,0,1.0,2,1.0,0,0.9911206
RW23,1,0.968874030176613,2,1.0,0,0.9845649
RW23,2,0.93116690709189,2,1.0,0,0.9449563
RW23,3,0.9041203685654416,2,1.0,0,0.9100161
RW23,4,0.8752754662299709,2,1.0,0,0.87936693
RW23,5,0.8465547714660063,2,1.0,0,0.84955275
RW23,6,0.8208981506750966,2,1.0,0,0.8216076
RW23,7,0.7998940829401381,2,1.0,0,0.79579073
RW23,8,0.7892510429257036,2,1.0,0,0.77199996
RW23,9,0.7631753024809578,2,1.0,0,0.74807775
RW23,10,0.7401984489323145,2,1.0,0,0.7287394
RW27,0,1.0,2,1.0,0,0.9955956
RW27,1,0.9681570193735269,2,1.0,0,0.96754724
RW27,2,0.9437661592431005,2,1.0,0,0.93888026
RW27,3,0.9188104975387007,2,1.0,0,0.91702974
RW27,4,0.899349484660793,2,1.0,0,0.8963754
RW27,5,0.8814742779331408,2,1.0,0,0.87695557
RW27,6,0.8663787550926042,2,1.0,0,0.857805
RW27,7,0.8547311284111835,2,1.0,0,0.84048074
RW27,8,0.8431959746161813,2,1.0,0,0.82438624
RW27,9,0.8351597805140608,2,1.0,0,0.8075467
RW27,10,0.8233026207413151,2,1.0,0,0.78910923
RW27,11,0.8176967306120008,2,1.0,0,0.770303
RW5,0,1.0,2,1.0,0,0.97436196
RW5,1,0.960825991745598,2,1.0,0,0.9783693
RW5,2,0.9266800602747612,2,1.0,0,0.946813
RW5,3,0.9011293220077173,2,1.0,0,0.91722465
RW5,4,0.8764709808493428,2,1.0,0,0.8919444
RW5,5,0.8526426940151302,2,1.0,0,0.8688079
RW5,6,0.839370527729129,2,1.0,0,0.8460777
RW5,7,0.8159574870069374,2,1.0,0,0.8253032
RW5,8,0.8004750971060514,2,1.0,0,0.8064364
RW5,9,0.8228279206228818,2,1.0,0,0.7963253
RW5,10,0.7867656223348591,2,1.0,0,0.77207947
RW5,11,0.7661099188154834,2,1.0,0,0.74848765
RW5,12,0.7429108814178095,2,1.0,0,0.72611773
RW5,13,0.7091745980062312,2,1.0,0,0.7030939
RW5,14,0.6857713337470273,2,1.0,0,0.6809752
RW5,15,0.6672427863976763,2,1.0,0,0.65875405
RW5,16,0.6687356247963866,2,1.0,0,0.6399472
RW5,17,0.636480784151189,2,1.0,0,0.6266918
RW5,18,0.6183718679139446,2,1.0,0,0.611839
RW5,19,0.5752173546693329,2,1.0,0,0.5963837
RW5,20,0.5747937898766532,2,1.0,0,0.5939633
RW7,0,1.0,2,1.0,0,1.0276177
RW7,1,0.9737384788654111,2,1.0,0,0.9362812
RW7,2,0.9447337319243664,2,1.0,0,0.91058534
RW7,3,0.9146274603726349,2,1.0,0,0.88688296
RW7,4,0.8871149443826014,2,1.0,0,0.86293054
RW7,5,0.8607953281423645,2,1.0,0,0.834142
RW7,6,0.8253218854282387,2,1.0,0,0.80197215
RW7,7,0.8256203114571893,2,1.0,0,0.77333033
RW7,8,0.8174379654477165,2,1.0,0,0.7508689
RW7,9,0.8035643430201168,2,1.0,0,0.73139834
RW7,10,0.7896346635150358,2,1.0,0,0.71267414
RW7,11,0.7718959267241481,2,1.0,0,0.6973094
RW7,12,0.7860019167130227,2,1.0,0,0.6840998
RW7,13,0.7507796857619143,2,1.0,0,0.66904974
RW7,14,0.7327447163515879,2,1.0,0,0.65532136
RW7,15,0.7074586345939947,2,1.0,0,0.6433032
RW7,16,0.6825198136819158,2,1.0,0,0.63323486
RW7,17,0.662699874860957,2,1.0,0,0.62306035
RW7,18,0.6262446211067287,2,1.0,0,0.61325693
RW7,19,0.6075826021968548,2,1.0,0,0.6020411
RW7,20,0.6170093927279642,2,1.0,0,0.58744293
RW7,21,0.6466135984427249,2,1.0,0,0.57125723
RW7,22,0.5740413094410772,2,1.0,0,0.5550448
RW7,23,0.5335005770298783,2,1.0,0,0.5414628
RW7,24,0.52059510567296,2,1.0,0,0.528453
RW11,0,1.0,2,1.0,1,0.99209094
RW11,1,0.9812509775303251,2,1.0,1,0.98382175
RW11,2,0.9650137068435085,2,1.0,1,0.955724
RW11,3,0.9351362403953054,2,1.0,1,0.93005145
RW11,4,0.90714425616019,2,1.0,1,0.90788996
RW11,5,0.8457053142903532,2,1.0,1,0.88760346
RW11,6,0.8020972922814096,2,1.0,1,0.8721116
RW11,7,0.7484325203829727,2,1.0,1,0.8590766
RW11,8,0.7189787689899965,2,1.0,1,0.8467131
RW11,9,0.6910853284576837,2,1.0,1,0.8363427
RW11,10,0.6761559111900426,2,1.0,1,0.8276104
RW11,11,0.6550657321125852,2,1.0,1,0.82000124
RW11,12,0.6425313612904104,2,1.0,1,0.8126631
RW11,13,0.6909619595729768,2,1.0,1,0.8029295
RW11,14,0.6373488207077248,2,1.0,1,0.7952328
RW11,15,0.6236460344632558,2,1.0,1,0.78809
RW11,16,0.6096063869507001,2,1.0,1,0.78064376
RW11,17,0.6095592595614534,2,1.0,1,0.7730063
RW11,18,0.6117111890811565,2,1.0,1,0.7650401
RW11,19,0.6132328800421039,2,1.0,1,0.756193
RW11,20,0.6177338702955617,2,1.0,1,0.7466108
RW11,21,0.6151726925016363,2,1.0,1,0.7368145
RW11,22,0.6150917110526547,2,1.0,1,0.72631097
RW11,23,0.6084443675781239,2,1.0,1,0.7152468
RW11,24,0.6108413236784053,2,1.0,1,0.7032341
RW11,25,0.604457872674917,2,1.0,1,0.6908523
RW11,26,0.6029517287743232,2,1.0,1,0.6783788
RW11,27,0.605157402435204,2,1.0,1,0.6644089
RW11,28,0.5960453588974413,2,1.0,1,0.64887613
RW11,29,0.5898473993066765,2,1.0,1,0.6337786
RW11,30,0.5639353004202469,2,1.0,1,0.61810213
RW11,31,0.5833093037578585,2,1.0,1,0.60532296
RW11,32,0.5385993504613933,2,1.0,1,0.5883608
RW11,33,0.5270290981610593,2,1.0,1,0.5728903
RW11,34,0.4838174078709938,2,1.0,1,0.5564394
RW11,35,0.4668435392432821,2,1.0,1,0.5420914
RW11,36,0.4539967259442097,2,1.0,1,0.50000453
RW15,0,1.0,2,1.0,1,0.9990936
RW15,1,0.9650574510743339,2,1.0,1,0.9547301
RW15,2,0.9225952378299382,2,1.0,1,0.9091281
RW15,3,0.8654685977166434,2,1.0,1,0.8713398
RW15,4,0.8331123466557073,2,1.0,1,0.8352795
RW15,5,0.7854218267547517,2,1.0,1,0.80445755
RW15,6,0.7308801736607424,2,1.0,1,0.7758188
RW15,7,0.7033432455088411,2,1.0,1,0.74789315
RW15,8,0.6798891483633692,2,1.0,1,0.7204493
RW15,9,0.6595524905078265,2,1.0,1,0.69320214
RW15,10,0.6385049022337113,2,1.0,1,0.6663182
RW15,11,0.6188055183968584,2,1.0,1,0.64136136
RW15,12,0.5978706628223552,2,1.0,1,0.61734724
RW15,13,0.564108530129482,2,1.0,1,0.59453875
RW15,14,0.5618221733421094,2,1.0,1,0.5723252
RW15,15,0.5683340400975069,2,1.0,1,0.56852174
RW15,16,0.5328255192748415,2,1.0,1,0.5489743
RW15,17,0.525805629163202,2,1.0,1,0.5313654
RW15,18,0.5037113308815376,2,1.0,1,0.51587206
RW15,19,0.4878101214299047,2,1.0,1,0.50167733
RW15,20,0.4857842099501362,2,1.0,1,0.48901224
RW15,21,0.4823497951477415,2,1.0,1,0.47780734
RW15,22,0.469053235395845,2,1.0,1,0.46769953
RW15,23,0.44283042970152153,2,1.0,1,0.45860213
RW19,0,1.0,2,1.0,1,1.0013694
RW19,1,0.9396235436975541,2,1.0,1,0.9496631
RW19,2,0.9120786188350108,2,1.0,1,0.918463
RW19,3,0.8847986908586808,2,1.0,1,0.88820356
RW19,4,0.8571370872127337,2,1.0,1,0.85335726
RW19,5,0.8354199075992986,2,1.0,1,0.82098
RW19,6,0.8073309568665201,2,1.0,1,0.7927212
RW19,7,0.7857199625811689,2,1.0,1,0.76651525
RW19,8,0.7666372214100013,2,1.0,1,0.7430885
RW19,9,0.7513987910506147,2,1.0,1,0.71868896
RW19,10,0.7203267622205394,2,1.0,1,0.6974212
RW19,11,0.7081063051935211,2,1.0,1,0.6751857
RW19,12,0.6723114265835748,2,1.0,1,0.6553503
RW19,13,0.6639607922077001,2,1.0,1,0.6392126
RW19,14,0.6507704833452281,2,1.0,1,0.6230135
RW19,15,0.6454719449243604,2,1.0,1,0.61522245
RW19,16,0.6196235547721438,2,1.0,1,0.59991944
RW19,17,0.5838720772978139,2,1.0,1,0.58838856
RW19,18,0.5755212201280766,2,1.0,1,0.57705086
RW19,19,0.5607907745146146,2,1.0,1,0.5657164
RW19,20,0.5604943676173099,2,1.0,1,0.5549571
RW19,21,0.5388293035023539,2,1.0,1,0.54519695
RW19,22,0.5241299200287287,2,1.0,1,0.5357393
RW19,23,0.5173999584381129,2,1.0,1,0.52660644
RW19,24,0.5070395009418225,2,1.0,1,0.51895726
RW19,25,0.5041861774066588,2,1.0,1,0.5116884
RW23,0,1.0,2,1.0,1,0.9986794
RW23,1,0.968874030176613,2,1.0,1,0.9918294
RW23,2,0.93116690709189,2,1.0,1,0.9466786
RW23,3,0.9041203685654416,2,1.0,1,0.9089181
RW23,4,0.8752754662299709,2,1.0,1,0.87790954
RW23,5,0.8465547714660063,2,1.0,1,0.8482021
RW23,6,0.8208981506750966,2,1.0,1,0.8210706
RW23,7,0.7998940829401381,2,1.0,1,0.79631126
RW23,8,0.7892510429257036,2,1.0,1,0.7736755
RW23,9,0.7631753024809578,2,1.0,1,0.7508104
RW23,10,0.7401984489323145,2,1.0,1,0.73251784
RW27,0,1.0,2,1.0,1,0.99912107
RW27,1,0.9681570193735269,2,1.0,1,0.96987426
RW27,2,0.9437661592431005,2,1.0,1,0.94154465
RW27,3,0.9188104975387007,2,1.0,1,0.92126226
RW27,4,0.899349484660793,2,1.0,1,0.90200293
RW27,5,0.8814742779331408,2,1.0,1,0.88358337
RW27,6,0.8663787550926042,2,1.0,1,0.8651526
RW27,7,0.8547311284111835,2,1.0,1,0.8477971
RW27,8,0.8431959746161813,2,1.0,1,0.8308701
RW27,9,0.8351597805140608,2,1.0,1,0.8124922
RW27,10,0.8233026207413151,2,1.0,1,0.79182935
RW27,11,0.8176967306120008,2,1.0,1,0.77020836
RW5,0,1.0,2,1.0,1,0.9770758
RW5,1,0.960825991745598,2,1.0,1,0.97193736
RW5,2,0.9266800602747612,2,1.0,1,0.9407611
RW5,3,0.9011293220077173,2,1.0,1,0.91152257
RW5,4,0.8764709808493428,2,1.0,1,0.885665
RW5,5,0.8526426940151302,2,1.0,1,0.8620327
RW5,6,0.839370527729129,2,1.0,1,0.83861125
RW5,7,0.8159574870069374,2,1.0,1,0.81759363
RW5,8,0.8004750971060514,2,1.0,1,0.79815817
RW5,9,0.8228279206228818,2,1.0,1,0.7877232
RW5,10,0.7867656223348591,2,1.0,1,0.76297015
RW5,11,0.7661099188154834,2,1.0,1,0.7392534
RW5,12,0.7429108814178095,2,1.0,1,0.71674585
RW5,13,0.7091745980062312,2,1.0,1,0.69380397
RW5,14,0.6857713337470273,2,1.0,1,0.6714258
RW5,15,0.6672427863976763,2,1.0,1,0.64901876
RW5,16,0.6687356247963866,2,1.0,1,0.62879574
RW5,17,0.636480784151189,2,1.0,1,0.6142886
RW5,18,0.6183718679139446,2,1.0,1,0.5976497
RW5,19,0.5752173546693329,2,1.0,1,0.5807574
RW5,20,0.5747937898766532,2,1.0,1,0.5776782
RW7,0,1.0,2,1.0,1,0.99408424
RW7,1,0.9737384788654111,2,1.0,1,0.95439875
RW7,2,0.9447337319243664,2,1.0,1,0.92532325
RW7,3,0.9146274603726349,2,1.0,1,0.89826095
RW7,4,0.8871149443826014,2,1.0,1,0.8717042
RW7,5,0.8607953281423645,2,1.0,1,0.8433027
RW7,6,0.8253218854282387,2,1.0,1,0.8149192
RW7,7,0.8256203114571893,2,1.0,1,0.7875545
RW7,8,0.8174379654477165,2,1.0,1,0.7650479
RW7,9,0.8035643430201168,2,1.0,1,0.74413216
RW7,10,0.7896346635150358,2,1.0,1,0.7242575
RW7,11,0.7718959267241481,2,1.0,1,0.707246
RW7,12,0.7860019167130227,2,1.0,1,0.6927538
RW7,13,0.7507796857619143,2,1.0,1,0.67604566
RW7,14,0.7327447163515879,2,1.0,1,0.66125566
RW7,15,0.7074586345939947,2,1.0,1,0.6480528
RW7,16,0.6825198136819158,2,1.0,1,0.63679326
RW7,17,0.662699874860957,2,1.0,1,0.6255213
RW7,18,0.6262446211067287,2,1.0,1,0.61494464
RW7,19,0.6075826021968548,2,1.0,1,0.6036551
RW7,20,0.6170093927279642,2,1.0,1,0.5901428
RW7,21,0.6466135984427249,2,1.0,1,0.5752566
RW7,22,0.5740413094410772,2,1.0,1,0.5608543
RW7,23,0.5335005770298783,2,1.0,1,0.54788655
RW7,24,0.52059510567296,2,1.0,1,0.53556025
RW11,0,1.0,2,1.0,2,0.9835018
RW11,1,0.9812509775303251,2,1.0,2,0.99568
RW11,2,0.9650137068435085,2,1.0,2,0.9654462
RW11,3,0.9351362403953054,2,1.0,2,0.9379591
RW11,4,0.90714425616019,2,1.0,2,0.9146527
RW11,5,0.8457053142903532,2,1.0,2,0.8930675
RW11,6,0.8020972922814096,2,1.0,2,0.8769412
RW11,7,0.7484325203829727,2,1.0,2,0.8632089
RW11,8,0.7189787689899965,2,1.0,2,0.8500509
RW11,9,0.6910853284576837,2,1.0,2,0.8389027
RW11,10,0.6761559111900426,2,1.0,2,0.8293624
RW11,11,0.6550657321125852,2,1.0,2,0.8209028
RW11,12,0.6425313612904104,2,1.0,2,0.8127411
RW11,13,0.6909619595729768,2,1.0,2,0.80105925
RW11,14,0.6373488207077248,2,1.0,2,0.7922403
RW11,15,0.6236460344632558,2,1.0,2,0.7841028
RW11,16,0.6096063869507001,2,1.0,2,0.775697
RW11,17,0.6095592595614534,2,1.0,2,0.76711684
RW11,18,0.6117111890811565,2,1.0,2,0.75839794
RW11,19,0.6132328800421039,2,1.0,2,0.74887997
RW11,20,0.6177338702955617,2,1.0,2,0.73879296
RW11,21,0.6151726925016363,2,1.0,2,0.7286427
RW11,22,0.6150917110526547,2,1.0,2,0.71790767
RW11,23,0.6084443675781239,2,1.0,2,0.70688856
RW11,24,0.6108413236784053,2,1.0,2,0.69500947
RW11,25,0.604457872674917,2,1.0,2,0.6831191
RW11,26,0.6029517287743232,2,1.0,2,0.67132837
RW11,27,0.605157402435204,2,1.0,2,0.6587275
RW11,28,0.5960453588974413,2,1.0,2,0.6448503
RW11,29,0.5898473993066765,2,1.0,2,0.6317146
RW11,30,0.5639353004202469,2,1.0,2,0.6180594
RW11,31,0.5833093037578585,2,1.0,2,0.60509264
RW11,32,0.5385993504613933,2,1.0,2,0.5908729
RW11,33,0.5270290981610593,2,1.0,2,0.5778117
RW11,34,0.4838174078709938,2,1.0,2,0.5640919
RW11,35,0.4668435392432821,2,1.0,2,0.5521646
RW11,36,0.4539967259442097,2,1.0,2,0.5170958
RW15,0,1.0,2,1.0,2,0.9975021
RW15,1,0.9650574510743339,2,1.0,2,0.9523959
RW15,2,0.9225952378299382,2,1.0,2,0.9088965
RW15,3,0.8654685977166434,2,1.0,2,0.8732251
RW15,4,0.8331123466557073,2,1.0,2,0.840338
RW15,5,0.7854218267547517,2,1.0,2,0.8107151
RW15,6,0.7308801736607424,2,1.0,2,0.78160703
RW15,7,0.7033432455088411,2,1.0,2,0.7524428
RW15,8,0.6798891483633692,2,1.0,2,0.7236357
RW15,9,0.6595524905078265,2,1.0,2,0.69554037
RW15,10,0.6385049022337113,2,1.0,2,0.66790783
RW15,11,0.6188055183968584,2,1.0,2,0.6424675
RW15,12,0.5978706628223552,2,1.0,2,0.61798924
RW15,13,0.564108530129482,2,1.0,2,0.59428585
RW15,14,0.5618221733421094,2,1.0,2,0.5719168
RW15,15,0.5683340400975069,2,1.0,2,0.568148
RW15,16,0.5328255192748415,2,1.0,2,0.548465
RW15,17,0.525805629163202,2,1.0,2,0.5312619
RW15,18,0.5037113308815376,2,1.0,2,0.51591814
RW15,19,0.4878101214299047,2,1.0,2,0.50194114
RW15,20,0.4857842099501362,2,1.0,2,0.48970175
RW15,21,0.4823497951477415,2,1.0,2,0.47920555
RW15,22,0.469053235395845,2,1.0,2,0.46979588
RW15,23,0.44283042970152153,2,1.0,2,0.4612217
RW19,0,1.0,2,1.0,2,0.99997604
RW19,1,0.9396235436975541,2,1.0,2,0.93563676
RW19,2,0.9120786188350108,2,1.0,2,0.918398
RW19,3,0.8847986908586808,2,1.0,2,0.88229084
RW19,4,0.8571370872127337,2,1.0,2,0.848101
RW19,5,0.8354199075992986,2,1.0,2,0.81668437
RW19,6,0.8073309568665201,2,1.0,2,0.78853595
RW19,7,0.7857199625811689,2,1.0,2,0.76235074
RW19,8,0.7666372214100013,2,1.0,2,0.73950607
RW19,9,0.7513987910506147,2,1.0,2,0.71553093
RW19,10,0.7203267622205394,2,1.0,2,0.6954412
RW19,11,0.7081063051935211,2,1.0,2,0.67370814
RW19,12,0.6723114265835748,2,1.0,2,0.6545199
RW19,13,0.6639607922077001,2,1.0,2,0.63921905
RW19,14,0.6507704833452281,2,1.0,2,0.62345004
RW19,15,0.6454719449243604,2,1.0,2,0.6158365
RW19,16,0.6196235547721438,2,1.0,2,0.6005874
RW19,17,0.5838720772978139,2,1.0,2,0.58939993
RW19,18,0.5755212201280766,2,1.0,2,0.57795894
RW19,19,0.5607907745146146,2,1.0,2,0.56623363
RW19,20,0.5604943676173099,2,1.0,2,0.55486786
RW19,21,0.5388293035023539,2,1.0,2,0.5444056
RW19,22,0.5241299200287287,2,1.0,2,0.5340649
RW19,23,0.5173999584381129,2,1.0,2,0.5238756
RW19,24,0.5070395009418225,2,1.0,2,0.51518655
RW19,25,0.5041861774066588,2,1.0,2,0.5067959
RW23,0,1.0,2,1.0,2,0.99927735
RW23,1,0.968874030176613,2,1.0,2,0.99396336
RW23,2,0.93116690709189,2,1.0,2,0.9514624
RW23,3,0.9041203685654416,2,1.0,2,0.915802
RW23,4,0.8752754662299709,2,1.0,2,0.8846536
RW23,5,0.8465547714660063,2,1.0,2,0.8551126
RW23,6,0.8208981506750966,2,1.0,2,0.827523
RW23,7,0.7998940829401381,2,1.0,2,0.80163336
RW23,8,0.7892510429257036,2,1.0,2,0.77729213
RW23,9,0.7631753024809578,2,1.0,2,0.75208414
RW23,10,0.7401984489323145,2,1.0,2,0.7304617
RW27,0,1.0,2,1.0,2,0.9974812
RW27,1,0.9681570193735269,2,1.0,2,0.97034323
RW27,2,0.9437661592431005,2,1.0,2,0.94372994
RW27,3,0.9188104975387007,2,1.0,2,0.9226298
RW27,4,0.899349484660793,2,1.0,2,0.9036454
RW27,5,0.8814742779331408,2,1.0,2,0.88594425
RW27,6,0.8663787550926042,2,1.0,2,0.86808455
RW27,7,0.8547311284111835,2,1.0,2,0.8521636
RW27,8,0.8431959746161813,2,1.0,2,0.8374653
RW27,9,0.8351597805140608,2,1.0,2,0.8221605
RW27,10,0.8233026207413151,2,1.0,2,0.80567616
RW27,11,0.8176967306120008,2,1.0,2,0.7889582
RW5,0,1.0,2,1.0,2,0.9683922
RW5,1,0.960825991745598,2,1.0,2,0.9698703
RW5,2,0.9266800602747612,2,1.0,2,0.93796563
RW5,3,0.9011293220077173,2,1.0,2,0.9082216
RW5,4,0.8764709808493428,2,1.0,2,0.88379145
RW5,5,0.8526426940151302,2,1.0,2,0.8607923
RW5,6,0.839370527729129,2,1.0,2,0.83813393
RW5,7,0.8159574870069374,2,1.0,2,0.81725675
RW5,8,0.8004750971060514,2,1.0,2,0.79817677
RW5,9,0.8228279206228818,2,1.0,2,0.78769475
RW5,10,0.7867656223348591,2,1.0,2,0.7628281
RW5,11,0.7661099188154834,2,1.0,2,0.73891395
RW5,12,0.7429108814178095,2,1.0,2,0.7160031
RW5,13,0.7091745980062312,2,1.0,2,0.69245744
RW5,14,0.6857713337470273,2,1.0,2,0.6697063
RW5,15,0.6672427863976763,2,1.0,2,0.6470899
RW5,16,0.6687356247963866,2,1.0,2,0.6272552
RW5,17,0.636480784151189,2,1.0,2,0.6131923
RW5,18,0.6183718679139446,2,1.0,2,0.5972614
RW5,19,0.5752173546693329,2,1.0,2,0.5806991
RW5,20,0.5747937898766532,2,1.0,2,0.5780606
RW7,0,1.0,2,1.0,2,1.0375248
RW7,1,0.9737384788654111,2,1.0,2,0.94128513
RW7,2,0.9447337319243664,2,1.0,2,0.9132546
RW7,3,0.9146274603726349,2,1.0,2,0.88762593
RW7,4,0.8871149443826014,2,1.0,2,0.86142755
RW7,5,0.8607953281423645,2,1.0,2,0.832015
RW7,6,0.8253218854282387,2,1.0,2,0.79899275
RW7,7,0.8256203114571893,2,1.0,2,0.77002853
RW7,8,0.8174379654477165,2,1.0,2,0.74806064
RW7,9,0.8035643430201168,2,1.0,2,0.7289842
RW7,10,0.7896346635150358,2,1.0,2,0.71143246
RW7,11,0.7718959267241481,2,1.0,2,0.6971361
RW7,12,0.7860019167130227,2,1.0,2,0.6839671
RW7,13,0.7507796857619143,2,1.0,2,0.6699744
RW7,14,0.7327447163515879,2,1.0,2,0.65705734
RW7,15,0.7074586345939947,2,1.0,2,0.645803
RW7,16,0.6825198136819158,2,1.0,2,0.6359049
RW7,17,0.662699874860957,2,1.0,2,0.6258073
RW7,18,0.6262446211067287,2,1.0,2,0.61584586
RW7,19,0.6075826021968548,2,1.0,2,0.60473216
RW7,20,0.6170093927279642,2,1.0,2,0.5904267
RW7,21,0.6466135984427249,2,1.0,2,0.5740499
RW7,22,0.5740413094410772,2,1.0,2,0.5584436
RW7,23,0.5335005770298783,2,1.0,2,0.54516715
RW7,24,0.52059510567296,2,1.0,2,0.5323851
RW11,0,1.0,2,1.0,3,0.9942049
RW11,1,0.9812509775303251,2,1.0,3,0.9887084
RW11,2,0.9650137068435085,2,1.0,3,0.9595962
RW11,3,0.9351362403953054,2,1.0,3,0.9346667
RW11,4,0.90714425616019,2,1.0,3,0.9136554
RW11,5,0.8457053142903532,2,1.0,3,0.89585567
RW11,6,0.8020972922814096,2,1.0,3,0.88195723
RW11,7,0.7484325203829727,2,1.0,3,0.8699018
RW11,8,0.7189787689899965,2,1.0,3,0.85854405
RW11,9,0.6910853284576837,2,1.0,3,0.8486886
RW11,10,0.6761559111900426,2,1.0,3,0.8398024
RW11,11,0.6550657321125852,2,1.0,3,0.8318317
RW11,12,0.6425313612904104,2,1.0,3,0.82372534
RW11,13,0.6909619595729768,2,1.0,3,0.808733
RW11,14,0.6373488207077248,2,1.0,3,0.79969424
RW11,15,0.6236460344632558,2,1.0,3,0.7912288
RW11,16,0.6096063869507001,2,1.0,3,0.78211665
RW11,17,0.6095592595614534,2,1.0,3,0.7727923
RW11,18,0.6117111890811565,2,1.0,3,0.7628433
RW11,19,0.6132328800421039,2,1.0,3,0.75223595
RW11,20,0.6177338702955617,2,1.0,3,0.74086297
RW11,21,0.6151726925016363,2,1.0,3,0.72942865
RW11,22,0.6150917110526547,2,1.0,3,0.71736646
RW11,23,0.6084443675781239,2,1.0,3,0.7049309
RW11,24,0.6108413236784053,2,1.0,3,0.69176936
RW11,25,0.604457872674917,2,1.0,3,0.67850447
RW11,26,0.6029517287743232,2,1.0,3,0.6654973
RW11,27,0.605157402435204,2,1.0,3,0.651417
RW11,28,0.5960453588974413,2,1.0,3,0.63629127
RW11,29,0.5898473993066765,2,1.0,3,0.62199426
RW11,30,0.5639353004202469,2,1.0,3,0.60749006
RW11,31,0.5833093037578585,2,1.0,3,0.59669673
RW11,32,0.5385993504613933,2,1.0,3,0.58192056
RW11,33,0.5270290981610593,2,1.0,3,0.56840146
RW11,34,0.4838174078709938,2,1.0,3,0.554608
RW11,35,0.4668435392432821,2,1.0,3,0.54235196
RW11,36,0.4539967259442097,2,1.0,3,0.5076387
RW15,0,1.0,2,1.0,3,1.0023392
RW15,1,0.9650574510743339,2,1.0,3,0.961367
RW15,2,0.9225952378299382,2,1.0,3,0.9160329
RW15,3,0.8654685977166434,2,1.0,3,0.87892693
RW15,4,0.8331123466557073,2,1.0,3,0.84372574
RW15,5,0.7854218267547517,2,1.0,3,0.8124942
RW15,6,0.7308801736607424,2,1.0,3,0.7821158
RW15,7,0.7033432455088411,2,1.0,3,0.7519478
RW15,8,0.6798891483633692,2,1.0,3,0.7227291
RW15,9,0.6595524905078265,2,1.0,3,0.6941074
RW15,10,0.6385049022337113,2,1.0,3,0.6666273
RW15,11,0.6188055183968584,2,1.0,3,0.6414107
RW15,12,0.5978706628223552,2,1.0,3,0.61754704
RW15,13,0.564108530129482,2,1.0,3,0.59554243
RW15,14,0.5618221733421094,2,1.0,3,0.5737126
RW15,15,0.5683340400975069,2,1.0,3,0.56995094
RW15,16,0.5328255192748415,2,1.0,3,0.55097485
RW15,17,0.525805629163202,2,1.0,3,0.5332178
RW15,18,0.5037113308815376,2,1.0,3,0.51771903
RW15,19,0.4878101214299047,2,1.0,3,0.5031742
RW15,20,0.4857842099501362,2,1.0,3,0.48954767
RW15,21,0.4823497951477415,2,1.0,3,0.47654355
RW15,22,0.469053235395845,2,1.0,3,0.46420336
RW15,23,0.44283042970152153,2,1.0,3,0.45269662
RW19,0,1.0,2,1.0,3,1.0050799
RW19,1,0.9396235436975541,2,1.0,3,0.9486703
RW19,2,0.9120786188350108,2,1.0,3,0.9261976
RW19,3,0.8847986908586808,2,1.0,3,0.89529324
RW19,4,0.8571370872127337,2,1.0,3,0.85929704
RW19,5,0.8354199075992986,2,1.0,3,0.8238598
RW19,6,0.8073309568665201,2,1.0,3,0.7906527
RW19,7,0.7857199625811689,2,1.0,3,0.75994587
RW19,8,0.7666372214100013,2,1.0,3,0.7339107
RW19,9,0.7513987910506147,2,1.0,3,0.7083678
RW19,10,0.7203267622205394,2,1.0,3,0.68766975
RW19,11,0.7081063051935211,2,1.0,3,0.6668608
RW19,12,0.6723114265835748,2,1.0,3,0.64934564
RW19,13,0.6639607922077001,2,1.0,3,0.63659745
RW19,14,0.6507704833452281,2,1.0,3,0.6230503
RW19,15,0.6454719449243604,2,1.0,3,0.6162995
RW19,16,0.6196235547721438,2,1.0,3,0.6027018
RW19,17,0.5838720772978139,2,1.0,3,0.59306854
RW19,18,0.5755212201280766,2,1.0,3,0.58239347
RW19,19,0.5607907745146146,2,1.0,3,0.5708016
RW19,20,0.5604943676173099,2,1.0,3,0.5589862
RW19,21,0.5388293035023539,2,1.0,3,0.54782546
RW19,22,0.5241299200287287,2,1.0,3,0.5363219
RW19,23,0.5173999584381129,2,1.0,3,0.5243995
RW19,24,0.5070395009418225,2,1.0,3,0.5137379
RW19,25,0.5041861774066588,2,1.0,3,0.5029284
RW23,0,1.0,2,1.0,3,1.0050353
RW23,1,0.968874030176613,2,1.0,3,0.99274665
RW23,2,0.93116690709189,2,1.0,3,0.9531378
RW23,3,0.9041203685654416,2,1.0,3,0.91965514
RW23,4,0.8752754662299709,2,1.0,3,0.89014906
RW23,5,0.8465547714660063,2,1.0,3,0.8611033
RW23,6,0.8208981506750966,2,1.0,3,0.8332855
RW23,7,0.7998940829401381,2,1.0,3,0.8062737
RW23,8,0.7892510429257036,2,1.0,3,0.7802581
RW23,9,0.7631753024809578,2,1.0,3,0.75290644
RW23,10,0.7401984489323145,2,1.0,3,0.7294594
RW27,0,1.0,2,1.0,3,1.0039932
RW27,1,0.9681570193735269,2,1.0,3,0.97484314
RW27,2,0.9437661592431005,2,1.0,3,0.95163894
RW27,3,0.9188104975387007,2,1.0,3,0.93298185
RW27,4,0.899349484660793,2,1.0,3,0.91418594
RW27,5,0.8814742779331408,2,1.0,3,0.89486676
RW27,6,0.8663787550926042,2,1.0,3,0.87452686
RW27,7,0.8547311284111835,2,1.0,3,0.8549098
RW27,8,0.8431959746161813,2,1.0,3,0.8358216
RW27,9,0.8351597805140608,2,1.0,3,0.8153589
RW27,10,0.8233026207413151,2,1.0,3,0.7930198
RW27,11,0.8176967306120008,2,1.0,3,0.77074564
RW5,0,1.0,2,1.0,3,0.9786225
RW5,1,0.960825991745598,2,1.0,3,0.97426856
RW5,2,0.9266800602747612,2,1.0,3,0.9435634
RW5,3,0.9011293220077173,2,1.0,3,0.9145197
RW5,4,0.8764709808493428,2,1.0,3,0.8898237
RW5,5,0.8526426940151302,2,1.0,3,0.8666808
RW5,6,0.839370527729129,2,1.0,3,0.8432794
RW5,7,0.8159574870069374,2,1.0,3,0.8218478
RW5,8,0.8004750971060514,2,1.0,3,0.8016685
RW5,9,0.8228279206228818,2,1.0,3,0.79111767
RW5,10,0.7867656223348591,2,1.0,3,0.7656381
RW5,11,0.7661099188154834,2,1.0,3,0.74080205
RW5,12,0.7429108814178095,2,1.0,3,0.71764505
RW5,13,0.7091745980062312,2,1.0,3,0.69436145
RW5,14,0.6857713337470273,2,1.0,3,0.6719936
RW5,15,0.6672427863976763,2,1.0,3,0.6496841
RW5,16,0.6687356247963866,2,1.0,3,0.6296874
RW5,17,0.636480784151189,2,1.0,3,0.6153503
RW5,18,0.6183718679139446,2,1.0,3,0.5988023
RW5,19,0.5752173546693329,2,1.0,3,0.5824355
RW5,20,0.5747937898766532,2,1.0,3,0.57893085
RW7,0,1.0,2,1.0,3,1.0309299
RW7,1,0.9737384788654111,2,1.0,3,0.958707
RW7,2,0.9447337319243664,2,1.0,3,0.928606
RW7,3,0.9146274603726349,2,1.0,3,0.9020091
RW7,4,0.8871149443826014,2,1.0,3,0.8755996
RW7,5,0.8607953281423645,2,1.0,3,0.8471867
RW7,6,0.8253218854282387,2,1.0,3,0.8167062
RW7,7,0.8256203114571893,2,1.0,3,0.7883979
RW7,8,0.8174379654477165,2,1.0,3,0.7658816
RW7,9,0.8035643430201168,2,1.0,3,0.7453178
RW7,10,0.7896346635150358,2,1.0,3,0.7258278
RW7,11,0.7718959267241481,2,1.0,3,0.70938134
RW7,12,0.7860019167130227,2,1.0,3,0.69347006
RW7,13,0.7507796857619143,2,1.0,3,0.676193
RW7,14,0.7327447163515879,2,1.0,3,0.6602373
RW7,15,0.7074586345939947,2,1.0,3,0.6463845
RW7,16,0.6825198136819158,2,1.0,3,0.6347997
RW7,17,0.662699874860957,2,1.0,3,0.6236299
RW7,18,0.6262446211067287,2,1.0,3,0.6133704
RW7,19,0.6075826021968548,2,1.0,3,0.6023029
RW7,20,0.6170093927279642,2,1.0,3,0.58828366
RW7,21,0.6466135984427249,2,1.0,3,0.57303786
RW7,22,0.5740413094410772,2,1.0,3,0.5584277
RW7,23,0.5335005770298783,2,1.0,3,0.54687935
RW7,24,0.52059510567296,2,1.0,3,0.53581953
RW11,0,1.0,2,1.0,4,0.9937054
RW11,1,0.9812509775303251,2,1.0,4,0.98663867
RW11,2,0.9650137068435085,2,1.0,4,0.9542134
RW11,3,0.9351362403953054,2,1.0,4,0.92720056
RW11,4,0.90714425616019,2,1.0,4,0.90549886
RW11,5,0.8457053142903532,2,1.0,4,0.8865267
RW11,6,0.8020972922814096,2,1.0,4,0.87217087
RW11,7,0.7484325203829727,2,1.0,4,0.8603572
RW11,8,0.7189787689899965,2,1.0,4,0.84921694
RW11,9,0.6910853284576837,2,1.0,4,0.8397314
RW11,10,0.6761559111900426,2,1.0,4,0.831513
RW11,11,0.6550657321125852,2,1.0,4,0.82425284
RW11,12,0.6425313612904104,2,1.0,4,0.8171185
RW11,13,0.6909619595729768,2,1.0,4,0.80308604
RW11,14,0.6373488207077248,2,1.0,4,0.79497784
RW11,15,0.6236460344632558,2,1.0,4,0.78745556
RW11,16,0.6096063869507001,2,1.0,4,0.7794411
RW11,17,0.6095592595614534,2,1.0,4,0.7712058
RW11,18,0.6117111890811565,2,1.0,4,0.7624883
RW11,19,0.6132328800421039,2,1.0,4,0.75299364
RW11,20,0.6177338702955617,2,1.0,4,0.742676
RW11,21,0.6151726925016363,2,1.0,4,0.73220134
RW11,22,0.6150917110526547,2,1.0,4,0.72100395
RW11,23,0.6084443675781239,2,1.0,4,0.70946825
RW11,24,0.6108413236784053,2,1.0,4,0.69709945
RW11,25,0.604457872674917,2,1.0,4,0.684606
RW11,26,0.6029517287743232,2,1.0,4,0.6720183
RW11,27,0.605157402435204,2,1.0,4,0.65922487
RW11,28,0.5960453588974413,2,1.0,4,0.6450067
RW11,29,0.5898473993066765,2,1.0,4,0.6320642
RW11,30,0.5639353004202469,2,1.0,4,0.6181779
RW11,31,0.5833093037578585,2,1.0,4,0.60378957
RW11,32,0.5385993504613933,2,1.0,4,0.59005344
RW11,33,0.5270290981610593,2,1.0,4,0.5775757
RW11,34,0.4838174078709938,2,1.0,4,0.56363297
RW11,35,0.4668435392432821,2,1.0,4,0.55155444
RW11,36,0.4539967259442097,2,1.0,4,0.51535785
RW15,0,1.0,2,1.0,4,0.99713355
RW15,1,0.9650574510743339,2,1.0,4,0.9515879
RW15,2,0.9225952378299382,2,1.0,4,0.9086187
RW15,3,0.8654685977166434,2,1.0,4,0.87113464
RW15,4,0.8331123466557073,2,1.0,4,0.83673227
RW15,5,0.7854218267547517,2,1.0,4,0.80763566
RW15,6,0.7308801736607424,2,1.0,4,0.77941644
RW15,7,0.7033432455088411,2,1.0,4,0.7506856
RW15,8,0.6798891483633692,2,1.0,4,0.7220067
RW15,9,0.6595524905078265,2,1.0,4,0.69338953
RW15,10,0.6385049022337113,2,1.0,4,0.6655823
RW15,11,0.6188055183968584,2,1.0,4,0.6397242
RW15,12,0.5978706628223552,2,1.0,4,0.61509085
RW15,13,0.564108530129482,2,1.0,4,0.59193444
RW15,14,0.5618221733421094,2,1.0,4,0.56964314
RW15,15,0.5683340400975069,2,1.0,4,0.5658926
RW15,16,0.5328255192748415,2,1.0,4,0.5467174
RW15,17,0.525805629163202,2,1.0,4,0.52946913
RW15,18,0.5037113308815376,2,1.0,4,0.5145776
RW15,19,0.4878101214299047,2,1.0,4,0.50106144
RW15,20,0.4857842099501362,2,1.0,4,0.4889661
RW15,21,0.4823497951477415,2,1.0,4,0.4781524
RW15,22,0.469053235395845,2,1.0,4,0.46829665
RW15,23,0.44283042970152153,2,1.0,4,0.4593879
RW19,0,1.0,2,1.0,4,0.99919426
RW19,1,0.9396235436975541,2,1.0,4,0.9408754
RW19,2,0.9120786188350108,2,1.0,4,0.9237027
RW19,3,0.8847986908586808,2,1.0,4,0.88772094
RW19,4,0.8571370872127337,2,1.0,4,0.8521877
RW19,5,0.8354199075992986,2,1.0,4,0.8195858
RW19,6,0.8073309568665201,2,1.0,4,0.7908715
RW19,7,0.7857199625811689,2,1.0,4,0.7643451
RW19,8,0.7666372214100013,2,1.0,4,0.74063337
RW19,9,0.7513987910506147,2,1.0,4,0.71524864
RW19,10,0.7203267622205394,2,1.0,4,0.69339293
RW19,11,0.7081063051935211,2,1.0,4,0.6700474
RW19,12,0.6723114265835748,2,1.0,4,0.64944106
RW19,13,0.6639607922077001,2,1.0,4,0.6335373
RW19,14,0.6507704833452281,2,1.0,4,0.61732674
RW19,15,0.6454719449243604,2,1.0,4,0.60947645
RW19,16,0.6196235547721438,2,1.0,4,0.5941718
RW19,17,0.5838720772978139,2,1.0,4,0.5833347
RW19,18,0.5755212201280766,2,1.0,4,0.5723256
RW19,19,0.5607907745146146,2,1.0,4,0.5611751
RW19,20,0.5604943676173099,2,1.0,4,0.550429
RW19,21,0.5388293035023539,2,1.0,4,0.5407976
RW19,22,0.5241299200287287,2,1.0,4,0.5314431
RW19,23,0.5173999584381129,2,1.0,4,0.5222678
RW19,24,0.5070395009418225,2,1.0,4,0.51461196
RW19,25,0.5041861774066588,2,1.0,4,0.50725484
RW23,0,1.0,2,1.0,4,0.99696493
RW23,1,0.968874030176613,2,1.0,4,0.99557656
RW23,2,0.93116690709189,2,1.0,4,0.95164347
RW23,3,0.9041203685654416,2,1.0,4,0.91468316
RW23,4,0.8752754662299709,2,1.0,4,0.8828913
RW23,5,0.8465547714660063,2,1.0,4,0.8523274
RW23,6,0.8208981506750966,2,1.0,4,0.8237429
RW23,7,0.7998940829401381,2,1.0,4,0.7978302
RW23,8,0.7892510429257036,2,1.0,4,0.7743237
RW23,9,0.7631753024809578,2,1.0,4,0.7508962
RW23,10,0.7401984489323145,2,1.0,4,0.73268044
RW27,0,1.0,2,1.0,4,1.000892
RW27,1,0.9681570193735269,2,1.0,4,0.9794238
RW27,2,0.9437661592431005,2,1.0,4,0.9474356
RW27,3,0.9188104975387007,2,1.0,4,0.9234142
RW27,4,0.899349484660793,2,1.0,4,0.9009081
RW27,5,0.8814742779331408,2,1.0,4,0.87951255
RW27,6,0.8663787550926042,2,1.0,4,0.8579407
RW27,7,0.8547311284111835,2,1.0,4,0.83868766
RW27,8,0.8431959746161813,2,1.0,4,0.82103
RW27,9,0.8351597805140608,2,1.0,4,0.8024485
RW27,10,0.8233026207413151,2,1.0,4,0.78186953
RW27,11,0.8176967306120008,2,1.0,4,0.76141
RW5,0,1.0,2,1.0,4,0.98228747
RW5,1,0.960825991745598,2,1.0,4,0.97536916
RW5,2,0.9266800602747612,2,1.0,4,0.94243556
RW5,3,0.9011293220077173,2,1.0,4,0.91181684
RW5,4,0.8764709808493428,2,1.0,4,0.8862355
RW5,5,0.8526426940151302,2,1.0,4,0.8628955
RW5,6,0.839370527729129,2,1.0,4,0.83939993
RW5,7,0.8159574870069374,2,1.0,4,0.8182756
RW5,8,0.8004750971060514,2,1.0,4,0.79859704
RW5,9,0.8228279206228818,2,1.0,4,0.78837454
RW5,10,0.7867656223348591,2,1.0,4,0.76349044
RW5,11,0.7661099188154834,2,1.0,4,0.7390758
RW5,12,0.7429108814178095,2,1.0,4,0.71603537
RW5,13,0.7091745980062312,2,1.0,4,0.6923318
RW5,14,0.6857713337470273,2,1.0,4,0.6693026
RW5,15,0.6672427863976763,2,1.0,4,0.64624107
RW5,16,0.6687356247963866,2,1.0,4,0.62628645
RW5,17,0.636480784151189,2,1.0,4,0.61226404
RW5,18,0.6183718679139446,2,1.0,4,0.5963342
RW5,19,0.5752173546693329,2,1.0,4,0.5802926
RW5,20,0.5747937898766532,2,1.0,4,0.57733303
RW7,0,1.0,2,1.0,4,1.0148038
RW7,1,0.9737384788654111,2,1.0,4,0.9365381
RW7,2,0.9447337319243664,2,1.0,4,0.9088458
RW7,3,0.9146274603726349,2,1.0,4,0.8843276
RW7,4,0.8871149443826014,2,1.0,4,0.86008984
RW7,5,0.8607953281423645,2,1.0,4,0.8310213
RW7,6,0.8253218854282387,2,1.0,4,0.7994114
RW7,7,0.8256203114571893,2,1.0,4,0.7713672
RW7,8,0.8174379654477165,2,1.0,4,0.74936384
RW7,9,0.8035643430201168,2,1.0,4,0.7302915
RW7,10,0.7896346635150358,2,1.0,4,0.71203923
RW7,11,0.7718959267241481,2,1.0,4,0.69711626
RW7,12,0.7860019167130227,2,1.0,4,0.6843697
RW7,13,0.7507796857619143,2,1.0,4,0.6699641
RW7,14,0.7327447163515879,2,1.0,4,0.6568294
RW7,15,0.7074586345939947,2,1.0,4,0.645489
RW7,16,0.6825198136819158,2,1.0,4,0.63590634
RW7,17,0.662699874860957,2,1.0,4,0.62621343
RW7,18,0.6262446211067287,2,1.0,4,0.61676455
RW7,19,0.6075826021968548,2,1.0,4,0.60596263
RW7,20,0.6170093927279642,2,1.0,4,0.59187144
RW7,21,0.6466135984427249,2,1.0,4,0.5758499
RW7,22,0.5740413094410772,2,1.0,4,0.56002593
RW7,23,0.5335005770298783,2,1.0,4,0.5464752
RW7,24,0.52059510567296,2,1.0,4,0.5331984
RW11,0,1.0,2,0.5,0,0.99401635
RW11,1,0.9812509775303251,2,0.5,0,0.9810977
RW11,2,0.9650137068435085,2,0.5,0,0.9508172
RW11,3,0.9351362403953054,2,0.5,0,0.924828
RW11,4,0.90714425616019,2,0.5,0,0.9036882
RW11,5,0.8457053142903532,2,0.5,0,0.8853035
RW11,6,0.8020972922814096,2,0.5,0,0.8715531
RW11,7,0.7484325203829727,2,0.5,0,0.86039805
RW11,8,0.7189787689899965,2,0.5,0,0.85001504
RW11,9,0.6910853284576837,2,0.5,0,0.8413912
RW11,10,0.6761559111900426,2,0.5,0,0.83405685
RW11,11,0.6550657321125852,2,0.5,0,0.82773453
RW11,12,0.6425313612904104,2,0.5,0,0.82150763
RW11,13,0.6909619595729768,2,0.5,0,0.80953723
RW11,14,0.6373488207077248,2,0.5,0,0.8021723
RW11,15,0.6236460344632558,2,0.5,0,0.7953341
RW11,16,0.6096063869507001,2,0.5,0,0.7879497
RW11,17,0.6095592595614534,2,0.5,0,0.7804022
RW11,18,0.6117111890811565,2,0.5,0,0.77218705
RW11,19,0.6132328800421039,2,0.5,0,0.76349413
RW11,20,0.6177338702955617,2,0.5,0,0.75407803
RW11,21,0.6151726925016363,2,0.5,0,0.744582
RW11,22,0.6150917110526547,2,0.5,0,0.7343112
RW11,23,0.6084443675781239,2,0.5,0,0.7239226
RW11,24,0.6108413236784053,2,0.5,0,0.71259296
RW11,25,0.604457872674917,2,0.5,0,0.7013597
RW11,26,0.6029517287743232,2,0.5,0,0.6898893
RW11,27,0.605157402435204,2,0.5,0,0.6778311
RW11,28,0.5960453588974413,2,0.5,0,0.66453516
RW11,29,0.5898473993066765,2,0.5,0,0.65190905
RW11,30,0.5639353004202469,2,0.5,0,0.6385881
RW11,31,0.5833093037578585,2,0.5,0,0.62155545
RW11,32,0.5385993504613933,2,0.5,0,0.6080187
RW11,33,0.5270290981610593,2,0.5,0,0.59542716
RW11,34,0.4838174078709938,2,0.5,0,0.5823955
RW11,35,0.4668435392432821,2,0.5,0,0.57075953
RW11,36,0.4539967259442097,2,0.5,0,0.5366186
RW15,0,1.0,2,0.5,0,1.0008379
RW15,1,0.9650574510743339,2,0.5,0,0.95641977
RW15,2,0.9225952378299382,2,0.5,0,0.9119213
RW15,3,0.8654685977166434,2,0.5,0,0.87412417
RW15,4,0.8331123466557073,2,0.5,0,0.8390026
RW15,5,0.7854218267547517,2,0.5,0,0.80973834
RW15,6,0.7308801736607424,2,0.5,0,0.7819532
RW15,7,0.7033432455088411,2,0.5,0,0.7542238
RW15,8,0.6798891483633692,2,0.5,0,0.7269881
RW15,9,0.6595524905078265,2,0.5,0,0.69994646
RW15,10,0.6385049022337113,2,0.5,0,0.67355776
RW15,11,0.6188055183968584,2,0.5,0,0.64908665
RW15,12,0.5978706628223552,2,0.5,0,0.6256578
RW15,13,0.564108530129482,2,0.5,0,0.60344434
RW15,14,0.5618221733421094,2,0.5,0,0.5818639
RW15,15,0.5683340400975069,2,0.5,0,0.5781969
RW15,16,0.5328255192748415,2,0.5,0,0.55941737
RW15,17,0.525805629163202,2,0.5,0,0.5424577
RW15,18,0.5037113308815376,2,0.5,0,0.52756214
RW15,19,0.4878101214299047,2,0.5,0,0.51385117
RW15,20,0.4857842099501362,2,0.5,0,0.50148034
RW15,21,0.4823497951477415,2,0.5,0,0.4903962
RW15,22,0.469053235395845,2,0.5,0,0.48020762
RW15,23,0.44283042970152153,2,0.5,0,0.47076267
RW19,0,1.0,2,0.5,0,1.0020477
RW19,1,0.9396235436975541,2,0.5,0,0.934974
RW19,2,0.9120786188350108,2,0.5,0,0.9169497
RW19,3,0.8847986908586808,2,0.5,0,0.8725987
RW19,4,0.8571370872127337,2,0.5,0,0.83987176
RW19,5,0.8354199075992986,2,0.5,0,0.8113754
RW19,6,0.8073309568665201,2,0.5,0,0.78593624
RW19,7,0.7857199625811689,2,0.5,0,0.7621754
RW19,8,0.7666372214100013,2,0.5,0,0.74074453
RW19,9,0.7513987910506147,2,0.5,0,0.717288
RW19,10,0.7203267622205394,2,0.5,0,0.6972805
RW19,11,0.7081063051935211,2,0.5,0,0.675642
RW19,12,0.6723114265835748,2,0.5,0,0.6565976
RW19,13,0.6639607922077001,2,0.5,0,0.6420164
RW19,14,0.6507704833452281,2,0.5,0,0.6270591
RW19,15,0.6454719449243604,2,0.5,0,0.6197385
RW19,16,0.6196235547721438,2,0.5,0,0.6055112
RW19,17,0.5838720772978139,2,0.5,0,0.5953381
RW19,18,0.5755212201280766,2,0.5,0,0.5848925
RW19,19,0.5607907745146146,2,0.5,0,0.57425237
RW19,20,0.5604943676173099,2,0.5,0,0.5639174
RW19,21,0.5388293035023539,2,0.5,0,0.5544944
RW19,22,0.5241299200287287,2,0.5,0,0.54520047
RW19,23,0.5173999584381129,2,0.5,0,0.535985
RW19,24,0.5070395009418225,2,0.5,0,0.5280837
RW19,25,0.5041861774066588,2,0.5,0,0.52039206
RW23,0,1.0,2,0.5,0,0.9849834
RW23,1,0.968874030176613,2,0.5,0,0.9798417
RW23,2,0.93116690709189,2,0.5,0,0.9405539
RW23,3,0.9041203685654416,2,0.5,0,0.9053169
RW23,4,0.8752754662299709,2,0.5,0,0.87405676
RW23,5,0.8465547714660063,2,0.5,0,0.84411716
RW23,6,0.8208981506750966,2,0.5,0,0.8163133
RW23,7,0.7998940829401381,2,0.5,0,0.7907649
RW23,8,0.7892510429257036,2,0.5,0,0.7675197
RW23,9,0.7631753024809578,2,0.5,0,0.7444742
RW23,10,0.7401984489323145,2,0.5,0,0.7261801
RW27,0,1.0,2,0.5,0,0.98792785
RW27,1,0.9681570193735269,2,0.5,0,0.9578943
RW27,2,0.9437661592431005,2,0.5,0,0.931186
RW27,3,0.9188104975387007,2,0.5,0,0.909926
RW27,4,0.899349484660793,2,0.5,0,0.8902361
RW27,5,0.8814742779331408,2,0.5,0,0.8720424
RW27,6,0.8663787550926042,2,0.5,0,0.8544003
RW27,7,0.8547311284111835,2,0.5,0,0.83850944
RW27,8,0.8431959746161813,2,0.5,0,0.82381296
RW27,9,0.8351597805140608,2,0.5,0,0.8085897
RW27,10,0.8233026207413151,2,0.5,0,0.7920479
RW27,11,0.8176967306120008,2,0.5,0,0.77513987
RW5,0,1.0,2,0.5,0,0.9831571
RW5,1,0.960825991745598,2,0.5,0,0.97541964
RW5,2,0.9266800602747612,2,0.5,0,0.9435692
RW5,3,0.9011293220077173,2,0.5,0,0.91381174
RW5,4,0.8764709808493428,2,0.5,0,0.8886598
RW5,5,0.8526426940151302,2,0.5,0,0.86587036
RW5,6,0.839370527729129,2,0.5,0,0.8430599
RW5,7,0.8159574870069374,2,0.5,0,0.8227106
RW5,8,0.8004750971060514,2,0.5,0,0.80390877
RW5,9,0.8228279206228818,2,0.5,0,0.79423594
RW5,10,0.7867656223348591,2,0.5,0,0.770638
RW5,11,0.7661099188154834,2,0.5,0,0.7474282
RW5,12,0.7429108814178095,2,0.5,0,0.72547615
RW5,13,0.7091745980062312,2,0.5,0,0.7029519
RW5,14,0.6857713337470273,2,0.5,0,0.68109703
RW5,15,0.6672427863976763,2,0.5,0,0.65896285
RW5,16,0.6687356247963866,2,0.5,0,0.6393075
RW5,17,0.636480784151189,2,0.5,0,0.62521726
RW5,18,0.6183718679139446,2,0.5,0,0.60928804
RW5,19,0.5752173546693329,2,0.5,0,0.59311104
RW5,20,0.5747937898766532,2,0.5,0,0.59019136
RW7,0,1.0,2,0.5,0,1.0188642
RW7,1,0.9737384788654111,2,0.5,0,0.9406283
RW7,2,0.9447337319243664,2,0.5,0,0.9142553
RW7,3,0.9146274603726349,2,0.5,0,0.8892014
RW7,4,0.8871149443826014,2,0.5,0,0.86399215
RW7,5,0.8607953281423645,2,0.5,0,0.8320784
RW7,6,0.8253218854282387,2,0.5,0,0.79781795
RW7,7,0.8256203114571893,2,0.5,0,0.76843107
RW7,8,0.8174379654477165,2,0.5,0,0.745631
RW7,9,0.8035643430201168,2,0.5,0,0.7264644
RW7,10,0.7896346635150358,2,0.5,0,0.70807374
RW7,11,0.7718959267241481,2,0.5,0,0.69356394
RW7,12,0.7860019167130227,2,0.5,0,0.68058455
RW7,13,0.7507796857619143,2,0.5,0,0.66648066
RW7,14,0.7327447163515879,2,0.5,0,0.6535593
RW7,15,0.7074586345939947,2,0.5,0,0.642644
RW7,16,0.6825198136819158,2,0.5,0,0.63364434
RW7,17,0.662699874860957,2,0.5,0,0.624652
RW7,18,0.6262446211067287,2,0.5,0,0.6159793
RW7,19,0.6075826021968548,2,0.5,0,0.6059961
RW7,20,0.6170093927279642,2,0.5,0,0.5928875
RW7,21,0.6466135984427249,2,0.5,0,0.5785505
RW7,22,0.5740413094410772,2,0.5,0,0.56425595
RW7,23,0.5335005770298783,2,0.5,0,0.55260205
RW7,24,0.52059510567296,2,0.5,0,0.5414506
RW11,0,1.0,2,0.5,1,0.9986571
RW11,1,0.9812509775303251,2,0.5,1,0.98304105
RW11,2,0.9650137068435085,2,0.5,1,0.954291
RW11,3,0.9351362403953054,2,0.5,1,0.9279475
RW11,4,0.90714425616019,2,0.5,1,0.9051869
RW11,5,0.8457053142903532,2,0.5,1,0.8844275
RW11,6,0.8020972922814096,2,0.5,1,0.8682273
RW11,7,0.7484325203829727,2,0.5,1,0.8547788
RW11,8,0.7189787689899965,2,0.5,1,0.84197795
RW11,9,0.6910853284576837,2,0.5,1,0.8311521
RW11,10,0.6761559111900426,2,0.5,1,0.82209474
RW11,11,0.6550657321125852,2,0.5,1,0.8141221
RW11,12,0.6425313612904104,2,0.5,1,0.8065617
RW11,13,0.6909619595729768,2,0.5,1,0.79816276
RW11,14,0.6373488207077248,2,0.5,1,0.7902582
RW11,15,0.6236460344632558,2,0.5,1,0.78292406
RW11,16,0.6096063869507001,2,0.5,1,0.77536005
RW11,17,0.6095592595614534,2,0.5,1,0.76756173
RW11,18,0.6117111890811565,2,0.5,1,0.7594942
RW11,19,0.6132328800421039,2,0.5,1,0.7503963
RW11,20,0.6177338702955617,2,0.5,1,0.7404928
RW11,21,0.6151726925016363,2,0.5,1,0.7303632
RW11,22,0.6150917110526547,2,0.5,1,0.71958745
RW11,23,0.6084443675781239,2,0.5,1,0.7082201
RW11,24,0.6108413236784053,2,0.5,1,0.696089
RW11,25,0.604457872674917,2,0.5,1,0.6835866
RW11,26,0.6029517287743232,2,0.5,1,0.6710234
RW11,27,0.605157402435204,2,0.5,1,0.6576992
RW11,28,0.5960453588974413,2,0.5,1,0.6428925
RW11,29,0.5898473993066765,2,0.5,1,0.62908125
RW11,30,0.5639353004202469,2,0.5,1,0.61442274
RW11,31,0.5833093037578585,2,0.5,1,0.60089505
RW11,32,0.5385993504613933,2,0.5,1,0.5856091
RW11,33,0.5270290981610593,2,0.5,1,0.5717512
RW11,34,0.4838174078709938,2,0.5,1,0.55643106
RW11,35,0.4668435392432821,2,0.5,1,0.54304546
RW11,36,0.4539967259442097,2,0.5,1,0.50315523
RW15,0,1.0,2,0.5,1,1.0027014
RW15,1,0.9650574510743339,2,0.5,1,0.95583576
RW15,2,0.9225952378299382,2,0.5,1,0.9106778
RW15,3,0.8654685977166434,2,0.5,1,0.87229264
RW15,4,0.8331123466557073,2,0.5,1,0.8361119
RW15,5,0.7854218267547517,2,0.5,1,0.8053481
RW15,6,0.7308801736607424,2,0.5,1,0.77629495
RW15,7,0.7033432455088411,2,0.5,1,0.7475568
RW15,8,0.6798891483633692,2,0.5,1,0.7191808
RW15,9,0.6595524905078265,2,0.5,1,0.69108355
RW15,10,0.6385049022337113,2,0.5,1,0.66355
RW15,11,0.6188055183968584,2,0.5,1,0.6380192
RW15,12,0.5978706628223552,2,0.5,1,0.6134907
RW15,13,0.564108530129482,2,0.5,1,0.5898126
RW15,14,0.5618221733421094,2,0.5,1,0.5671786
RW15,15,0.5683340400975069,2,0.5,1,0.5633742
RW15,16,0.5328255192748415,2,0.5,1,0.543553
RW15,17,0.525805629163202,2,0.5,1,0.5260465
RW15,18,0.5037113308815376,2,0.5,1,0.5105436
RW15,19,0.4878101214299047,2,0.5,1,0.49642193
RW15,20,0.4857842099501362,2,0.5,1,0.48401773
RW15,21,0.4823497951477415,2,0.5,1,0.47342092
RW15,22,0.469053235395845,2,0.5,1,0.46394986
RW15,23,0.44283042970152153,2,0.5,1,0.4552629
RW19,0,1.0,2,0.5,1,1.0044101
RW19,1,0.9396235436975541,2,0.5,1,0.95181644
RW19,2,0.9120786188350108,2,0.5,1,0.9269972
RW19,3,0.8847986908586808,2,0.5,1,0.88605577
RW19,4,0.8571370872127337,2,0.5,1,0.8493955
RW19,5,0.8354199075992986,2,0.5,1,0.8178514
RW19,6,0.8073309568665201,2,0.5,1,0.7908973
RW19,7,0.7857199625811689,2,0.5,1,0.7666279
RW19,8,0.7666372214100013,2,0.5,1,0.74478745
RW19,9,0.7513987910506147,2,0.5,1,0.72160876
RW19,10,0.7203267622205394,2,0.5,1,0.7005929
RW19,11,0.7081063051935211,2,0.5,1,0.67836994
RW19,12,0.6723114265835748,2,0.5,1,0.65805703
RW19,13,0.6639607922077001,2,0.5,1,0.6411189
RW19,14,0.6507704833452281,2,0.5,1,0.6242521
RW19,15,0.6454719449243604,2,0.5,1,0.61606574
RW19,16,0.6196235547721438,2,0.5,1,0.60021317
RW19,17,0.5838720772978139,2,0.5,1,0.5879101
RW19,18,0.5755212201280766,2,0.5,1,0.5760922
RW19,19,0.5607907745146146,2,0.5,1,0.56453323
RW19,20,0.5604943676173099,2,0.5,1,0.5537404
RW19,21,0.5388293035023539,2,0.5,1,0.5439418
RW19,22,0.5241299200287287,2,0.5,1,0.5345378
RW19,23,0.5173999584381129,2,0.5,1,0.525625
RW19,24,0.5070395009418225,2,0.5,1,0.5181539
RW19,25,0.5041861774066588,2,0.5,1,0.5111781
RW23,0,1.0,2,0.5,1,0.9993987
RW23,1,0.968874030176613,2,0.5,1,0.9958826
RW23,2,0.93116690709189,2,0.5,1,0.9501001
RW23,3,0.9041203685654416,2,0.5,1,0.91064453
RW23,4,0.8752754662299709,2,0.5,1,0.87797034
RW23,5,0.8465547714660063,2,0.5,1,0.8463975
RW23,6,0.8208981506750966,2,0.5,1,0.8176595
RW23,7,0.7998940829401381,2,0.5,1,0.7917479
RW23,8,0.7892510429257036,2,0.5,1,0.7683547
RW23,9,0.7631753024809578,2,0.5,1,0.7450989
RW23,10,0.7401984489323145,2,0.5,1,0.7267981
RW27,0,1.0,2,0.5,1,1.0013382
RW27,1,0.9681570193735269,2,0.5,1,0.97035336
RW27,2,0.9437661592431005,2,0.5,1,0.9415803
RW27,3,0.9188104975387007,2,0.5,1,0.92014647
RW27,4,0.899349484660793,2,0.5,1,0.8998744
RW27,5,0.8814742779331408,2,0.5,1,0.8808361
RW27,6,0.8663787550926042,2,0.5,1,0.8619712
RW27,7,0.8547311284111835,2,0.5,1,0.8443483
RW27,8,0.8431959746161813,2,0.5,1,0.82725364
RW27,9,0.8351597805140608,2,0.5,1,0.80874413
RW27,10,0.8233026207413151,2,0.5,1,0.7877139
RW27,11,0.8176967306120008,2,0.5,1,0.76531327
RW5,0,1.0,2,0.5,1,0.98323447
RW5,1,0.960825991745598,2,0.5,1,0.9752926
RW5,2,0.9266800602747612,2,0.5,1,0.944447
RW5,3,0.9011293220077173,2,0.5,1,0.91536814
RW5,4,0.8764709808493428,2,0.5,1,0.88893336
RW5,5,0.8526426940151302,2,0.5,1,0.86483896
RW5,6,0.839370527729129,2,0.5,1,0.8413031
RW5,7,0.8159574870069374,2,0.5,1,0.81983054
RW5,8,0.8004750971060514,2,0.5,1,0.8001922
RW5,9,0.8228279206228818,2,0.5,1,0.7895456
RW5,10,0.7867656223348591,2,0.5,1,0.7644985
RW5,11,0.7661099188154834,2,0.5,1,0.74037004
RW5,12,0.7429108814178095,2,0.5,1,0.71754384
RW5,13,0.7091745980062312,2,0.5,1,0.6939748
RW5,14,0.6857713337470273,2,0.5,1,0.67114764
RW5,15,0.6672427863976763,2,0.5,1,0.64800394
RW5,16,0.6687356247963866,2,0.5,1,0.6282982
RW5,17,0.636480784151189,2,0.5,1,0.61425257
RW5,18,0.6183718679139446,2,0.5,1,0.5983194
RW5,19,0.5752173546693329,2,0.5,1,0.58140266
RW5,20,0.5747937898766532,2,0.5,1,0.5787546
RW7,0,1.0,2,0.5,1,0.977501
RW7,1,0.9737384788654111,2,0.5,1,0.94586074
RW7,2,0.9447337319243664,2,0.5,1,0.9190526
RW7,3,0.9146274603726349,2,0.5,1,0.8938347
RW7,4,0.8871149443826014,2,0.5,1,0.8686365
RW7,5,0.8607953281423645,2,0.5,1,0.8407357
RW7,6,0.8253218854282387,2,0.5,1,0.81182843
RW7,7,0.8256203114571893,2,0.5,1,0.78431565
RW7,8,0.8174379654477165,2,0.5,1,0.7616364
RW7,9,0.8035643430201168,2,0.5,1,0.7408041
RW7,10,0.7896346635150358,2,0.5,1,0.7207376
RW7,11,0.7718959267241481,2,0.5,1,0.7036344
RW7,12,0.7860019167130227,2,0.5,1,0.68998325
RW7,13,0.7507796857619143,2,0.5,1,0.6735214
RW7,14,0.7327447163515879,2,0.5,1,0.65884024
RW7,15,0.7074586345939947,2,0.5,1,0.6455716
RW7,16,0.6825198136819158,2,0.5,1,0.63427824
RW7,17,0.662699874860957,2,0.5,1,0.62270784
RW7,18,0.6262446211067287,2,0.5,1,0.6116314
RW7,19,0.6075826021968548,2,0.5,1,0.5993142
RW7,20,0.6170093927279642,2,0.5,1,0.58409977
RW7,21,0.6466135984427249,2,0.5,1,0.5671754
RW7,22,0.5740413094410772,2,0.5,1,0.5501635
RW7,23,0.5335005770298783,2,0.5,1,0.53465176
RW7,24,0.52059510567296,2,0.5,1,0.5197593
RW11,0,1.0,2,0.5,2,0.995371
RW11,1,0.9812509775303251,2,0.5,2,0.9892887
RW11,2,0.9650137068435085,2,0.5,2,0.95916283
RW11,3,0.9351362403953054,2,0.5,2,0.931369
RW11,4,0.90714425616019,2,0.5,2,0.90753394
RW11,5,0.8457053142903532,2,0.5,2,0.885394
RW11,6,0.8020972922814096,2,0.5,2,0.8684731
RW11,7,0.7484325203829727,2,0.5,2,0.854692
RW11,8,0.7189787689899965,2,0.5,2,0.84183645
RW11,9,0.6910853284576837,2,0.5,2,0.8311729
RW11,10,0.6761559111900426,2,0.5,2,0.8224615
RW11,11,0.6550657321125852,2,0.5,2,0.814881
RW11,12,0.6425313612904104,2,0.5,2,0.8079012
RW11,13,0.6909619595729768,2,0.5,2,0.79627675
RW11,14,0.6373488207077248,2,0.5,2,0.7888952
RW11,15,0.6236460344632558,2,0.5,2,0.78209686
RW11,16,0.6096063869507001,2,0.5,2,0.7750852
RW11,17,0.6095592595614534,2,0.5,2,0.76775914
RW11,18,0.6117111890811565,2,0.5,2,0.7602663
RW11,19,0.6132328800421039,2,0.5,2,0.7515795
RW11,20,0.6177338702955617,2,0.5,2,0.74202013
RW11,21,0.6151726925016363,2,0.5,2,0.73213077
RW11,22,0.6150917110526547,2,0.5,2,0.72149986
RW11,23,0.6084443675781239,2,0.5,2,0.71026075
RW11,24,0.6108413236784053,2,0.5,2,0.6980834
RW11,25,0.604457872674917,2,0.5,2,0.6855024
RW11,26,0.6029517287743232,2,0.5,2,0.672764
RW11,27,0.605157402435204,2,0.5,2,0.659435
RW11,28,0.5960453588974413,2,0.5,2,0.64431214
RW11,29,0.5898473993066765,2,0.5,2,0.630241
RW11,30,0.5639353004202469,2,0.5,2,0.61507046
RW11,31,0.5833093037578585,2,0.5,2,0.6011859
RW11,32,0.5385993504613933,2,0.5,2,0.5853193
RW11,33,0.5270290981610593,2,0.5,2,0.57091856
RW11,34,0.4838174078709938,2,0.5,2,0.5546541
RW11,35,0.4668435392432821,2,0.5,2,0.540712
RW11,36,0.4539967259442097,2,0.5,2,0.49852318
RW15,0,1.0,2,0.5,2,0.9994291
RW15,1,0.9650574510743339,2,0.5,2,0.946333
RW15,2,0.9225952378299382,2,0.5,2,0.9044819
RW15,3,0.8654685977166434,2,0.5,2,0.8680471
RW15,4,0.8331123466557073,2,0.5,2,0.8334054
RW15,5,0.7854218267547517,2,0.5,2,0.80439746
RW15,6,0.7308801736607424,2,0.5,2,0.7771306
RW15,7,0.7033432455088411,2,0.5,2,0.74988693
RW15,8,0.6798891483633692,2,0.5,2,0.72255695
RW15,9,0.6595524905078265,2,0.5,2,0.69524765
RW15,10,0.6385049022337113,2,0.5,2,0.66788244
RW15,11,0.6188055183968584,2,0.5,2,0.64245504
RW15,12,0.5978706628223552,2,0.5,2,0.61763644
RW15,13,0.564108530129482,2,0.5,2,0.59305763
RW15,14,0.5618221733421094,2,0.5,2,0.5697041
RW15,15,0.5683340400975069,2,0.5,2,0.56577694
RW15,16,0.5328255192748415,2,0.5,2,0.54505813
RW15,17,0.525805629163202,2,0.5,2,0.52708834
RW15,18,0.5037113308815376,2,0.5,2,0.51097745
RW15,19,0.4878101214299047,2,0.5,2,0.49640214
RW15,20,0.4857842099501362,2,0.5,2,0.48386747
RW15,21,0.4823497951477415,2,0.5,2,0.47349823
RW15,22,0.469053235395845,2,0.5,2,0.46445173
RW15,23,0.44283042970152153,2,0.5,2,0.4563437
RW19,0,1.0,2,0.5,2,1.0013243
RW19,1,0.9396235436975541,2,0.5,2,0.94194543
RW19,2,0.9120786188350108,2,0.5,2,0.91449934
RW19,3,0.8847986908586808,2,0.5,2,0.88683623
RW19,4,0.8571370872127337,2,0.5,2,0.85248584
RW19,5,0.8354199075992986,2,0.5,2,0.82024145
RW19,6,0.8073309568665201,2,0.5,2,0.7921216
RW19,7,0.7857199625811689,2,0.5,2,0.76605904
RW19,8,0.7666372214100013,2,0.5,2,0.74257475
RW19,9,0.7513987910506147,2,0.5,2,0.7180333
RW19,10,0.7203267622205394,2,0.5,2,0.69622576
RW19,11,0.7081063051935211,2,0.5,2,0.6733824
RW19,12,0.6723114265835748,2,0.5,2,0.6526743
RW19,13,0.6639607922077001,2,0.5,2,0.6354837
RW19,14,0.6507704833452281,2,0.5,2,0.6185205
RW19,15,0.6454719449243604,2,0.5,2,0.6103483
RW19,16,0.6196235547721438,2,0.5,2,0.59450996
RW19,17,0.5838720772978139,2,0.5,2,0.5821753
RW19,18,0.5755212201280766,2,0.5,2,0.570438
RW19,19,0.5607907745146146,2,0.5,2,0.55905867
RW19,20,0.5604943676173099,2,0.5,2,0.54846686
RW19,21,0.5388293035023539,2,0.5,2,0.53884184
RW19,22,0.5241299200287287,2,0.5,2,0.5296482
RW19,23,0.5173999584381129,2,0.5,2,0.52099437
RW19,24,0.5070395009418225,2,0.5,2,0.51380455
RW19,25,0.5041861774066588,2,0.5,2,0.5071835
RW23,0,1.0,2,0.5,2,0.9988339
RW23,1,0.968874030176613,2,0.5,2,0.98679096
RW23,2,0.93116690709189,2,0.5,2,0.94381404
RW23,3,0.9041203685654416,2,0.5,2,0.90770507
RW23,4,0.8752754662299709,2,0.5,2,0.8772449
RW23,5,0.8465547714660063,2,0.5,2,0.84769857
RW23,6,0.8208981506750966,2,0.5,2,0.8205101
RW23,7,0.7998940829401381,2,0.5,2,0.7954597
RW23,8,0.7892510429257036,2,0.5,2,0.7725806
RW23,9,0.7631753024809578,2,0.5,2,0.7494155
RW23,10,0.7401984489323145,2,0.5,2,0.7309123
RW27,0,1.0,2,0.5,2,1.0007789
RW27,1,0.9681570193735269,2,0.5,2,0.96946514
RW27,2,0.9437661592431005,2,0.5,2,0.9427119
RW27,3,0.9188104975387007,2,0.5,2,0.92265743
RW27,4,0.899349484660793,2,0.5,2,0.90320516
RW27,5,0.8814742779331408,2,0.5,2,0.88403434
RW27,6,0.8663787550926042,2,0.5,2,0.8646964
RW27,7,0.8547311284111835,2,0.5,2,0.84680545
RW27,8,0.8431959746161813,2,0.5,2,0.8298224
RW27,9,0.8351597805140608,2,0.5,2,0.8119267
RW27,10,0.8233026207413151,2,0.5,2,0.79251784
RW27,11,0.8176967306120008,2,0.5,2,0.77292323
RW5,0,1.0,2,0.5,2,0.9809554
RW5,1,0.960825991745598,2,0.5,2,0.97303504
RW5,2,0.9266800602747612,2,0.5,2,0.9413204
RW5,3,0.9011293220077173,2,0.5,2,0.9116716
RW5,4,0.8764709808493428,2,0.5,2,0.88591224
RW5,5,0.8526426940151302,2,0.5,2,0.86225975
RW5,6,0.839370527729129,2,0.5,2,0.83877206
RW5,7,0.8159574870069374,2,0.5,2,0.817515
RW5,8,0.8004750971060514,2,0.5,2,0.7980393
RW5,9,0.8228279206228818,2,0.5,2,0.7877259
RW5,10,0.7867656223348591,2,0.5,2,0.7628534
RW5,11,0.7661099188154834,2,0.5,2,0.7390456
RW5,12,0.7429108814178095,2,0.5,2,0.716282
RW5,13,0.7091745980062312,2,0.5,2,0.692749
RW5,14,0.6857713337470273,2,0.5,2,0.6701238
RW5,15,0.6672427863976763,2,0.5,2,0.6473709
RW5,16,0.6687356247963866,2,0.5,2,0.6282426
RW5,17,0.636480784151189,2,0.5,2,0.61467457
RW5,18,0.6183718679139446,2,0.5,2,0.5992863
RW5,19,0.5752173546693329,2,0.5,2,0.5824371
RW5,20,0.5747937898766532,2,0.5,2,0.58008146
RW7,0,1.0,2,0.5,2,0.9814539
RW7,1,0.9737384788654111,2,0.5,2,0.938534
RW7,2,0.9447337319243664,2,0.5,2,0.9121757
RW7,3,0.9146274603726349,2,0.5,2,0.8872471
RW7,4,0.8871149443826014,2,0.5,2,0.8625596
RW7,5,0.8607953281423645,2,0.5,2,0.83371735
RW7,6,0.8253218854282387,2,0.5,2,0.80449575
RW7,7,0.8256203114571893,2,0.5,2,0.77758956
RW7,8,0.8174379654477165,2,0.5,2,0.7557494
RW7,9,0.8035643430201168,2,0.5,2,0.73616207
RW7,10,0.7896346635150358,2,0.5,2,0.7173022
RW7,11,0.7718959267241481,2,0.5,2,0.7015359
RW7,12,0.7860019167130227,2,0.5,2,0.68842304
RW7,13,0.7507796857619143,2,0.5,2,0.6729984
RW7,14,0.7327447163515879,2,0.5,2,0.6591464
RW7,15,0.7074586345939947,2,0.5,2,0.6467094
RW7,16,0.6825198136819158,2,0.5,2,0.63616735
RW7,17,0.662699874860957,2,0.5,2,0.62537193
RW7,18,0.6262446211067287,2,0.5,2,0.6149722
RW7,19,0.6075826021968548,2,0.5,2,0.6033598
RW7,20,0.6170093927279642,2,0.5,2,0.58884203
RW7,21,0.6466135984427249,2,0.5,2,0.5721819
RW7,22,0.5740413094410772,2,0.5,2,0.55558103
RW7,23,0.5335005770298783,2,0.5,2,0.5401222
RW7,24,0.52059510567296,2,0.5,2,0.52488935
RW11,0,1.0,2,0.5,3,0.9954839
RW11,1,0.9812509775303251,2,0.5,3,0.9840131
RW11,2,0.9650137068435085,2,0.5,3,0.95507455
RW11,3,0.9351362403953054,2,0.5,3,0.93014693
RW11,4,0.90714425616019,2,0.5,3,0.9093291
RW11,5,0.8457053142903532,2,0.5,3,0.8917219
RW11,6,0.8020972922814096,2,0.5,3,0.87815535
RW11,7,0.7484325203829727,2,0.5,3,0.86641705
RW11,8,0.7189787689899965,2,0.5,3,0.8554145
RW11,9,0.6910853284576837,2,0.5,3,0.8459148
RW11,10,0.6761559111900426,2,0.5,3,0.83740157
RW11,11,0.6550657321125852,2,0.5,3,0.8297621
RW11,12,0.6425313612904104,2,0.5,3,0.82199323
RW11,13,0.6909619595729768,2,0.5,3,0.8074264
RW11,14,0.6373488207077248,2,0.5,3,0.7987925
RW11,15,0.6236460344632558,2,0.5,3,0.7906688
RW11,16,0.6096063869507001,2,0.5,3,0.7818998
RW11,17,0.6095592595614534,2,0.5,3,0.7728913
RW11,18,0.6117111890811565,2,0.5,3,0.76326764
RW11,19,0.6132328800421039,2,0.5,3,0.75296193
RW11,20,0.6177338702955617,2,0.5,3,0.74190503
RW11,21,0.6151726925016363,2,0.5,3,0.73075885
RW11,22,0.6150917110526547,2,0.5,3,0.71896416
RW11,23,0.6084443675781239,2,0.5,3,0.7067708
RW11,24,0.6108413236784053,2,0.5,3,0.693785
RW11,25,0.604457872674917,2,0.5,3,0.6806756
RW11,26,0.6029517287743232,2,0.5,3,0.6678163
RW11,27,0.605157402435204,2,0.5,3,0.6536271
RW11,28,0.5960453588974413,2,0.5,3,0.63837093
RW11,29,0.5898473993066765,2,0.5,3,0.6237417
RW11,30,0.5639353004202469,2,0.5,3,0.6089994
RW11,31,0.5833093037578585,2,0.5,3,0.5984485
RW11,32,0.5385993504613933,2,0.5,3,0.5831704
RW11,33,0.5270290981610593,2,0.5,3,0.56915474
RW11,34,0.4838174078709938,2,0.5,3,0.5550642
RW11,35,0.4668435392432821,2,0.5,3,0.5425569
RW11,36,0.4539967259442097,2,0.5,3,0.5073307
RW15,0,1.0,2,0.5,3,0.9978682
RW15,1,0.9650574510743339,2,0.5,3,0.95963365
RW15,2,0.9225952378299382,2,0.5,3,0.9128785
RW15,3,0.8654685977166434,2,0.5,3,0.874938
RW15,4,0.8331123466557073,2,0.5,3,0.839234
RW15,5,0.7854218267547517,2,0.5,3,0.8075871
RW15,6,0.7308801736607424,2,0.5,3,0.77739394
RW15,7,0.7033432455088411,2,0.5,3,0.7480612
RW15,8,0.6798891483633692,2,0.5,3,0.7199726
RW15,9,0.6595524905078265,2,0.5,3,0.69255173
RW15,10,0.6385049022337113,2,0.5,3,0.6660446
RW15,11,0.6188055183968584,2,0.5,3,0.641663
RW15,12,0.5978706628223552,2,0.5,3,0.6183852
RW15,13,0.564108530129482,2,0.5,3,0.596737
RW15,14,0.5618221733421094,2,0.5,3,0.57490623
RW15,15,0.5683340400975069,2,0.5,3,0.5710788
RW15,16,0.5328255192748415,2,0.5,3,0.5516786
RW15,17,0.525805629163202,2,0.5,3,0.53330016
RW15,18,0.5037113308815376,2,0.5,3,0.5169204
RW15,19,0.4878101214299047,2,0.5,3,0.50126505
RW15,20,0.4857842099501362,2,0.5,3,0.48640865
RW15,21,0.4823497951477415,2,0.5,3,0.4720714
RW15,22,0.469053235395845,2,0.5,3,0.45831573
RW15,23,0.44283042970152153,2,0.5,3,0.44527316
RW19,0,1.0,2,0.5,3,0.99999243
RW19,1,0.9396235436975541,2,0.5,3,0.9413994
RW19,2,0.9120786188350108,2,0.5,3,0.9202378
RW19,3,0.8847986908586808,2,0.5,3,0.88833296
RW19,4,0.8571370872127337,2,0.5,3,0.8522706
RW19,5,0.8354199075992986,2,0.5,3,0.8172482
RW19,6,0.8073309568665201,2,0.5,3,0.7846055
RW19,7,0.7857199625811689,2,0.5,3,0.7546575
RW19,8,0.7666372214100013,2,0.5,3,0.7295586
RW19,9,0.7513987910506147,2,0.5,3,0.7050483
RW19,10,0.7203267622205394,2,0.5,3,0.68538636
RW19,11,0.7081063051935211,2,0.5,3,0.6654782
RW19,12,0.6723114265835748,2,0.5,3,0.6487013
RW19,13,0.6639607922077001,2,0.5,3,0.6363611
RW19,14,0.6507704833452281,2,0.5,3,0.6231441
RW19,15,0.6454719449243604,2,0.5,3,0.6165441
RW19,16,0.6196235547721438,2,0.5,3,0.60307014
RW19,17,0.5838720772978139,2,0.5,3,0.59335315
RW19,18,0.5755212201280766,2,0.5,3,0.58252513
RW19,19,0.5607907745146146,2,0.5,3,0.570667
RW19,20,0.5604943676173099,2,0.5,3,0.5584953
RW19,21,0.5388293035023539,2,0.5,3,0.5468503
RW19,22,0.5241299200287287,2,0.5,3,0.5347358
RW19,23,0.5173999584381129,2,0.5,3,0.5221098
RW19,24,0.5070395009418225,2,0.5,3,0.5107157
RW19,25,0.5041861774066588,2,0.5,3,0.49910522
RW23,0,1.0,2,0.5,3,0.9989338
RW23,1,0.968874030176613,2,0.5,3,0.9960289
RW23,2,0.93116690709189,2,0.5,3,0.9531528
RW23,3,0.9041203685654416,2,0.5,3,0.9171498
RW23,4,0.8752754662299709,2,0.5,3,0.88579994
RW23,5,0.8465547714660063,2,0.5,3,0.8556066
RW23,6,0.8208981506750966,2,0.5,3,0.82727504
RW23,7,0.7998940829401381,2,0.5,3,0.8005587
RW23,8,0.7892510429257036,2,0.5,3,0.7755412
RW23,9,0.7631753024809578,2,0.5,3,0.750057
RW23,10,0.7401984489323145,2,0.5,3,0.7288997
RW27,0,1.0,2,0.5,3,0.99834615
RW27,1,0.9681570193735269,2,0.5,3,0.96582913
RW27,2,0.9437661592431005,2,0.5,3,0.9427772
RW27,3,0.9188104975387007,2,0.5,3,0.9244095
RW27,4,0.899349484660793,2,0.5,3,0.90644777
RW27,5,0.8814742779331408,2,0.5,3,0.8883773
RW27,6,0.8663787550926042,2,0.5,3,0.8693119
RW27,7,0.8547311284111835,2,0.5,3,0.8511268
RW27,8,0.8431959746161813,2,0.5,3,0.83353084
RW27,9,0.8351597805140608,2,0.5,3,0.8147187
RW27,10,0.8233026207413151,2,0.5,3,0.79422665
RW27,11,0.8176967306120008,2,0.5,3,0.7737334
RW5,0,1.0,2,0.5,3,0.98240066
RW5,1,0.960825991745598,2,0.5,3,0.9700291
RW5,2,0.9266800602747612,2,0.5,3,0.93942547
RW5,3,0.9011293220077173,2,0.5,3,0.9105265
RW5,4,0.8764709808493428,2,0.5,3,0.88559926
RW5,5,0.8526426940151302,2,0.5,3,0.8623668
RW5,6,0.839370527729129,2,0.5,3,0.83908886
RW5,7,0.8159574870069374,2,0.5,3,0.81788373
RW5,8,0.8004750971060514,2,0.5,3,0.7980784
RW5,9,0.8228279206228818,2,0.5,3,0.7876898
RW5,10,0.7867656223348591,2,0.5,3,0.76275957
RW5,11,0.7661099188154834,2,0.5,3,0.73875356
RW5,12,0.7429108814178095,2,0.5,3,0.71637285
RW5,13,0.7091745980062312,2,0.5,3,0.6940292
RW5,14,0.6857713337470273,2,0.5,3,0.6724974
RW5,15,0.6672427863976763,2,0.5,3,0.6509677
RW5,16,0.6687356247963866,2,0.5,3,0.6310402
RW5,17,0.636480784151189,2,0.5,3,0.6165261
RW5,18,0.6183718679139446,2,0.5,3,0.59963375
RW5,19,0.5752173546693329,2,0.5,3,0.58279765
RW5,20,0.5747937898766532,2,0.5,3,0.57919675
RW7,0,1.0,2,0.5,3,1.0127456
RW7,1,0.9737384788654111,2,0.5,3,0.95670474
RW7,2,0.9447337319243664,2,0.5,3,0.9260007
RW7,3,0.9146274603726349,2,0.5,3,0.89893967
RW7,4,0.8871149443826014,2,0.5,3,0.8719528
RW7,5,0.8607953281423645,2,0.5,3,0.84368956
RW7,6,0.8253218854282387,2,0.5,3,0.81302273
RW7,7,0.8256203114571893,2,0.5,3,0.7843636
RW7,8,0.8174379654477165,2,0.5,3,0.7617103
RW7,9,0.8035643430201168,2,0.5,3,0.7408799
RW7,10,0.7896346635150358,2,0.5,3,0.7213633
RW7,11,0.7718959267241481,2,0.5,3,0.7049112
RW7,12,0.7860019167130227,2,0.5,3,0.6886164
RW7,13,0.7507796857619143,2,0.5,3,0.67151356
RW7,14,0.7327447163515879,2,0.5,3,0.6559594
RW7,15,0.7074586345939947,2,0.5,3,0.64268196
RW7,16,0.6825198136819158,2,0.5,3,0.63165903
RW7,17,0.662699874860957,2,0.5,3,0.62118554
RW7,18,0.6262446211067287,2,0.5,3,0.61165893
RW7,19,0.6075826021968548,2,0.5,3,0.60152644
RW7,20,0.6170093927279642,2,0.5,3,0.5888206
RW7,21,0.6466135984427249,2,0.5,3,0.5751344
RW7,22,0.5740413094410772,2,0.5,3,0.56218
RW7,23,0.5335005770298783,2,0.5,3,0.5520167
RW7,24,0.52059510567296,2,0.5,3,0.5422996
RW11,0,1.0,2,0.5,4,1.0118
RW11,1,0.9812509775303251,2,0.5,4,0.98583055
RW11,2,0.9650137068435085,2,0.5,4,0.9554859
RW11,3,0.9351362403953054,2,0.5,4,0.93073773
RW11,4,0.90714425616019,2,0.5,4,0.9098413
RW11,5,0.8457053142903532,2,0.5,4,0.89249796
RW11,6,0.8020972922814096,2,0.5,4,0.8787719
RW11,7,0.7484325203829727,2,0.5,4,0.86700743
RW11,8,0.7189787689899965,2,0.5,4,0.8560941
RW11,9,0.6910853284576837,2,0.5,4,0.8467904
RW11,10,0.6761559111900426,2,0.5,4,0.8385562
RW11,11,0.6550657321125852,2,0.5,4,0.8313156
RW11,12,0.6425313612904104,2,0.5,4,0.82413924
RW11,13,0.6909619595729768,2,0.5,4,0.80997205
RW11,14,0.6373488207077248,2,0.5,4,0.80168307
RW11,15,0.6236460344632558,2,0.5,4,0.7939796
RW11,16,0.6096063869507001,2,0.5,4,0.7857499
RW11,17,0.6095592595614534,2,0.5,4,0.7772991
RW11,18,0.6117111890811565,2,0.5,4,0.76836824
RW11,19,0.6132328800421039,2,0.5,4,0.7586955
RW11,20,0.6177338702955617,2,0.5,4,0.74820876
RW11,21,0.6151726925016363,2,0.5,4,0.737565
RW11,22,0.6150917110526547,2,0.5,4,0.72618216
RW11,23,0.6084443675781239,2,0.5,4,0.7144806
RW11,24,0.6108413236784053,2,0.5,4,0.7019284
RW11,25,0.604457872674917,2,0.5,4,0.68928945
RW11,26,0.6029517287743232,2,0.5,4,0.6765804
RW11,27,0.605157402435204,2,0.5,4,0.6637157
RW11,28,0.5960453588974413,2,0.5,4,0.64946496
RW11,29,0.5898473993066765,2,0.5,4,0.6365491
RW11,30,0.5639353004202469,2,0.5,4,0.6227069
RW11,31,0.5833093037578585,2,0.5,4,0.6081942
RW11,32,0.5385993504613933,2,0.5,4,0.59460956
RW11,33,0.5270290981610593,2,0.5,4,0.5822666
RW11,34,0.4838174078709938,2,0.5,4,0.568495
RW11,35,0.4668435392432821,2,0.5,4,0.5565542
RW11,36,0.4539967259442097,2,0.5,4,0.5207821
RW15,0,1.0,2,0.5,4,1.0058376
RW15,1,0.9650574510743339,2,0.5,4,0.9526227
RW15,2,0.9225952378299382,2,0.5,4,0.91050947
RW15,3,0.8654685977166434,2,0.5,4,0.87475485
RW15,4,0.8331123466557073,2,0.5,4,0.8405024
RW15,5,0.7854218267547517,2,0.5,4,0.8122715
RW15,6,0.7308801736607424,2,0.5,4,0.78582585
RW15,7,0.7033432455088411,2,0.5,4,0.75908196
RW15,8,0.6798891483633692,2,0.5,4,0.73222077
RW15,9,0.6595524905078265,2,0.5,4,0.7048863
RW15,10,0.6385049022337113,2,0.5,4,0.6780892
RW15,11,0.6188055183968584,2,0.5,4,0.65278035
RW15,12,0.5978706628223552,2,0.5,4,0.62849015
RW15,13,0.564108530129482,2,0.5,4,0.60598385
RW15,14,0.5618221733421094,2,0.5,4,0.58343905
RW15,15,0.5683340400975069,2,0.5,4,0.5795354
RW15,16,0.5328255192748415,2,0.5,4,0.55988216
RW15,17,0.525805629163202,2,0.5,4,0.5416234
RW15,18,0.5037113308815376,2,0.5,4,0.52586323
RW15,19,0.4878101214299047,2,0.5,4,0.5112639
RW15,20,0.4857842099501362,2,0.5,4,0.4978165
RW15,21,0.4823497951477415,2,0.5,4,0.48520213
RW15,22,0.469053235395845,2,0.5,4,0.4734797
RW15,23,0.44283042970152153,2,0.5,4,0.46278507
RW19,0,1.0,2,0.5,4,1.0070882
RW19,1,0.9396235436975541,2,0.5,4,0.93569237
RW19,2,0.9120786188350108,2,0.5,4,0.9116655
RW19,3,0.8847986908586808,2,0.5,4,0.8823104
RW19,4,0.8571370872127337,2,0.5,4,0.8487766
RW19,5,0.8354199075992986,2,0.5,4,0.8172379
RW19,6,0.8073309568665201,2,0.5,4,0.78918713
RW19,7,0.7857199625811689,2,0.5,4,0.76293576
RW19,8,0.7666372214100013,2,0.5,4,0.7392604
RW19,9,0.7513987910506147,2,0.5,4,0.713892
RW19,10,0.7203267622205394,2,0.5,4,0.692181
RW19,11,0.7081063051935211,2,0.5,4,0.6690706
RW19,12,0.6723114265835748,2,0.5,4,0.6488358
RW19,13,0.6639607922077001,2,0.5,4,0.63364995
RW19,14,0.6507704833452281,2,0.5,4,0.6181482
RW19,15,0.6454719449243604,2,0.5,4,0.6106498
RW19,16,0.6196235547721438,2,0.5,4,0.5960578
RW19,17,0.5838720772978139,2,0.5,4,0.5861877
RW19,18,0.5755212201280766,2,0.5,4,0.5759457
RW19,19,0.5607907745146146,2,0.5,4,0.56542474
RW19,20,0.5604943676173099,2,0.5,4,0.555136
RW19,21,0.5388293035023539,2,0.5,4,0.5459986
RW19,22,0.5241299200287287,2,0.5,4,0.53708565
RW19,23,0.5173999584381129,2,0.5,4,0.52817917
RW19,24,0.5070395009418225,2,0.5,4,0.52081573
RW19,25,0.5041861774066588,2,0.5,4,0.51363814
RW23,0,1.0,2,0.5,4,0.99457365
RW23,1,0.968874030176613,2,0.5,4,0.9860525
RW23,2,0.93116690709189,2,0.5,4,0.9422633
RW23,3,0.9041203685654416,2,0.5,4,0.90566707
RW23,4,0.8752754662299709,2,0.5,4,0.8745528
RW23,5,0.8465547714660063,2,0.5,4,0.8448259
RW23,6,0.8208981506750966,2,0.5,4,0.81731457
RW23,7,0.7998940829401381,2,0.5,4,0.7928574
RW23,8,0.7892510429257036,2,0.5,4,0.77121854
RW23,9,0.7631753024809578,2,0.5,4,0.75020915
RW23,10,0.7401984489323145,2,0.5,4,0.7348693
RW27,0,1.0,2,0.5,4,0.997339
RW27,1,0.9681570193735269,2,0.5,4,0.96760184
RW27,2,0.9437661592431005,2,0.5,4,0.93616265
RW27,3,0.9188104975387007,2,0.5,4,0.9132935
RW27,4,0.899349484660793,2,0.5,4,0.8915987
RW27,5,0.8814742779331408,2,0.5,4,0.8709616
RW27,6,0.8663787550926042,2,0.5,4,0.8503359
RW27,7,0.8547311284111835,2,0.5,4,0.83201325
RW27,8,0.8431959746161813,2,0.5,4,0.8153491
RW27,9,0.8351597805140608,2,0.5,4,0.7978822
RW27,10,0.8233026207413151,2,0.5,4,0.7785515
RW27,11,0.8176967306120008,2,0.5,4,0.75943583
RW5,0,1.0,2,0.5,4,1.0046345
RW5,1,0.960825991745598,2,0.5,4,0.9776525
RW5,2,0.9266800602747612,2,0.5,4,0.94559
RW5,3,0.9011293220077173,2,0.5,4,0.91592956
RW5,4,0.8764709808493428,2,0.5,4,0.8910803
RW5,5,0.8526426940151302,2,0.5,4,0.86862826
RW5,6,0.839370527729129,2,0.5,4,0.84553784
RW5,7,0.8159574870069374,2,0.5,4,0.82547957
RW5,8,0.8004750971060514,2,0.5,4,0.8063644
RW5,9,0.8228279206228818,2,0.5,4,0.7964636
RW5,10,0.7867656223348591,2,0.5,4,0.7725366
RW5,11,0.7661099188154834,2,0.5,4,0.7490679
RW5,12,0.7429108814178095,2,0.5,4,0.72684926
RW5,13,0.7091745980062312,2,0.5,4,0.7039883
RW5,14,0.6857713337470273,2,0.5,4,0.68125093
RW5,15,0.6672427863976763,2,0.5,4,0.65838176
RW5,16,0.6687356247963866,2,0.5,4,0.63720363
RW5,17,0.636480784151189,2,0.5,4,0.62195
RW5,18,0.6183718679139446,2,0.5,4,0.60425174
RW5,19,0.5752173546693329,2,0.5,4,0.5868329
RW5,20,0.5747937898766532,2,0.5,4,0.58311176
RW7,0,1.0,2,0.5,4,1.0047781
RW7,1,0.9737384788654111,2,0.5,4,0.946063
RW7,2,0.9447337319243664,2,0.5,4,0.9179737
RW7,3,0.9146274603726349,2,0.5,4,0.89250714
RW7,4,0.8871149443826014,2,0.5,4,0.8675536
RW7,5,0.8607953281423645,2,0.5,4,0.8374198
RW7,6,0.8253218854282387,2,0.5,4,0.80605865
RW7,7,0.8256203114571893,2,0.5,4,0.777794
RW7,8,0.8174379654477165,2,0.5,4,0.7552123
RW7,9,0.8035643430201168,2,0.5,4,0.73554313
RW7,10,0.7896346635150358,2,0.5,4,0.7166432
RW7,11,0.7718959267241481,2,0.5,4,0.7011306
RW7,12,0.7860019167130227,2,0.5,4,0.6885931
RW7,13,0.7507796857619143,2,0.5,4,0.6739901
RW7,14,0.7327447163515879,2,0.5,4,0.6608411
RW7,15,0.7074586345939947,2,0.5,4,0.6495125
RW7,16,0.6825198136819158,2,0.5,4,0.6399952
RW7,17,0.662699874860957,2,0.5,4,0.6303504
RW7,18,0.6262446211067287,2,0.5,4,0.6209627
RW7,19,0.6075826021968548,2,0.5,4,0.6101487
RW7,20,0.6170093927279642,2,0.5,4,0.5961397
RW7,21,0.6466135984427249,2,0.5,4,0.5803684
RW7,22,0.5740413094410772,2,0.5,4,0.5644409
RW7,23,0.5335005770298783,2,0.5,4,0.55042857
RW7,24,0.52059510567296,2,0.5,4,0.5365578
RW11,0,1.0,2,0.25,0,1.0002637
RW11,1,0.9812509775303251,2,0.25,0,0.9882968
RW11,2,0.9650137068435085,2,0.25,0,0.9548312
RW11,3,0.9351362403953054,2,0.25,0,0.9251574
RW11,4,0.90714425616019,2,0.25,0,0.9011505
RW11,5,0.8457053142903532,2,0.25,0,0.880265
RW11,6,0.8020972922814096,2,0.25,0,0.8652946
RW11,7,0.7484325203829727,2,0.25,0,0.8528964
RW11,8,0.7189787689899965,2,0.25,0,0.8414156
RW11,9,0.6910853284576837,2,0.25,0,0.83206874
RW11,10,0.6761559111900426,2,0.25,0,0.82421374
RW11,11,0.6550657321125852,2,0.25,0,0.81748533
RW11,12,0.6425313612904104,2,0.25,0,0.8109246
RW11,13,0.6909619595729768,2,0.25,0,0.80147284
RW11,14,0.6373488207077248,2,0.25,0,0.7938657
RW11,15,0.6236460344632558,2,0.25,0,0.78680396
RW11,16,0.6096063869507001,2,0.25,0,0.77932835
RW11,17,0.6095592595614534,2,0.25,0,0.7717053
RW11,18,0.6117111890811565,2,0.25,0,0.7635707
RW11,19,0.6132328800421039,2,0.25,0,0.75484174
RW11,20,0.6177338702955617,2,0.25,0,0.745439
RW11,21,0.6151726925016363,2,0.25,0,0.7359217
RW11,22,0.6150917110526547,2,0.25,0,0.72565097
RW11,23,0.6084443675781239,2,0.25,0,0.715107
RW11,24,0.6108413236784053,2,0.25,0,0.70357734
RW11,25,0.604457872674917,2,0.25,0,0.6919932
RW11,26,0.6029517287743232,2,0.25,0,0.6802505
RW11,27,0.605157402435204,2,0.25,0,0.6672256
RW11,28,0.5960453588974413,2,0.25,0,0.6529058
RW11,29,0.5898473993066765,2,0.25,0,0.63891095
RW11,30,0.5639353004202469,2,0.25,0,0.6244788
RW11,31,0.5833093037578585,2,0.25,0,0.60942584
RW11,32,0.5385993504613933,2,0.25,0,0.59414226
RW11,33,0.5270290981610593,2,0.25,0,0.5800161
RW11,34,0.4838174078709938,2,0.25,0,0.56568974
RW11,35,0.4668435392432821,2,0.25,0,0.55302167
RW11,36,0.4539967259442097,2,0.25,0,0.516625
RW15,0,1.0,2,0.25,0,0.9995207
RW15,1,0.9650574510743339,2,0.25,0,0.9543728
RW15,2,0.9225952378299382,2,0.25,0,0.9105875
RW15,3,0.8654685977166434,2,0.25,0,0.8729223
RW15,4,0.8331123466557073,2,0.25,0,0.83914834
RW15,5,0.7854218267547517,2,0.25,0,0.80983365
RW15,6,0.7308801736607424,2,0.25,0,0.7807797
RW15,7,0.7033432455088411,2,0.25,0,0.75181663
RW15,8,0.6798891483633692,2,0.25,0,0.72332424
RW15,9,0.6595524905078265,2,0.25,0,0.6949059
RW15,10,0.6385049022337113,2,0.25,0,0.66659385
RW15,11,0.6188055183968584,2,0.25,0,0.64047307
RW15,12,0.5978706628223552,2,0.25,0,0.6154101
RW15,13,0.564108530129482,2,0.25,0,0.5918647
RW15,14,0.5618221733421094,2,0.25,0,0.56914204
RW15,15,0.5683340400975069,2,0.25,0,0.56526613
RW15,16,0.5328255192748415,2,0.25,0,0.54572207
RW15,17,0.525805629163202,2,0.25,0,0.528316
RW15,18,0.5037113308815376,2,0.25,0,0.5132542
RW15,19,0.4878101214299047,2,0.25,0,0.49962056
RW15,20,0.4857842099501362,2,0.25,0,0.48753393
RW15,21,0.4823497951477415,2,0.25,0,0.4768644
RW15,22,0.469053235395845,2,0.25,0,0.46728998
RW15,23,0.44283042970152153,2,0.25,0,0.45875186
RW19,0,1.0,2,0.25,0,1.0004112
RW19,1,0.9396235436975541,2,0.25,0,0.9469013
RW19,2,0.9120786188350108,2,0.25,0,0.92272973
RW19,3,0.8847986908586808,2,0.25,0,0.8832601
RW19,4,0.8571370872127337,2,0.25,0,0.8490693
RW19,5,0.8354199075992986,2,0.25,0,0.8171054
RW19,6,0.8073309568665201,2,0.25,0,0.7888353
RW19,7,0.7857199625811689,2,0.25,0,0.7622456
RW19,8,0.7666372214100013,2,0.25,0,0.73859245
RW19,9,0.7513987910506147,2,0.25,0,0.71395016
RW19,10,0.7203267622205394,2,0.25,0,0.6929622
RW19,11,0.7081063051935211,2,0.25,0,0.6712614
RW19,12,0.6723114265835748,2,0.25,0,0.65234077
RW19,13,0.6639607922077001,2,0.25,0,0.6375165
RW19,14,0.6507704833452281,2,0.25,0,0.62250316
RW19,15,0.6454719449243604,2,0.25,0,0.6151908
RW19,16,0.6196235547721438,2,0.25,0,0.6009189
RW19,17,0.5838720772978139,2,0.25,0,0.5903531
RW19,18,0.5755212201280766,2,0.25,0,0.5797294
RW19,19,0.5607907745146146,2,0.25,0,0.5689969
RW19,20,0.5604943676173099,2,0.25,0,0.55872935
RW19,21,0.5388293035023539,2,0.25,0,0.54938537
RW19,22,0.5241299200287287,2,0.25,0,0.54025614
RW19,23,0.5173999584381129,2,0.25,0,0.53136283
RW19,24,0.5070395009418225,2,0.25,0,0.5237997
RW19,25,0.5041861774066588,2,0.25,0,0.5165283
RW23,0,1.0,2,0.25,0,0.9984937
RW23,1,0.968874030176613,2,0.25,0,0.98818237
RW23,2,0.93116690709189,2,0.25,0,0.9528576
RW23,3,0.9041203685654416,2,0.25,0,0.92088264
RW23,4,0.8752754662299709,2,0.25,0,0.8908229
RW23,5,0.8465547714660063,2,0.25,0,0.8609492
RW23,6,0.8208981506750966,2,0.25,0,0.8317311
RW23,7,0.7998940829401381,2,0.25,0,0.80313045
RW23,8,0.7892510429257036,2,0.25,0,0.77541727
RW23,9,0.7631753024809578,2,0.25,0,0.7464054
RW23,10,0.7401984489323145,2,0.25,0,0.72123235
RW27,0,1.0,2,0.25,0,0.99661726
RW27,1,0.9681570193735269,2,0.25,0,0.96928304
RW27,2,0.9437661592431005,2,0.25,0,0.94528407
RW27,3,0.9188104975387007,2,0.25,0,0.92562115
RW27,4,0.899349484660793,2,0.25,0,0.90605223
RW27,5,0.8814742779331408,2,0.25,0,0.8863408
RW27,6,0.8663787550926042,2,0.25,0,0.8661165
RW27,7,0.8547311284111835,2,0.25,0,0.8464898
RW27,8,0.8431959746161813,2,0.25,0,0.827194
RW27,9,0.8351597805140608,2,0.25,0,0.80654
RW27,10,0.8233026207413151,2,0.25,0,0.78401726
RW27,11,0.8176967306120008,2,0.25,0,0.76104325
RW5,0,1.0,2,0.25,0,0.9936847
RW5,1,0.960825991745598,2,0.25,0,0.9743879
RW5,2,0.9266800602747612,2,0.25,0,0.9419106
RW5,3,0.9011293220077173,2,0.25,0,0.91158146
RW5,4,0.8764709808493428,2,0.25,0,0.88725984
RW5,5,0.8526426940151302,2,0.25,0,0.8648318
RW5,6,0.839370527729129,2,0.25,0,0.84207124
RW5,7,0.8159574870069374,2,0.25,0,0.8215699
RW5,8,0.8004750971060514,2,0.25,0,0.80261046
RW5,9,0.8228279206228818,2,0.25,0,0.79293185
RW5,10,0.7867656223348591,2,0.25,0,0.76842827
RW5,11,0.7661099188154834,2,0.25,0,0.7440555
RW5,12,0.7429108814178095,2,0.25,0,0.7204493
RW5,13,0.7091745980062312,2,0.25,0,0.6962138
RW5,14,0.6857713337470273,2,0.25,0,0.6728122
RW5,15,0.6672427863976763,2,0.25,0,0.64930344
RW5,16,0.6687356247963866,2,0.25,0,0.6280089
RW5,17,0.636480784151189,2,0.25,0,0.61280495
RW5,18,0.6183718679139446,2,0.25,0,0.59583604
RW5,19,0.5752173546693329,2,0.25,0,0.5789644
RW5,20,0.5747937898766532,2,0.25,0,0.5759621
RW7,0,1.0,2,0.25,0,1.0069863
RW7,1,0.9737384788654111,2,0.25,0,0.9490341
RW7,2,0.9447337319243664,2,0.25,0,0.9185887
RW7,3,0.9146274603726349,2,0.25,0,0.8919061
RW7,4,0.8871149443826014,2,0.25,0,0.8659137
RW7,5,0.8607953281423645,2,0.25,0,0.8370894
RW7,6,0.8253218854282387,2,0.25,0,0.8053559
RW7,7,0.8256203114571893,2,0.25,0,0.77680016
RW7,8,0.8174379654477165,2,0.25,0,0.75477827
RW7,9,0.8035643430201168,2,0.25,0,0.7357758
RW7,10,0.7896346635150358,2,0.25,0,0.7180304
RW7,11,0.7718959267241481,2,0.25,0,0.7033782
RW7,12,0.7860019167130227,2,0.25,0,0.6908519
RW7,13,0.7507796857619143,2,0.25,0,0.67674685
RW7,14,0.7327447163515879,2,0.25,0,0.6640549
RW7,15,0.7074586345939947,2,0.25,0,0.65306294
RW7,16,0.6825198136819158,2,0.25,0,0.64360017
RW7,17,0.662699874860957,2,0.25,0,0.63420326
RW7,18,0.6262446211067287,2,0.25,0,0.6253175
RW7,19,0.6075826021968548,2,0.25,0,0.61569256
RW7,20,0.6170093927279642,2,0.25,0,0.6038044
RW7,21,0.6466135984427249,2,0.25,0,0.59137076
RW7,22,0.5740413094410772,2,0.25,0,0.5793109
RW7,23,0.5335005770298783,2,0.25,0,0.56986284
RW7,24,0.52059510567296,2,0.25,0,0.5613582
RW11,0,1.0,2,0.25,1,1.0025862
RW11,1,0.9812509775303251,2,0.25,1,0.9807435
RW11,2,0.9650137068435085,2,0.25,1,0.9555701
RW11,3,0.9351362403953054,2,0.25,1,0.93107516
RW11,4,0.90714425616019,2,0.25,1,0.9072712
RW11,5,0.8457053142903532,2,0.25,1,0.88569874
RW11,6,0.8020972922814096,2,0.25,1,0.8683163
RW11,7,0.7484325203829727,2,0.25,1,0.85348785
RW11,8,0.7189787689899965,2,0.25,1,0.8399632
RW11,9,0.6910853284576837,2,0.25,1,0.8292337
RW11,10,0.6761559111900426,2,0.25,1,0.8206341
RW11,11,0.6550657321125852,2,0.25,1,0.81377167
RW11,12,0.6425313612904104,2,0.25,1,0.80739546
RW11,13,0.6909619595729768,2,0.25,1,0.8030698
RW11,14,0.6373488207077248,2,0.25,1,0.7967912
RW11,15,0.6236460344632558,2,0.25,1,0.7908415
RW11,16,0.6096063869507001,2,0.25,1,0.78449726
RW11,17,0.6095592595614534,2,0.25,1,0.77781916
RW11,18,0.6117111890811565,2,0.25,1,0.7706738
RW11,19,0.6132328800421039,2,0.25,1,0.76255184
RW11,20,0.6177338702955617,2,0.25,1,0.75359654
RW11,21,0.6151726925016363,2,0.25,1,0.74423194
RW11,22,0.6150917110526547,2,0.25,1,0.73397285
RW11,23,0.6084443675781239,2,0.25,1,0.7230549
RW11,24,0.6108413236784053,2,0.25,1,0.7109468
RW11,25,0.604457872674917,2,0.25,1,0.6984925
RW11,26,0.6029517287743232,2,0.25,1,0.6858976
RW11,27,0.605157402435204,2,0.25,1,0.67147577
RW11,28,0.5960453588974413,2,0.25,1,0.65549123
RW11,29,0.5898473993066765,2,0.25,1,0.6397499
RW11,30,0.5639353004202469,2,0.25,1,0.623597
RW11,31,0.5833093037578585,2,0.25,1,0.60894036
RW11,32,0.5385993504613933,2,0.25,1,0.5912483
RW11,33,0.5270290981610593,2,0.25,1,0.5751534
RW11,34,0.4838174078709938,2,0.25,1,0.5585376
RW11,35,0.4668435392432821,2,0.25,1,0.5442052
RW11,36,0.4539967259442097,2,0.25,1,0.50278413
RW15,0,1.0,2,0.25,1,0.9991293
RW15,1,0.9650574510743339,2,0.25,1,0.9567884
RW15,2,0.9225952378299382,2,0.25,1,0.9098586
RW15,3,0.8654685977166434,2,0.25,1,0.870314
RW15,4,0.8331123466557073,2,0.25,1,0.8306481
RW15,5,0.7854218267547517,2,0.25,1,0.7968499
RW15,6,0.7308801736607424,2,0.25,1,0.76638865
RW15,7,0.7033432455088411,2,0.25,1,0.7383931
RW15,8,0.6798891483633692,2,0.25,1,0.7125075
RW15,9,0.6595524905078265,2,0.25,1,0.6875502
RW15,10,0.6385049022337113,2,0.25,1,0.6634528
RW15,11,0.6188055183968584,2,0.25,1,0.64113045
RW15,12,0.5978706628223552,2,0.25,1,0.6195478
RW15,13,0.564108530129482,2,0.25,1,0.59904444
RW15,14,0.5618221733421094,2,0.25,1,0.578091
RW15,15,0.5683340400975069,2,0.25,1,0.5743284
RW15,16,0.5328255192748415,2,0.25,1,0.5551494
RW15,17,0.525805629163202,2,0.25,1,0.5370645
RW15,18,0.5037113308815376,2,0.25,1,0.5205642
RW15,19,0.4878101214299047,2,0.25,1,0.5046537
RW15,20,0.4857842099501362,2,0.25,1,0.48964906
RW15,21,0.4823497951477415,2,0.25,1,0.4753183
RW15,22,0.469053235395845,2,0.25,1,0.46162707
RW15,23,0.44283042970152153,2,0.25,1,0.44844472
RW19,0,1.0,2,0.25,1,1.0006791
RW19,1,0.9396235436975541,2,0.25,1,0.93954873
RW19,2,0.9120786188350108,2,0.25,1,0.9113294
RW19,3,0.8847986908586808,2,0.25,1,0.88007474
RW19,4,0.8571370872127337,2,0.25,1,0.8480578
RW19,5,0.8354199075992986,2,0.25,1,0.81833565
RW19,6,0.8073309568665201,2,0.25,1,0.79062
RW19,7,0.7857199625811689,2,0.25,1,0.76399696
RW19,8,0.7666372214100013,2,0.25,1,0.7395979
RW19,9,0.7513987910506147,2,0.25,1,0.7139178
RW19,10,0.7203267622205394,2,0.25,1,0.69153845
RW19,11,0.7081063051935211,2,0.25,1,0.6682575
RW19,12,0.6723114265835748,2,0.25,1,0.6477378
RW19,13,0.6639607922077001,2,0.25,1,0.63166654
RW19,14,0.6507704833452281,2,0.25,1,0.6157465
RW19,15,0.6454719449243604,2,0.25,1,0.60807645
RW19,16,0.6196235547721438,2,0.25,1,0.5932333
RW19,17,0.5838720772978139,2,0.25,1,0.5824098
RW19,18,0.5755212201280766,2,0.25,1,0.57162786
RW19,19,0.5607907745146146,2,0.25,1,0.560772
RW19,20,0.5604943676173099,2,0.25,1,0.5503187
RW19,21,0.5388293035023539,2,0.25,1,0.54080486
RW19,22,0.5241299200287287,2,0.25,1,0.5314631
RW19,23,0.5173999584381129,2,0.25,1,0.522233
RW19,24,0.5070395009418225,2,0.25,1,0.5144011
RW19,25,0.5041861774066588,2,0.25,1,0.50678647
RW23,0,1.0,2,0.25,1,0.99970883
RW23,1,0.968874030176613,2,0.25,1,0.993588
RW23,2,0.93116690709189,2,0.25,1,0.950678
RW23,3,0.9041203685654416,2,0.25,1,0.9119794
RW23,4,0.8752754662299709,2,0.25,1,0.87854254
RW23,5,0.8465547714660063,2,0.25,1,0.845447
RW23,6,0.8208981506750966,2,0.25,1,0.8147774
RW23,7,0.7998940829401381,2,0.25,1,0.7864307
RW23,8,0.7892510429257036,2,0.25,1,0.7604374
RW23,9,0.7631753024809578,2,0.25,1,0.73430717
RW23,10,0.7401984489323145,2,0.25,1,0.7131975
RW27,0,1.0,2,0.25,1,1.0008476
RW27,1,0.9681570193735269,2,0.25,1,0.96280295
RW27,2,0.9437661592431005,2,0.25,1,0.93801045
RW27,3,0.9188104975387007,2,0.25,1,0.9204
RW27,4,0.899349484660793,2,0.25,1,0.90378994
RW27,5,0.8814742779331408,2,0.25,1,0.8879648
RW27,6,0.8663787550926042,2,0.25,1,0.87178284
RW27,7,0.8547311284111835,2,0.25,1,0.8557335
RW27,8,0.8431959746161813,2,0.25,1,0.8389337
RW27,9,0.8351597805140608,2,0.25,1,0.8192945
RW27,10,0.8233026207413151,2,0.25,1,0.7955868
RW27,11,0.8176967306120008,2,0.25,1,0.76888216
RW5,0,1.0,2,0.25,1,0.99210846
RW5,1,0.960825991745598,2,0.25,1,0.9718184
RW5,2,0.9266800602747612,2,0.25,1,0.9427072
RW5,3,0.9011293220077173,2,0.25,1,0.9139269
RW5,4,0.8764709808493428,2,0.25,1,0.88682497
RW5,5,0.8526426940151302,2,0.25,1,0.8618695
RW5,6,0.839370527729129,2,0.25,1,0.8366309
RW5,7,0.8159574870069374,2,0.25,1,0.81465006
RW5,8,0.8004750971060514,2,0.25,1,0.7945664
RW5,9,0.8228279206228818,2,0.25,1,0.7842314
RW5,10,0.7867656223348591,2,0.25,1,0.7603245
RW5,11,0.7661099188154834,2,0.25,1,0.73822856
RW5,12,0.7429108814178095,2,0.25,1,0.7181103
RW5,13,0.7091745980062312,2,0.25,1,0.69814956
RW5,14,0.6857713337470273,2,0.25,1,0.6784543
RW5,15,0.6672427863976763,2,0.25,1,0.6582409
RW5,16,0.6687356247963866,2,0.25,1,0.63833106
RW5,17,0.636480784151189,2,0.25,1,0.6230438
RW5,18,0.6183718679139446,2,0.25,1,0.6048558
RW5,19,0.5752173546693329,2,0.25,1,0.58590615
RW5,20,0.5747937898766532,2,0.25,1,0.5821394
RW7,0,1.0,2,0.25,1,0.98378897
RW7,1,0.9737384788654111,2,0.25,1,0.96021974
RW7,2,0.9447337319243664,2,0.25,1,0.9352937
RW7,3,0.9146274603726349,2,0.25,1,0.90980625
RW7,4,0.8871149443826014,2,0.25,1,0.88380706
RW7,5,0.8607953281423645,2,0.25,1,0.85505384
RW7,6,0.8253218854282387,2,0.25,1,0.828256
RW7,7,0.8256203114571893,2,0.25,1,0.80142057
RW7,8,0.8174379654477165,2,0.25,1,0.7783768
RW7,9,0.8035643430201168,2,0.25,1,0.7565075
RW7,10,0.7896346635150358,2,0.25,1,0.73529136
RW7,11,0.7718959267241481,2,0.25,1,0.71747905
RW7,12,0.7860019167130227,2,0.25,1,0.7013955
RW7,13,0.7507796857619143,2,0.25,1,0.6834306
RW7,14,0.7327447163515879,2,0.25,1,0.6673252
RW7,15,0.7074586345939947,2,0.25,1,0.65305614
RW7,16,0.6825198136819158,2,0.25,1,0.64097494
RW7,17,0.662699874860957,2,0.25,1,0.6286676
RW7,18,0.6262446211067287,2,0.25,1,0.6168245
RW7,19,0.6075826021968548,2,0.25,1,0.60395145
RW7,20,0.6170093927279642,2,0.25,1,0.5882989
RW7,21,0.6466135984427249,2,0.25,1,0.57021916
RW7,22,0.5740413094410772,2,0.25,1,0.5528519
RW7,23,0.5335005770298783,2,0.25,1,0.5366968
RW7,24,0.52059510567296,2,0.25,1,0.52099127
RW11,0,1.0,2,0.25,2,1.0045571
RW11,1,0.9812509775303251,2,0.25,2,0.97508776
RW11,2,0.9650137068435085,2,0.25,2,0.94809306
RW11,3,0.9351362403953054,2,0.25,2,0.9239297
RW11,4,0.90714425616019,2,0.25,2,0.90299517
RW11,5,0.8457053142903532,2,0.25,2,0.8847529
RW11,6,0.8020972922814096,2,0.25,2,0.87030184
RW11,7,0.7484325203829727,2,0.25,2,0.85778046
RW11,8,0.7189787689899965,2,0.25,2,0.846084
RW11,9,0.6910853284576837,2,0.25,2,0.8363733
RW11,10,0.6761559111900426,2,0.25,2,0.82795084
RW11,11,0.6550657321125852,2,0.25,2,0.82091403
RW11,12,0.6425313612904104,2,0.25,2,0.8140341
RW11,13,0.6909619595729768,2,0.25,2,0.80820304
RW11,14,0.6373488207077248,2,0.25,2,0.8012101
RW11,15,0.6236460344632558,2,0.25,2,0.79471177
RW11,16,0.6096063869507001,2,0.25,2,0.7878107
RW11,17,0.6095592595614534,2,0.25,2,0.78077376
RW11,18,0.6117111890811565,2,0.25,2,0.773295
RW11,19,0.6132328800421039,2,0.25,2,0.7653277
RW11,20,0.6177338702955617,2,0.25,2,0.7567765
RW11,21,0.6151726925016363,2,0.25,2,0.74797153
RW11,22,0.6150917110526547,2,0.25,2,0.73834693
RW11,23,0.6084443675781239,2,0.25,2,0.7281886
RW11,24,0.6108413236784053,2,0.25,2,0.71682847
RW11,25,0.604457872674917,2,0.25,2,0.7051884
RW11,26,0.6029517287743232,2,0.25,2,0.69344234
RW11,27,0.605157402435204,2,0.25,2,0.67957234
RW11,28,0.5960453588974413,2,0.25,2,0.6643287
RW11,29,0.5898473993066765,2,0.25,2,0.6489352
RW11,30,0.5639353004202469,2,0.25,2,0.6333097
RW11,31,0.5833093037578585,2,0.25,2,0.61958814
RW11,32,0.5385993504613933,2,0.25,2,0.6021238
RW11,33,0.5270290981610593,2,0.25,2,0.5858118
RW11,34,0.4838174078709938,2,0.25,2,0.569663
RW11,35,0.4668435392432821,2,0.25,2,0.5552153
RW11,36,0.4539967259442097,2,0.25,2,0.5136086
RW15,0,1.0,2,0.25,2,1.0028191
RW15,1,0.9650574510743339,2,0.25,2,0.95656055
RW15,2,0.9225952378299382,2,0.25,2,0.91071767
RW15,3,0.8654685977166434,2,0.25,2,0.874455
RW15,4,0.8331123466557073,2,0.25,2,0.83927155
RW15,5,0.7854218267547517,2,0.25,2,0.8084667
RW15,6,0.7308801736607424,2,0.25,2,0.7787018
RW15,7,0.7033432455088411,2,0.25,2,0.7495358
RW15,8,0.6798891483633692,2,0.25,2,0.72130084
RW15,9,0.6595524905078265,2,0.25,2,0.69313085
RW15,10,0.6385049022337113,2,0.25,2,0.6654287
RW15,11,0.6188055183968584,2,0.25,2,0.6394777
RW15,12,0.5978706628223552,2,0.25,2,0.61465466
RW15,13,0.564108530129482,2,0.25,2,0.5921648
RW15,14,0.5618221733421094,2,0.25,2,0.5696524
RW15,15,0.5683340400975069,2,0.25,2,0.5656909
RW15,16,0.5328255192748415,2,0.25,2,0.54659593
RW15,17,0.525805629163202,2,0.25,2,0.52885324
RW15,18,0.5037113308815376,2,0.25,2,0.5141684
RW15,19,0.4878101214299047,2,0.25,2,0.50110173
RW15,20,0.4857842099501362,2,0.25,2,0.48933905
RW15,21,0.4823497951477415,2,0.25,2,0.4784125
RW15,22,0.469053235395845,2,0.25,2,0.46876
RW15,23,0.44283042970152153,2,0.25,2,0.46090913
RW19,0,1.0,2,0.25,2,1.0034424
RW19,1,0.9396235436975541,2,0.25,2,0.998176
RW19,2,0.9120786188350108,2,0.25,2,0.9427098
RW19,3,0.8847986908586808,2,0.25,2,0.89943385
RW19,4,0.8571370872127337,2,0.25,2,0.85863423
RW19,5,0.8354199075992986,2,0.25,2,0.8226713
RW19,6,0.8073309568665201,2,0.25,2,0.7920099
RW19,7,0.7857199625811689,2,0.25,2,0.7634899
RW19,8,0.7666372214100013,2,0.25,2,0.7379197
RW19,9,0.7513987910506147,2,0.25,2,0.7111966
RW19,10,0.7203267622205394,2,0.25,2,0.6886101
RW19,11,0.7081063051935211,2,0.25,2,0.6652814
RW19,12,0.6723114265835748,2,0.25,2,0.64502895
RW19,13,0.6639607922077001,2,0.25,2,0.6296664
RW19,14,0.6507704833452281,2,0.25,2,0.6143907
RW19,15,0.6454719449243604,2,0.25,2,0.60707957
RW19,16,0.6196235547721438,2,0.25,2,0.59314096
RW19,17,0.5838720772978139,2,0.25,2,0.58368903
RW19,18,0.5755212201280766,2,0.25,2,0.57427466
RW19,19,0.5607907745146146,2,0.25,2,0.5649024
RW19,20,0.5604943676173099,2,0.25,2,0.5560442
RW19,21,0.5388293035023539,2,0.25,2,0.5485214
RW19,22,0.5241299200287287,2,0.25,2,0.54151046
RW19,23,0.5173999584381129,2,0.25,2,0.5347636
RW19,24,0.5070395009418225,2,0.25,2,0.5295611
RW19,25,0.5041861774066588,2,0.25,2,0.52469784
RW23,0,1.0,2,0.25,2,0.99586606
RW23,1,0.968874030176613,2,0.25,2,0.99889994
RW23,2,0.93116690709189,2,0.25,2,0.94645685
RW23,3,0.9041203685654416,2,0.25,2,0.90168107
RW23,4,0.8752754662299709,2,0.25,2,0.8664347
RW23,5,0.8465547714660063,2,0.25,2,0.83388203
RW23,6,0.8208981506750966,2,0.25,2,0.80612063
RW23,7,0.7998940829401381,2,0.25,2,0.7827174
RW23,8,0.7892510429257036,2,0.25,2,0.76298934
RW23,9,0.7631753024809578,2,0.25,2,0.74472374
RW23,10,0.7401984489323145,2,0.25,2,0.7314991
RW27,0,1.0,2,0.25,2,0.996815
RW27,1,0.9681570193735269,2,0.25,2,0.96818787
RW27,2,0.9437661592431005,2,0.25,2,0.93751365
RW27,3,0.9188104975387007,2,0.25,2,0.9130368
RW27,4,0.899349484660793,2,0.25,2,0.8906054
RW27,5,0.8814742779331408,2,0.25,2,0.8698616
RW27,6,0.8663787550926042,2,0.25,2,0.8499083
RW27,7,0.8547311284111835,2,0.25,2,0.8320527
RW27,8,0.8431959746161813,2,0.25,2,0.81561095
RW27,9,0.8351597805140608,2,0.25,2,0.7989901
RW27,10,0.8233026207413151,2,0.25,2,0.7813628
RW27,11,0.8176967306120008,2,0.25,2,0.7637439
RW5,0,1.0,2,0.25,2,0.99443275
RW5,1,0.960825991745598,2,0.25,2,0.9675295
RW5,2,0.9266800602747612,2,0.25,2,0.9373004
RW5,3,0.9011293220077173,2,0.25,2,0.90895456
RW5,4,0.8764709808493428,2,0.25,2,0.88464886
RW5,5,0.8526426940151302,2,0.25,2,0.8623574
RW5,6,0.839370527729129,2,0.25,2,0.83997095
RW5,7,0.8159574870069374,2,0.25,2,0.8201201
RW5,8,0.8004750971060514,2,0.25,2,0.8015163
RW5,9,0.8228279206228818,2,0.25,2,0.7916044
RW5,10,0.7867656223348591,2,0.25,2,0.76813644
RW5,11,0.7661099188154834,2,0.25,2,0.74521786
RW5,12,0.7429108814178095,2,0.25,2,0.72357243
RW5,13,0.7091745980062312,2,0.25,2,0.7016594
RW5,14,0.6857713337470273,2,0.25,2,0.67988783
RW5,15,0.6672427863976763,2,0.25,2,0.6579426
RW5,16,0.6687356247963866,2,0.25,2,0.63636726
RW5,17,0.636480784151189,2,0.25,2,0.62018293
RW5,18,0.6183718679139446,2,0.25,2,0.60107577
RW5,19,0.5752173546693329,2,0.25,2,0.5828544
RW5,20,0.5747937898766532,2,0.25,2,0.57845736
RW7,0,1.0,2,0.25,2,0.98106945
RW7,1,0.9737384788654111,2,0.25,2,0.9723539
RW7,2,0.9447337319243664,2,0.25,2,0.9446015
RW7,3,0.9146274603726349,2,0.25,2,0.91805315
RW7,4,0.8871149443826014,2,0.25,2,0.89248693
RW7,5,0.8607953281423645,2,0.25,2,0.8643161
RW7,6,0.8253218854282387,2,0.25,2,0.8387551
RW7,7,0.8256203114571893,2,0.25,2,0.81319034
RW7,8,0.8174379654477165,2,0.25,2,0.7908797
RW7,9,0.8035643430201168,2,0.25,2,0.7698998
RW7,10,0.7896346635150358,2,0.25,2,0.74933016
RW7,11,0.7718959267241481,2,0.25,2,0.73191303
RW7,12,0.7860019167130227,2,0.25,2,0.71764886
RW7,13,0.7507796857619143,2,0.25,2,0.70025223
RW7,14,0.7327447163515879,2,0.25,2,0.6840818
RW7,15,0.7074586345939947,2,0.25,2,0.6694183
RW7,16,0.6825198136819158,2,0.25,2,0.6565626
RW7,17,0.662699874860957,2,0.25,2,0.6432378
RW7,18,0.6262446211067287,2,0.25,2,0.63045216
RW7,19,0.6075826021968548,2,0.25,2,0.6166273
RW7,20,0.6170093927279642,2,0.25,2,0.60050815
RW7,21,0.6466135984427249,2,0.25,2,0.58322126
RW7,22,0.5740413094410772,2,0.25,2,0.5662537
RW7,23,0.5335005770298783,2,0.25,2,0.5503248
RW7,24,0.52059510567296,2,0.25,2,0.5351333
RW11,0,1.0,2,0.25,3,0.9913527
RW11,1,0.9812509775303251,2,0.25,3,0.9813114
RW11,2,0.9650137068435085,2,0.25,3,0.9536194
RW11,3,0.9351362403953054,2,0.25,3,0.928134
RW11,4,0.90714425616019,2,0.25,3,0.90654397
RW11,5,0.8457053142903532,2,0.25,3,0.8877931
RW11,6,0.8020972922814096,2,0.25,3,0.87298465
RW11,7,0.7484325203829727,2,0.25,3,0.8604264
RW11,8,0.7189787689899965,2,0.25,3,0.84892535
RW11,9,0.6910853284576837,2,0.25,3,0.8391818
RW11,10,0.6761559111900426,2,0.25,3,0.8306938
RW11,11,0.6550657321125852,2,0.25,3,0.82327354
RW11,12,0.6425313612904104,2,0.25,3,0.81619066
RW11,13,0.6909619595729768,2,0.25,3,0.80117357
RW11,14,0.6373488207077248,2,0.25,3,0.7933129
RW11,15,0.6236460344632558,2,0.25,3,0.7861354
RW11,16,0.6096063869507001,2,0.25,3,0.77850515
RW11,17,0.6095592595614534,2,0.25,3,0.7707041
RW11,18,0.6117111890811565,2,0.25,3,0.7624414
RW11,19,0.6132328800421039,2,0.25,3,0.7535815
RW11,20,0.6177338702955617,2,0.25,3,0.744015
RW11,21,0.6151726925016363,2,0.25,3,0.7343172
RW11,22,0.6150917110526547,2,0.25,3,0.72389853
RW11,23,0.6084443675781239,2,0.25,3,0.7132039
RW11,24,0.6108413236784053,2,0.25,3,0.7016002
RW11,25,0.604457872674917,2,0.25,3,0.6899326
RW11,26,0.6029517287743232,2,0.25,3,0.67822886
RW11,27,0.605157402435204,2,0.25,3,0.66553664
RW11,28,0.5960453588974413,2,0.25,3,0.6515863
RW11,29,0.5898473993066765,2,0.25,3,0.638155
RW11,30,0.5639353004202469,2,0.25,3,0.624265
RW11,31,0.5833093037578585,2,0.25,3,0.61132646
RW11,32,0.5385993504613933,2,0.25,3,0.5968298
RW11,33,0.5270290981610593,2,0.25,3,0.58338743
RW11,34,0.4838174078709938,2,0.25,3,0.5696647
RW11,35,0.4668435392432821,2,0.25,3,0.5574666
RW11,36,0.4539967259442097,2,0.25,3,0.52249503
RW15,0,1.0,2,0.25,3,0.9910577
RW15,1,0.9650574510743339,2,0.25,3,0.9513775
RW15,2,0.9225952378299382,2,0.25,3,0.906486
RW15,3,0.8654685977166434,2,0.25,3,0.8710652
RW15,4,0.8331123466557073,2,0.25,3,0.83606935
RW15,5,0.7854218267547517,2,0.25,3,0.80547404
RW15,6,0.7308801736607424,2,0.25,3,0.7761003
RW15,7,0.7033432455088411,2,0.25,3,0.74709654
RW15,8,0.6798891483633692,2,0.25,3,0.7190336
RW15,9,0.6595524905078265,2,0.25,3,0.6915308
RW15,10,0.6385049022337113,2,0.25,3,0.66486406
RW15,11,0.6188055183968584,2,0.25,3,0.6403365
RW15,12,0.5978706628223552,2,0.25,3,0.61693144
RW15,13,0.564108530129482,2,0.25,3,0.5951667
RW15,14,0.5618221733421094,2,0.25,3,0.57338834
RW15,15,0.5683340400975069,2,0.25,3,0.5695678
RW15,16,0.5328255192748415,2,0.25,3,0.5502448
RW15,17,0.525805629163202,2,0.25,3,0.53220713
RW15,18,0.5037113308815376,2,0.25,3,0.5161525
RW15,19,0.4878101214299047,2,0.25,3,0.5008836
RW15,20,0.4857842099501362,2,0.25,3,0.4865386
RW15,21,0.4823497951477415,2,0.25,3,0.47275543
RW15,22,0.469053235395845,2,0.25,3,0.45959544
RW15,23,0.44283042970152153,2,0.25,3,0.44717115
RW19,0,1.0,2,0.25,3,0.992605
RW19,1,0.9396235436975541,2,0.25,3,0.94145006
RW19,2,0.9120786188350108,2,0.25,3,0.9167398
RW19,3,0.8847986908586808,2,0.25,3,0.8864654
RW19,4,0.8571370872127337,2,0.25,3,0.8508854
RW19,5,0.8354199075992986,2,0.25,3,0.8160238
RW19,6,0.8073309568665201,2,0.25,3,0.7834586
RW19,7,0.7857199625811689,2,0.25,3,0.75362515
RW19,8,0.7666372214100013,2,0.25,3,0.7285162
RW19,9,0.7513987910506147,2,0.25,3,0.7040002
RW19,10,0.7203267622205394,2,0.25,3,0.68399334
RW19,11,0.7081063051935211,2,0.25,3,0.66385865
RW19,12,0.6723114265835748,2,0.25,3,0.64668584
RW19,13,0.6639607922077001,2,0.25,3,0.633765
RW19,14,0.6507704833452281,2,0.25,3,0.6200452
RW19,15,0.6454719449243604,2,0.25,3,0.6131405
RW19,16,0.6196235547721438,2,0.25,3,0.59910834
RW19,17,0.5838720772978139,2,0.25,3,0.5883521
RW19,18,0.5755212201280766,2,0.25,3,0.5767473
RW19,19,0.5607907745146146,2,0.25,3,0.56432253
RW19,20,0.5604943676173099,2,0.25,3,0.55171454
RW19,21,0.5388293035023539,2,0.25,3,0.5394645
RW19,22,0.5241299200287287,2,0.25,3,0.5267545
RW19,23,0.5173999584381129,2,0.25,3,0.51370513
RW19,24,0.5070395009418225,2,0.25,3,0.50185275
RW19,25,0.5041861774066588,2,0.25,3,0.48993826
RW23,0,1.0,2,0.25,3,0.9947892
RW23,1,0.968874030176613,2,0.25,3,1.0064833
RW23,2,0.93116690709189,2,0.25,3,0.9646406
RW23,3,0.9041203685654416,2,0.25,3,0.92798245
RW23,4,0.8752754662299709,2,0.25,3,0.89483476
RW23,5,0.8465547714660063,2,0.25,3,0.8624692
RW23,6,0.8208981506750966,2,0.25,3,0.8315097
RW23,7,0.7998940829401381,2,0.25,3,0.8012711
RW23,8,0.7892510429257036,2,0.25,3,0.7718978
RW23,9,0.7631753024809578,2,0.25,3,0.74106866
RW23,10,0.7401984489323145,2,0.25,3,0.71366274
RW27,0,1.0,2,0.25,3,0.99728125
RW27,1,0.9681570193735269,2,0.25,3,0.9711901
RW27,2,0.9437661592431005,2,0.25,3,0.94843286
RW27,3,0.9188104975387007,2,0.25,3,0.93089926
RW27,4,0.899349484660793,2,0.25,3,0.9131736
RW27,5,0.8814742779331408,2,0.25,3,0.895088
RW27,6,0.8663787550926042,2,0.25,3,0.8760832
RW27,7,0.8547311284111835,2,0.25,3,0.85738397
RW27,8,0.8431959746161813,2,0.25,3,0.83876175
RW27,9,0.8351597805140608,2,0.25,3,0.81848216
RW27,10,0.8233026207413151,2,0.25,3,0.7962049
RW27,11,0.8176967306120008,2,0.25,3,0.7732754
RW5,0,1.0,2,0.25,3,0.9812016
RW5,1,0.960825991745598,2,0.25,3,0.96765125
RW5,2,0.9266800602747612,2,0.25,3,0.9374686
RW5,3,0.9011293220077173,2,0.25,3,0.9088055
RW5,4,0.8764709808493428,2,0.25,3,0.884829
RW5,5,0.8526426940151302,2,0.25,3,0.8621053
RW5,6,0.839370527729129,2,0.25,3,0.83917284
RW5,7,0.8159574870069374,2,0.25,3,0.8181713
RW5,8,0.8004750971060514,2,0.25,3,0.79845154
RW5,9,0.8228279206228818,2,0.25,3,0.7878585
RW5,10,0.7867656223348591,2,0.25,3,0.76269615
RW5,11,0.7661099188154834,2,0.25,3,0.73832583
RW5,12,0.7429108814178095,2,0.25,3,0.7153505
RW5,13,0.7091745980062312,2,0.25,3,0.6921444
RW5,14,0.6857713337470273,2,0.25,3,0.66971743
RW5,15,0.6672427863976763,2,0.25,3,0.6473892
RW5,16,0.6687356247963866,2,0.25,3,0.62664926
RW5,17,0.636480784151189,2,0.25,3,0.6115076
RW5,18,0.6183718679139446,2,0.25,3,0.5938947
RW5,19,0.5752173546693329,2,0.25,3,0.57616556
RW5,20,0.5747937898766532,2,0.25,3,0.5724987
RW7,0,1.0,2,0.25,3,0.99972016
RW7,1,0.9737384788654111,2,0.25,3,0.9518054
RW7,2,0.9447337319243664,2,0.25,3,0.924806
RW7,3,0.9146274603726349,2,0.25,3,0.89921194
RW7,4,0.8871149443826014,2,0.25,3,0.8732919
RW7,5,0.8607953281423645,2,0.25,3,0.84275144
RW7,6,0.8253218854282387,2,0.25,3,0.8098634
RW7,7,0.8256203114571893,2,0.25,3,0.7795352
RW7,8,0.8174379654477165,2,0.25,3,0.7552874
RW7,9,0.8035643430201168,2,0.25,3,0.73330766
RW7,10,0.7896346635150358,2,0.25,3,0.71217763
RW7,11,0.7718959267241481,2,0.25,3,0.6946902
RW7,12,0.7860019167130227,2,0.25,3,0.6760576
RW7,13,0.7507796857619143,2,0.25,3,0.65674627
RW7,14,0.7327447163515879,2,0.25,3,0.63873327
RW7,15,0.7074586345939947,2,0.25,3,0.62322676
RW7,16,0.6825198136819158,2,0.25,3,0.6104703
RW7,17,0.662699874860957,2,0.25,3,0.5982803
RW7,18,0.6262446211067287,2,0.25,3,0.58713734
RW7,19,0.6075826021968548,2,0.25,3,0.5750874
RW7,20,0.6170093927279642,2,0.25,3,0.55958474
RW7,21,0.6466135984427249,2,0.25,3,0.54276353
RW7,22,0.5740413094410772,2,0.25,3,0.52667177
RW7,23,0.5335005770298783,2,0.25,3,0.514331
RW7,24,0.52059510567296,2,0.25,3,0.5026078
RW11,0,1.0,2,0.25,4,1.0008398
RW11,1,0.9812509775303251,2,0.25,4,0.9964975
RW11,2,0.9650137068435085,2,0.25,4,0.9669725
RW11,3,0.9351362403953054,2,0.25,4,0.9420913
RW11,4,0.90714425616019,2,0.25,4,0.91986233
RW11,5,0.8457053142903532,2,0.25,4,0.8988195
RW11,6,0.8020972922814096,2,0.25,4,0.8820188
RW11,7,0.7484325203829727,2,0.25,4,0.8674389
RW11,8,0.7189787689899965,2,0.25,4,0.85302615
RW11,9,0.6910853284576837,2,0.25,4,0.8405019
RW11,10,0.6761559111900426,2,0.25,4,0.8297334
RW11,11,0.6550657321125852,2,0.25,4,0.82019866
RW11,12,0.6425313612904104,2,0.25,4,0.8109832
RW11,13,0.6909619595729768,2,0.25,4,0.7985511
RW11,14,0.6373488207077248,2,0.25,4,0.7892201
RW11,15,0.6236460344632558,2,0.25,4,0.7808035
RW11,16,0.6096063869507001,2,0.25,4,0.7723206
RW11,17,0.6095592595614534,2,0.25,4,0.76386625
RW11,18,0.6117111890811565,2,0.25,4,0.75533694
RW11,19,0.6132328800421039,2,0.25,4,0.7460078
RW11,20,0.6177338702955617,2,0.25,4,0.7360924
RW11,21,0.6151726925016363,2,0.25,4,0.7261796
RW11,22,0.6150917110526547,2,0.25,4,0.71588856
RW11,23,0.6084443675781239,2,0.25,4,0.70518273
RW11,24,0.6108413236784053,2,0.25,4,0.6940244
RW11,25,0.604457872674917,2,0.25,4,0.6826143
RW11,26,0.6029517287743232,2,0.25,4,0.67136097
RW11,27,0.605157402435204,2,0.25,4,0.6598201
RW11,28,0.5960453588974413,2,0.25,4,0.6470692
RW11,29,0.5898473993066765,2,0.25,4,0.6355303
RW11,30,0.5639353004202469,2,0.25,4,0.6232471
RW11,31,0.5833093037578585,2,0.25,4,0.61403406
RW11,32,0.5385993504613933,2,0.25,4,0.60155547
RW11,33,0.5270290981610593,2,0.25,4,0.5903326
RW11,34,0.4838174078709938,2,0.25,4,0.5775744
RW11,35,0.4668435392432821,2,0.25,4,0.5666532
RW11,36,0.4539967259442097,2,0.25,4,0.534113
RW15,0,1.0,2,0.25,4,0.99937654
RW15,1,0.9650574510743339,2,0.25,4,0.94717395
RW15,2,0.9225952378299382,2,0.25,4,0.9048492
RW15,3,0.8654685977166434,2,0.25,4,0.8679081
RW15,4,0.8331123466557073,2,0.25,4,0.83297646
RW15,5,0.7854218267547517,2,0.25,4,0.80256784
RW15,6,0.7308801736607424,2,0.25,4,0.7722396
RW15,7,0.7033432455088411,2,0.25,4,0.74174285
RW15,8,0.6798891483633692,2,0.25,4,0.71204805
RW15,9,0.6595524905078265,2,0.25,4,0.6830992
RW15,10,0.6385049022337113,2,0.25,4,0.65568954
RW15,11,0.6188055183968584,2,0.25,4,0.63061357
RW15,12,0.5978706628223552,2,0.25,4,0.60712326
RW15,13,0.564108530129482,2,0.25,4,0.58500725
RW15,14,0.5618221733421094,2,0.25,4,0.5643517
RW15,15,0.5683340400975069,2,0.25,4,0.5609705
RW15,16,0.5328255192748415,2,0.25,4,0.5433214
RW15,17,0.525805629163202,2,0.25,4,0.5275566
RW15,18,0.5037113308815376,2,0.25,4,0.5137902
RW15,19,0.4878101214299047,2,0.25,4,0.50139475
RW15,20,0.4857842099501362,2,0.25,4,0.49038053
RW15,21,0.4823497951477415,2,0.25,4,0.48092872
RW15,22,0.469053235395845,2,0.25,4,0.47229195
RW15,23,0.44283042970152153,2,0.25,4,0.46440184
RW19,0,1.0,2,0.25,4,1.0003563
RW19,1,0.9396235436975541,2,0.25,4,0.9381531
RW19,2,0.9120786188350108,2,0.25,4,0.9183759
RW19,3,0.8847986908586808,2,0.25,4,0.8895584
RW19,4,0.8571370872127337,2,0.25,4,0.8557539
RW19,5,0.8354199075992986,2,0.25,4,0.8229834
RW19,6,0.8073309568665201,2,0.25,4,0.79336274
RW19,7,0.7857199625811689,2,0.25,4,0.7653906
RW19,8,0.7666372214100013,2,0.25,4,0.7404604
RW19,9,0.7513987910506147,2,0.25,4,0.7148031
RW19,10,0.7203267622205394,2,0.25,4,0.69305795
RW19,11,0.7081063051935211,2,0.25,4,0.670774
RW19,12,0.6723114265835748,2,0.25,4,0.6514494
RW19,13,0.6639607922077001,2,0.25,4,0.6363202
RW19,14,0.6507704833452281,2,0.25,4,0.62112576
RW19,15,0.6454719449243604,2,0.25,4,0.61382353
RW19,16,0.6196235547721438,2,0.25,4,0.59970117
RW19,17,0.5838720772978139,2,0.25,4,0.58933675
RW19,18,0.5755212201280766,2,0.25,4,0.5790402
RW19,19,0.5607907745146146,2,0.25,4,0.5687373
RW19,20,0.5604943676173099,2,0.25,4,0.5590419
RW19,21,0.5388293035023539,2,0.25,4,0.5504155
RW19,22,0.5241299200287287,2,0.25,4,0.5421491
RW19,23,0.5173999584381129,2,0.25,4,0.5342458
RW19,24,0.5070395009418225,2,0.25,4,0.5276137
RW19,25,0.5041861774066588,2,0.25,4,0.52132386
RW23,0,1.0,2,0.25,4,1.0001559
RW23,1,0.968874030176613,2,0.25,4,0.9844807
RW23,2,0.93116690709189,2,0.25,4,0.94949615
RW23,3,0.9041203685654416,2,0.25,4,0.9173597
RW23,4,0.8752754662299709,2,0.25,4,0.8864406
RW23,5,0.8465547714660063,2,0.25,4,0.85381246
RW23,6,0.8208981506750966,2,0.25,4,0.8203337
RW23,7,0.7998940829401381,2,0.25,4,0.7864952
RW23,8,0.7892510429257036,2,0.25,4,0.75262237
RW23,9,0.7631753024809578,2,0.25,4,0.7161974
RW23,10,0.7401984489323145,2,0.25,4,0.68456495
RW27,0,1.0,2,0.25,4,1.0002328
RW27,1,0.9681570193735269,2,0.25,4,0.9747697
RW27,2,0.9437661592431005,2,0.25,4,0.94619757
RW27,3,0.9188104975387007,2,0.25,4,0.92433107
RW27,4,0.899349484660793,2,0.25,4,0.903478
RW27,5,0.8814742779331408,2,0.25,4,0.88311106
RW27,6,0.8663787550926042,2,0.25,4,0.8623899
RW27,7,0.8547311284111835,2,0.25,4,0.84344983
RW27,8,0.8431959746161813,2,0.25,4,0.82570755
RW27,9,0.8351597805140608,2,0.25,4,0.8068855
RW27,10,0.8233026207413151,2,0.25,4,0.785957
RW27,11,0.8176967306120008,2,0.25,4,0.7649635
RW5,0,1.0,2,0.25,4,0.9928073
RW5,1,0.960825991745598,2,0.25,4,0.9755058
RW5,2,0.9266800602747612,2,0.25,4,0.9430918
RW5,3,0.9011293220077173,2,0.25,4,0.9122385
RW5,4,0.8764709808493428,2,0.25,4,0.88646406
RW5,5,0.8526426940151302,2,0.25,4,0.8625111
RW5,6,0.839370527729129,2,0.25,4,0.8375685
RW5,7,0.8159574870069374,2,0.25,4,0.8152141
RW5,8,0.8004750971060514,2,0.25,4,0.7943078
RW5,9,0.8228279206228818,2,0.25,4,0.7834766
RW5,10,0.7867656223348591,2,0.25,4,0.757377
RW5,11,0.7661099188154834,2,0.25,4,0.7321892
RW5,12,0.7429108814178095,2,0.25,4,0.70922226
RW5,13,0.7091745980062312,2,0.25,4,0.68638784
RW5,14,0.6857713337470273,2,0.25,4,0.664995
RW5,15,0.6672427863976763,2,0.25,4,0.64398736
RW5,16,0.6687356247963866,2,0.25,4,0.6275069
RW5,17,0.636480784151189,2,0.25,4,0.61656535
RW5,18,0.6183718679139446,2,0.25,4,0.6044677
RW5,19,0.5752173546693329,2,0.25,4,0.59230417
RW5,20,0.5747937898766532,2,0.25,4,0.5903762
RW7,0,1.0,2,0.25,4,1.0014046
RW7,1,0.9737384788654111,2,0.25,4,0.9398487
RW7,2,0.9447337319243664,2,0.25,4,0.91439927
RW7,3,0.9146274603726349,2,0.25,4,0.8914113
RW7,4,0.8871149443826014,2,0.25,4,0.8684386
RW7,5,0.8607953281423645,2,0.25,4,0.8416227
RW7,6,0.8253218854282387,2,0.25,4,0.8130288
RW7,7,0.8256203114571893,2,0.25,4,0.78594035
RW7,8,0.8174379654477165,2,0.25,4,0.76367134
RW7,9,0.8035643430201168,2,0.25,4,0.74321955
RW7,10,0.7896346635150358,2,0.25,4,0.7232178
RW7,11,0.7718959267241481,2,0.25,4,0.7060286
RW7,12,0.7860019167130227,2,0.25,4,0.69081527
RW7,13,0.7507796857619143,2,0.25,4,0.6731419
RW7,14,0.7327447163515879,2,0.25,4,0.6569236
RW7,15,0.7074586345939947,2,0.25,4,0.6426022
RW7,16,0.6825198136819158,2,0.25,4,0.63069916
RW7,17,0.662699874860957,2,0.25,4,0.6190925
RW7,18,0.6262446211067287,2,0.25,4,0.6085316
RW7,19,0.6075826021968548,2,0.25,4,0.59691125
RW7,20,0.6170093927279642,2,0.25,4,0.58217734
RW7,21,0.6466135984427249,2,0.25,4,0.56687814
RW7,22,0.5740413094410772,2,0.25,4,0.5510589
RW7,23,0.5335005770298783,2,0.25,4,0.5384652
RW7,24,0.52059510567296,2,0.25,4,0.52676165
RW11,0,1.0,2,0.1,0,1.006801
RW11,1,0.9812509775303251,2,0.1,0,1.003065
RW11,2,0.9650137068435085,2,0.1,0,0.96517503
RW11,3,0.9351362403953054,2,0.1,0,0.93328476
RW11,4,0.90714425616019,2,0.1,0,0.9070297
RW11,5,0.8457053142903532,2,0.1,0,0.88379353
RW11,6,0.8020972922814096,2,0.1,0,0.8675643
RW11,7,0.7484325203829727,2,0.1,0,0.85406387
RW11,8,0.7189787689899965,2,0.1,0,0.8412186
RW11,9,0.6910853284576837,2,0.1,0,0.8306896
RW11,10,0.6761559111900426,2,0.1,0,0.8220141
RW11,11,0.6550657321125852,2,0.1,0,0.8143997
RW11,12,0.6425313612904104,2,0.1,0,0.80688894
RW11,13,0.6909619595729768,2,0.1,0,0.7983535
RW11,14,0.6373488207077248,2,0.1,0,0.7901058
RW11,15,0.6236460344632558,2,0.1,0,0.78237146
RW11,16,0.6096063869507001,2,0.1,0,0.7743683
RW11,17,0.6095592595614534,2,0.1,0,0.7661855
RW11,18,0.6117111890811565,2,0.1,0,0.75773203
RW11,19,0.6132328800421039,2,0.1,0,0.74838483
RW11,20,0.6177338702955617,2,0.1,0,0.73843455
RW11,21,0.6151726925016363,2,0.1,0,0.7284056
RW11,22,0.6150917110526547,2,0.1,0,0.7177793
RW11,23,0.6084443675781239,2,0.1,0,0.7067447
RW11,24,0.6108413236784053,2,0.1,0,0.69480217
RW11,25,0.604457872674917,2,0.1,0,0.6826979
RW11,26,0.6029517287743232,2,0.1,0,0.6706866
RW11,27,0.605157402435204,2,0.1,0,0.6568681
RW11,28,0.5960453588974413,2,0.1,0,0.6417076
RW11,29,0.5898473993066765,2,0.1,0,0.62665176
RW11,30,0.5639353004202469,2,0.1,0,0.61144465
RW11,31,0.5833093037578585,2,0.1,0,0.59988993
RW11,32,0.5385993504613933,2,0.1,0,0.58317566
RW11,33,0.5270290981610593,2,0.1,0,0.567873
RW11,34,0.4838174078709938,2,0.1,0,0.5525038
RW11,35,0.4668435392432821,2,0.1,0,0.53929776
RW11,36,0.4539967259442097,2,0.1,0,0.5020498
RW15,0,1.0,2,0.1,0,1.006705
RW15,1,0.9650574510743339,2,0.1,0,0.9521558
RW15,2,0.9225952378299382,2,0.1,0,0.906895
RW15,3,0.8654685977166434,2,0.1,0,0.86392814
RW15,4,0.8331123466557073,2,0.1,0,0.82588476
RW15,5,0.7854218267547517,2,0.1,0,0.7945711
RW15,6,0.7308801736607424,2,0.1,0,0.76570153
RW15,7,0.7033432455088411,2,0.1,0,0.73873186
RW15,8,0.6798891483633692,2,0.1,0,0.7130268
RW15,9,0.6595524905078265,2,0.1,0,0.6876147
RW15,10,0.6385049022337113,2,0.1,0,0.6616966
RW15,11,0.6188055183968584,2,0.1,0,0.6383821
RW15,12,0.5978706628223552,2,0.1,0,0.6159899
RW15,13,0.564108530129482,2,0.1,0,0.59518194
RW15,14,0.5618221733421094,2,0.1,0,0.57528293
RW15,15,0.5683340400975069,2,0.1,0,0.57183075
RW15,16,0.5328255192748415,2,0.1,0,0.5549453
RW15,17,0.525805629163202,2,0.1,0,0.5402819
RW15,18,0.5037113308815376,2,0.1,0,0.52784353
RW15,19,0.4878101214299047,2,0.1,0,0.5169705
RW15,20,0.4857842099501362,2,0.1,0,0.5077219
RW15,21,0.4823497951477415,2,0.1,0,0.4998811
RW15,22,0.469053235395845,2,0.1,0,0.49330395
RW15,23,0.44283042970152153,2,0.1,0,0.48811328
RW19,0,1.0,2,0.1,0,1.0072951
RW19,1,0.9396235436975541,2,0.1,0,0.88891023
RW19,2,0.9120786188350108,2,0.1,0,0.85502684
RW19,3,0.8847986908586808,2,0.1,0,0.8567276
RW19,4,0.8571370872127337,2,0.1,0,0.84148943
RW19,5,0.8354199075992986,2,0.1,0,0.8213753
RW19,6,0.8073309568665201,2,0.1,0,0.8016155
RW19,7,0.7857199625811689,2,0.1,0,0.77860606
RW19,8,0.7666372214100013,2,0.1,0,0.75484824
RW19,9,0.7513987910506147,2,0.1,0,0.72861403
RW19,10,0.7203267622205394,2,0.1,0,0.7045882
RW19,11,0.7081063051935211,2,0.1,0,0.6795713
RW19,12,0.6723114265835748,2,0.1,0,0.6571542
RW19,13,0.6639607922077001,2,0.1,0,0.638715
RW19,14,0.6507704833452281,2,0.1,0,0.621002
RW19,15,0.6454719449243604,2,0.1,0,0.6126795
RW19,16,0.6196235547721438,2,0.1,0,0.59666026
RW19,17,0.5838720772978139,2,0.1,0,0.5847141
RW19,18,0.5755212201280766,2,0.1,0,0.5734681
RW19,19,0.5607907745146146,2,0.1,0,0.56258845
RW19,20,0.5604943676173099,2,0.1,0,0.5525827
RW19,21,0.5388293035023539,2,0.1,0,0.5438164
RW19,22,0.5241299200287287,2,0.1,0,0.53563094
RW19,23,0.5173999584381129,2,0.1,0,0.52799517
RW19,24,0.5070395009418225,2,0.1,0,0.52192163
RW19,25,0.5041861774066588,2,0.1,0,0.5163545
RW23,0,1.0,2,0.1,0,1.0037925
RW23,1,0.968874030176613,2,0.1,0,0.9868536
RW23,2,0.93116690709189,2,0.1,0,0.95147014
RW23,3,0.9041203685654416,2,0.1,0,0.92153394
RW23,4,0.8752754662299709,2,0.1,0,0.8946355
RW23,5,0.8465547714660063,2,0.1,0,0.86821306
RW23,6,0.8208981506750966,2,0.1,0,0.84293973
RW23,7,0.7998940829401381,2,0.1,0,0.819361
RW23,8,0.7892510429257036,2,0.1,0,0.7975781
RW23,9,0.7631753024809578,2,0.1,0,0.77562815
RW23,10,0.7401984489323145,2,0.1,0,0.757954
RW27,0,1.0,2,0.1,0,1.0054177
RW27,1,0.9681570193735269,2,0.1,0,0.9040087
RW27,2,0.9437661592431005,2,0.1,0,0.8855892
RW27,3,0.9188104975387007,2,0.1,0,0.87576556
RW27,4,0.899349484660793,2,0.1,0,0.8653075
RW27,5,0.8814742779331408,2,0.1,0,0.8544322
RW27,6,0.8663787550926042,2,0.1,0,0.8438945
RW27,7,0.8547311284111835,2,0.1,0,0.8335978
RW27,8,0.8431959746161813,2,0.1,0,0.8231838
RW27,9,0.8351597805140608,2,0.1,0,0.8112994
RW27,10,0.8233026207413151,2,0.1,0,0.7973052
RW27,11,0.8176967306120008,2,0.1,0,0.78257036
RW5,0,1.0,2,0.1,0,1.000589
RW5,1,0.960825991745598,2,0.1,0,0.98574686
RW5,2,0.9266800602747612,2,0.1,0,0.9498396
RW5,3,0.9011293220077173,2,0.1,0,0.9164401
RW5,4,0.8764709808493428,2,0.1,0,0.8885556
RW5,5,0.8526426940151302,2,0.1,0,0.86374104
RW5,6,0.839370527729129,2,0.1,0,0.8380245
RW5,7,0.8159574870069374,2,0.1,0,0.8159863
RW5,8,0.8004750971060514,2,0.1,0,0.7960248
RW5,9,0.8228279206228818,2,0.1,0,0.78652185
RW5,10,0.7867656223348591,2,0.1,0,0.76152635
RW5,11,0.7661099188154834,2,0.1,0,0.7376268
RW5,12,0.7429108814178095,2,0.1,0,0.7147341
RW5,13,0.7091745980062312,2,0.1,0,0.69224477
RW5,14,0.6857713337470273,2,0.1,0,0.6712271
RW5,15,0.6672427863976763,2,0.1,0,0.6505246
RW5,16,0.6687356247963866,2,0.1,0,0.6308054
RW5,17,0.636480784151189,2,0.1,0,0.61638796
RW5,18,0.6183718679139446,2,0.1,0,0.6002401
RW5,19,0.5752173546693329,2,0.1,0,0.5844656
RW5,20,0.5747937898766532,2,0.1,0,0.5815729
RW7,0,1.0,2,0.1,0,1.0032431
RW7,1,0.9737384788654111,2,0.1,0,0.9411242
RW7,2,0.9447337319243664,2,0.1,0,0.9090905
RW7,3,0.9146274603726349,2,0.1,0,0.8806818
RW7,4,0.8871149443826014,2,0.1,0,0.85368115
RW7,5,0.8607953281423645,2,0.1,0,0.8243283
RW7,6,0.8253218854282387,2,0.1,0,0.79516196
RW7,7,0.8256203114571893,2,0.1,0,0.76950514
RW7,8,0.8174379654477165,2,0.1,0,0.7499869
RW7,9,0.8035643430201168,2,0.1,0,0.73320544
RW7,10,0.7896346635150358,2,0.1,0,0.7177985
RW7,11,0.7718959267241481,2,0.1,0,0.7050781
RW7,12,0.7860019167130227,2,0.1,0,0.6942096
RW7,13,0.7507796857619143,2,0.1,0,0.6817132
RW7,14,0.7327447163515879,2,0.1,0,0.6707319
RW7,15,0.7074586345939947,2,0.1,0,0.6606965
RW7,16,0.6825198136819158,2,0.1,0,0.65174186
RW7,17,0.662699874860957,2,0.1,0,0.6425278
RW7,18,0.6262446211067287,2,0.1,0,0.6336328
RW7,19,0.6075826021968548,2,0.1,0,0.6245873
RW7,20,0.6170093927279642,2,0.1,0,0.61444056
RW7,21,0.6466135984427249,2,0.1,0,0.6025734
RW7,22,0.5740413094410772,2,0.1,0,0.5921695
RW7,23,0.5335005770298783,2,0.1,0,0.582124
RW7,24,0.52059510567296,2,0.1,0,0.5725821
RW11,0,1.0,2,0.1,1,1.005194
RW11,1,0.9812509775303251,2,0.1,1,0.973354
RW11,2,0.9650137068435085,2,0.1,1,0.9441414
RW11,3,0.9351362403953054,2,0.1,1,0.9213766
RW11,4,0.90714425616019,2,0.1,1,0.9029335
RW11,5,0.8457053142903532,2,0.1,1,0.8902386
RW11,6,0.8020972922814096,2,0.1,1,0.8807787
RW11,7,0.7484325203829727,2,0.1,1,0.8713314
RW11,8,0.7189787689899965,2,0.1,1,0.8622648
RW11,9,0.6910853284576837,2,0.1,1,0.8539436
RW11,10,0.6761559111900426,2,0.1,1,0.84555495
RW11,11,0.6550657321125852,2,0.1,1,0.837433
RW11,12,0.6425313612904104,2,0.1,1,0.8283474
RW11,13,0.6909619595729768,2,0.1,1,0.81943333
RW11,14,0.6373488207077248,2,0.1,1,0.8086552
RW11,15,0.6236460344632558,2,0.1,1,0.7981807
RW11,16,0.6096063869507001,2,0.1,1,0.7870368
RW11,17,0.6095592595614534,2,0.1,1,0.7757429
RW11,18,0.6117111890811565,2,0.1,1,0.7640031
RW11,19,0.6132328800421039,2,0.1,1,0.7518024
RW11,20,0.6177338702955617,2,0.1,1,0.73930275
RW11,21,0.6151726925016363,2,0.1,1,0.7271301
RW11,22,0.6150917110526547,2,0.1,1,0.71466446
RW11,23,0.6084443675781239,2,0.1,1,0.70206636
RW11,24,0.6108413236784053,2,0.1,1,0.6889067
RW11,25,0.604457872674917,2,0.1,1,0.67599654
RW11,26,0.6029517287743232,2,0.1,1,0.66381824
RW11,27,0.605157402435204,2,0.1,1,0.6488583
RW11,28,0.5960453588974413,2,0.1,1,0.63351494
RW11,29,0.5898473993066765,2,0.1,1,0.6176833
RW11,30,0.5639353004202469,2,0.1,1,0.60293
RW11,31,0.5833093037578585,2,0.1,1,0.59427166
RW11,32,0.5385993504613933,2,0.1,1,0.57776785
RW11,33,0.5270290981610593,2,0.1,1,0.56241953
RW11,34,0.4838174078709938,2,0.1,1,0.5492044
RW11,35,0.4668435392432821,2,0.1,1,0.53712666
RW11,36,0.4539967259442097,2,0.1,1,0.506165
RW15,0,1.0,2,0.1,1,1.0004561
RW15,1,0.9650574510743339,2,0.1,1,0.96059376
RW15,2,0.9225952378299382,2,0.1,1,0.9122867
RW15,3,0.8654685977166434,2,0.1,1,0.8719189
RW15,4,0.8331123466557073,2,0.1,1,0.83240485
RW15,5,0.7854218267547517,2,0.1,1,0.7991523
RW15,6,0.7308801736607424,2,0.1,1,0.77062005
RW15,7,0.7033432455088411,2,0.1,1,0.74540144
RW15,8,0.6798891483633692,2,0.1,1,0.7218505
RW15,9,0.6595524905078265,2,0.1,1,0.6974859
RW15,10,0.6385049022337113,2,0.1,1,0.67157924
RW15,11,0.6188055183968584,2,0.1,1,0.64742815
RW15,12,0.5978706628223552,2,0.1,1,0.62345064
RW15,13,0.564108530129482,2,0.1,1,0.6019609
RW15,14,0.5618221733421094,2,0.1,1,0.57740706
RW15,15,0.5683340400975069,2,0.1,1,0.57260936
RW15,16,0.5328255192748415,2,0.1,1,0.5496913
RW15,17,0.525805629163202,2,0.1,1,0.52649516
RW15,18,0.5037113308815376,2,0.1,1,0.50525653
RW15,19,0.4878101214299047,2,0.1,1,0.48372823
RW15,20,0.4857842099501362,2,0.1,1,0.46204102
RW15,21,0.4823497951477415,2,0.1,1,0.43930995
RW15,22,0.469053235395845,2,0.1,1,0.41668224
RW15,23,0.44283042970152153,2,0.1,1,0.39442718
RW19,0,1.0,2,0.1,1,1.0010647
RW19,1,0.9396235436975541,2,0.1,1,1.0218797
RW19,2,0.9120786188350108,2,0.1,1,0.96438324
RW19,3,0.8847986908586808,2,0.1,1,0.9046477
RW19,4,0.8571370872127337,2,0.1,1,0.8544599
RW19,5,0.8354199075992986,2,0.1,1,0.8123791
RW19,6,0.8073309568665201,2,0.1,1,0.7776587
RW19,7,0.7857199625811689,2,0.1,1,0.74904805
RW19,8,0.7666372214100013,2,0.1,1,0.72692436
RW19,9,0.7513987910506147,2,0.1,1,0.7058891
RW19,10,0.7203267622205394,2,0.1,1,0.6905309
RW19,11,0.7081063051935211,2,0.1,1,0.6741624
RW19,12,0.6723114265835748,2,0.1,1,0.6600424
RW19,13,0.6639607922077001,2,0.1,1,0.6486069
RW19,14,0.6507704833452281,2,0.1,1,0.6353698
RW19,15,0.6454719449243604,2,0.1,1,0.62873226
RW19,16,0.6196235547721438,2,0.1,1,0.61440367
RW19,17,0.5838720772978139,2,0.1,1,0.60336435
RW19,18,0.5755212201280766,2,0.1,1,0.59098214
RW19,19,0.5607907745146146,2,0.1,1,0.5771257
RW19,20,0.5604943676173099,2,0.1,1,0.5628195
RW19,21,0.5388293035023539,2,0.1,1,0.5488243
RW19,22,0.5241299200287287,2,0.1,1,0.53400815
RW19,23,0.5173999584381129,2,0.1,1,0.51839954
RW19,24,0.5070395009418225,2,0.1,1,0.5040596
RW19,25,0.5041861774066588,2,0.1,1,0.48922104
RW23,0,1.0,2,0.1,1,0.9998577
RW23,1,0.968874030176613,2,0.1,1,0.98811895
RW23,2,0.93116690709189,2,0.1,1,0.95412004
RW23,3,0.9041203685654416,2,0.1,1,0.92215705
RW23,4,0.8752754662299709,2,0.1,1,0.89371395
RW23,5,0.8465547714660063,2,0.1,1,0.86554563
RW23,6,0.8208981506750966,2,0.1,1,0.8389523
RW23,7,0.7998940829401381,2,0.1,1,0.81415254
RW23,8,0.7892510429257036,2,0.1,1,0.7913356
RW23,9,0.7631753024809578,2,0.1,1,0.7690974
RW23,10,0.7401984489323145,2,0.1,1,0.75194293
RW27,0,1.0,2,0.1,1,0.99981064
RW27,1,0.9681570193735269,2,0.1,1,0.981806
RW27,2,0.9437661592431005,2,0.1,1,0.9543757
RW27,3,0.9188104975387007,2,0.1,1,0.92891985
RW27,4,0.899349484660793,2,0.1,1,0.90333515
RW27,5,0.8814742779331408,2,0.1,1,0.8779495
RW27,6,0.8663787550926042,2,0.1,1,0.852664
RW27,7,0.8547311284111835,2,0.1,1,0.8286972
RW27,8,0.8431959746161813,2,0.1,1,0.80613834
RW27,9,0.8351597805140608,2,0.1,1,0.78358006
RW27,10,0.8233026207413151,2,0.1,1,0.7606796
RW27,11,0.8176967306120008,2,0.1,1,0.7390725
RW5,0,1.0,2,0.1,1,0.999215
RW5,1,0.960825991745598,2,0.1,1,0.97258556
RW5,2,0.9266800602747612,2,0.1,1,0.94264406
RW5,3,0.9011293220077173,2,0.1,1,0.9151236
RW5,4,0.8764709808493428,2,0.1,1,0.8909199
RW5,5,0.8526426940151302,2,0.1,1,0.86960804
RW5,6,0.839370527729129,2,0.1,1,0.8470491
RW5,7,0.8159574870069374,2,0.1,1,0.8285773
RW5,8,0.8004750971060514,2,0.1,1,0.81070924
RW5,9,0.8228279206228818,2,0.1,1,0.8014954
RW5,10,0.7867656223348591,2,0.1,1,0.7782733
RW5,11,0.7661099188154834,2,0.1,1,0.7556138
RW5,12,0.7429108814178095,2,0.1,1,0.7331177
RW5,13,0.7091745980062312,2,0.1,1,0.7110665
RW5,14,0.6857713337470273,2,0.1,1,0.6889367
RW5,15,0.6672427863976763,2,0.1,1,0.66630095
RW5,16,0.6687356247963866,2,0.1,1,0.6393123
RW5,17,0.636480784151189,2,0.1,1,0.61783963
RW5,18,0.6183718679139446,2,0.1,1,0.5923801
RW5,19,0.5752173546693329,2,0.1,1,0.5678669
RW5,20,0.5747937898766532,2,0.1,1,0.56171554
RW7,0,1.0,2,0.1,1,0.99251664
RW7,1,0.9737384788654111,2,0.1,1,0.981151
RW7,2,0.9447337319243664,2,0.1,1,0.947055
RW7,3,0.9146274603726349,2,0.1,1,0.9152964
RW7,4,0.8871149443826014,2,0.1,1,0.8854389
RW7,5,0.8607953281423645,2,0.1,1,0.8540364
RW7,6,0.8253218854282387,2,0.1,1,0.8264847
RW7,7,0.8256203114571893,2,0.1,1,0.7990673
RW7,8,0.8174379654477165,2,0.1,1,0.7757347
RW7,9,0.8035643430201168,2,0.1,1,0.7531974
RW7,10,0.7896346635150358,2,0.1,1,0.731402
RW7,11,0.7718959267241481,2,0.1,1,0.712969
RW7,12,0.7860019167130227,2,0.1,1,0.6927492
RW7,13,0.7507796857619143,2,0.1,1,0.67184013
RW7,14,0.7327447163515879,2,0.1,1,0.6529113
RW7,15,0.7074586345939947,2,0.1,1,0.6364044
RW7,16,0.6825198136819158,2,0.1,1,0.62268806
RW7,17,0.662699874860957,2,0.1,1,0.6095815
RW7,18,0.6262446211067287,2,0.1,1,0.597908
RW7,19,0.6075826021968548,2,0.1,1,0.5867353
RW7,20,0.6170093927279642,2,0.1,1,0.57495457
RW7,21,0.6466135984427249,2,0.1,1,0.56208825
RW7,22,0.5740413094410772,2,0.1,1,0.5517527
RW7,23,0.5335005770298783,2,0.1,1,0.54203594
RW7,24,0.52059510567296,2,0.1,1,0.5328313
RW11,0,1.0,2,0.1,2,1.0055761
RW11,1,0.9812509775303251,2,0.1,2,0.9692807
RW11,2,0.9650137068435085,2,0.1,2,0.9551292
RW11,3,0.9351362403953054,2,0.1,2,0.9363512
RW11,4,0.90714425616019,2,0.1,2,0.9188867
RW11,5,0.8457053142903532,2,0.1,2,0.89928913
RW11,6,0.8020972922814096,2,0.1,2,0.88252944
RW11,7,0.7484325203829727,2,0.1,2,0.86775696
RW11,8,0.7189787689899965,2,0.1,2,0.852279
RW11,9,0.6910853284576837,2,0.1,2,0.83785826
RW11,10,0.6761559111900426,2,0.1,2,0.8250458
RW11,11,0.6550657321125852,2,0.1,2,0.8129536
RW11,12,0.6425313612904104,2,0.1,2,0.8013232
RW11,13,0.6909619595729768,2,0.1,2,0.789419
RW11,14,0.6373488207077248,2,0.1,2,0.7779193
RW11,15,0.6236460344632558,2,0.1,2,0.76763976
RW11,16,0.6096063869507001,2,0.1,2,0.75773865
RW11,17,0.6095592595614534,2,0.1,2,0.74815273
RW11,18,0.6117111890811565,2,0.1,2,0.73903036
RW11,19,0.6132328800421039,2,0.1,2,0.72934973
RW11,20,0.6177338702955617,2,0.1,2,0.71966636
RW11,21,0.6151726925016363,2,0.1,2,0.71048677
RW11,22,0.6150917110526547,2,0.1,2,0.7014942
RW11,23,0.6084443675781239,2,0.1,2,0.69244736
RW11,24,0.6108413236784053,2,0.1,2,0.683449
RW11,25,0.604457872674917,2,0.1,2,0.6745382
RW11,26,0.6029517287743232,2,0.1,2,0.6661987
RW11,27,0.605157402435204,2,0.1,2,0.657052
RW11,28,0.5960453588974413,2,0.1,2,0.64746296
RW11,29,0.5898473993066765,2,0.1,2,0.63840795
RW11,30,0.5639353004202469,2,0.1,2,0.6295041
RW11,31,0.5833093037578585,2,0.1,2,0.624594
RW11,32,0.5385993504613933,2,0.1,2,0.61501527
RW11,33,0.5270290981610593,2,0.1,2,0.6064497
RW11,34,0.4838174078709938,2,0.1,2,0.5978791
RW11,35,0.4668435392432821,2,0.1,2,0.59054846
RW11,36,0.4539967259442097,2,0.1,2,0.57042277
RW15,0,1.0,2,0.1,2,1.0022926
RW15,1,0.9650574510743339,2,0.1,2,0.95194817
RW15,2,0.9225952378299382,2,0.1,2,0.90890366
RW15,3,0.8654685977166434,2,0.1,2,0.8751403
RW15,4,0.8331123466557073,2,0.1,2,0.84050083
RW15,5,0.7854218267547517,2,0.1,2,0.8072263
RW15,6,0.7308801736607424,2,0.1,2,0.7733771
RW15,7,0.7033432455088411,2,0.1,2,0.7412639
RW15,8,0.6798891483633692,2,0.1,2,0.71187055
RW15,9,0.6595524905078265,2,0.1,2,0.68425125
RW15,10,0.6385049022337113,2,0.1,2,0.65762156
RW15,11,0.6188055183968584,2,0.1,2,0.6341671
RW15,12,0.5978706628223552,2,0.1,2,0.61212444
RW15,13,0.564108530129482,2,0.1,2,0.59198123
RW15,14,0.5618221733421094,2,0.1,2,0.57211536
RW15,15,0.5683340400975069,2,0.1,2,0.56858367
RW15,16,0.5328255192748415,2,0.1,2,0.55131525
RW15,17,0.525805629163202,2,0.1,2,0.5352424
RW15,18,0.5037113308815376,2,0.1,2,0.52096766
RW15,19,0.4878101214299047,2,0.1,2,0.5074622
RW15,20,0.4857842099501362,2,0.1,2,0.4947003
RW15,21,0.4823497951477415,2,0.1,2,0.4823472
RW15,22,0.469053235395845,2,0.1,2,0.4705273
RW15,23,0.44283042970152153,2,0.1,2,0.45947272
RW19,0,1.0,2,0.1,2,1.0035256
RW19,1,0.9396235436975541,2,0.1,2,0.9650126
RW19,2,0.9120786188350108,2,0.1,2,0.9333049
RW19,3,0.8847986908586808,2,0.1,2,0.89806104
RW19,4,0.8571370872127337,2,0.1,2,0.8583355
RW19,5,0.8354199075992986,2,0.1,2,0.82094634
RW19,6,0.8073309568665201,2,0.1,2,0.7887371
RW19,7,0.7857199625811689,2,0.1,2,0.7605024
RW19,8,0.7666372214100013,2,0.1,2,0.7367525
RW19,9,0.7513987910506147,2,0.1,2,0.7140775
RW19,10,0.7203267622205394,2,0.1,2,0.69504815
RW19,11,0.7081063051935211,2,0.1,2,0.6766741
RW19,12,0.6723114265835748,2,0.1,2,0.66089153
RW19,13,0.6639607922077001,2,0.1,2,0.6483666
RW19,14,0.6507704833452281,2,0.1,2,0.6355558
RW19,15,0.6454719449243604,2,0.1,2,0.62914205
RW19,16,0.6196235547721438,2,0.1,2,0.616411
RW19,17,0.5838720772978139,2,0.1,2,0.60655856
RW19,18,0.5755212201280766,2,0.1,2,0.59630996
RW19,19,0.5607907745146146,2,0.1,2,0.5855126
RW19,20,0.5604943676173099,2,0.1,2,0.57479274
RW19,21,0.5388293035023539,2,0.1,2,0.5646112
RW19,22,0.5241299200287287,2,0.1,2,0.55418736
RW19,23,0.5173999584381129,2,0.1,2,0.54353076
RW19,24,0.5070395009418225,2,0.1,2,0.5340031
RW19,25,0.5041861774066588,2,0.1,2,0.52436805
RW23,0,1.0,2,0.1,2,1.0004416
RW23,1,0.968874030176613,2,0.1,2,0.97479117
RW23,2,0.93116690709189,2,0.1,2,0.9514396
RW23,3,0.9041203685654416,2,0.1,2,0.92853785
RW23,4,0.8752754662299709,2,0.1,2,0.90583706
RW23,5,0.8465547714660063,2,0.1,2,0.8802195
RW23,6,0.8208981506750966,2,0.1,2,0.8528997
RW23,7,0.7998940829401381,2,0.1,2,0.82411754
RW23,8,0.7892510429257036,2,0.1,2,0.7942606
RW23,9,0.7631753024809578,2,0.1,2,0.7616234
RW23,10,0.7401984489323145,2,0.1,2,0.7326312
RW27,0,1.0,2,0.1,2,0.998375
RW27,1,0.9681570193735269,2,0.1,2,0.9811366
RW27,2,0.9437661592431005,2,0.1,2,0.95953375
RW27,3,0.9188104975387007,2,0.1,2,0.9397749
RW27,4,0.899349484660793,2,0.1,2,0.91770697
RW27,5,0.8814742779331408,2,0.1,2,0.89349866
RW27,6,0.8663787550926042,2,0.1,2,0.86738825
RW27,7,0.8547311284111835,2,0.1,2,0.8403964
RW27,8,0.8431959746161813,2,0.1,2,0.81277394
RW27,9,0.8351597805140608,2,0.1,2,0.7828784
RW27,10,0.8233026207413151,2,0.1,2,0.7504333
RW27,11,0.8176967306120008,2,0.1,2,0.7174427
RW5,0,1.0,2,0.1,2,0.99315333
RW5,1,0.960825991745598,2,0.1,2,0.9571174
RW5,2,0.9266800602747612,2,0.1,2,0.93447006
RW5,3,0.9011293220077173,2,0.1,2,0.9108917
RW5,4,0.8764709808493428,2,0.1,2,0.8887405
RW5,5,0.8526426940151302,2,0.1,2,0.86659425
RW5,6,0.839370527729129,2,0.1,2,0.8443075
RW5,7,0.8159574870069374,2,0.1,2,0.82244813
RW5,8,0.8004750971060514,2,0.1,2,0.8021299
RW5,9,0.8228279206228818,2,0.1,2,0.7909725
RW5,10,0.7867656223348591,2,0.1,2,0.7646133
RW5,11,0.7661099188154834,2,0.1,2,0.73945266
RW5,12,0.7429108814178095,2,0.1,2,0.7160848
RW5,13,0.7091745980062312,2,0.1,2,0.6935861
RW5,14,0.6857713337470273,2,0.1,2,0.6734383
RW5,15,0.6672427863976763,2,0.1,2,0.6537994
RW5,16,0.6687356247963866,2,0.1,2,0.6358472
RW5,17,0.636480784151189,2,0.1,2,0.6222954
RW5,18,0.6183718679139446,2,0.1,2,0.6066062
RW5,19,0.5752173546693329,2,0.1,2,0.5906606
RW5,20,0.5747937898766532,2,0.1,2,0.5873557
RW7,0,1.0,2,0.1,2,0.9801177
RW7,1,0.9737384788654111,2,0.1,2,0.95865273
RW7,2,0.9447337319243664,2,0.1,2,0.94149715
RW7,3,0.9146274603726349,2,0.1,2,0.9230623
RW7,4,0.8871149443826014,2,0.1,2,0.903163
RW7,5,0.8607953281423645,2,0.1,2,0.8821435
RW7,6,0.8253218854282387,2,0.1,2,0.8597005
RW7,7,0.8256203114571893,2,0.1,2,0.8340087
RW7,8,0.8174379654477165,2,0.1,2,0.8108606
RW7,9,0.8035643430201168,2,0.1,2,0.78670466
RW7,10,0.7896346635150358,2,0.1,2,0.76222515
RW7,11,0.7718959267241481,2,0.1,2,0.73952055
RW7,12,0.7860019167130227,2,0.1,2,0.71562165
RW7,13,0.7507796857619143,2,0.1,2,0.68826985
RW7,14,0.7327447163515879,2,0.1,2,0.66263974
RW7,15,0.7074586345939947,2,0.1,2,0.6387346
RW7,16,0.6825198136819158,2,0.1,2,0.6181455
RW7,17,0.662699874860957,2,0.1,2,0.5979739
RW7,18,0.6262446211067287,2,0.1,2,0.5800936
RW7,19,0.6075826021968548,2,0.1,2,0.5622892
RW7,20,0.6170093927279642,2,0.1,2,0.5426436
RW7,21,0.6466135984427249,2,0.1,2,0.5233621
RW7,22,0.5740413094410772,2,0.1,2,0.5045879
RW7,23,0.5335005770298783,2,0.1,2,0.488562
RW7,24,0.52059510567296,2,0.1,2,0.47425294
RW11,0,1.0,2,0.1,3,0.97395897
RW11,1,0.9812509775303251,2,0.1,3,0.95463693
RW11,2,0.9650137068435085,2,0.1,3,0.9324128
RW11,3,0.9351362403953054,2,0.1,3,0.91442066
RW11,4,0.90714425616019,2,0.1,3,0.8974304
RW11,5,0.8457053142903532,2,0.1,3,0.8823616
RW11,6,0.8020972922814096,2,0.1,3,0.87026906
RW11,7,0.7484325203829727,2,0.1,3,0.85829747
RW11,8,0.7189787689899965,2,0.1,3,0.84622455
RW11,9,0.6910853284576837,2,0.1,3,0.83537984
RW11,10,0.6761559111900426,2,0.1,3,0.825462
RW11,11,0.6550657321125852,2,0.1,3,0.8164916
RW11,12,0.6425313612904104,2,0.1,3,0.8072353
RW11,13,0.6909619595729768,2,0.1,3,0.79268086
RW11,14,0.6373488207077248,2,0.1,3,0.78274894
RW11,15,0.6236460344632558,2,0.1,3,0.7737422
RW11,16,0.6096063869507001,2,0.1,3,0.7644551
RW11,17,0.6095592595614534,2,0.1,3,0.75547814
RW11,18,0.6117111890811565,2,0.1,3,0.746079
RW11,19,0.6132328800421039,2,0.1,3,0.7367327
RW11,20,0.6177338702955617,2,0.1,3,0.7272439
RW11,21,0.6151726925016363,2,0.1,3,0.71817285
RW11,22,0.6150917110526547,2,0.1,3,0.7086967
RW11,23,0.6084443675781239,2,0.1,3,0.69945586
RW11,24,0.6108413236784053,2,0.1,3,0.68941474
RW11,25,0.604457872674917,2,0.1,3,0.6797551
RW11,26,0.6029517287743232,2,0.1,3,0.67016625
RW11,27,0.605157402435204,2,0.1,3,0.65830314
RW11,28,0.5960453588974413,2,0.1,3,0.6456675
RW11,29,0.5898473993066765,2,0.1,3,0.63227403
RW11,30,0.5639353004202469,2,0.1,3,0.61935914
RW11,31,0.5833093037578585,2,0.1,3,0.6067272
RW11,32,0.5385993504613933,2,0.1,3,0.5920264
RW11,33,0.5270290981610593,2,0.1,3,0.57826626
RW11,34,0.4838174078709938,2,0.1,3,0.56598043
RW11,35,0.4668435392432821,2,0.1,3,0.55510753
RW11,36,0.4539967259442097,2,0.1,3,0.525962
RW15,0,1.0,2,0.1,3,0.9725391
RW15,1,0.9650574510743339,2,0.1,3,0.9148284
RW15,2,0.9225952378299382,2,0.1,3,0.8718479
RW15,3,0.8654685977166434,2,0.1,3,0.8353798
RW15,4,0.8331123466557073,2,0.1,3,0.80127704
RW15,5,0.7854218267547517,2,0.1,3,0.77222323
RW15,6,0.7308801736607424,2,0.1,3,0.7462169
RW15,7,0.7033432455088411,2,0.1,3,0.72340345
RW15,8,0.6798891483633692,2,0.1,3,0.70296323
RW15,9,0.6595524905078265,2,0.1,3,0.6830244
RW15,10,0.6385049022337113,2,0.1,3,0.66222906
RW15,11,0.6188055183968584,2,0.1,3,0.64397883
RW15,12,0.5978706628223552,2,0.1,3,0.62602675
RW15,13,0.564108530129482,2,0.1,3,0.6092787
RW15,14,0.5618221733421094,2,0.1,3,0.5910561
RW15,15,0.5683340400975069,2,0.1,3,0.5875917
RW15,16,0.5328255192748415,2,0.1,3,0.57054186
RW15,17,0.525805629163202,2,0.1,3,0.5540336
RW15,18,0.5037113308815376,2,0.1,3,0.53841853
RW15,19,0.4878101214299047,2,0.1,3,0.5224725
RW15,20,0.4857842099501362,2,0.1,3,0.50662506
RW15,21,0.4823497951477415,2,0.1,3,0.49035108
RW15,22,0.469053235395845,2,0.1,3,0.47401237
RW15,23,0.44283042970152153,2,0.1,3,0.457408
RW19,0,1.0,2,0.1,3,0.972929
RW19,1,0.9396235436975541,2,0.1,3,0.91777647
RW19,2,0.9120786188350108,2,0.1,3,0.89291126
RW19,3,0.8847986908586808,2,0.1,3,0.86458135
RW19,4,0.8571370872127337,2,0.1,3,0.83713484
RW19,5,0.8354199075992986,2,0.1,3,0.8114126
RW19,6,0.8073309568665201,2,0.1,3,0.7874743
RW19,7,0.7857199625811689,2,0.1,3,0.7642691
RW19,8,0.7666372214100013,2,0.1,3,0.74293345
RW19,9,0.7513987910506147,2,0.1,3,0.7205547
RW19,10,0.7203267622205394,2,0.1,3,0.7004492
RW19,11,0.7081063051935211,2,0.1,3,0.6790037
RW19,12,0.6723114265835748,2,0.1,3,0.6591255
RW19,13,0.6639607922077001,2,0.1,3,0.6421844
RW19,14,0.6507704833452281,2,0.1,3,0.6248084
RW19,15,0.6454719449243604,2,0.1,3,0.61614996
RW19,16,0.6196235547721438,2,0.1,3,0.59850675
RW19,17,0.5838720772978139,2,0.1,3,0.58376086
RW19,18,0.5755212201280766,2,0.1,3,0.56876796
RW19,19,0.5607907745146146,2,0.1,3,0.553118
RW19,20,0.5604943676173099,2,0.1,3,0.537427
RW19,21,0.5388293035023539,2,0.1,3,0.5218953
RW19,22,0.5241299200287287,2,0.1,3,0.50571334
RW19,23,0.5173999584381129,2,0.1,3,0.4891349
RW19,24,0.5070395009418225,2,0.1,3,0.4738223
RW19,25,0.5041861774066588,2,0.1,3,0.45836455
RW23,0,1.0,2,0.1,3,0.98162353
RW23,1,0.968874030176613,2,0.1,3,0.9740613
RW23,2,0.93116690709189,2,0.1,3,0.93466794
RW23,3,0.9041203685654416,2,0.1,3,0.89810103
RW23,4,0.8752754662299709,2,0.1,3,0.86510134
RW23,5,0.8465547714660063,2,0.1,3,0.83336616
RW23,6,0.8208981506750966,2,0.1,3,0.80403584
RW23,7,0.7998940829401381,2,0.1,3,0.77582103
RW23,8,0.7892510429257036,2,0.1,3,0.74914193
RW23,9,0.7631753024809578,2,0.1,3,0.72229093
RW23,10,0.7401984489323145,2,0.1,3,0.6989571
RW27,0,1.0,2,0.1,3,0.9810637
RW27,1,0.9681570193735269,2,0.1,3,0.9757651
RW27,2,0.9437661592431005,2,0.1,3,0.95454794
RW27,3,0.9188104975387007,2,0.1,3,0.9355411
RW27,4,0.899349484660793,2,0.1,3,0.91710657
RW27,5,0.8814742779331408,2,0.1,3,0.89871985
RW27,6,0.8663787550926042,2,0.1,3,0.87973934
RW27,7,0.8547311284111835,2,0.1,3,0.86113316
RW27,8,0.8431959746161813,2,0.1,3,0.84282947
RW27,9,0.8351597805140608,2,0.1,3,0.8234911
RW27,10,0.8233026207413151,2,0.1,3,0.8030918
RW27,11,0.8176967306120008,2,0.1,3,0.7822573
RW5,0,1.0,2,0.1,3,0.9667861
RW5,1,0.960825991745598,2,0.1,3,0.93443537
RW5,2,0.9266800602747612,2,0.1,3,0.90759504
RW5,3,0.9011293220077173,2,0.1,3,0.8820976
RW5,4,0.8764709808493428,2,0.1,3,0.8596475
RW5,5,0.8526426940151302,2,0.1,3,0.83933514
RW5,6,0.839370527729129,2,0.1,3,0.8173604
RW5,7,0.8159574870069374,2,0.1,3,0.7985976
RW5,8,0.8004750971060514,2,0.1,3,0.7807691
RW5,9,0.8228279206228818,2,0.1,3,0.77210623
RW5,10,0.7867656223348591,2,0.1,3,0.7495731
RW5,11,0.7661099188154834,2,0.1,3,0.7279671
RW5,12,0.7429108814178095,2,0.1,3,0.70708823
RW5,13,0.7091745980062312,2,0.1,3,0.68711907
RW5,14,0.6857713337470273,2,0.1,3,0.6687231
RW5,15,0.6672427863976763,2,0.1,3,0.6503254
RW5,16,0.6687356247963866,2,0.1,3,0.6301167
RW5,17,0.636480784151189,2,0.1,3,0.61418384
RW5,18,0.6183718679139446,2,0.1,3,0.5957726
RW5,19,0.5752173546693329,2,0.1,3,0.57704604
RW5,20,0.5747937898766532,2,0.1,3,0.57301056
RW7,0,1.0,2,0.1,3,0.9650098
RW7,1,0.9737384788654111,2,0.1,3,0.92053443
RW7,2,0.9447337319243664,2,0.1,3,0.8933597
RW7,3,0.9146274603726349,2,0.1,3,0.86898565
RW7,4,0.8871149443826014,2,0.1,3,0.845772
RW7,5,0.8607953281423645,2,0.1,3,0.8228462
RW7,6,0.8253218854282387,2,0.1,3,0.8020164
RW7,7,0.8256203114571893,2,0.1,3,0.78071517
RW7,8,0.8174379654477165,2,0.1,3,0.76283556
RW7,9,0.8035643430201168,2,0.1,3,0.744844
RW7,10,0.7896346635150358,2,0.1,3,0.72740316
RW7,11,0.7718959267241481,2,0.1,3,0.7117899
RW7,12,0.7860019167130227,2,0.1,3,0.69351995
RW7,13,0.7507796857619143,2,0.1,3,0.6738672
RW7,14,0.7327447163515879,2,0.1,3,0.6554524
RW7,15,0.7074586345939947,2,0.1,3,0.6379508
RW7,16,0.6825198136819158,2,0.1,3,0.62251806
RW7,17,0.662699874860957,2,0.1,3,0.60700977
RW7,18,0.6262446211067287,2,0.1,3,0.5928283
RW7,19,0.6075826021968548,2,0.1,3,0.5790211
RW7,20,0.6170093927279642,2,0.1,3,0.5643679
RW7,21,0.6466135984427249,2,0.1,3,0.54867387
RW7,22,0.5740413094410772,2,0.1,3,0.5346116
RW7,23,0.5335005770298783,2,0.1,3,0.5211023
RW7,24,0.52059510567296,2,0.1,3,0.5085809
RW11,0,1.0,2,0.1,4,1.0022413
RW11,1,0.9812509775303251,2,0.1,4,0.99301094
RW11,2,0.9650137068435085,2,0.1,4,0.96267104
RW11,3,0.9351362403953054,2,0.1,4,0.9373124
RW11,4,0.90714425616019,2,0.1,4,0.9149334
RW11,5,0.8457053142903532,2,0.1,4,0.89448
RW11,6,0.8020972922814096,2,0.1,4,0.8779701
RW11,7,0.7484325203829727,2,0.1,4,0.863341
RW11,8,0.7189787689899965,2,0.1,4,0.8490591
RW11,9,0.6910853284576837,2,0.1,4,0.8365818
RW11,10,0.6761559111900426,2,0.1,4,0.8253879
RW11,11,0.6550657321125852,2,0.1,4,0.8155571
RW11,12,0.6425313612904104,2,0.1,4,0.8059508
RW11,13,0.6909619595729768,2,0.1,4,0.79374945
RW11,14,0.6373488207077248,2,0.1,4,0.7838814
RW11,15,0.6236460344632558,2,0.1,4,0.7751162
RW11,16,0.6096063869507001,2,0.1,4,0.7663332
RW11,17,0.6095592595614534,2,0.1,4,0.7578646
RW11,18,0.6117111890811565,2,0.1,4,0.74955034
RW11,19,0.6132328800421039,2,0.1,4,0.74125516
RW11,20,0.6177338702955617,2,0.1,4,0.7330381
RW11,21,0.6151726925016363,2,0.1,4,0.72520834
RW11,22,0.6150917110526547,2,0.1,4,0.7172082
RW11,23,0.6084443675781239,2,0.1,4,0.70942247
RW11,24,0.6108413236784053,2,0.1,4,0.7010712
RW11,25,0.604457872674917,2,0.1,4,0.6931153
RW11,26,0.6029517287743232,2,0.1,4,0.6854896
RW11,27,0.605157402435204,2,0.1,4,0.6766644
RW11,28,0.5960453588974413,2,0.1,4,0.6672437
RW11,29,0.5898473993066765,2,0.1,4,0.6577982
RW11,30,0.5639353004202469,2,0.1,4,0.6486307
RW11,31,0.5833093037578585,2,0.1,4,0.64159113
RW11,32,0.5385993504613933,2,0.1,4,0.63168216
RW11,33,0.5270290981610593,2,0.1,4,0.6226569
RW11,34,0.4838174078709938,2,0.1,4,0.6140733
RW11,35,0.4668435392432821,2,0.1,4,0.6070185
RW11,36,0.4539967259442097,2,0.1,4,0.5875746
RW15,0,1.0,2,0.1,4,1.0001668
RW15,1,0.9650574510743339,2,0.1,4,0.9469617
RW15,2,0.9225952378299382,2,0.1,4,0.90370524
RW15,3,0.8654685977166434,2,0.1,4,0.86554134
RW15,4,0.8331123466557073,2,0.1,4,0.82807434
RW15,5,0.7854218267547517,2,0.1,4,0.79776525
RW15,6,0.7308801736607424,2,0.1,4,0.7711429
RW15,7,0.7033432455088411,2,0.1,4,0.74621403
RW15,8,0.6798891483633692,2,0.1,4,0.7225459
RW15,9,0.6595524905078265,2,0.1,4,0.69838935
RW15,10,0.6385049022337113,2,0.1,4,0.67395186
RW15,11,0.6188055183968584,2,0.1,4,0.65129626
RW15,12,0.5978706628223552,2,0.1,4,0.62923545
RW15,13,0.564108530129482,2,0.1,4,0.6094027
RW15,14,0.5618221733421094,2,0.1,4,0.58750844
RW15,15,0.5683340400975069,2,0.1,4,0.5834062
RW15,16,0.5328255192748415,2,0.1,4,0.5635099
RW15,17,0.525805629163202,2,0.1,4,0.54345626
RW15,18,0.5037113308815376,2,0.1,4,0.52548134
RW15,19,0.4878101214299047,2,0.1,4,0.5076326
RW15,20,0.4857842099501362,2,0.1,4,0.48980027
RW15,21,0.4823497951477415,2,0.1,4,0.47132456
RW15,22,0.469053235395845,2,0.1,4,0.4530418
RW15,23,0.44283042970152153,2,0.1,4,0.43541503
RW19,0,1.0,2,0.1,4,1.0008531
RW19,1,0.9396235436975541,2,0.1,4,0.95927656
RW19,2,0.9120786188350108,2,0.1,4,0.9275491
RW19,3,0.8847986908586808,2,0.1,4,0.88433504
RW19,4,0.8571370872127337,2,0.1,4,0.85141766
RW19,5,0.8354199075992986,2,0.1,4,0.82013106
RW19,6,0.8073309568665201,2,0.1,4,0.7914554
RW19,7,0.7857199625811689,2,0.1,4,0.76338977
RW19,8,0.7666372214100013,2,0.1,4,0.7382026
RW19,9,0.7513987910506147,2,0.1,4,0.7114384
RW19,10,0.7203267622205394,2,0.1,4,0.68992025
RW19,11,0.7081063051935211,2,0.1,4,0.66751444
RW19,12,0.6723114265835748,2,0.1,4,0.64869267
RW19,13,0.6639607922077001,2,0.1,4,0.6350794
RW19,14,0.6507704833452281,2,0.1,4,0.62105024
RW19,15,0.6454719449243604,2,0.1,4,0.61409456
RW19,16,0.6196235547721438,2,0.1,4,0.60037535
RW19,17,0.5838720772978139,2,0.1,4,0.5905176
RW19,18,0.5755212201280766,2,0.1,4,0.57990426
RW19,19,0.5607907745146146,2,0.1,4,0.5686368
RW19,20,0.5604943676173099,2,0.1,4,0.55722046
RW19,21,0.5388293035023539,2,0.1,4,0.5463819
RW19,22,0.5241299200287287,2,0.1,4,0.5352366
RW19,23,0.5173999584381129,2,0.1,4,0.5237337
RW19,24,0.5070395009418225,2,0.1,4,0.51343006
RW19,25,0.5041861774066588,2,0.1,4,0.5030288
RW23,0,1.0,2,0.1,4,1.0000496
RW23,1,0.968874030176613,2,0.1,4,0.9203342
RW23,2,0.93116690709189,2,0.1,4,0.9026308
RW23,3,0.9041203685654416,2,0.1,4,0.8838488
RW23,4,0.8752754662299709,2,0.1,4,0.8634974
RW23,5,0.8465547714660063,2,0.1,4,0.84186864
RW23,6,0.8208981506750966,2,0.1,4,0.8194839
RW23,7,0.7998940829401381,2,0.1,4,0.79514647
RW23,8,0.7892510429257036,2,0.1,4,0.77012676
RW23,9,0.7631753024809578,2,0.1,4,0.7427564
RW23,10,0.7401984489323145,2,0.1,4,0.7180621
RW27,0,1.0,2,0.1,4,0.99815303
RW27,1,0.9681570193735269,2,0.1,4,0.94769883
RW27,2,0.9437661592431005,2,0.1,4,0.93607193
RW27,3,0.9188104975387007,2,0.1,4,0.9206697
RW27,4,0.899349484660793,2,0.1,4,0.90432775
RW27,5,0.8814742779331408,2,0.1,4,0.886642
RW27,6,0.8663787550926042,2,0.1,4,0.8679389
RW27,7,0.8547311284111835,2,0.1,4,0.84866536
RW27,8,0.8431959746161813,2,0.1,4,0.82918054
RW27,9,0.8351597805140608,2,0.1,4,0.8086327
RW27,10,0.8233026207413151,2,0.1,4,0.78698933
RW27,11,0.8176967306120008,2,0.1,4,0.7652841
RW5,0,1.0,2,0.1,4,0.99605274
RW5,1,0.960825991745598,2,0.1,4,0.97709155
RW5,2,0.9266800602747612,2,0.1,4,0.94436306
RW5,3,0.9011293220077173,2,0.1,4,0.9137996
RW5,4,0.8764709808493428,2,0.1,4,0.8887467
RW5,5,0.8526426940151302,2,0.1,4,0.86626756
RW5,6,0.839370527729129,2,0.1,4,0.84181845
RW5,7,0.8159574870069374,2,0.1,4,0.82148796
RW5,8,0.8004750971060514,2,0.1,4,0.80191714
RW5,9,0.8228279206228818,2,0.1,4,0.79283845
RW5,10,0.7867656223348591,2,0.1,4,0.76931727
RW5,11,0.7661099188154834,2,0.1,4,0.7464794
RW5,12,0.7429108814178095,2,0.1,4,0.72510886
RW5,13,0.7091745980062312,2,0.1,4,0.70439625
RW5,14,0.6857713337470273,2,0.1,4,0.6843133
RW5,15,0.6672427863976763,2,0.1,4,0.6641326
RW5,16,0.6687356247963866,2,0.1,4,0.6427006
RW5,17,0.636480784151189,2,0.1,4,0.6263069
RW5,18,0.6183718679139446,2,0.1,4,0.6069013
RW5,19,0.5752173546693329,2,0.1,4,0.58834636
RW5,20,0.5747937898766532,2,0.1,4,0.5835941
RW7,0,1.0,2,0.1,4,1.0004414
RW7,1,0.9737384788654111,2,0.1,4,0.9371915
RW7,2,0.9447337319243664,2,0.1,4,0.91212827
RW7,3,0.9146274603726349,2,0.1,4,0.88770974
RW7,4,0.8871149443826014,2,0.1,4,0.86353177
RW7,5,0.8607953281423645,2,0.1,4,0.83116835
RW7,6,0.8253218854282387,2,0.1,4,0.8002471
RW7,7,0.8256203114571893,2,0.1,4,0.7739602
RW7,8,0.8174379654477165,2,0.1,4,0.75317657
RW7,9,0.8035643430201168,2,0.1,4,0.73482347
RW7,10,0.7896346635150358,2,0.1,4,0.7166514
RW7,11,0.7718959267241481,2,0.1,4,0.70192844
RW7,12,0.7860019167130227,2,0.1,4,0.6841924
RW7,13,0.7507796857619143,2,0.1,4,0.66612947
RW7,14,0.7327447163515879,2,0.1,4,0.6488023
RW7,15,0.7074586345939947,2,0.1,4,0.6335046
RW7,16,0.6825198136819158,2,0.1,4,0.6205857
RW7,17,0.662699874860957,2,0.1,4,0.6079441
RW7,18,0.6262446211067287,2,0.1,4,0.59629333
RW7,19,0.6075826021968548,2,0.1,4,0.5843538
RW7,20,0.6170093927279642,2,0.1,4,0.57020986
RW7,21,0.6466135984427249,2,0.1,4,0.5544095
RW7,22,0.5740413094410772,2,0.1,4,0.5404312
RW7,23,0.5335005770298783,2,0.1,4,0.5285586
RW7,24,0.52059510567296,2,0.1,4,0.5171812
RW12,0,1.0,3,1.0,0,1.0024029
RW12,1,0.9894632882172221,3,1.0,0,0.97778463
RW12,2,0.97868692158744,3,1.0,0,0.95619786
RW12,3,0.9668253675860224,3,1.0,0,0.93444145
RW12,4,0.9595351332482841,3,1.0,0,0.9113471
RW12,5,0.9425395856201333,3,1.0,0,0.8898875
RW12,6,0.9179237200116072,3,1.0,0,0.8633635
RW12,7,0.895972375242499,3,1.0,0,0.8330414
RW12,8,0.8781986993638894,3,1.0,0,0.8026986
RW12,9,0.8560774866359618,3,1.0,0,0.7747601
RW12,10,0.8450510763252,3,1.0,0,0.7497469
RW12,11,0.833609165097995,3,1.0,0,0.7246192
RW12,12,0.8224867641248257,3,1.0,0,0.70277154
RW12,13,0.8112046941613273,3,1.0,0,0.682595
RW12,14,0.8324148707378292,3,1.0,0,0.6852913
RW12,15,0.8187480106932906,3,1.0,0,0.6732933
RW12,16,0.8063357850884304,3,1.0,0,0.6601577
RW12,17,0.795247354785992,3,1.0,0,0.64757687
RW12,18,0.7786686371332949,3,1.0,0,0.63501143
RW12,19,0.7683124274417916,3,1.0,0,0.62643325
RW12,20,0.75692570834778,3,1.0,0,0.6189853
RW12,21,0.7461680205746775,3,1.0,0,0.6125146
RW12,22,0.7359515360207755,3,1.0,0,0.6071162
RW12,23,0.7186921615324031,3,1.0,0,0.60162103
RW12,24,0.7048109927006182,3,1.0,0,0.59667945
RW12,25,0.6987524864491403,3,1.0,0,0.59151185
RW12,26,0.688736379793022,3,1.0,0,0.58678156
RW12,27,0.6752978487151472,3,1.0,0,0.5812329
RW12,28,0.6697649501501854,3,1.0,0,0.57555985
RW12,29,0.6581999973939088,3,1.0,0,0.56922376
RW12,30,0.6472474633838574,3,1.0,0,0.5625988
RW12,31,0.6584047219522146,3,1.0,0,0.5354408
RW12,32,0.6148650912610487,3,1.0,0,0.5256187
RW12,33,0.6035612126459146,3,1.0,0,0.51585925
RW12,34,0.5621434198182286,3,1.0,0,0.5056883
RW12,35,0.5487224937943592,3,1.0,0,0.49669278
RW12,36,0.5308620689275264,3,1.0,0,0.4859596
RW12,37,0.5203234893585551,3,1.0,0,0.4756381
RW16,0,1.0,3,1.0,0,1.0021158
RW16,1,0.9425621054107856,3,1.0,0,0.9584066
RW16,2,0.9122274948612392,3,1.0,0,0.9092628
RW16,3,0.8594705171754466,3,1.0,0,0.87132865
RW16,4,0.8226094846921671,3,1.0,0,0.8353555
RW16,5,0.7871316183203024,3,1.0,0,0.8023387
RW16,6,0.7482387904167098,3,1.0,0,0.7702862
RW16,7,0.7062023643394817,3,1.0,0,0.7397411
RW16,8,0.6827160587550286,3,1.0,0,0.7128315
RW16,9,0.6615821949474906,3,1.0,0,0.68593955
RW16,10,0.5661453405330296,3,1.0,0,0.5290844
RW16,11,0.5408575218936945,3,1.0,0,0.5081546
RW16,12,0.5381706456914773,3,1.0,0,0.4896937
RW16,13,0.5084526916129031,3,1.0,0,0.47257847
RW16,14,0.4924790862619698,3,1.0,0,0.45615494
RW16,15,0.4893788571270426,3,1.0,0,0.44208145
RW16,16,0.4780194546133679,3,1.0,0,0.43006563
RW16,17,0.4636102907262206,3,1.0,0,0.41834712
RW16,18,0.44956410860533774,3,1.0,0,0.40765804
RW20,0,1.0,3,1.0,0,1.0027518
RW20,1,1.0021910813400627,3,1.0,0,1.0052438
RW20,2,0.9599630275408247,3,1.0,0,0.96120137
RW20,3,0.9389439105355176,3,1.0,0,0.93268156
RW20,4,0.9095890303731204,3,1.0,0,0.90645254
RW20,5,0.8787736467512757,3,1.0,0,0.8830521
RW20,6,0.8469654599736883,3,1.0,0,0.8571631
RW20,7,0.8099479091448711,3,1.0,0,0.8311267
RW20,8,0.7796407513733017,3,1.0,0,0.8049965
RW20,9,0.7362874771776192,3,1.0,0,0.78208786
RW20,10,0.7063011689898246,3,1.0,0,0.76055133
RW20,11,0.6860250235969596,3,1.0,0,0.74095833
RW20,12,0.6622238399306097,3,1.0,0,0.7231628
RW20,13,0.6407819061950949,3,1.0,0,0.70650244
RW20,14,0.6222273101754456,3,1.0,0,0.6903645
RW20,15,0.6032903401297325,3,1.0,0,0.6753127
RW20,16,0.5865757619049117,3,1.0,0,0.6615181
RW20,17,0.5820605296821747,3,1.0,0,0.6483259
RW20,18,0.5804741522197471,3,1.0,0,0.63930655
RW20,19,0.5639793794393497,3,1.0,0,0.62708074
RW20,20,0.5476026934841127,3,1.0,0,0.61494786
RW20,21,0.5407359137083738,3,1.0,0,0.6024774
RW20,22,0.5401899372028007,3,1.0,0,0.5911088
RW20,23,0.5259580191685468,3,1.0,0,0.5798273
RW20,24,0.524283560758304,3,1.0,0,0.569328
RW20,25,0.5048560598498573,3,1.0,0,0.55885565
RW20,26,0.5036897444478489,3,1.0,0,0.54855984
RW20,27,0.4887815943950674,3,1.0,0,0.53864497
RW20,28,0.5028952410024843,3,1.0,0,0.52944666
RW24,0,1.0,3,1.0,0,1.0007694
RW24,1,0.9725958189735046,3,1.0,0,0.9817194
RW24,2,0.9552453496230082,3,1.0,0,0.94371194
RW24,3,0.9372884939407097,3,1.0,0,0.90853983
RW24,4,0.9062221635651304,3,1.0,0,0.8758028
RW24,5,0.8678749453601385,3,1.0,0,0.8458992
RW24,6,0.8383945015233694,3,1.0,0,0.81992584
RW24,7,0.8199385440731278,3,1.0,0,0.7963701
RW24,8,0.8089491471012369,3,1.0,0,0.7743932
RW24,9,0.7944160791948103,3,1.0,0,0.7537259
RW24,10,0.7784916143400717,3,1.0,0,0.73425114
RW28,0,1.0,3,1.0,0,1.0001941
RW28,1,0.9767401325580581,3,1.0,0,0.9725906
RW28,2,0.9572756800225528,3,1.0,0,0.94773513
RW28,3,0.9394102380666421,3,1.0,0,0.92819643
RW28,4,0.919531099054294,3,1.0,0,0.91081697
RW28,5,0.900309919399877,3,1.0,0,0.8942985
RW28,6,0.8774347131347013,3,1.0,0,0.8787315
RW28,7,0.8608166536988782,3,1.0,0,0.8644788
RW28,8,0.8490784643422473,3,1.0,0,0.8507823
RW28,9,0.8374593566091235,3,1.0,0,0.83687806
RW28,10,0.8307557480117016,3,1.0,0,0.82317924
RW28,11,0.8209258698387562,3,1.0,0,0.8091657
RW6,0,1.0,3,1.0,0,0.99791324
RW6,1,0.9648502435502201,3,1.0,0,0.96254575
RW6,2,0.9329921152642804,3,1.0,0,0.92728704
RW6,3,0.9139749601773408,3,1.0,0,0.891207
RW6,4,0.8809638320161228,3,1.0,0,0.8560193
RW6,5,0.8518059593208507,3,1.0,0,0.8219271
RW6,6,0.8248471372067737,3,1.0,0,0.78974056
RW6,7,0.8047160673897786,3,1.0,0,0.75938106
RW6,8,0.7758839773727937,3,1.0,0,0.739534
RW6,9,0.7287295594072909,3,1.0,0,0.7111695
RW6,10,0.6794846599462181,3,1.0,0,0.6844591
RW8,0,1.0,3,1.0,0,0.9927153
RW8,1,0.9538996910045201,3,1.0,0,0.96747017
RW8,2,0.9170337737145522,3,1.0,0,0.9459414
RW8,3,0.8811796038492549,3,1.0,0,0.9222521
RW8,4,0.8593893885316382,3,1.0,0,0.90048355
RW8,5,0.8277539857271006,3,1.0,0,0.8795066
RW8,6,0.8057974874661933,3,1.0,0,0.843995
RW8,7,0.7930034466899822,3,1.0,0,0.82719344
RW8,8,0.7770929791397136,3,1.0,0,0.81064355
RW8,9,0.7619762421461702,3,1.0,0,0.7944938
RW8,10,0.7433319402014317,3,1.0,0,0.7788439
RW8,11,0.7696628567131956,3,1.0,0,0.7609757
RW8,12,0.740562427057364,3,1.0,0,0.7430165
RW8,13,0.7147522177902553,3,1.0,0,0.7261919
RW8,14,0.6902828531108213,3,1.0,0,0.7114756
RW8,15,0.669538500278939,3,1.0,0,0.6964383
RW8,16,0.6448644165545862,3,1.0,0,0.6815337
RW8,17,0.6225776414566216,3,1.0,0,0.66690034
RW8,18,0.6151773487241754,3,1.0,0,0.6516849
RW8,19,0.6138713970198927,3,1.0,0,0.6363803
RW8,20,0.6501051843741891,3,1.0,0,0.6164573
RW8,21,0.5891201738908819,3,1.0,0,0.6010772
RW8,22,0.542154015105283,3,1.0,0,0.5870906
RW12,0,1.0,3,1.0,1,1.0022198
RW12,1,0.9894632882172221,3,1.0,1,0.9778983
RW12,2,0.97868692158744,3,1.0,1,0.95710343
RW12,3,0.9668253675860224,3,1.0,1,0.9355885
RW12,4,0.9595351332482841,3,1.0,1,0.91237444
RW12,5,0.9425395856201333,3,1.0,1,0.89044535
RW12,6,0.9179237200116072,3,1.0,1,0.86337525
RW12,7,0.895972375242499,3,1.0,1,0.83290327
RW12,8,0.8781986993638894,3,1.0,1,0.80254734
RW12,9,0.8560774866359618,3,1.0,1,0.77514184
RW12,10,0.8450510763252,3,1.0,1,0.7506758
RW12,11,0.833609165097995,3,1.0,1,0.7262459
RW12,12,0.8224867641248257,3,1.0,1,0.7047292
RW12,13,0.8112046941613273,3,1.0,1,0.6847789
RW12,14,0.8324148707378292,3,1.0,1,0.6930716
RW12,15,0.8187480106932906,3,1.0,1,0.68224174
RW12,16,0.8063357850884304,3,1.0,1,0.66951156
RW12,17,0.795247354785992,3,1.0,1,0.65730435
RW12,18,0.7786686371332949,3,1.0,1,0.6440958
RW12,19,0.7683124274417916,3,1.0,1,0.635283
RW12,20,0.75692570834778,3,1.0,1,0.62711924
RW12,21,0.7461680205746775,3,1.0,1,0.62012386
RW12,22,0.7359515360207755,3,1.0,1,0.6140901
RW12,23,0.7186921615324031,3,1.0,1,0.6079918
RW12,24,0.7048109927006182,3,1.0,1,0.60220456
RW12,25,0.6987524864491403,3,1.0,1,0.596741
RW12,26,0.688736379793022,3,1.0,1,0.5916432
RW12,27,0.6752978487151472,3,1.0,1,0.58584833
RW12,28,0.6697649501501854,3,1.0,1,0.5797548
RW12,29,0.6581999973939088,3,1.0,1,0.5731622
RW12,30,0.6472474633838574,3,1.0,1,0.5660789
RW12,31,0.6584047219522146,3,1.0,1,0.5420165
RW12,32,0.6148650912610487,3,1.0,1,0.5309967
RW12,33,0.6035612126459146,3,1.0,1,0.5199582
RW12,34,0.5621434198182286,3,1.0,1,0.50863516
RW12,35,0.5487224937943592,3,1.0,1,0.49858063
RW12,36,0.5308620689275264,3,1.0,1,0.48669046
RW12,37,0.5203234893585551,3,1.0,1,0.4751461
RW16,0,1.0,3,1.0,1,1.0012785
RW16,1,0.9425621054107856,3,1.0,1,0.9586793
RW16,2,0.9122274948612392,3,1.0,1,0.90882206
RW16,3,0.8594705171754466,3,1.0,1,0.8715415
RW16,4,0.8226094846921671,3,1.0,1,0.8358519
RW16,5,0.7871316183203024,3,1.0,1,0.802883
RW16,6,0.7482387904167098,3,1.0,1,0.7704685
RW16,7,0.7062023643394817,3,1.0,1,0.73946345
RW16,8,0.6827160587550286,3,1.0,1,0.7120411
RW16,9,0.6615821949474906,3,1.0,1,0.6846569
RW16,10,0.5661453405330296,3,1.0,1,0.52709043
RW16,11,0.5408575218936945,3,1.0,1,0.5065264
RW16,12,0.5381706456914773,3,1.0,1,0.48820883
RW16,13,0.5084526916129031,3,1.0,1,0.4718814
RW16,14,0.4924790862619698,3,1.0,1,0.4564045
RW16,15,0.4893788571270426,3,1.0,1,0.44303375
RW16,16,0.4780194546133679,3,1.0,1,0.4318089
RW16,17,0.4636102907262206,3,1.0,1,0.4211374
RW16,18,0.44956410860533774,3,1.0,1,0.41152775
RW20,0,1.0,3,1.0,1,1.0026077
RW20,1,1.0021910813400627,3,1.0,1,0.99523693
RW20,2,0.9599630275408247,3,1.0,1,0.9518566
RW20,3,0.9389439105355176,3,1.0,1,0.92708707
RW20,4,0.9095890303731204,3,1.0,1,0.8999498
RW20,5,0.8787736467512757,3,1.0,1,0.87784857
RW20,6,0.8469654599736883,3,1.0,1,0.85251683
RW20,7,0.8099479091448711,3,1.0,1,0.8270513
RW20,8,0.7796407513733017,3,1.0,1,0.8019941
RW20,9,0.7362874771776192,3,1.0,1,0.77979356
RW20,10,0.7063011689898246,3,1.0,1,0.75877875
RW20,11,0.6860250235969596,3,1.0,1,0.7395028
RW20,12,0.6622238399306097,3,1.0,1,0.7215213
RW20,13,0.6407819061950949,3,1.0,1,0.7044711
RW20,14,0.6222273101754456,3,1.0,1,0.6878306
RW20,15,0.6032903401297325,3,1.0,1,0.6721439
RW20,16,0.5865757619049117,3,1.0,1,0.65776336
RW20,17,0.5820605296821747,3,1.0,1,0.6440363
RW20,18,0.5804741522197471,3,1.0,1,0.6346859
RW20,19,0.5639793794393497,3,1.0,1,0.62207425
RW20,20,0.5476026934841127,3,1.0,1,0.6097209
RW20,21,0.5407359137083738,3,1.0,1,0.597191
RW20,22,0.5401899372028007,3,1.0,1,0.5858644
RW20,23,0.5259580191685468,3,1.0,1,0.5747782
RW20,24,0.524283560758304,3,1.0,1,0.564569
RW20,25,0.5048560598498573,3,1.0,1,0.5546074
RW20,26,0.5036897444478489,3,1.0,1,0.544948
RW20,27,0.4887815943950674,3,1.0,1,0.53584605
RW20,28,0.5028952410024843,3,1.0,1,0.5274111
RW24,0,1.0,3,1.0,1,1.0016351
RW24,1,0.9725958189735046,3,1.0,1,0.97346133
RW24,2,0.9552453496230082,3,1.0,1,0.94009465
RW24,3,0.9372884939407097,3,1.0,1,0.9082547
RW24,4,0.9062221635651304,3,1.0,1,0.8776324
RW24,5,0.8678749453601385,3,1.0,1,0.84889835
RW24,6,0.8383945015233694,3,1.0,1,0.8232541
RW24,7,0.8199385440731278,3,1.0,1,0.79957217
RW24,8,0.8089491471012369,3,1.0,1,0.7771052
RW24,9,0.7944160791948103,3,1.0,1,0.7554976
RW24,10,0.7784916143400717,3,1.0,1,0.73479897
RW28,0,1.0,3,1.0,1,1.0010035
RW28,1,0.9767401325580581,3,1.0,1,0.9753544
RW28,2,0.9572756800225528,3,1.0,1,0.9499473
RW28,3,0.9394102380666421,3,1.0,1,0.9302551
RW28,4,0.919531099054294,3,1.0,1,0.9132371
RW28,5,0.900309919399877,3,1.0,1,0.896302
RW28,6,0.8774347131347013,3,1.0,1,0.8802135
RW28,7,0.8608166536988782,3,1.0,1,0.86596274
RW28,8,0.8490784643422473,3,1.0,1,0.85214293
RW28,9,0.8374593566091235,3,1.0,1,0.8377675
RW28,10,0.8307557480117016,3,1.0,1,0.8234443
RW28,11,0.8209258698387562,3,1.0,1,0.80876887
RW6,0,1.0,3,1.0,1,0.9992658
RW6,1,0.9648502435502201,3,1.0,1,0.96058047
RW6,2,0.9329921152642804,3,1.0,1,0.92588323
RW6,3,0.9139749601773408,3,1.0,1,0.89046645
RW6,4,0.8809638320161228,3,1.0,1,0.85565
RW6,5,0.8518059593208507,3,1.0,1,0.8215431
RW6,6,0.8248471372067737,3,1.0,1,0.78931934
RW6,7,0.8047160673897786,3,1.0,1,0.75961477
RW6,8,0.7758839773727937,3,1.0,1,0.7402774
RW6,9,0.7287295594072909,3,1.0,1,0.7128143
RW6,10,0.6794846599462181,3,1.0,1,0.68635595
RW8,0,1.0,3,1.0,1,0.9947594
RW8,1,0.9538996910045201,3,1.0,1,0.9652752
RW8,2,0.9170337737145522,3,1.0,1,0.9449742
RW8,3,0.8811796038492549,3,1.0,1,0.9221779
RW8,4,0.8593893885316382,3,1.0,1,0.9011203
RW8,5,0.8277539857271006,3,1.0,1,0.8805352
RW8,6,0.8057974874661933,3,1.0,1,0.84536177
RW8,7,0.7930034466899822,3,1.0,1,0.82889676
RW8,8,0.7770929791397136,3,1.0,1,0.81270015
RW8,9,0.7619762421461702,3,1.0,1,0.79689604
RW8,10,0.7433319402014317,3,1.0,1,0.78159946
RW8,11,0.7696628567131956,3,1.0,1,0.76493734
RW8,12,0.740562427057364,3,1.0,1,0.74760485
RW8,13,0.7147522177902553,3,1.0,1,0.7313032
RW8,14,0.6902828531108213,3,1.0,1,0.7168107
RW8,15,0.669538500278939,3,1.0,1,0.7017629
RW8,16,0.6448644165545862,3,1.0,1,0.6864917
RW8,17,0.6225776414566216,3,1.0,1,0.67126733
RW8,18,0.6151773487241754,3,1.0,1,0.6552791
RW8,19,0.6138713970198927,3,1.0,1,0.63896435
RW8,20,0.6501051843741891,3,1.0,1,0.6173364
RW8,21,0.5891201738908819,3,1.0,1,0.60049254
RW8,22,0.542154015105283,3,1.0,1,0.5847181
RW12,0,1.0,3,1.0,2,1.002506
RW12,1,0.9894632882172221,3,1.0,2,0.9792396
RW12,2,0.97868692158744,3,1.0,2,0.95939076
RW12,3,0.9668253675860224,3,1.0,2,0.93840724
RW12,4,0.9595351332482841,3,1.0,2,0.91555226
RW12,5,0.9425395856201333,3,1.0,2,0.8937578
RW12,6,0.9179237200116072,3,1.0,2,0.86634976
RW12,7,0.895972375242499,3,1.0,2,0.8350071
RW12,8,0.8781986993638894,3,1.0,2,0.8038053
RW12,9,0.8560774866359618,3,1.0,2,0.77581334
RW12,10,0.8450510763252,3,1.0,2,0.7509458
RW12,11,0.833609165097995,3,1.0,2,0.72621596
RW12,12,0.8224867641248257,3,1.0,2,0.7047406
RW12,13,0.8112046941613273,3,1.0,2,0.685087
RW12,14,0.8324148707378292,3,1.0,2,0.6895005
RW12,15,0.8187480106932906,3,1.0,2,0.6781876
RW12,16,0.8063357850884304,3,1.0,2,0.66535485
RW12,17,0.795247354785992,3,1.0,2,0.6531801
RW12,18,0.7786686371332949,3,1.0,2,0.64057577
RW12,19,0.7683124274417916,3,1.0,2,0.63203776
RW12,20,0.75692570834778,3,1.0,2,0.6242484
RW12,21,0.7461680205746775,3,1.0,2,0.6175243
RW12,22,0.7359515360207755,3,1.0,2,0.611752
RW12,23,0.7186921615324031,3,1.0,2,0.6060448
RW12,24,0.7048109927006182,3,1.0,2,0.6006303
RW12,25,0.6987524864491403,3,1.0,2,0.59538764
RW12,26,0.688736379793022,3,1.0,2,0.59042263
RW12,27,0.6752978487151472,3,1.0,2,0.58484745
RW12,28,0.6697649501501854,3,1.0,2,0.57908255
RW12,29,0.6581999973939088,3,1.0,2,0.57286036
RW12,30,0.6472474633838574,3,1.0,2,0.5661799
RW12,31,0.6584047219522146,3,1.0,2,0.5409274
RW12,32,0.6148650912610487,3,1.0,2,0.5305476
RW12,33,0.6035612126459146,3,1.0,2,0.5202116
RW12,34,0.5621434198182286,3,1.0,2,0.5092813
RW12,35,0.5487224937943592,3,1.0,2,0.4995653
RW12,36,0.5308620689275264,3,1.0,2,0.48796862
RW12,37,0.5203234893585551,3,1.0,2,0.47671854
RW16,0,1.0,3,1.0,2,1.0044143
RW16,1,0.9425621054107856,3,1.0,2,0.9579011
RW16,2,0.9122274948612392,3,1.0,2,0.90705794
RW16,3,0.8594705171754466,3,1.0,2,0.87014854
RW16,4,0.8226094846921671,3,1.0,2,0.8354444
RW16,5,0.7871316183203024,3,1.0,2,0.8034179
RW16,6,0.7482387904167098,3,1.0,2,0.77168226
RW16,7,0.7062023643394817,3,1.0,2,0.74107474
RW16,8,0.6827160587550286,3,1.0,2,0.71384245
RW16,9,0.6615821949474906,3,1.0,2,0.6864382
RW16,10,0.5661453405330296,3,1.0,2,0.5251546
RW16,11,0.5408575218936945,3,1.0,2,0.50406456
RW16,12,0.5381706456914773,3,1.0,2,0.4854514
RW16,13,0.5084526916129031,3,1.0,2,0.4684533
RW16,14,0.4924790862619698,3,1.0,2,0.4522034
RW16,15,0.4893788571270426,3,1.0,2,0.43815744
RW16,16,0.4780194546133679,3,1.0,2,0.4261114
RW16,17,0.4636102907262206,3,1.0,2,0.4143172
RW16,18,0.44956410860533774,3,1.0,2,0.40340877
RW20,0,1.0,3,1.0,2,1.0052876
RW20,1,1.0021910813400627,3,1.0,2,0.9869658
RW20,2,0.9599630275408247,3,1.0,2,0.9564971
RW20,3,0.9389439105355176,3,1.0,2,0.9298401
RW20,4,0.9095890303731204,3,1.0,2,0.9010098
RW20,5,0.8787736467512757,3,1.0,2,0.8739517
RW20,6,0.8469654599736883,3,1.0,2,0.847743
RW20,7,0.8099479091448711,3,1.0,2,0.82285637
RW20,8,0.7796407513733017,3,1.0,2,0.7988914
RW20,9,0.7362874771776192,3,1.0,2,0.7780934
RW20,10,0.7063011689898246,3,1.0,2,0.7582012
RW20,11,0.6860250235969596,3,1.0,2,0.7396267
RW20,12,0.6622238399306097,3,1.0,2,0.72220504
RW20,13,0.6407819061950949,3,1.0,2,0.70550376
RW20,14,0.6222273101754456,3,1.0,2,0.6890192
RW20,15,0.6032903401297325,3,1.0,2,0.6733668
RW20,16,0.5865757619049117,3,1.0,2,0.65887713
RW20,17,0.5820605296821747,3,1.0,2,0.6449536
RW20,18,0.5804741522197471,3,1.0,2,0.63544375
RW20,19,0.5639793794393497,3,1.0,2,0.62253
RW20,20,0.5476026934841127,3,1.0,2,0.6097939
RW20,21,0.5407359137083738,3,1.0,2,0.59683484
RW20,22,0.5401899372028007,3,1.0,2,0.5850495
RW20,23,0.5259580191685468,3,1.0,2,0.57344174
RW20,24,0.524283560758304,3,1.0,2,0.5626843
RW20,25,0.5048560598498573,3,1.0,2,0.5520629
RW20,26,0.5036897444478489,3,1.0,2,0.54170454
RW20,27,0.4887815943950674,3,1.0,2,0.53179985
RW20,28,0.5028952410024843,3,1.0,2,0.5226157
RW24,0,1.0,3,1.0,2,1.0011309
RW24,1,0.9725958189735046,3,1.0,2,0.97818065
RW24,2,0.9552453496230082,3,1.0,2,0.9448737
RW24,3,0.9372884939407097,3,1.0,2,0.91271025
RW24,4,0.9062221635651304,3,1.0,2,0.8812583
RW24,5,0.8678749453601385,3,1.0,2,0.85157514
RW24,6,0.8383945015233694,3,1.0,2,0.82508135
RW24,7,0.8199385440731278,3,1.0,2,0.80069786
RW24,8,0.8089491471012369,3,1.0,2,0.777987
RW24,9,0.7944160791948103,3,1.0,2,0.75646937
RW24,10,0.7784916143400717,3,1.0,2,0.7361163
RW28,0,1.0,3,1.0,2,1.00037
RW28,1,0.9767401325580581,3,1.0,2,0.9706616
RW28,2,0.9572756800225528,3,1.0,2,0.9473388
RW28,3,0.9394102380666421,3,1.0,2,0.9272913
RW28,4,0.919531099054294,3,1.0,2,0.9094361
RW28,5,0.900309919399877,3,1.0,2,0.8926174
RW28,6,0.8774347131347013,3,1.0,2,0.87678325
RW28,7,0.8608166536988782,3,1.0,2,0.862435
RW28,8,0.8490784643422473,3,1.0,2,0.8489415
RW28,9,0.8374593566091235,3,1.0,2,0.83519524
RW28,10,0.8307557480117016,3,1.0,2,0.8216785
RW28,11,0.8209258698387562,3,1.0,2,0.80787957
RW6,0,1.0,3,1.0,2,0.99831927
RW6,1,0.9648502435502201,3,1.0,2,0.957708
RW6,2,0.9329921152642804,3,1.0,2,0.92260814
RW6,3,0.9139749601773408,3,1.0,2,0.88751507
RW6,4,0.8809638320161228,3,1.0,2,0.8531977
RW6,5,0.8518059593208507,3,1.0,2,0.8198957
RW6,6,0.8248471372067737,3,1.0,2,0.78831434
RW6,7,0.8047160673897786,3,1.0,2,0.7592423
RW6,8,0.7758839773727937,3,1.0,2,0.74026227
RW6,9,0.7287295594072909,3,1.0,2,0.7129684
RW6,10,0.6794846599462181,3,1.0,2,0.68640304
RW8,0,1.0,3,1.0,2,0.99311984
RW8,1,0.9538996910045201,3,1.0,2,0.96360743
RW8,2,0.9170337737145522,3,1.0,2,0.94426394
RW8,3,0.8811796038492549,3,1.0,2,0.92238265
RW8,4,0.8593893885316382,3,1.0,2,0.9019573
RW8,5,0.8277539857271006,3,1.0,2,0.88166153
RW8,6,0.8057974874661933,3,1.0,2,0.8467016
RW8,7,0.7930034466899822,3,1.0,2,0.8298629
RW8,8,0.7770929791397136,3,1.0,2,0.813233
RW8,9,0.7619762421461702,3,1.0,2,0.796996
RW8,10,0.7433319402014317,3,1.0,2,0.7812959
RW8,11,0.7696628567131956,3,1.0,2,0.76467884
RW8,12,0.740562427057364,3,1.0,2,0.74730855
RW8,13,0.7147522177902553,3,1.0,2,0.7312262
RW8,14,0.6902828531108213,3,1.0,2,0.71715647
RW8,15,0.669538500278939,3,1.0,2,0.70261025
RW8,16,0.6448644165545862,3,1.0,2,0.6878613
RW8,17,0.6225776414566216,3,1.0,2,0.67307186
RW8,18,0.6151773487241754,3,1.0,2,0.6574414
RW8,19,0.6138713970198927,3,1.0,2,0.641456
RW8,20,0.6501051843741891,3,1.0,2,0.6201568
RW8,21,0.5891201738908819,3,1.0,2,0.6035658
RW8,22,0.542154015105283,3,1.0,2,0.5880461
RW12,0,1.0,3,1.0,3,1.0016675
RW12,1,0.9894632882172221,3,1.0,3,0.975677
RW12,2,0.97868692158744,3,1.0,3,0.9552533
RW12,3,0.9668253675860224,3,1.0,3,0.9339336
RW12,4,0.9595351332482841,3,1.0,3,0.91130215
RW12,5,0.9425395856201333,3,1.0,3,0.8898574
RW12,6,0.9179237200116072,3,1.0,3,0.86341614
RW12,7,0.895972375242499,3,1.0,3,0.83326936
RW12,8,0.8781986993638894,3,1.0,3,0.80302054
RW12,9,0.8560774866359618,3,1.0,3,0.7752616
RW12,10,0.8450510763252,3,1.0,3,0.75033444
RW12,11,0.833609165097995,3,1.0,3,0.72531116
RW12,12,0.8224867641248257,3,1.0,3,0.7034905
RW12,13,0.8112046941613273,3,1.0,3,0.68343234
RW12,14,0.8324148707378292,3,1.0,3,0.6858656
RW12,15,0.8187480106932906,3,1.0,3,0.67389816
RW12,16,0.8063357850884304,3,1.0,3,0.6606773
RW12,17,0.795247354785992,3,1.0,3,0.64816415
RW12,18,0.7786686371332949,3,1.0,3,0.635688
RW12,19,0.7683124274417916,3,1.0,3,0.6271994
RW12,20,0.75692570834778,3,1.0,3,0.6198119
RW12,21,0.7461680205746775,3,1.0,3,0.6133833
RW12,22,0.7359515360207755,3,1.0,3,0.6080121
RW12,23,0.7186921615324031,3,1.0,3,0.60249716
RW12,24,0.7048109927006182,3,1.0,3,0.597521
RW12,25,0.6987524864491403,3,1.0,3,0.59237504
RW12,26,0.688736379793022,3,1.0,3,0.5875567
RW12,27,0.6752978487151472,3,1.0,3,0.58195305
RW12,28,0.6697649501501854,3,1.0,3,0.5761326
RW12,29,0.6581999973939088,3,1.0,3,0.5696574
RW12,30,0.6472474633838574,3,1.0,3,0.56282866
RW12,31,0.6584047219522146,3,1.0,3,0.5370786
RW12,32,0.6148650912610487,3,1.0,3,0.5271911
RW12,33,0.6035612126459146,3,1.0,3,0.5171919
RW12,34,0.5621434198182286,3,1.0,3,0.5070056
RW12,35,0.5487224937943592,3,1.0,3,0.4979198
RW12,36,0.5308620689275264,3,1.0,3,0.48725152
RW12,37,0.5203234893585551,3,1.0,3,0.47695303
RW16,0,1.0,3,1.0,3,1.0030067
RW16,1,0.9425621054107856,3,1.0,3,0.95941603
RW16,2,0.9122274948612392,3,1.0,3,0.9092767
RW16,3,0.8594705171754466,3,1.0,3,0.8718781
RW16,4,0.8226094846921671,3,1.0,3,0.8366562
RW16,5,0.7871316183203024,3,1.0,3,0.8040123
RW16,6,0.7482387904167098,3,1.0,3,0.77182335
RW16,7,0.7062023643394817,3,1.0,3,0.74090165
RW16,8,0.6827160587550286,3,1.0,3,0.71361905
RW16,9,0.6615821949474906,3,1.0,3,0.6863724
RW16,10,0.5661453405330296,3,1.0,3,0.52888954
RW16,11,0.5408575218936945,3,1.0,3,0.5075902
RW16,12,0.5381706456914773,3,1.0,3,0.48879528
RW16,13,0.5084526916129031,3,1.0,3,0.47117025
RW16,14,0.4924790862619698,3,1.0,3,0.45414704
RW16,15,0.4893788571270426,3,1.0,3,0.4395662
RW16,16,0.4780194546133679,3,1.0,3,0.42702413
RW16,17,0.4636102907262206,3,1.0,3,0.41467088
RW16,18,0.44956410860533774,3,1.0,3,0.40334338
RW20,0,1.0,3,1.0,3,1.0036819
RW20,1,1.0021910813400627,3,1.0,3,1.0006075
RW20,2,0.9599630275408247,3,1.0,3,0.9593639
RW20,3,0.9389439105355176,3,1.0,3,0.9318583
RW20,4,0.9095890303731204,3,1.0,3,0.90451825
RW20,5,0.8787736467512757,3,1.0,3,0.87885344
RW20,6,0.8469654599736883,3,1.0,3,0.8528885
RW20,7,0.8099479091448711,3,1.0,3,0.82770604
RW20,8,0.7796407513733017,3,1.0,3,0.8028817
RW20,9,0.7362874771776192,3,1.0,3,0.78131676
RW20,10,0.7063011689898246,3,1.0,3,0.7609891
RW20,11,0.6860250235969596,3,1.0,3,0.74234605
RW20,12,0.6622238399306097,3,1.0,3,0.72527313
RW20,13,0.6407819061950949,3,1.0,3,0.7090808
RW20,14,0.6222273101754456,3,1.0,3,0.69322824
RW20,15,0.6032903401297325,3,1.0,3,0.67824984
RW20,16,0.5865757619049117,3,1.0,3,0.66431534
RW20,17,0.5820605296821747,3,1.0,3,0.6508589
RW20,18,0.5804741522197471,3,1.0,3,0.64161015
RW20,19,0.5639793794393497,3,1.0,3,0.62892103
RW20,20,0.5476026934841127,3,1.0,3,0.6161889
RW20,21,0.5407359137083738,3,1.0,3,0.60308826
RW20,22,0.5401899372028007,3,1.0,3,0.5910251
RW20,23,0.5259580191685468,3,1.0,3,0.57895935
RW20,24,0.524283560758304,3,1.0,3,0.5676477
RW20,25,0.5048560598498573,3,1.0,3,0.55625653
RW20,26,0.5036897444478489,3,1.0,3,0.5450851
RW20,27,0.4887815943950674,3,1.0,3,0.5341921
RW20,28,0.5028952410024843,3,1.0,3,0.5241709
RW24,0,1.0,3,1.0,3,1.0003823
RW24,1,0.9725958189735046,3,1.0,3,0.9782237
RW24,2,0.9552453496230082,3,1.0,3,0.94234407
RW24,3,0.9372884939407097,3,1.0,3,0.90877926
RW24,4,0.9062221635651304,3,1.0,3,0.8769323
RW24,5,0.8678749453601385,3,1.0,3,0.8473808
RW24,6,0.8383945015233694,3,1.0,3,0.8212713
RW24,7,0.8199385440731278,3,1.0,3,0.7973181
RW24,8,0.8089491471012369,3,1.0,3,0.77482235
RW24,9,0.7944160791948103,3,1.0,3,0.7535266
RW24,10,0.7784916143400717,3,1.0,3,0.7333851
RW28,0,1.0,3,1.0,3,0.99984413
RW28,1,0.9767401325580581,3,1.0,3,0.9694442
RW28,2,0.9572756800225528,3,1.0,3,0.94659495
RW28,3,0.9394102380666421,3,1.0,3,0.92747426
RW28,4,0.919531099054294,3,1.0,3,0.9102318
RW28,5,0.900309919399877,3,1.0,3,0.8938873
RW28,6,0.8774347131347013,3,1.0,3,0.878265
RW28,7,0.8608166536988782,3,1.0,3,0.8639497
RW28,8,0.8490784643422473,3,1.0,3,0.8501932
RW28,9,0.8374593566091235,3,1.0,3,0.83628875
RW28,10,0.8307557480117016,3,1.0,3,0.8226491
RW28,11,0.8209258698387562,3,1.0,3,0.808746
RW6,0,1.0,3,1.0,3,0.99687105
RW6,1,0.9648502435502201,3,1.0,3,0.960387
RW6,2,0.9329921152642804,3,1.0,3,0.9248648
RW6,3,0.9139749601773408,3,1.0,3,0.8893414
RW6,4,0.8809638320161228,3,1.0,3,0.8545144
RW6,5,0.8518059593208507,3,1.0,3,0.8207976
RW6,6,0.8248471372067737,3,1.0,3,0.788794
RW6,7,0.8047160673897786,3,1.0,3,0.7593076
RW6,8,0.7758839773727937,3,1.0,3,0.7400645
RW6,9,0.7287295594072909,3,1.0,3,0.7125013
RW6,10,0.6794846599462181,3,1.0,3,0.68611205
RW8,0,1.0,3,1.0,3,0.9911946
RW8,1,0.9538996910045201,3,1.0,3,0.96621615
RW8,2,0.9170337737145522,3,1.0,3,0.9456225
RW8,3,0.8811796038492549,3,1.0,3,0.92271084
RW8,4,0.8593893885316382,3,1.0,3,0.9017989
RW8,5,0.8277539857271006,3,1.0,3,0.8817211
RW8,6,0.8057974874661933,3,1.0,3,0.84657264
RW8,7,0.7930034466899822,3,1.0,3,0.82975006
RW8,8,0.7770929791397136,3,1.0,3,0.81298715
RW8,9,0.7619762421461702,3,1.0,3,0.7964734
RW8,10,0.7433319402014317,3,1.0,3,0.78037566
RW8,11,0.7696628567131956,3,1.0,3,0.7624871
RW8,12,0.740562427057364,3,1.0,3,0.7441265
RW8,13,0.7147522177902553,3,1.0,3,0.72700465
RW8,14,0.6902828531108213,3,1.0,3,0.71217644
RW8,15,0.669538500278939,3,1.0,3,0.6971264
RW8,16,0.6448644165545862,3,1.0,3,0.6822752
RW8,17,0.6225776414566216,3,1.0,3,0.66770506
RW8,18,0.6151773487241754,3,1.0,3,0.6525916
RW8,19,0.6138713970198927,3,1.0,3,0.63752747
RW8,20,0.6501051843741891,3,1.0,3,0.6181251
RW8,21,0.5891201738908819,3,1.0,3,0.6030084
RW8,22,0.542154015105283,3,1.0,3,0.5892862
RW12,0,1.0,3,1.0,4,1.0033078
RW12,1,0.9894632882172221,3,1.0,4,0.9803569
RW12,2,0.97868692158744,3,1.0,4,0.9578487
RW12,3,0.9668253675860224,3,1.0,4,0.93549633
RW12,4,0.9595351332482841,3,1.0,4,0.9119955
RW12,5,0.9425395856201333,3,1.0,4,0.89019716
RW12,6,0.9179237200116072,3,1.0,4,0.8633398
RW12,7,0.895972375242499,3,1.0,4,0.8332345
RW12,8,0.8781986993638894,3,1.0,4,0.80328673
RW12,9,0.8560774866359618,3,1.0,4,0.77616656
RW12,10,0.8450510763252,3,1.0,4,0.7517885
RW12,11,0.833609165097995,3,1.0,4,0.72727096
RW12,12,0.8224867641248257,3,1.0,4,0.7056902
RW12,13,0.8112046941613273,3,1.0,4,0.6856838
RW12,14,0.8324148707378292,3,1.0,4,0.6902868
RW12,15,0.8187480106932906,3,1.0,4,0.6784763
RW12,16,0.8063357850884304,3,1.0,4,0.66508305
RW12,17,0.795247354785992,3,1.0,4,0.65223074
RW12,18,0.7786686371332949,3,1.0,4,0.63900924
RW12,19,0.7683124274417916,3,1.0,4,0.6299796
RW12,20,0.75692570834778,3,1.0,4,0.6219255
RW12,21,0.7461680205746775,3,1.0,4,0.6149575
RW12,22,0.7359515360207755,3,1.0,4,0.6090974
RW12,23,0.7186921615324031,3,1.0,4,0.60322034
RW12,24,0.7048109927006182,3,1.0,4,0.59789276
RW12,25,0.6987524864491403,3,1.0,4,0.59254915
RW12,26,0.688736379793022,3,1.0,4,0.58760524
RW12,27,0.6752978487151472,3,1.0,4,0.58193254
RW12,28,0.6697649501501854,3,1.0,4,0.57616657
RW12,29,0.6581999973939088,3,1.0,4,0.5698076
RW12,30,0.6472474633838574,3,1.0,4,0.563166
RW12,31,0.6584047219522146,3,1.0,4,0.5354402
RW12,32,0.6148650912610487,3,1.0,4,0.52531475
RW12,33,0.6035612126459146,3,1.0,4,0.5151356
RW12,34,0.5621434198182286,3,1.0,4,0.50442916
RW12,35,0.5487224937943592,3,1.0,4,0.49483174
RW12,36,0.5308620689275264,3,1.0,4,0.48326308
RW12,37,0.5203234893585551,3,1.0,4,0.4720419
RW16,0,1.0,3,1.0,4,1.0029024
RW16,1,0.9425621054107856,3,1.0,4,0.9591636
RW16,2,0.9122274948612392,3,1.0,4,0.90838194
RW16,3,0.8594705171754466,3,1.0,4,0.8704477
RW16,4,0.8226094846921671,3,1.0,4,0.8351658
RW16,5,0.7871316183203024,3,1.0,4,0.8028341
RW16,6,0.7482387904167098,3,1.0,4,0.7709108
RW16,7,0.7062023643394817,3,1.0,4,0.740239
RW16,8,0.6827160587550286,3,1.0,4,0.7131395
RW16,9,0.6615821949474906,3,1.0,4,0.686008
RW16,10,0.5661453405330296,3,1.0,4,0.5281164
RW16,11,0.5408575218936945,3,1.0,4,0.5069976
RW16,12,0.5381706456914773,3,1.0,4,0.4882797
RW16,13,0.5084526916129031,3,1.0,4,0.47110313
RW16,14,0.4924790862619698,3,1.0,4,0.45468342
RW16,15,0.4893788571270426,3,1.0,4,0.44067818
RW16,16,0.4780194546133679,3,1.0,4,0.42890978
RW16,17,0.4636102907262206,3,1.0,4,0.4176876
RW16,18,0.44956410860533774,3,1.0,4,0.40772843
RW20,0,1.0,3,1.0,4,1.0036746
RW20,1,1.0021910813400627,3,1.0,4,1.0067453
RW20,2,0.9599630275408247,3,1.0,4,0.955337
RW20,3,0.9389439105355176,3,1.0,4,0.9289092
RW20,4,0.9095890303731204,3,1.0,4,0.90147203
RW20,5,0.8787736467512757,3,1.0,4,0.87737006
RW20,6,0.8469654599736883,3,1.0,4,0.8516388
RW20,7,0.8099479091448711,3,1.0,4,0.8262222
RW20,8,0.7796407513733017,3,1.0,4,0.8012811
RW20,9,0.7362874771776192,3,1.0,4,0.77944416
RW20,10,0.7063011689898246,3,1.0,4,0.7587272
RW20,11,0.6860250235969596,3,1.0,4,0.73954666
RW20,12,0.6622238399306097,3,1.0,4,0.7217427
RW20,13,0.6407819061950949,3,1.0,4,0.704816
RW20,14,0.6222273101754456,3,1.0,4,0.68816566
RW20,15,0.6032903401297325,3,1.0,4,0.67239845
RW20,16,0.5865757619049117,3,1.0,4,0.65785927
RW20,17,0.5820605296821747,3,1.0,4,0.6438531
RW20,18,0.5804741522197471,3,1.0,4,0.63428295
RW20,19,0.5639793794393497,3,1.0,4,0.62129587
RW20,20,0.5476026934841127,3,1.0,4,0.6085595
RW20,21,0.5407359137083738,3,1.0,4,0.5956016
RW20,22,0.5401899372028007,3,1.0,4,0.58389264
RW20,23,0.5259580191685468,3,1.0,4,0.57250357
RW20,24,0.524283560758304,3,1.0,4,0.5620849
RW20,25,0.5048560598498573,3,1.0,4,0.55206406
RW20,26,0.5036897444478489,3,1.0,4,0.5424745
RW20,27,0.4887815943950674,3,1.0,4,0.5336444
RW20,28,0.5028952410024843,3,1.0,4,0.52561945
RW24,0,1.0,3,1.0,4,1.0006127
RW24,1,0.9725958189735046,3,1.0,4,0.9795648
RW24,2,0.9552453496230082,3,1.0,4,0.94474596
RW24,3,0.9372884939407097,3,1.0,4,0.91147745
RW24,4,0.9062221635651304,3,1.0,4,0.87940836
RW24,5,0.8678749453601385,3,1.0,4,0.8494048
RW24,6,0.8383945015233694,3,1.0,4,0.8228892
RW24,7,0.8199385440731278,3,1.0,4,0.79863846
RW24,8,0.8089491471012369,3,1.0,4,0.7760645
RW24,9,0.7944160791948103,3,1.0,4,0.75473267
RW24,10,0.7784916143400717,3,1.0,4,0.7345255
RW28,0,1.0,3,1.0,4,1.0001669
RW28,1,0.9767401325580581,3,1.0,4,0.9696351
RW28,2,0.9572756800225528,3,1.0,4,0.94594467
RW28,3,0.9394102380666421,3,1.0,4,0.9268787
RW28,4,0.919531099054294,3,1.0,4,0.90984243
RW28,5,0.900309919399877,3,1.0,4,0.8935325
RW28,6,0.8774347131347013,3,1.0,4,0.87813246
RW28,7,0.8608166536988782,3,1.0,4,0.86416304
RW28,8,0.8490784643422473,3,1.0,4,0.8508023
RW28,9,0.8374593566091235,3,1.0,4,0.8370752
RW28,10,0.8307557480117016,3,1.0,4,0.8234282
RW28,11,0.8209258698387562,3,1.0,4,0.80917835
RW6,0,1.0,3,1.0,4,0.9975782
RW6,1,0.9648502435502201,3,1.0,4,0.96223015
RW6,2,0.9329921152642804,3,1.0,4,0.92620033
RW6,3,0.9139749601773408,3,1.0,4,0.89000523
RW6,4,0.8809638320161228,3,1.0,4,0.85475695
RW6,5,0.8518059593208507,3,1.0,4,0.8207545
RW6,6,0.8248471372067737,3,1.0,4,0.7886534
RW6,7,0.8047160673897786,3,1.0,4,0.7592883
RW6,8,0.7758839773727937,3,1.0,4,0.7403244
RW6,9,0.7287295594072909,3,1.0,4,0.71316004
RW6,10,0.6794846599462181,3,1.0,4,0.6869394
RW8,0,1.0,3,1.0,4,0.9914726
RW8,1,0.9538996910045201,3,1.0,4,0.9675532
RW8,2,0.9170337737145522,3,1.0,4,0.9459174
RW8,3,0.8811796038492549,3,1.0,4,0.9224954
RW8,4,0.8593893885316382,3,1.0,4,0.9010395
RW8,5,0.8277539857271006,3,1.0,4,0.88106817
RW8,6,0.8057974874661933,3,1.0,4,0.8465378
RW8,7,0.7930034466899822,3,1.0,4,0.8302103
RW8,8,0.7770929791397136,3,1.0,4,0.8139969
RW8,9,0.7619762421461702,3,1.0,4,0.79802465
RW8,10,0.7433319402014317,3,1.0,4,0.78241646
RW8,11,0.7696628567131956,3,1.0,4,0.7653892
RW8,12,0.740562427057364,3,1.0,4,0.7476658
RW8,13,0.7147522177902553,3,1.0,4,0.731145
RW8,14,0.6902828531108213,3,1.0,4,0.71665955
RW8,15,0.669538500278939,3,1.0,4,0.7017802
RW8,16,0.6448644165545862,3,1.0,4,0.6868329
RW8,17,0.6225776414566216,3,1.0,4,0.671971
RW8,18,0.6151773487241754,3,1.0,4,0.6563797
RW8,19,0.6138713970198927,3,1.0,4,0.6404819
RW8,20,0.6501051843741891,3,1.0,4,0.61933905
RW8,21,0.5891201738908819,3,1.0,4,0.602759
RW8,22,0.542154015105283,3,1.0,4,0.5872589
RW12,0,1.0,3,0.5,0,1.0021956
RW12,1,0.9894632882172221,3,0.5,0,0.97971654
RW12,2,0.97868692158744,3,0.5,0,0.957041
RW12,3,0.9668253675860224,3,0.5,0,0.9344012
RW12,4,0.9595351332482841,3,0.5,0,0.9106114
RW12,5,0.9425395856201333,3,0.5,0,0.8883505
RW12,6,0.9179237200116072,3,0.5,0,0.8612976
RW12,7,0.895972375242499,3,0.5,0,0.83145344
RW12,8,0.8781986993638894,3,0.5,0,0.80220383
RW12,9,0.8560774866359618,3,0.5,0,0.77568567
RW12,10,0.8450510763252,3,0.5,0,0.7520012
RW12,11,0.833609165097995,3,0.5,0,0.72838867
RW12,12,0.8224867641248257,3,0.5,0,0.707668
RW12,13,0.8112046941613273,3,0.5,0,0.68840814
RW12,14,0.8324148707378292,3,0.5,0,0.6913396
RW12,15,0.8187480106932906,3,0.5,0,0.6800946
RW12,16,0.8063357850884304,3,0.5,0,0.6674942
RW12,17,0.795247354785992,3,0.5,0,0.6552932
RW12,18,0.7786686371332949,3,0.5,0,0.6426107
RW12,19,0.7683124274417916,3,0.5,0,0.6338498
RW12,20,0.75692570834778,3,0.5,0,0.62590843
RW12,21,0.7461680205746775,3,0.5,0,0.6190016
RW12,22,0.7359515360207755,3,0.5,0,0.613101
RW12,23,0.7186921615324031,3,0.5,0,0.60709953
RW12,24,0.7048109927006182,3,0.5,0,0.6015151
RW12,25,0.6987524864491403,3,0.5,0,0.5958996
RW12,26,0.688736379793022,3,0.5,0,0.59082806
RW12,27,0.6752978487151472,3,0.5,0,0.5848911
RW12,28,0.6697649501501854,3,0.5,0,0.5787412
RW12,29,0.6581999973939088,3,0.5,0,0.571913
RW12,30,0.6472474633838574,3,0.5,0,0.56466043
RW12,31,0.6584047219522146,3,0.5,0,0.53944427
RW12,32,0.6148650912610487,3,0.5,0,0.5288067
RW12,33,0.6035612126459146,3,0.5,0,0.51816916
RW12,34,0.5621434198182286,3,0.5,0,0.5072699
RW12,35,0.5487224937943592,3,0.5,0,0.49755293
RW12,36,0.5308620689275264,3,0.5,0,0.4862761
RW12,37,0.5203234893585551,3,0.5,0,0.47535515
RW16,0,1.0,3,0.5,0,1.0038301
RW16,1,0.9425621054107856,3,0.5,0,0.96056837
RW16,2,0.9122274948612392,3,0.5,0,0.9114647
RW16,3,0.8594705171754466,3,0.5,0,0.8732704
RW16,4,0.8226094846921671,3,0.5,0,0.8372833
RW16,5,0.7871316183203024,3,0.5,0,0.8042046
RW16,6,0.7482387904167098,3,0.5,0,0.77179354
RW16,7,0.7062023643394817,3,0.5,0,0.74057394
RW16,8,0.6827160587550286,3,0.5,0,0.7129525
RW16,9,0.6615821949474906,3,0.5,0,0.6852176
RW16,10,0.5661453405330296,3,0.5,0,0.5264525
RW16,11,0.5408575218936945,3,0.5,0,0.5052015
RW16,12,0.5381706456914773,3,0.5,0,0.4866196
RW16,13,0.5084526916129031,3,0.5,0,0.4696896
RW16,14,0.4924790862619698,3,0.5,0,0.45375443
RW16,15,0.4893788571270426,3,0.5,0,0.44033897
RW16,16,0.4780194546133679,3,0.5,0,0.42906064
RW16,17,0.4636102907262206,3,0.5,0,0.41827023
RW16,18,0.44956410860533774,3,0.5,0,0.4086039
RW20,0,1.0,3,0.5,0,1.0045767
RW20,1,1.0021910813400627,3,0.5,0,1.0097215
RW20,2,0.9599630275408247,3,0.5,0,0.9423706
RW20,3,0.9389439105355176,3,0.5,0,0.9187844
RW20,4,0.9095890303731204,3,0.5,0,0.8926913
RW20,5,0.8787736467512757,3,0.5,0,0.8716028
RW20,6,0.8469654599736883,3,0.5,0,0.8482501
RW20,7,0.8099479091448711,3,0.5,0,0.82461196
RW20,8,0.7796407513733017,3,0.5,0,0.8009081
RW20,9,0.7362874771776192,3,0.5,0,0.7796716
RW20,10,0.7063011689898246,3,0.5,0,0.75916153
RW20,11,0.6860250235969596,3,0.5,0,0.7400662
RW20,12,0.6622238399306097,3,0.5,0,0.722164
RW20,13,0.6407819061950949,3,0.5,0,0.70506907
RW20,14,0.6222273101754456,3,0.5,0,0.6882941
RW20,15,0.6032903401297325,3,0.5,0,0.6724726
RW20,16,0.5865757619049117,3,0.5,0,0.65786874
RW20,17,0.5820605296821747,3,0.5,0,0.6438997
RW20,18,0.5804741522197471,3,0.5,0,0.6343479
RW20,19,0.5639793794393497,3,0.5,0,0.621452
RW20,20,0.5476026934841127,3,0.5,0,0.6087562
RW20,21,0.5407359137083738,3,0.5,0,0.59581786
RW20,22,0.5401899372028007,3,0.5,0,0.58412135
RW20,23,0.5259580191685468,3,0.5,0,0.57263255
RW20,24,0.524283560758304,3,0.5,0,0.5620636
RW20,25,0.5048560598498573,3,0.5,0,0.5516573
RW20,26,0.5036897444478489,3,0.5,0,0.54152554
RW20,27,0.4887815943950674,3,0.5,0,0.5319197
RW20,28,0.5028952410024843,3,0.5,0,0.5230666
RW24,0,1.0,3,0.5,0,0.9998227
RW24,1,0.9725958189735046,3,0.5,0,0.97585446
RW24,2,0.9552453496230082,3,0.5,0,0.94175065
RW24,3,0.9372884939407097,3,0.5,0,0.9099655
RW24,4,0.9062221635651304,3,0.5,0,0.8797723
RW24,5,0.8678749453601385,3,0.5,0,0.8513702
RW24,6,0.8383945015233694,3,0.5,0,0.8257981
RW24,7,0.8199385440731278,3,0.5,0,0.8015572
RW24,8,0.8089491471012369,3,0.5,0,0.7777527
RW24,9,0.7944160791948103,3,0.5,0,0.75414157
RW24,10,0.7784916143400717,3,0.5,0,0.73084646
RW28,0,1.0,3,0.5,0,0.99862885
RW28,1,0.9767401325580581,3,0.5,0,0.963803
RW28,2,0.9572756800225528,3,0.5,0,0.9428921
RW28,3,0.9394102380666421,3,0.5,0,0.9268676
RW28,4,0.919531099054294,3,0.5,0,0.91233635
RW28,5,0.900309919399877,3,0.5,0,0.89779675
RW28,6,0.8774347131347013,3,0.5,0,0.8832015
RW28,7,0.8608166536988782,3,0.5,0,0.8695903
RW28,8,0.8490784643422473,3,0.5,0,0.8554956
RW28,9,0.8374593566091235,3,0.5,0,0.8403515
RW28,10,0.8307557480117016,3,0.5,0,0.8247969
RW28,11,0.8209258698387562,3,0.5,0,0.8082523
RW6,0,1.0,3,0.5,0,0.99894094
RW6,1,0.9648502435502201,3,0.5,0,0.96518505
RW6,2,0.9329921152642804,3,0.5,0,0.93006015
RW6,3,0.9139749601773408,3,0.5,0,0.8940779
RW6,4,0.8809638320161228,3,0.5,0,0.85868114
RW6,5,0.8518059593208507,3,0.5,0,0.8242464
RW6,6,0.8248471372067737,3,0.5,0,0.7915513
RW6,7,0.8047160673897786,3,0.5,0,0.76144844
RW6,8,0.7758839773727937,3,0.5,0,0.7419399
RW6,9,0.7287295594072909,3,0.5,0,0.7139518
RW6,10,0.6794846599462181,3,0.5,0,0.68704724
RW8,0,1.0,3,0.5,0,0.9949262
RW8,1,0.9538996910045201,3,0.5,0,0.9699473
RW8,2,0.9170337737145522,3,0.5,0,0.9474459
RW8,3,0.8811796038492549,3,0.5,0,0.9229993
RW8,4,0.8593893885316382,3,0.5,0,0.9005247
RW8,5,0.8277539857271006,3,0.5,0,0.87928635
RW8,6,0.8057974874661933,3,0.5,0,0.842432
RW8,7,0.7930034466899822,3,0.5,0,0.8251847
RW8,8,0.7770929791397136,3,0.5,0,0.8084168
RW8,9,0.7619762421461702,3,0.5,0,0.79219157
RW8,10,0.7433319402014317,3,0.5,0,0.77665335
RW8,11,0.7696628567131956,3,0.5,0,0.7600001
RW8,12,0.740562427057364,3,0.5,0,0.7427046
RW8,13,0.7147522177902553,3,0.5,0,0.7266073
RW8,14,0.6902828531108213,3,0.5,0,0.7123798
RW8,15,0.669538500278939,3,0.5,0,0.69761336
RW8,16,0.6448644165545862,3,0.5,0,0.68266326
RW8,17,0.6225776414566216,3,0.5,0,0.66772854
RW8,18,0.6151773487241754,3,0.5,0,0.6519417
RW8,19,0.6138713970198927,3,0.5,0,0.63566244
RW8,20,0.6501051843741891,3,0.5,0,0.6138683
RW8,21,0.5891201738908819,3,0.5,0,0.596799
RW8,22,0.542154015105283,3,0.5,0,0.5810199
RW12,0,1.0,3,0.5,1,1.0039164
RW12,1,0.9894632882172221,3,0.5,1,0.9810593
RW12,2,0.97868692158744,3,0.5,1,0.9599073
RW12,3,0.9668253675860224,3,0.5,1,0.93833727
RW12,4,0.9595351332482841,3,0.5,1,0.9151222
RW12,5,0.9425395856201333,3,0.5,1,0.89338005
RW12,6,0.9179237200116072,3,0.5,1,0.8664562
RW12,7,0.895972375242499,3,0.5,1,0.8357698
RW12,8,0.8781986993638894,3,0.5,1,0.80515325
RW12,9,0.8560774866359618,3,0.5,1,0.7773819
RW12,10,0.8450510763252,3,0.5,1,0.7526089
RW12,11,0.833609165097995,3,0.5,1,0.7277734
RW12,12,0.8224867641248257,3,0.5,1,0.70593953
RW12,13,0.8112046941613273,3,0.5,1,0.68562806
RW12,14,0.8324148707378292,3,0.5,1,0.69298613
RW12,15,0.8187480106932906,3,0.5,1,0.6817707
RW12,16,0.8063357850884304,3,0.5,1,0.6687341
RW12,17,0.795247354785992,3,0.5,1,0.6561818
RW12,18,0.7786686371332949,3,0.5,1,0.64275587
RW12,19,0.7683124274417916,3,0.5,1,0.6337129
RW12,20,0.75692570834778,3,0.5,1,0.62548625
RW12,21,0.7461680205746775,3,0.5,1,0.61840993
RW12,22,0.7359515360207755,3,0.5,1,0.6124078
RW12,23,0.7186921615324031,3,0.5,1,0.60631335
RW12,24,0.7048109927006182,3,0.5,1,0.6007354
RW12,25,0.6987524864491403,3,0.5,1,0.5953857
RW12,26,0.688736379793022,3,0.5,1,0.5904838
RW12,27,0.6752978487151472,3,0.5,1,0.58487284
RW12,28,0.6697649501501854,3,0.5,1,0.57904243
RW12,29,0.6581999973939088,3,0.5,1,0.57264256
RW12,30,0.6472474633838574,3,0.5,1,0.565876
RW12,31,0.6584047219522146,3,0.5,1,0.5403551
RW12,32,0.6148650912610487,3,0.5,1,0.5297934
RW12,33,0.6035612126459146,3,0.5,1,0.5191598
RW12,34,0.5621434198182286,3,0.5,1,0.50826323
RW12,35,0.5487224937943592,3,0.5,1,0.49855864
RW12,36,0.5308620689275264,3,0.5,1,0.48694104
RW12,37,0.5203234893585551,3,0.5,1,0.47565758
RW16,0,1.0,3,0.5,1,1.0001847
RW16,1,0.9425621054107856,3,0.5,1,0.9578781
RW16,2,0.9122274948612392,3,0.5,1,0.906743
RW16,3,0.8594705171754466,3,0.5,1,0.86974114
RW16,4,0.8226094846921671,3,0.5,1,0.8340632
RW16,5,0.7871316183203024,3,0.5,1,0.80115426
RW16,6,0.7482387904167098,3,0.5,1,0.7688372
RW16,7,0.7062023643394817,3,0.5,1,0.73795533
RW16,8,0.6827160587550286,3,0.5,1,0.7107126
RW16,9,0.6615821949474906,3,0.5,1,0.6836534
RW16,10,0.5661453405330296,3,0.5,1,0.5271133
RW16,11,0.5408575218936945,3,0.5,1,0.5066502
RW16,12,0.5381706456914773,3,0.5,1,0.4882871
RW16,13,0.5084526916129031,3,0.5,1,0.47179413
RW16,14,0.4924790862619698,3,0.5,1,0.45601797
RW16,15,0.4893788571270426,3,0.5,1,0.44218326
RW16,16,0.4780194546133679,3,0.5,1,0.43043774
RW16,17,0.4636102907262206,3,0.5,1,0.41916388
RW16,18,0.44956410860533774,3,0.5,1,0.40889633
RW20,0,1.0,3,0.5,1,1.0013925
RW20,1,1.0021910813400627,3,0.5,1,0.99231803
RW20,2,0.9599630275408247,3,0.5,1,0.95791423
RW20,3,0.9389439105355176,3,0.5,1,0.9305954
RW20,4,0.9095890303731204,3,0.5,1,0.9032982
RW20,5,0.8787736467512757,3,0.5,1,0.8807833
RW20,6,0.8469654599736883,3,0.5,1,0.8550264
RW20,7,0.8099479091448711,3,0.5,1,0.82914555
RW20,8,0.7796407513733017,3,0.5,1,0.80362594
RW20,9,0.7362874771776192,3,0.5,1,0.78100014
RW20,10,0.7063011689898246,3,0.5,1,0.759722
RW20,11,0.6860250235969596,3,0.5,1,0.74033517
RW20,12,0.6622238399306097,3,0.5,1,0.7223598
RW20,13,0.6407819061950949,3,0.5,1,0.70538425
RW20,14,0.6222273101754456,3,0.5,1,0.68889034
RW20,15,0.6032903401297325,3,0.5,1,0.673397
RW20,16,0.5865757619049117,3,0.5,1,0.6592484
RW20,17,0.5820605296821747,3,0.5,1,0.6457736
RW20,18,0.5804741522197471,3,0.5,1,0.6366093
RW20,19,0.5639793794393497,3,0.5,1,0.6242616
RW20,20,0.5476026934841127,3,0.5,1,0.6121774
RW20,21,0.5407359137083738,3,0.5,1,0.5998836
RW20,22,0.5401899372028007,3,0.5,1,0.58876526
RW20,23,0.5259580191685468,3,0.5,1,0.5778841
RW20,24,0.524283560758304,3,0.5,1,0.56784296
RW20,25,0.5048560598498573,3,0.5,1,0.55807793
RW20,26,0.5036897444478489,3,0.5,1,0.5485506
RW20,27,0.4887815943950674,3,0.5,1,0.5396358
RW20,28,0.5028952410024843,3,0.5,1,0.53126895
RW24,0,1.0,3,0.5,1,1.0004834
RW24,1,0.9725958189735046,3,0.5,1,0.9757312
RW24,2,0.9552453496230082,3,0.5,1,0.9429051
RW24,3,0.9372884939407097,3,0.5,1,0.91114086
RW24,4,0.9062221635651304,3,0.5,1,0.88022006
RW24,5,0.8678749453601385,3,0.5,1,0.8508862
RW24,6,0.8383945015233694,3,0.5,1,0.8244225
RW24,7,0.8199385440731278,3,0.5,1,0.79993266
RW24,8,0.8089491471012369,3,0.5,1,0.7767523
RW24,9,0.7944160791948103,3,0.5,1,0.75460404
RW24,10,0.7784916143400717,3,0.5,1,0.73351943
RW28,0,1.0,3,0.5,1,0.9994798
RW28,1,0.9767401325580581,3,0.5,1,0.97497773
RW28,2,0.9572756800225528,3,0.5,1,0.95009714
RW28,3,0.9394102380666421,3,0.5,1,0.9307142
RW28,4,0.919531099054294,3,0.5,1,0.9139206
RW28,5,0.900309919399877,3,0.5,1,0.89728576
RW28,6,0.8774347131347013,3,0.5,1,0.881514
RW28,7,0.8608166536988782,3,0.5,1,0.86766344
RW28,8,0.8490784643422473,3,0.5,1,0.854211
RW28,9,0.8374593566091235,3,0.5,1,0.8402645
RW28,10,0.8307557480117016,3,0.5,1,0.82636505
RW28,11,0.8209258698387562,3,0.5,1,0.812076
RW6,0,1.0,3,0.5,1,0.99937457
RW6,1,0.9648502435502201,3,0.5,1,0.9608324
RW6,2,0.9329921152642804,3,0.5,1,0.9250635
RW6,3,0.9139749601773408,3,0.5,1,0.8884454
RW6,4,0.8809638320161228,3,0.5,1,0.8527715
RW6,5,0.8518059593208507,3,0.5,1,0.8180308
RW6,6,0.8248471372067737,3,0.5,1,0.78553224
RW6,7,0.8047160673897786,3,0.5,1,0.7559328
RW6,8,0.7758839773727937,3,0.5,1,0.7367716
RW6,9,0.7287295594072909,3,0.5,1,0.70980996
RW6,10,0.6794846599462181,3,0.5,1,0.6838203
RW8,0,1.0,3,0.5,1,0.99397933
RW8,1,0.9538996910045201,3,0.5,1,0.9656741
RW8,2,0.9170337737145522,3,0.5,1,0.9456797
RW8,3,0.8811796038492549,3,0.5,1,0.9228349
RW8,4,0.8593893885316382,3,0.5,1,0.90188986
RW8,5,0.8277539857271006,3,0.5,1,0.8810582
RW8,6,0.8057974874661933,3,0.5,1,0.84667194
RW8,7,0.7930034466899822,3,0.5,1,0.83061975
RW8,8,0.7770929791397136,3,0.5,1,0.8147626
RW8,9,0.7619762421461702,3,0.5,1,0.7992466
RW8,10,0.7433319402014317,3,0.5,1,0.78420424
RW8,11,0.7696628567131956,3,0.5,1,0.76739955
RW8,12,0.740562427057364,3,0.5,1,0.75025046
RW8,13,0.7147522177902553,3,0.5,1,0.7340893
RW8,14,0.6902828531108213,3,0.5,1,0.71969295
RW8,15,0.669538500278939,3,0.5,1,0.7047409
RW8,16,0.6448644165545862,3,0.5,1,0.6895479
RW8,17,0.6225776414566216,3,0.5,1,0.67437917
RW8,18,0.6151773487241754,3,0.5,1,0.6584132
RW8,19,0.6138713970198927,3,0.5,1,0.6420457
RW8,20,0.6501051843741891,3,0.5,1,0.62004435
RW8,21,0.5891201738908819,3,0.5,1,0.60278964
RW8,22,0.542154015105283,3,0.5,1,0.5863562
RW12,0,1.0,3,0.5,2,0.99683887
RW12,1,0.9894632882172221,3,0.5,2,0.9708087
RW12,2,0.97868692158744,3,0.5,2,0.9505291
RW12,3,0.9668253675860224,3,0.5,2,0.9296887
RW12,4,0.9595351332482841,3,0.5,2,0.9071029
RW12,5,0.9425395856201333,3,0.5,2,0.8861236
RW12,6,0.9179237200116072,3,0.5,2,0.8596332
RW12,7,0.895972375242499,3,0.5,2,0.8292236
RW12,8,0.8781986993638894,3,0.5,2,0.7990494
RW12,9,0.8560774866359618,3,0.5,2,0.7721025
RW12,10,0.8450510763252,3,0.5,2,0.748201
RW12,11,0.833609165097995,3,0.5,2,0.7242905
RW12,12,0.8224867641248257,3,0.5,2,0.7034911
RW12,13,0.8112046941613273,3,0.5,2,0.68431914
RW12,14,0.8324148707378292,3,0.5,2,0.68979794
RW12,15,0.8187480106932906,3,0.5,2,0.67889374
RW12,16,0.8063357850884304,3,0.5,2,0.66643465
RW12,17,0.795247354785992,3,0.5,2,0.6545436
RW12,18,0.7786686371332949,3,0.5,2,0.6420816
RW12,19,0.7683124274417916,3,0.5,2,0.63365364
RW12,20,0.75692570834778,3,0.5,2,0.6259619
RW12,21,0.7461680205746775,3,0.5,2,0.6193055
RW12,22,0.7359515360207755,3,0.5,2,0.6135919
RW12,23,0.7186921615324031,3,0.5,2,0.6078882
RW12,24,0.7048109927006182,3,0.5,2,0.6024889
RW12,25,0.6987524864491403,3,0.5,2,0.5973052
RW12,26,0.688736379793022,3,0.5,2,0.59241766
RW12,27,0.6752978487151472,3,0.5,2,0.58689815
RW12,28,0.6697649501501854,3,0.5,2,0.58115983
RW12,29,0.6581999973939088,3,0.5,2,0.57493913
RW12,30,0.6472474633838574,3,0.5,2,0.5682264
RW12,31,0.6584047219522146,3,0.5,2,0.54401475
RW12,32,0.6148650912610487,3,0.5,2,0.53350437
RW12,33,0.6035612126459146,3,0.5,2,0.52294856
RW12,34,0.5621434198182286,3,0.5,2,0.511852
RW12,35,0.5487224937943592,3,0.5,2,0.50192827
RW12,36,0.5308620689275264,3,0.5,2,0.49016392
RW12,37,0.5203234893585551,3,0.5,2,0.4787057
RW16,0,1.0,3,0.5,2,0.9960438
RW16,1,0.9425621054107856,3,0.5,2,0.95103544
RW16,2,0.9122274948612392,3,0.5,2,0.90358436
RW16,3,0.8594705171754466,3,0.5,2,0.8684752
RW16,4,0.8226094846921671,3,0.5,2,0.834922
RW16,5,0.7871316183203024,3,0.5,2,0.80362236
RW16,6,0.7482387904167098,3,0.5,2,0.77216506
RW16,7,0.7062023643394817,3,0.5,2,0.74127495
RW16,8,0.6827160587550286,3,0.5,2,0.7135391
RW16,9,0.6615821949474906,3,0.5,2,0.6854683
RW16,10,0.5661453405330296,3,0.5,2,0.5224879
RW16,11,0.5408575218936945,3,0.5,2,0.50174665
RW16,12,0.5381706456914773,3,0.5,2,0.48379672
RW16,13,0.5084526916129031,3,0.5,2,0.4675277
RW16,14,0.4924790862619698,3,0.5,2,0.45224476
RW16,15,0.4893788571270426,3,0.5,2,0.4392935
RW16,16,0.4780194546133679,3,0.5,2,0.4282959
RW16,17,0.4636102907262206,3,0.5,2,0.4176253
RW16,18,0.44956410860533774,3,0.5,2,0.40783864
RW20,0,1.0,3,0.5,2,0.9968304
RW20,1,1.0021910813400627,3,0.5,2,0.97693884
RW20,2,0.9599630275408247,3,0.5,2,0.958336
RW20,3,0.9389439105355176,3,0.5,2,0.9318861
RW20,4,0.9095890303731204,3,0.5,2,0.9047111
RW20,5,0.8787736467512757,3,0.5,2,0.8789625
RW20,6,0.8469654599736883,3,0.5,2,0.8536521
RW20,7,0.8099479091448711,3,0.5,2,0.82935107
RW20,8,0.7796407513733017,3,0.5,2,0.8055463
RW20,9,0.7362874771776192,3,0.5,2,0.7844254
RW20,10,0.7063011689898246,3,0.5,2,0.76395386
RW20,11,0.6860250235969596,3,0.5,2,0.74474317
RW20,12,0.6622238399306097,3,0.5,2,0.72658503
RW20,13,0.6407819061950949,3,0.5,2,0.709069
RW20,14,0.6222273101754456,3,0.5,2,0.69188476
RW20,15,0.6032903401297325,3,0.5,2,0.67567533
RW20,16,0.5865757619049117,3,0.5,2,0.66071564
RW20,17,0.5820605296821747,3,0.5,2,0.6465376
RW20,18,0.5804741522197471,3,0.5,2,0.6369661
RW20,19,0.5639793794393497,3,0.5,2,0.6240934
RW20,20,0.5476026934841127,3,0.5,2,0.61152625
RW20,21,0.5407359137083738,3,0.5,2,0.5989231
RW20,22,0.5401899372028007,3,0.5,2,0.5876344
RW20,23,0.5259580191685468,3,0.5,2,0.5766669
RW20,24,0.524283560758304,3,0.5,2,0.566653
RW20,25,0.5048560598498573,3,0.5,2,0.55686915
RW20,26,0.5036897444478489,3,0.5,2,0.54742384
RW20,27,0.4887815943950674,3,0.5,2,0.5385054
RW20,28,0.5028952410024843,3,0.5,2,0.5303171
RW24,0,1.0,3,0.5,2,0.99673176
RW24,1,0.9725958189735046,3,0.5,2,0.97951823
RW24,2,0.9552453496230082,3,0.5,2,0.9470659
RW24,3,0.9372884939407097,3,0.5,2,0.9151665
RW24,4,0.9062221635651304,3,0.5,2,0.88343126
RW24,5,0.8678749453601385,3,0.5,2,0.85299027
RW24,6,0.8383945015233694,3,0.5,2,0.8253675
RW24,7,0.8199385440731278,3,0.5,2,0.7996714
RW24,8,0.8089491471012369,3,0.5,2,0.77555805
RW24,9,0.7944160791948103,3,0.5,2,0.75266063
RW24,10,0.7784916143400717,3,0.5,2,0.73103446
RW28,0,1.0,3,0.5,2,0.9961296
RW28,1,0.9767401325580581,3,0.5,2,0.9711715
RW28,2,0.9572756800225528,3,0.5,2,0.9486579
RW28,3,0.9394102380666421,3,0.5,2,0.92922753
RW28,4,0.919531099054294,3,0.5,2,0.9117993
RW28,5,0.900309919399877,3,0.5,2,0.8953083
RW28,6,0.8774347131347013,3,0.5,2,0.8797533
RW28,7,0.8608166536988782,3,0.5,2,0.8658351
RW28,8,0.8490784643422473,3,0.5,2,0.85275793
RW28,9,0.8374593566091235,3,0.5,2,0.8395612
RW28,10,0.8307557480117016,3,0.5,2,0.8267203
RW28,11,0.8209258698387562,3,0.5,2,0.81367576
RW6,0,1.0,3,0.5,2,0.99261296
RW6,1,0.9648502435502201,3,0.5,2,0.95317787
RW6,2,0.9329921152642804,3,0.5,2,0.9197802
RW6,3,0.9139749601773408,3,0.5,2,0.8858909
RW6,4,0.8809638320161228,3,0.5,2,0.85255635
RW6,5,0.8518059593208507,3,0.5,2,0.81984067
RW6,6,0.8248471372067737,3,0.5,2,0.78853273
RW6,7,0.8047160673897786,3,0.5,2,0.75947315
RW6,8,0.7758839773727937,3,0.5,2,0.7403823
RW6,9,0.7287295594072909,3,0.5,2,0.7127054
RW6,10,0.6794846599462181,3,0.5,2,0.68554693
RW8,0,1.0,3,0.5,2,0.9876551
RW8,1,0.9538996910045201,3,0.5,2,0.9577399
RW8,2,0.9170337737145522,3,0.5,2,0.93881613
RW8,3,0.8811796038492549,3,0.5,2,0.91747814
RW8,4,0.8593893885316382,3,0.5,2,0.89769995
RW8,5,0.8277539857271006,3,0.5,2,0.87801605
RW8,6,0.8057974874661933,3,0.5,2,0.84526324
RW8,7,0.7930034466899822,3,0.5,2,0.82954955
RW8,8,0.7770929791397136,3,0.5,2,0.81392765
RW8,9,0.7619762421461702,3,0.5,2,0.7986268
RW8,10,0.7433319402014317,3,0.5,2,0.7837393
RW8,11,0.7696628567131956,3,0.5,2,0.76766217
RW8,12,0.740562427057364,3,0.5,2,0.7508064
RW8,13,0.7147522177902553,3,0.5,2,0.73497087
RW8,14,0.6902828531108213,3,0.5,2,0.72090197
RW8,15,0.669538500278939,3,0.5,2,0.7061687
RW8,16,0.6448644165545862,3,0.5,2,0.69107634
RW8,17,0.6225776414566216,3,0.5,2,0.6759045
RW8,18,0.6151773487241754,3,0.5,2,0.65981287
RW8,19,0.6138713970198927,3,0.5,2,0.643306
RW8,20,0.6501051843741891,3,0.5,2,0.6210543
RW8,21,0.5891201738908819,3,0.5,2,0.6039759
RW8,22,0.542154015105283,3,0.5,2,0.58789104
RW12,0,1.0,3,0.5,3,0.99651605
RW12,1,0.9894632882172221,3,0.5,3,0.9726733
RW12,2,0.97868692158744,3,0.5,3,0.95125276
RW12,3,0.9668253675860224,3,0.5,3,0.92929703
RW12,4,0.9595351332482841,3,0.5,3,0.90620834
RW12,5,0.9425395856201333,3,0.5,3,0.8844986
RW12,6,0.9179237200116072,3,0.5,3,0.85782266
RW12,7,0.895972375242499,3,0.5,3,0.8279803
RW12,8,0.8781986993638894,3,0.5,3,0.79844475
RW12,9,0.8560774866359618,3,0.5,3,0.77179945
RW12,10,0.8450510763252,3,0.5,3,0.7479315
RW12,11,0.833609165097995,3,0.5,3,0.7240478
RW12,12,0.8224867641248257,3,0.5,3,0.7031009
RW12,13,0.8112046941613273,3,0.5,3,0.6838139
RW12,14,0.8324148707378292,3,0.5,3,0.68813753
RW12,15,0.8187480106932906,3,0.5,3,0.67701155
RW12,16,0.8063357850884304,3,0.5,3,0.6643504
RW12,17,0.795247354785992,3,0.5,3,0.6523566
RW12,18,0.7786686371332949,3,0.5,3,0.63996494
RW12,19,0.7683124274417916,3,0.5,3,0.63160586
RW12,20,0.75692570834778,3,0.5,3,0.6240728
RW12,21,0.7461680205746775,3,0.5,3,0.61756825
RW12,22,0.7359515360207755,3,0.5,3,0.6120273
RW12,23,0.7186921615324031,3,0.5,3,0.6063907
RW12,24,0.7048109927006182,3,0.5,3,0.60112214
RW12,25,0.6987524864491403,3,0.5,3,0.5959248
RW12,26,0.688736379793022,3,0.5,3,0.5910409
RW12,27,0.6752978487151472,3,0.5,3,0.58542895
RW12,28,0.6697649501501854,3,0.5,3,0.57952225
RW12,29,0.6581999973939088,3,0.5,3,0.57303745
RW12,30,0.6472474633838574,3,0.5,3,0.56608367
RW12,31,0.6584047219522146,3,0.5,3,0.5433866
RW12,32,0.6148650912610487,3,0.5,3,0.53333664
RW12,33,0.6035612126459146,3,0.5,3,0.52315307
RW12,34,0.5621434198182286,3,0.5,3,0.51289773
RW12,35,0.5487224937943592,3,0.5,3,0.50372565
RW12,36,0.5308620689275264,3,0.5,3,0.49318326
RW12,37,0.5203234893585551,3,0.5,3,0.48296946
RW16,0,1.0,3,0.5,3,0.99678993
RW16,1,0.9425621054107856,3,0.5,3,0.95726424
RW16,2,0.9122274948612392,3,0.5,3,0.9079381
RW16,3,0.8594705171754466,3,0.5,3,0.87016165
RW16,4,0.8226094846921671,3,0.5,3,0.8345558
RW16,5,0.7871316183203024,3,0.5,3,0.8016586
RW16,6,0.7482387904167098,3,0.5,3,0.7692462
RW16,7,0.7062023643394817,3,0.5,3,0.7380433
RW16,8,0.6827160587550286,3,0.5,3,0.7105518
RW16,9,0.6615821949474906,3,0.5,3,0.6829806
RW16,10,0.5661453405330296,3,0.5,3,0.5260205
RW16,11,0.5408575218936945,3,0.5,3,0.5048041
RW16,12,0.5381706456914773,3,0.5,3,0.48626786
RW16,13,0.5084526916129031,3,0.5,3,0.46893978
RW16,14,0.4924790862619698,3,0.5,3,0.45229357
RW16,15,0.4893788571270426,3,0.5,3,0.43813902
RW16,16,0.4780194546133679,3,0.5,3,0.42601216
RW16,17,0.4636102907262206,3,0.5,3,0.41407573
RW16,18,0.44956410860533774,3,0.5,3,0.40313315
RW20,0,1.0,3,0.5,3,0.9976482
RW20,1,1.0021910813400627,3,0.5,3,1.0032556
RW20,2,0.9599630275408247,3,0.5,3,0.9605828
RW20,3,0.9389439105355176,3,0.5,3,0.93148017
RW20,4,0.9095890303731204,3,0.5,3,0.9021473
RW20,5,0.8787736467512757,3,0.5,3,0.8768995
RW20,6,0.8469654599736883,3,0.5,3,0.85113984
RW20,7,0.8099479091448711,3,0.5,3,0.8263284
RW20,8,0.7796407513733017,3,0.5,3,0.80222213
RW20,9,0.7362874771776192,3,0.5,3,0.7811115
RW20,10,0.7063011689898246,3,0.5,3,0.76114476
RW20,11,0.6860250235969596,3,0.5,3,0.74286133
RW20,12,0.6622238399306097,3,0.5,3,0.7258339
RW20,13,0.6407819061950949,3,0.5,3,0.7094836
RW20,14,0.6222273101754456,3,0.5,3,0.6934745
RW20,15,0.6032903401297325,3,0.5,3,0.67826116
RW20,16,0.5865757619049117,3,0.5,3,0.6639989
RW20,17,0.5820605296821747,3,0.5,3,0.6502953
RW20,18,0.5804741522197471,3,0.5,3,0.64090717
RW20,19,0.5639793794393497,3,0.5,3,0.62802035
RW20,20,0.5476026934841127,3,0.5,3,0.6150729
RW20,21,0.5407359137083738,3,0.5,3,0.60186553
RW20,22,0.5401899372028007,3,0.5,3,0.5897206
RW20,23,0.5259580191685468,3,0.5,3,0.57757115
RW20,24,0.524283560758304,3,0.5,3,0.5661993
RW20,25,0.5048560598498573,3,0.5,3,0.5547077
RW20,26,0.5036897444478489,3,0.5,3,0.5434838
RW20,27,0.4887815943950674,3,0.5,3,0.5324857
RW20,28,0.5028952410024843,3,0.5,3,0.5224199
RW24,0,1.0,3,0.5,3,0.99807304
RW24,1,0.9725958189735046,3,0.5,3,0.9778146
RW24,2,0.9552453496230082,3,0.5,3,0.94052106
RW24,3,0.9372884939407097,3,0.5,3,0.90601945
RW24,4,0.9062221635651304,3,0.5,3,0.8737679
RW24,5,0.8678749453601385,3,0.5,3,0.84435284
RW24,6,0.8383945015233694,3,0.5,3,0.81898105
RW24,7,0.8199385440731278,3,0.5,3,0.79629576
RW24,8,0.8089491471012369,3,0.5,3,0.7753463
RW24,9,0.7944160791948103,3,0.5,3,0.7558627
RW24,10,0.7784916143400717,3,0.5,3,0.73776746
RW28,0,1.0,3,0.5,3,0.99794096
RW28,1,0.9767401325580581,3,0.5,3,0.97495174
RW28,2,0.9572756800225528,3,0.5,3,0.9506852
RW28,3,0.9394102380666421,3,0.5,3,0.9307774
RW28,4,0.919531099054294,3,0.5,3,0.9131905
RW28,5,0.900309919399877,3,0.5,3,0.8965754
RW28,6,0.8774347131347013,3,0.5,3,0.8808788
RW28,7,0.8608166536988782,3,0.5,3,0.8672223
RW28,8,0.8490784643422473,3,0.5,3,0.8541965
RW28,9,0.8374593566091235,3,0.5,3,0.8412722
RW28,10,0.8307557480117016,3,0.5,3,0.82894
RW28,11,0.8209258698387562,3,0.5,3,0.81647277
RW6,0,1.0,3,0.5,3,0.9929964
RW6,1,0.9648502435502201,3,0.5,3,0.9599675
RW6,2,0.9329921152642804,3,0.5,3,0.92454934
RW6,3,0.9139749601773408,3,0.5,3,0.8889042
RW6,4,0.8809638320161228,3,0.5,3,0.8539376
RW6,5,0.8518059593208507,3,0.5,3,0.8200537
RW6,6,0.8248471372067737,3,0.5,3,0.78784716
RW6,7,0.8047160673897786,3,0.5,3,0.7582027
RW6,8,0.7758839773727937,3,0.5,3,0.73896235
RW6,9,0.7287295594072909,3,0.5,3,0.7113311
RW6,10,0.6794846599462181,3,0.5,3,0.6848625
RW8,0,1.0,3,0.5,3,0.9882685
RW8,1,0.9538996910045201,3,0.5,3,0.96511865
RW8,2,0.9170337737145522,3,0.5,3,0.94348276
RW8,3,0.8811796038492549,3,0.5,3,0.91973937
RW8,4,0.8593893885316382,3,0.5,3,0.8980284
RW8,5,0.8277539857271006,3,0.5,3,0.8776236
RW8,6,0.8057974874661933,3,0.5,3,0.8417886
RW8,7,0.7930034466899822,3,0.5,3,0.8248744
RW8,8,0.7770929791397136,3,0.5,3,0.80830836
RW8,9,0.7619762421461702,3,0.5,3,0.7922903
RW8,10,0.7433319402014317,3,0.5,3,0.7768953
RW8,11,0.7696628567131956,3,0.5,3,0.7604959
RW8,12,0.740562427057364,3,0.5,3,0.74359035
RW8,13,0.7147522177902553,3,0.5,3,0.72800726
RW8,14,0.6902828531108213,3,0.5,3,0.71452427
RW8,15,0.669538500278939,3,0.5,3,0.7007978
RW8,16,0.6448644165545862,3,0.5,3,0.68711936
RW8,17,0.6225776414566216,3,0.5,3,0.67366505
RW8,18,0.6151773487241754,3,0.5,3,0.6596923
RW8,19,0.6138713970198927,3,0.5,3,0.64569646
RW8,20,0.6501051843741891,3,0.5,3,0.6273223
RW8,21,0.5891201738908819,3,0.5,3,0.61329484
RW8,22,0.542154015105283,3,0.5,3,0.60012394
RW12,0,1.0,3,0.5,4,1.0047967
RW12,1,0.9894632882172221,3,0.5,4,0.98029864
RW12,2,0.97868692158744,3,0.5,4,0.9597381
RW12,3,0.9668253675860224,3,0.5,4,0.93900025
RW12,4,0.9595351332482841,3,0.5,4,0.91660535
RW12,5,0.9425395856201333,3,0.5,4,0.89528036
RW12,6,0.9179237200116072,3,0.5,4,0.86837775
RW12,7,0.895972375242499,3,0.5,4,0.83769417
RW12,8,0.8781986993638894,3,0.5,4,0.806955
RW12,9,0.8560774866359618,3,0.5,4,0.77918446
RW12,10,0.8450510763252,3,0.5,4,0.75440365
RW12,11,0.833609165097995,3,0.5,4,0.729689
RW12,12,0.8224867641248257,3,0.5,4,0.70817995
RW12,13,0.8112046941613273,3,0.5,4,0.688429
RW12,14,0.8324148707378292,3,0.5,4,0.6927827
RW12,15,0.8187480106932906,3,0.5,4,0.6810424
RW12,16,0.8063357850884304,3,0.5,4,0.66780555
RW12,17,0.795247354785992,3,0.5,4,0.6550293
RW12,18,0.7786686371332949,3,0.5,4,0.6418818
RW12,19,0.7683124274417916,3,0.5,4,0.6326963
RW12,20,0.75692570834778,3,0.5,4,0.62442213
RW12,21,0.7461680205746775,3,0.5,4,0.6170619
RW12,22,0.7359515360207755,3,0.5,4,0.6107644
RW12,23,0.7186921615324031,3,0.5,4,0.6042932
RW12,24,0.7048109927006182,3,0.5,4,0.5983853
RW12,25,0.6987524864491403,3,0.5,4,0.5922659
RW12,26,0.688736379793022,3,0.5,4,0.58657306
RW12,27,0.6752978487151472,3,0.5,4,0.57998884
RW12,28,0.6697649501501854,3,0.5,4,0.57338065
RW12,29,0.6581999973939088,3,0.5,4,0.56610256
RW12,30,0.6472474633838574,3,0.5,4,0.5586504
RW12,31,0.6584047219522146,3,0.5,4,0.52587426
RW12,32,0.6148650912610487,3,0.5,4,0.51478785
RW12,33,0.6035612126459146,3,0.5,4,0.5037106
RW12,34,0.5621434198182286,3,0.5,4,0.49200743
RW12,35,0.5487224937943592,3,0.5,4,0.4815123
RW12,36,0.5308620689275264,3,0.5,4,0.4687426
RW12,37,0.5203234893585551,3,0.5,4,0.4564163
RW16,0,1.0,3,0.5,4,1.0027013
RW16,1,0.9425621054107856,3,0.5,4,0.95210797
RW16,2,0.9122274948612392,3,0.5,4,0.9028635
RW16,3,0.8594705171754466,3,0.5,4,0.8677431
RW16,4,0.8226094846921671,3,0.5,4,0.83424544
RW16,5,0.7871316183203024,3,0.5,4,0.8029866
RW16,6,0.7482387904167098,3,0.5,4,0.77173716
RW16,7,0.7062023643394817,3,0.5,4,0.74136627
RW16,8,0.6827160587550286,3,0.5,4,0.71415025
RW16,9,0.6615821949474906,3,0.5,4,0.6868254
RW16,10,0.5661453405330296,3,0.5,4,0.52521044
RW16,11,0.5408575218936945,3,0.5,4,0.50413954
RW16,12,0.5381706456914773,3,0.5,4,0.4854421
RW16,13,0.5084526916129031,3,0.5,4,0.4683349
RW16,14,0.4924790862619698,3,0.5,4,0.45206374
RW16,15,0.4893788571270426,3,0.5,4,0.43815142
RW16,16,0.4780194546133679,3,0.5,4,0.42638415
RW16,17,0.4636102907262206,3,0.5,4,0.41512692
RW16,18,0.44956410860533774,3,0.5,4,0.4050585
RW20,0,1.0,3,0.5,4,1.0033469
RW20,1,1.0021910813400627,3,0.5,4,1.0056782
RW20,2,0.9599630275408247,3,0.5,4,0.95625865
RW20,3,0.9389439105355176,3,0.5,4,0.929504
RW20,4,0.9095890303731204,3,0.5,4,0.9016809
RW20,5,0.8787736467512757,3,0.5,4,0.87777424
RW20,6,0.8469654599736883,3,0.5,4,0.85284793
RW20,7,0.8099479091448711,3,0.5,4,0.8284819
RW20,8,0.7796407513733017,3,0.5,4,0.8045029
RW20,9,0.7362874771776192,3,0.5,4,0.78325254
RW20,10,0.7063011689898246,3,0.5,4,0.7628004
RW20,11,0.6860250235969596,3,0.5,4,0.74360865
RW20,12,0.6622238399306097,3,0.5,4,0.7256633
RW20,13,0.6407819061950949,3,0.5,4,0.708448
RW20,14,0.6222273101754456,3,0.5,4,0.6914637
RW20,15,0.6032903401297325,3,0.5,4,0.6753812
RW20,16,0.5865757619049117,3,0.5,4,0.66053224
RW20,17,0.5820605296821747,3,0.5,4,0.64626396
RW20,18,0.5804741522197471,3,0.5,4,0.63655317
RW20,19,0.5639793794393497,3,0.5,4,0.6233938
RW20,20,0.5476026934841127,3,0.5,4,0.61051726
RW20,21,0.5407359137083738,3,0.5,4,0.5974518
RW20,22,0.5401899372028007,3,0.5,4,0.5856997
RW20,23,0.5259580191685468,3,0.5,4,0.57432187
RW20,24,0.524283560758304,3,0.5,4,0.56395924
RW20,25,0.5048560598498573,3,0.5,4,0.5540213
RW20,26,0.5036897444478489,3,0.5,4,0.54451996
RW20,27,0.4887815943950674,3,0.5,4,0.53580284
RW20,28,0.5028952410024843,3,0.5,4,0.5278943
RW24,0,1.0,3,0.5,4,1.0003916
RW24,1,0.9725958189735046,3,0.5,4,0.98463404
RW24,2,0.9552453496230082,3,0.5,4,0.9480456
RW24,3,0.9372884939407097,3,0.5,4,0.9133762
RW24,4,0.9062221635651304,3,0.5,4,0.88025284
RW24,5,0.8678749453601385,3,0.5,4,0.8497024
RW24,6,0.8383945015233694,3,0.5,4,0.8231062
RW24,7,0.8199385440731278,3,0.5,4,0.7990378
RW24,8,0.8089491471012369,3,0.5,4,0.7768828
RW24,9,0.7944160791948103,3,0.5,4,0.7560421
RW24,10,0.7784916143400717,3,0.5,4,0.7362401
RW28,0,1.0,3,0.5,4,1.0000371
RW28,1,0.9767401325580581,3,0.5,4,0.969641
RW28,2,0.9572756800225528,3,0.5,4,0.9446821
RW28,3,0.9394102380666421,3,0.5,4,0.9250754
RW28,4,0.919531099054294,3,0.5,4,0.9078584
RW28,5,0.900309919399877,3,0.5,4,0.891862
RW28,6,0.8774347131347013,3,0.5,4,0.87721026
RW28,7,0.8608166536988782,3,0.5,4,0.8640603
RW28,8,0.8490784643422473,3,0.5,4,0.851753
RW28,9,0.8374593566091235,3,0.5,4,0.8392211
RW28,10,0.8307557480117016,3,0.5,4,0.8267764
RW28,11,0.8209258698387562,3,0.5,4,0.81368864
RW6,0,1.0,3,0.5,4,0.9974868
RW6,1,0.9648502435502201,3,0.5,4,0.9550954
RW6,2,0.9329921152642804,3,0.5,4,0.92077935
RW6,3,0.9139749601773408,3,0.5,4,0.8855518
RW6,4,0.8809638320161228,3,0.5,4,0.8508667
RW6,5,0.8518059593208507,3,0.5,4,0.8172443
RW6,6,0.8248471372067737,3,0.5,4,0.7853675
RW6,7,0.8047160673897786,3,0.5,4,0.7563422
RW6,8,0.7758839773727937,3,0.5,4,0.7373903
RW6,9,0.7287295594072909,3,0.5,4,0.71032834
RW6,10,0.6794846599462181,3,0.5,4,0.683898
RW8,0,1.0,3,0.5,4,0.99027085
RW8,1,0.9538996910045201,3,0.5,4,0.96229964
RW8,2,0.9170337737145522,3,0.5,4,0.943477
RW8,3,0.8811796038492549,3,0.5,4,0.92174965
RW8,4,0.8593893885316382,3,0.5,4,0.9013633
RW8,5,0.8277539857271006,3,0.5,4,0.881856
RW8,6,0.8057974874661933,3,0.5,4,0.8477248
RW8,7,0.7930034466899822,3,0.5,4,0.83129305
RW8,8,0.7770929791397136,3,0.5,4,0.81499094
RW8,9,0.7619762421461702,3,0.5,4,0.79897547
RW8,10,0.7433319402014317,3,0.5,4,0.78340983
RW8,11,0.7696628567131956,3,0.5,4,0.7666086
RW8,12,0.740562427057364,3,0.5,4,0.7490741
RW8,13,0.7147522177902553,3,0.5,4,0.73269904
RW8,14,0.6902828531108213,3,0.5,4,0.71824574
RW8,15,0.669538500278939,3,0.5,4,0.70324385
RW8,16,0.6448644165545862,3,0.5,4,0.6880205
RW8,17,0.6225776414566216,3,0.5,4,0.672735
RW8,18,0.6151773487241754,3,0.5,4,0.6565378
RW8,19,0.6138713970198927,3,0.5,4,0.63991535
RW8,20,0.6501051843741891,3,0.5,4,0.6176361
RW8,21,0.5891201738908819,3,0.5,4,0.60008466
RW8,22,0.542154015105283,3,0.5,4,0.5836313
RW12,0,1.0,3,0.25,0,1.004
RW12,1,0.9894632882172221,3,0.25,0,0.98367065
RW12,2,0.97868692158744,3,0.25,0,0.9633115
RW12,3,0.9668253675860224,3,0.25,0,0.9425349
RW12,4,0.9595351332482841,3,0.25,0,0.91946065
RW12,5,0.9425395856201333,3,0.25,0,0.8970189
RW12,6,0.9179237200116072,3,0.25,0,0.86872625
RW12,7,0.895972375242499,3,0.25,0,0.83672106
RW12,8,0.8781986993638894,3,0.25,0,0.8046019
RW12,9,0.8560774866359618,3,0.25,0,0.77525115
RW12,10,0.8450510763252,3,0.25,0,0.7490176
RW12,11,0.833609165097995,3,0.25,0,0.72325456
RW12,12,0.8224867641248257,3,0.25,0,0.70085156
RW12,13,0.8112046941613273,3,0.25,0,0.6805008
RW12,14,0.8324148707378292,3,0.25,0,0.6819194
RW12,15,0.8187480106932906,3,0.25,0,0.66977763
RW12,16,0.8063357850884304,3,0.25,0,0.6563581
RW12,17,0.795247354785992,3,0.25,0,0.6435965
RW12,18,0.7786686371332949,3,0.25,0,0.6307049
RW12,19,0.7683124274417916,3,0.25,0,0.6217872
RW12,20,0.75692570834778,3,0.25,0,0.6136624
RW12,21,0.7461680205746775,3,0.25,0,0.60660547
RW12,22,0.7359515360207755,3,0.25,0,0.6005432
RW12,23,0.7186921615324031,3,0.25,0,0.59449226
RW12,24,0.7048109927006182,3,0.25,0,0.5888535
RW12,25,0.6987524864491403,3,0.25,0,0.5829371
RW12,26,0.688736379793022,3,0.25,0,0.57753843
RW12,27,0.6752978487151472,3,0.25,0,0.57121575
RW12,28,0.6697649501501854,3,0.25,0,0.5648596
RW12,29,0.6581999973939088,3,0.25,0,0.55776256
RW12,30,0.6472474633838574,3,0.25,0,0.5504767
RW12,31,0.6584047219522146,3,0.25,0,0.5181892
RW12,32,0.6148650912610487,3,0.25,0,0.5075328
RW12,33,0.6035612126459146,3,0.25,0,0.49708235
RW12,34,0.5621434198182286,3,0.25,0,0.48608994
RW12,35,0.5487224937943592,3,0.25,0,0.47633272
RW12,36,0.5308620689275264,3,0.25,0,0.46459883
RW12,37,0.5203234893585551,3,0.25,0,0.453371
RW16,0,1.0,3,0.25,0,1.0013199
RW16,1,0.9425621054107856,3,0.25,0,0.95139366
RW16,2,0.9122274948612392,3,0.25,0,0.9044728
RW16,3,0.8594705171754466,3,0.25,0,0.87009776
RW16,4,0.8226094846921671,3,0.25,0,0.8360528
RW16,5,0.7871316183203024,3,0.25,0,0.8044271
RW16,6,0.7482387904167098,3,0.25,0,0.7734079
RW16,7,0.7062023643394817,3,0.25,0,0.7432236
RW16,8,0.6827160587550286,3,0.25,0,0.7159863
RW16,9,0.6615821949474906,3,0.25,0,0.6886154
RW16,10,0.5661453405330296,3,0.25,0,0.5261682
RW16,11,0.5408575218936945,3,0.25,0,0.5044424
RW16,12,0.5381706456914773,3,0.25,0,0.48494577
RW16,13,0.5084526916129031,3,0.25,0,0.4672175
RW16,14,0.4924790862619698,3,0.25,0,0.45035464
RW16,15,0.4893788571270426,3,0.25,0,0.43562794
RW16,16,0.4780194546133679,3,0.25,0,0.42293566
RW16,17,0.4636102907262206,3,0.25,0,0.41061097
RW16,18,0.44956410860533774,3,0.25,0,0.399287
RW20,0,1.0,3,0.25,0,1.0016485
RW20,1,1.0021910813400627,3,0.25,0,0.99419
RW20,2,0.9599630275408247,3,0.25,0,0.9499014
RW20,3,0.9389439105355176,3,0.25,0,0.9283432
RW20,4,0.9095890303731204,3,0.25,0,0.8990278
RW20,5,0.8787736467512757,3,0.25,0,0.8761876
RW20,6,0.8469654599736883,3,0.25,0,0.85106426
RW20,7,0.8099479091448711,3,0.25,0,0.8260742
RW20,8,0.7796407513733017,3,0.25,0,0.802029
RW20,9,0.7362874771776192,3,0.25,0,0.7807491
RW20,10,0.7063011689898246,3,0.25,0,0.7607217
RW20,11,0.6860250235969596,3,0.25,0,0.74262583
RW20,12,0.6622238399306097,3,0.25,0,0.72568345
RW20,13,0.6407819061950949,3,0.25,0,0.7095726
RW20,14,0.6222273101754456,3,0.25,0,0.6938858
RW20,15,0.6032903401297325,3,0.25,0,0.6791524
RW20,16,0.5865757619049117,3,0.25,0,0.66555876
RW20,17,0.5820605296821747,3,0.25,0,0.6526856
RW20,18,0.5804741522197471,3,0.25,0,0.6438393
RW20,19,0.5639793794393497,3,0.25,0,0.6319936
RW20,20,0.5476026934841127,3,0.25,0,0.62020504
RW20,21,0.5407359137083738,3,0.25,0,0.6081725
RW20,22,0.5401899372028007,3,0.25,0,0.5973527
RW20,23,0.5259580191685468,3,0.25,0,0.58664507
RW20,24,0.524283560758304,3,0.25,0,0.57684326
RW20,25,0.5048560598498573,3,0.25,0,0.5670106
RW20,26,0.5036897444478489,3,0.25,0,0.5573792
RW20,27,0.4887815943950674,3,0.25,0,0.5481412
RW20,28,0.5028952410024843,3,0.25,0,0.539707
RW24,0,1.0,3,0.25,0,1.0000231
RW24,1,0.9725958189735046,3,0.25,0,0.99177086
RW24,2,0.9552453496230082,3,0.25,0,0.9532877
RW24,3,0.9372884939407097,3,0.25,0,0.91685164
RW24,4,0.9062221635651304,3,0.25,0,0.8816847
RW24,5,0.8678749453601385,3,0.25,0,0.84872943
RW24,6,0.8383945015233694,3,0.25,0,0.81929696
RW24,7,0.8199385440731278,3,0.25,0,0.79178625
RW24,8,0.8089491471012369,3,0.25,0,0.76552045
RW24,9,0.7944160791948103,3,0.25,0,0.7399687
RW24,10,0.7784916143400717,3,0.25,0,0.7151771
RW28,0,1.0,3,0.25,0,0.99862254
RW28,1,0.9767401325580581,3,0.25,0,0.9766533
RW28,2,0.9572756800225528,3,0.25,0,0.95062286
RW28,3,0.9394102380666421,3,0.25,0,0.9315525
RW28,4,0.919531099054294,3,0.25,0,0.9147155
RW28,5,0.900309919399877,3,0.25,0,0.8978119
RW28,6,0.8774347131347013,3,0.25,0,0.88173723
RW28,7,0.8608166536988782,3,0.25,0,0.866715
RW28,8,0.8490784643422473,3,0.25,0,0.85200846
RW28,9,0.8374593566091235,3,0.25,0,0.8361759
RW28,10,0.8307557480117016,3,0.25,0,0.8198619
RW28,11,0.8209258698387562,3,0.25,0,0.802965
RW6,0,1.0,3,0.25,0,0.9972873
RW6,1,0.9648502435502201,3,0.25,0,0.9589842
RW6,2,0.9329921152642804,3,0.25,0,0.9262725
RW6,3,0.9139749601773408,3,0.25,0,0.89087653
RW6,4,0.8809638320161228,3,0.25,0,0.85619617
RW6,5,0.8518059593208507,3,0.25,0,0.8219219
RW6,6,0.8248471372067737,3,0.25,0,0.78964156
RW6,7,0.8047160673897786,3,0.25,0,0.7594182
RW6,8,0.7758839773727937,3,0.25,0,0.73949623
RW6,9,0.7287295594072909,3,0.25,0,0.71162033
RW6,10,0.6794846599462181,3,0.25,0,0.68475133
RW8,0,1.0,3,0.25,0,0.99097115
RW8,1,0.9538996910045201,3,0.25,0,0.96373475
RW8,2,0.9170337737145522,3,0.25,0,0.9444868
RW8,3,0.8811796038492549,3,0.25,0,0.92214274
RW8,4,0.8593893885316382,3,0.25,0,0.9009
RW8,5,0.8277539857271006,3,0.25,0,0.8796318
RW8,6,0.8057974874661933,3,0.25,0,0.8436589
RW8,7,0.7930034466899822,3,0.25,0,0.82679015
RW8,8,0.7770929791397136,3,0.25,0,0.81040984
RW8,9,0.7619762421461702,3,0.25,0,0.79441
RW8,10,0.7433319402014317,3,0.25,0,0.7790252
RW8,11,0.7696628567131956,3,0.25,0,0.7630184
RW8,12,0.740562427057364,3,0.25,0,0.74607414
RW8,13,0.7147522177902553,3,0.25,0,0.73045194
RW8,14,0.6902828531108213,3,0.25,0,0.7164598
RW8,15,0.669538500278939,3,0.25,0,0.7019648
RW8,16,0.6448644165545862,3,0.25,0,0.6872092
RW8,17,0.6225776414566216,3,0.25,0,0.67247695
RW8,18,0.6151773487241754,3,0.25,0,0.65728074
RW8,19,0.6138713970198927,3,0.25,0,0.6416677
RW8,20,0.6501051843741891,3,0.25,0,0.6212628
RW8,21,0.5891201738908819,3,0.25,0,0.6052835
RW8,22,0.542154015105283,3,0.25,0,0.5903546
RW12,0,1.0,3,0.25,1,1.0044806
RW12,1,0.9894632882172221,3,0.25,1,0.97877824
RW12,2,0.97868692158744,3,0.25,1,0.9590566
RW12,3,0.9668253675860224,3,0.25,1,0.93926704
RW12,4,0.9595351332482841,3,0.25,1,0.9178095
RW12,5,0.9425395856201333,3,0.25,1,0.89780545
RW12,6,0.9179237200116072,3,0.25,1,0.8727956
RW12,7,0.895972375242499,3,0.25,1,0.84407043
RW12,8,0.8781986993638894,3,0.25,1,0.8152361
RW12,9,0.8560774866359618,3,0.25,1,0.7889812
RW12,10,0.8450510763252,3,0.25,1,0.765302
RW12,11,0.833609165097995,3,0.25,1,0.74116486
RW12,12,0.8224867641248257,3,0.25,1,0.7196203
RW12,13,0.8112046941613273,3,0.25,1,0.69914085
RW12,14,0.8324148707378292,3,0.25,1,0.70385724
RW12,15,0.8187480106932906,3,0.25,1,0.6922437
RW12,16,0.8063357850884304,3,0.25,1,0.6787136
RW12,17,0.795247354785992,3,0.25,1,0.66542125
RW12,18,0.7786686371332949,3,0.25,1,0.65089
RW12,19,0.7683124274417916,3,0.25,1,0.640716
RW12,20,0.75692570834778,3,0.25,1,0.63112026
RW12,21,0.7461680205746775,3,0.25,1,0.6226634
RW12,22,0.7359515360207755,3,0.25,1,0.6152638
RW12,23,0.7186921615324031,3,0.25,1,0.6077182
RW12,24,0.7048109927006182,3,0.25,1,0.6005041
RW12,25,0.6987524864491403,3,0.25,1,0.5937772
RW12,26,0.688736379793022,3,0.25,1,0.5876055
RW12,27,0.6752978487151472,3,0.25,1,0.5807389
RW12,28,0.6697649501501854,3,0.25,1,0.57366055
RW12,29,0.6581999973939088,3,0.25,1,0.56621706
RW12,30,0.6472474633838574,3,0.25,1,0.5583169
RW12,31,0.6584047219522146,3,0.25,1,0.5361954
RW12,32,0.6148650912610487,3,0.25,1,0.5248121
RW12,33,0.6035612126459146,3,0.25,1,0.5134295
RW12,34,0.5621434198182286,3,0.25,1,0.5020876
RW12,35,0.5487224937943592,3,0.25,1,0.49203956
RW12,36,0.5308620689275264,3,0.25,1,0.48055357
RW12,37,0.5203234893585551,3,0.25,1,0.46944404
RW16,0,1.0,3,0.25,1,1.0005021
RW16,1,0.9425621054107856,3,0.25,1,0.9548214
RW16,2,0.9122274948612392,3,0.25,1,0.9073968
RW16,3,0.8594705171754466,3,0.25,1,0.8718986
RW16,4,0.8226094846921671,3,0.25,1,0.8375552
RW16,5,0.7871316183203024,3,0.25,1,0.80597484
RW16,6,0.7482387904167098,3,0.25,1,0.774799
RW16,7,0.7062023643394817,3,0.25,1,0.74432856
RW16,8,0.6827160587550286,3,0.25,1,0.717018
RW16,9,0.6615821949474906,3,0.25,1,0.68972766
RW16,10,0.5661453405330296,3,0.25,1,0.5362494
RW16,11,0.5408575218936945,3,0.25,1,0.51398444
RW16,12,0.5381706456914773,3,0.25,1,0.49406844
RW16,13,0.5084526916129031,3,0.25,1,0.47560346
RW16,14,0.4924790862619698,3,0.25,1,0.457982
RW16,15,0.4893788571270426,3,0.25,1,0.4429165
RW16,16,0.4780194546133679,3,0.25,1,0.43011087
RW16,17,0.4636102907262206,3,0.25,1,0.41785645
RW16,18,0.44956410860533774,3,0.25,1,0.4069785
RW20,0,1.0,3,0.25,1,1.0012308
RW20,1,1.0021910813400627,3,0.25,1,0.9832714
RW20,2,0.9599630275408247,3,0.25,1,0.95168835
RW20,3,0.9389439105355176,3,0.25,1,0.9291846
RW20,4,0.9095890303731204,3,0.25,1,0.90256745
RW20,5,0.8787736467512757,3,0.25,1,0.8798607
RW20,6,0.8469654599736883,3,0.25,1,0.85502803
RW20,7,0.8099479091448711,3,0.25,1,0.83055395
RW20,8,0.7796407513733017,3,0.25,1,0.8065423
RW20,9,0.7362874771776192,3,0.25,1,0.78556705
RW20,10,0.7063011689898246,3,0.25,1,0.76574254
RW20,11,0.6860250235969596,3,0.25,1,0.74748147
RW20,12,0.6622238399306097,3,0.25,1,0.7305643
RW20,13,0.6407819061950949,3,0.25,1,0.7143097
RW20,14,0.6222273101754456,3,0.25,1,0.69825494
RW20,15,0.6032903401297325,3,0.25,1,0.6829288
RW20,16,0.5865757619049117,3,0.25,1,0.66858846
RW20,17,0.5820605296821747,3,0.25,1,0.6546978
RW20,18,0.5804741522197471,3,0.25,1,0.64520156
RW20,19,0.5639793794393497,3,0.25,1,0.6321305
RW20,20,0.5476026934841127,3,0.25,1,0.61909187
RW20,21,0.5407359137083738,3,0.25,1,0.6058017
RW20,22,0.5401899372028007,3,0.25,1,0.5936507
RW20,23,0.5259580191685468,3,0.25,1,0.58170545
RW20,24,0.524283560758304,3,0.25,1,0.5706271
RW20,25,0.5048560598498573,3,0.25,1,0.5597871
RW20,26,0.5036897444478489,3,0.25,1,0.5493611
RW20,27,0.4887815943950674,3,0.25,1,0.5395195
RW20,28,0.5028952410024843,3,0.25,1,0.5305447
RW24,0,1.0,3,0.25,1,1.0006515
RW24,1,0.9725958189735046,3,0.25,1,0.969183
RW24,2,0.9552453496230082,3,0.25,1,0.940941
RW24,3,0.9372884939407097,3,0.25,1,0.9133432
RW24,4,0.9062221635651304,3,0.25,1,0.88484436
RW24,5,0.8678749453601385,3,0.25,1,0.85574865
RW24,6,0.8383945015233694,3,0.25,1,0.8271239
RW24,7,0.8199385440731278,3,0.25,1,0.797755
RW24,8,0.8089491471012369,3,0.25,1,0.7677698
RW24,9,0.7944160791948103,3,0.25,1,0.7368894
RW24,10,0.7784916143400717,3,0.25,1,0.70568955
RW28,0,1.0,3,0.25,1,1.000385
RW28,1,0.9767401325580581,3,0.25,1,0.9598254
RW28,2,0.9572756800225528,3,0.25,1,0.94071186
RW28,3,0.9394102380666421,3,0.25,1,0.92594844
RW28,4,0.919531099054294,3,0.25,1,0.9125757
RW28,5,0.900309919399877,3,0.25,1,0.8982582
RW28,6,0.8774347131347013,3,0.25,1,0.88337725
RW28,7,0.8608166536988782,3,0.25,1,0.8683683
RW28,8,0.8490784643422473,3,0.25,1,0.85267574
RW28,9,0.8374593566091235,3,0.25,1,0.83503956
RW28,10,0.8307557480117016,3,0.25,1,0.81611085
RW28,11,0.8209258698387562,3,0.25,1,0.79619926
RW6,0,1.0,3,0.25,1,0.99794656
RW6,1,0.9648502435502201,3,0.25,1,0.959222
RW6,2,0.9329921152642804,3,0.25,1,0.9258443
RW6,3,0.9139749601773408,3,0.25,1,0.891088
RW6,4,0.8809638320161228,3,0.25,1,0.85696334
RW6,5,0.8518059593208507,3,0.25,1,0.8230622
RW6,6,0.8248471372067737,3,0.25,1,0.7909949
RW6,7,0.8047160673897786,3,0.25,1,0.76243556
RW6,8,0.7758839773727937,3,0.25,1,0.7442535
RW6,9,0.7287295594072909,3,0.25,1,0.71934533
RW6,10,0.6794846599462181,3,0.25,1,0.69477427
RW8,0,1.0,3,0.25,1,0.99174476
RW8,1,0.9538996910045201,3,0.25,1,0.96242595
RW8,2,0.9170337737145522,3,0.25,1,0.94229996
RW8,3,0.8811796038492549,3,0.25,1,0.9198836
RW8,4,0.8593893885316382,3,0.25,1,0.8991146
RW8,5,0.8277539857271006,3,0.25,1,0.87789774
RW8,6,0.8057974874661933,3,0.25,1,0.8433932
RW8,7,0.7930034466899822,3,0.25,1,0.82722616
RW8,8,0.7770929791397136,3,0.25,1,0.81151927
RW8,9,0.7619762421461702,3,0.25,1,0.79626083
RW8,10,0.7433319402014317,3,0.25,1,0.78139734
RW8,11,0.7696628567131956,3,0.25,1,0.7661541
RW8,12,0.740562427057364,3,0.25,1,0.7492281
RW8,13,0.7147522177902553,3,0.25,1,0.7332717
RW8,14,0.6902828531108213,3,0.25,1,0.7192189
RW8,15,0.669538500278939,3,0.25,1,0.7047256
RW8,16,0.6448644165545862,3,0.25,1,0.6900859
RW8,17,0.6225776414566216,3,0.25,1,0.67535365
RW8,18,0.6151773487241754,3,0.25,1,0.6598674
RW8,19,0.6138713970198927,3,0.25,1,0.6440827
RW8,20,0.6501051843741891,3,0.25,1,0.6237464
RW8,21,0.5891201738908819,3,0.25,1,0.60687125
RW8,22,0.542154015105283,3,0.25,1,0.5916674
RW12,0,1.0,3,0.25,2,0.9946897
RW12,1,0.9894632882172221,3,0.25,2,0.9752915
RW12,2,0.97868692158744,3,0.25,2,0.95439357
RW12,3,0.9668253675860224,3,0.25,2,0.9332613
RW12,4,0.9595351332482841,3,0.25,2,0.91075337
RW12,5,0.9425395856201333,3,0.25,2,0.8898107
RW12,6,0.9179237200116072,3,0.25,2,0.86371905
RW12,7,0.895972375242499,3,0.25,2,0.83345026
RW12,8,0.8781986993638894,3,0.25,2,0.80338854
RW12,9,0.8560774866359618,3,0.25,2,0.7759704
RW12,10,0.8450510763252,3,0.25,2,0.7517
RW12,11,0.833609165097995,3,0.25,2,0.7274141
RW12,12,0.8224867641248257,3,0.25,2,0.70641863
RW12,13,0.8112046941613273,3,0.25,2,0.68696177
RW12,14,0.8324148707378292,3,0.25,2,0.69172496
RW12,15,0.8187480106932906,3,0.25,2,0.68082714
RW12,16,0.8063357850884304,3,0.25,2,0.66875976
RW12,17,0.795247354785992,3,0.25,2,0.6570921
RW12,18,0.7786686371332949,3,0.25,2,0.6450217
RW12,19,0.7683124274417916,3,0.25,2,0.63682604
RW12,20,0.75692570834778,3,0.25,2,0.6295502
RW12,21,0.7461680205746775,3,0.25,2,0.6232222
RW12,22,0.7359515360207755,3,0.25,2,0.6178399
RW12,23,0.7186921615324031,3,0.25,2,0.6122927
RW12,24,0.7048109927006182,3,0.25,2,0.6071292
RW12,25,0.6987524864491403,3,0.25,2,0.60180676
RW12,26,0.688736379793022,3,0.25,2,0.5968899
RW12,27,0.6752978487151472,3,0.25,2,0.59099907
RW12,28,0.6697649501501854,3,0.25,2,0.584866
RW12,29,0.6581999973939088,3,0.25,2,0.57797295
RW12,30,0.6472474633838574,3,0.25,2,0.5706206
RW12,31,0.6584047219522146,3,0.25,2,0.5424079
RW12,32,0.6148650912610487,3,0.25,2,0.53102523
RW12,33,0.6035612126459146,3,0.25,2,0.5195685
RW12,34,0.5621434198182286,3,0.25,2,0.50740135
RW12,35,0.5487224937943592,3,0.25,2,0.49638987
RW12,36,0.5308620689275264,3,0.25,2,0.48333317
RW12,37,0.5203234893585551,3,0.25,2,0.47060758
RW16,0,1.0,3,0.25,2,0.9935752
RW16,1,0.9425621054107856,3,0.25,2,0.94768095
RW16,2,0.9122274948612392,3,0.25,2,0.89399344
RW16,3,0.8594705171754466,3,0.25,2,0.8566693
RW16,4,0.8226094846921671,3,0.25,2,0.82169306
RW16,5,0.7871316183203024,3,0.25,2,0.79000634
RW16,6,0.7482387904167098,3,0.25,2,0.7591065
RW16,7,0.7062023643394817,3,0.25,2,0.7295303
RW16,8,0.6827160587550286,3,0.25,2,0.7028916
RW16,9,0.6615821949474906,3,0.25,2,0.6763097
RW16,10,0.5661453405330296,3,0.25,2,0.5193422
RW16,11,0.5408575218936945,3,0.25,2,0.4999736
RW16,12,0.5381706456914773,3,0.25,2,0.4829017
RW16,13,0.5084526916129031,3,0.25,2,0.4676441
RW16,14,0.4924790862619698,3,0.25,2,0.45330685
RW16,15,0.4893788571270426,3,0.25,2,0.44096416
RW16,16,0.4780194546133679,3,0.25,2,0.4304136
RW16,17,0.4636102907262206,3,0.25,2,0.42017847
RW16,18,0.44956410860533774,3,0.25,2,0.41072202
RW20,0,1.0,3,0.25,2,0.9945737
RW20,1,1.0021910813400627,3,0.25,2,0.9874846
RW20,2,0.9599630275408247,3,0.25,2,0.9595284
RW20,3,0.9389439105355176,3,0.25,2,0.9322426
RW20,4,0.9095890303731204,3,0.25,2,0.9032614
RW20,5,0.8787736467512757,3,0.25,2,0.8768204
RW20,6,0.8469654599736883,3,0.25,2,0.8507338
RW20,7,0.8099479091448711,3,0.25,2,0.82634056
RW20,8,0.7796407513733017,3,0.25,2,0.80295205
RW20,9,0.7362874771776192,3,0.25,2,0.78297067
RW20,10,0.7063011689898246,3,0.25,2,0.76373386
RW20,11,0.6860250235969596,3,0.25,2,0.7455176
RW20,12,0.6622238399306097,3,0.25,2,0.7284939
RW20,13,0.6407819061950949,3,0.25,2,0.7120266
RW20,14,0.6222273101754456,3,0.25,2,0.69560117
RW20,15,0.6032903401297325,3,0.25,2,0.680012
RW20,16,0.5865757619049117,3,0.25,2,0.6655661
RW20,17,0.5820605296821747,3,0.25,2,0.6516002
RW20,18,0.5804741522197471,3,0.25,2,0.6420485
RW20,19,0.5639793794393497,3,0.25,2,0.629074
RW20,20,0.5476026934841127,3,0.25,2,0.6163035
RW20,21,0.5407359137083738,3,0.25,2,0.6031636
RW20,22,0.5401899372028007,3,0.25,2,0.59126204
RW20,23,0.5259580191685468,3,0.25,2,0.57961595
RW20,24,0.524283560758304,3,0.25,2,0.5688568
RW20,25,0.5048560598498573,3,0.25,2,0.55836725
RW20,26,0.5036897444478489,3,0.25,2,0.54806685
RW20,27,0.4887815943950674,3,0.25,2,0.5384049
RW20,28,0.5028952410024843,3,0.25,2,0.52932125
RW24,0,1.0,3,0.25,2,0.99507135
RW24,1,0.9725958189735046,3,0.25,2,0.9781625
RW24,2,0.9552453496230082,3,0.25,2,0.943404
RW24,3,0.9372884939407097,3,0.25,2,0.9107191
RW24,4,0.9062221635651304,3,0.25,2,0.87966
RW24,5,0.8678749453601385,3,0.25,2,0.85118884
RW24,6,0.8383945015233694,3,0.25,2,0.8264654
RW24,7,0.8199385440731278,3,0.25,2,0.80412924
RW24,8,0.8089491471012369,3,0.25,2,0.7836458
RW24,9,0.7944160791948103,3,0.25,2,0.76436704
RW24,10,0.7784916143400717,3,0.25,2,0.7459602
RW28,0,1.0,3,0.25,2,0.9943301
RW28,1,0.9767401325580581,3,0.25,2,0.97332454
RW28,2,0.9572756800225528,3,0.25,2,0.94744456
RW28,3,0.9394102380666421,3,0.25,2,0.9263401
RW28,4,0.919531099054294,3,0.25,2,0.90805817
RW28,5,0.900309919399877,3,0.25,2,0.89141905
RW28,6,0.8774347131347013,3,0.25,2,0.8765751
RW28,7,0.8608166536988782,3,0.25,2,0.86369956
RW28,8,0.8490784643422473,3,0.25,2,0.8522149
RW28,9,0.8374593566091235,3,0.25,2,0.8409815
RW28,10,0.8307557480117016,3,0.25,2,0.8302783
RW28,11,0.8209258698387562,3,0.25,2,0.81935
RW6,0,1.0,3,0.25,2,0.9893373
RW6,1,0.9648502435502201,3,0.25,2,0.9507883
RW6,2,0.9329921152642804,3,0.25,2,0.91395676
RW6,3,0.9139749601773408,3,0.25,2,0.8767389
RW6,4,0.8809638320161228,3,0.25,2,0.84065115
RW6,5,0.8518059593208507,3,0.25,2,0.8058033
RW6,6,0.8248471372067737,3,0.25,2,0.77345973
RW6,7,0.8047160673897786,3,0.25,2,0.7445451
RW6,8,0.7758839773727937,3,0.25,2,0.7257782
RW6,9,0.7287295594072909,3,0.25,2,0.69948614
RW6,10,0.6794846599462181,3,0.25,2,0.6736914
RW8,0,1.0,3,0.25,2,0.9834409
RW8,1,0.9538996910045201,3,0.25,2,0.9568486
RW8,2,0.9170337737145522,3,0.25,2,0.9366096
RW8,3,0.8811796038492549,3,0.25,2,0.91375136
RW8,4,0.8593893885316382,3,0.25,2,0.89274544
RW8,5,0.8277539857271006,3,0.25,2,0.8715348
RW8,6,0.8057974874661933,3,0.25,2,0.83764327
RW8,7,0.7930034466899822,3,0.25,2,0.8213809
RW8,8,0.7770929791397136,3,0.25,2,0.8055001
RW8,9,0.7619762421461702,3,0.25,2,0.7902563
RW8,10,0.7433319402014317,3,0.25,2,0.77573323
RW8,11,0.7696628567131956,3,0.25,2,0.7595713
RW8,12,0.740562427057364,3,0.25,2,0.7434509
RW8,13,0.7147522177902553,3,0.25,2,0.72832423
RW8,14,0.6902828531108213,3,0.25,2,0.71492994
RW8,15,0.669538500278939,3,0.25,2,0.7007649
RW8,16,0.6448644165545862,3,0.25,2,0.6861961
RW8,17,0.6225776414566216,3,0.25,2,0.6713675
RW8,18,0.6151773487241754,3,0.25,2,0.65520537
RW8,19,0.6138713970198927,3,0.25,2,0.63838303
RW8,20,0.6501051843741891,3,0.25,2,0.6150892
RW8,21,0.5891201738908819,3,0.25,2,0.59696
RW8,22,0.542154015105283,3,0.25,2,0.57983416
RW12,0,1.0,3,0.25,3,1.0039383
RW12,1,0.9894632882172221,3,0.25,3,0.9770337
RW12,2,0.97868692158744,3,0.25,3,0.9594814
RW12,3,0.9668253675860224,3,0.25,3,0.94067615
RW12,4,0.9595351332482841,3,0.25,3,0.92049617
RW12,5,0.9425395856201333,3,0.25,3,0.9009304
RW12,6,0.9179237200116072,3,0.25,3,0.87650555
RW12,7,0.895972375242499,3,0.25,3,0.84774333
RW12,8,0.8781986993638894,3,0.25,3,0.817957
RW12,9,0.8560774866359618,3,0.25,3,0.7899115
RW12,10,0.8450510763252,3,0.25,3,0.7643246
RW12,11,0.833609165097995,3,0.25,3,0.7382355
RW12,12,0.8224867641248257,3,0.25,3,0.7155081
RW12,13,0.8112046941613273,3,0.25,3,0.6946696
RW12,14,0.8324148707378292,3,0.25,3,0.69316363
RW12,15,0.8187480106932906,3,0.25,3,0.6801033
RW12,16,0.8063357850884304,3,0.25,3,0.6660949
RW12,17,0.795247354785992,3,0.25,3,0.6529343
RW12,18,0.7786686371332949,3,0.25,3,0.6403661
RW12,19,0.7683124274417916,3,0.25,3,0.631486
RW12,20,0.75692570834778,3,0.25,3,0.62388635
RW12,21,0.7461680205746775,3,0.25,3,0.61695343
RW12,22,0.7359515360207755,3,0.25,3,0.6110785
RW12,23,0.7186921615324031,3,0.25,3,0.60473543
RW12,24,0.7048109927006182,3,0.25,3,0.59903127
RW12,25,0.6987524864491403,3,0.25,3,0.59269655
RW12,26,0.688736379793022,3,0.25,3,0.58668816
RW12,27,0.6752978487151472,3,0.25,3,0.57961786
RW12,28,0.6697649501501854,3,0.25,3,0.57234055
RW12,29,0.6581999973939088,3,0.25,3,0.56425095
RW12,30,0.6472474633838574,3,0.25,3,0.5559312
RW12,31,0.6584047219522146,3,0.25,3,0.5231899
RW12,32,0.6148650912610487,3,0.25,3,0.5120282
RW12,33,0.6035612126459146,3,0.25,3,0.5008394
RW12,34,0.5621434198182286,3,0.25,3,0.48955643
RW12,35,0.5487224937943592,3,0.25,3,0.47957188
RW12,36,0.5308620689275264,3,0.25,3,0.4677993
RW12,37,0.5203234893585551,3,0.25,3,0.45658034
RW16,0,1.0,3,0.25,3,1.0031071
RW16,1,0.9425621054107856,3,0.25,3,0.96043473
RW16,2,0.9122274948612392,3,0.25,3,0.9113348
RW16,3,0.8594705171754466,3,0.25,3,0.8744827
RW16,4,0.8226094846921671,3,0.25,3,0.83922935
RW16,5,0.7871316183203024,3,0.25,3,0.8062359
RW16,6,0.7482387904167098,3,0.25,3,0.7735007
RW16,7,0.7062023643394817,3,0.25,3,0.74192536
RW16,8,0.6827160587550286,3,0.25,3,0.71424735
RW16,9,0.6615821949474906,3,0.25,3,0.68680435
RW16,10,0.5661453405330296,3,0.25,3,0.53310597
RW16,11,0.5408575218936945,3,0.25,3,0.51169544
RW16,12,0.5381706456914773,3,0.25,3,0.49292004
RW16,13,0.5084526916129031,3,0.25,3,0.47491646
RW16,14,0.4924790862619698,3,0.25,3,0.45744538
RW16,15,0.4893788571270426,3,0.25,3,0.44255608
RW16,16,0.4780194546133679,3,0.25,3,0.4296255
RW16,17,0.4636102907262206,3,0.25,3,0.41674966
RW16,18,0.44956410860533774,3,0.25,3,0.40489107
RW20,0,1.0,3,0.25,3,1.0035129
RW20,1,1.0021910813400627,3,0.25,3,0.99830526
RW20,2,0.9599630275408247,3,0.25,3,0.9655096
RW20,3,0.9389439105355176,3,0.25,3,0.937254
RW20,4,0.9095890303731204,3,0.25,3,0.91075224
RW20,5,0.8787736467512757,3,0.25,3,0.8846901
RW20,6,0.8469654599736883,3,0.25,3,0.8589493
RW20,7,0.8099479091448711,3,0.25,3,0.8340699
RW20,8,0.7796407513733017,3,0.25,3,0.80926925
RW20,9,0.7362874771776192,3,0.25,3,0.7875526
RW20,10,0.7063011689898246,3,0.25,3,0.7669859
RW20,11,0.6860250235969596,3,0.25,3,0.7480856
RW20,12,0.6622238399306097,3,0.25,3,0.73072195
RW20,13,0.6407819061950949,3,0.25,3,0.7141259
RW20,14,0.6222273101754456,3,0.25,3,0.6978259
RW20,15,0.6032903401297325,3,0.25,3,0.6823476
RW20,16,0.5865757619049117,3,0.25,3,0.667849
RW20,17,0.5820605296821747,3,0.25,3,0.6538141
RW20,18,0.5804741522197471,3,0.25,3,0.6441645
RW20,19,0.5639793794393497,3,0.25,3,0.630869
RW20,20,0.5476026934841127,3,0.25,3,0.61749905
RW20,21,0.5407359137083738,3,0.25,3,0.60378796
RW20,22,0.5401899372028007,3,0.25,3,0.5911492
RW20,23,0.5259580191685468,3,0.25,3,0.57852376
RW20,24,0.524283560758304,3,0.25,3,0.56669676
RW20,25,0.5048560598498573,3,0.25,3,0.55481625
RW20,26,0.5036897444478489,3,0.25,3,0.5432291
RW20,27,0.4887815943950674,3,0.25,3,0.53195584
RW20,28,0.5028952410024843,3,0.25,3,0.5216391
RW24,0,1.0,3,0.25,3,1.0003334
RW24,1,0.9725958189735046,3,0.25,3,0.97616476
RW24,2,0.9552453496230082,3,0.25,3,0.94110596
RW24,3,0.9372884939407097,3,0.25,3,0.90886384
RW24,4,0.9062221635651304,3,0.25,3,0.8785567
RW24,5,0.8678749453601385,3,0.25,3,0.8506243
RW24,6,0.8383945015233694,3,0.25,3,0.8257278
RW24,7,0.8199385440731278,3,0.25,3,0.8023645
RW24,8,0.8089491471012369,3,0.25,3,0.7798858
RW24,9,0.7944160791948103,3,0.25,3,0.7577907
RW24,10,0.7784916143400717,3,0.25,3,0.73596895
RW28,0,1.0,3,0.25,3,0.9990968
RW28,1,0.9767401325580581,3,0.25,3,0.96501523
RW28,2,0.9572756800225528,3,0.25,3,0.9435689
RW28,3,0.9394102380666421,3,0.25,3,0.9253548
RW28,4,0.919531099054294,3,0.25,3,0.9091498
RW28,5,0.900309919399877,3,0.25,3,0.89396083
RW28,6,0.8774347131347013,3,0.25,3,0.87938064
RW28,7,0.8608166536988782,3,0.25,3,0.86550486
RW28,8,0.8490784643422473,3,0.25,3,0.8519089
RW28,9,0.8374593566091235,3,0.25,3,0.83770555
RW28,10,0.8307557480117016,3,0.25,3,0.82312495
RW28,11,0.8209258698387562,3,0.25,3,0.8079073
RW6,0,1.0,3,0.25,3,0.9974466
RW6,1,0.9648502435502201,3,0.25,3,0.9603595
RW6,2,0.9329921152642804,3,0.25,3,0.9255659
RW6,3,0.9139749601773408,3,0.25,3,0.8905951
RW6,4,0.8809638320161228,3,0.25,3,0.85593104
RW6,5,0.8518059593208507,3,0.25,3,0.822157
RW6,6,0.8248471372067737,3,0.25,3,0.7898924
RW6,7,0.8047160673897786,3,0.25,3,0.7606035
RW6,8,0.7758839773727937,3,0.25,3,0.7417883
RW6,9,0.7287295594072909,3,0.25,3,0.71508294
RW6,10,0.6794846599462181,3,0.25,3,0.68941486
RW8,0,1.0,3,0.25,3,0.99130124
RW8,1,0.9538996910045201,3,0.25,3,0.9663465
RW8,2,0.9170337737145522,3,0.25,3,0.9469525
RW8,3,0.8811796038492549,3,0.25,3,0.92486393
RW8,4,0.8593893885316382,3,0.25,3,0.9045488
RW8,5,0.8277539857271006,3,0.25,3,0.88443244
RW8,6,0.8057974874661933,3,0.25,3,0.8487087
RW8,7,0.7930034466899822,3,0.25,3,0.8311995
RW8,8,0.7770929791397136,3,0.25,3,0.8136318
RW8,9,0.7619762421461702,3,0.25,3,0.79623675
RW8,10,0.7433319402014317,3,0.25,3,0.77911574
RW8,11,0.7696628567131956,3,0.25,3,0.7607695
RW8,12,0.740562427057364,3,0.25,3,0.74126166
RW8,13,0.7147522177902553,3,0.25,3,0.72307146
RW8,14,0.6902828531108213,3,0.25,3,0.7074653
RW8,15,0.669538500278939,3,0.25,3,0.6917051
RW8,16,0.6448644165545862,3,0.25,3,0.6761278
RW8,17,0.6225776414566216,3,0.25,3,0.6606252
RW8,18,0.6151773487241754,3,0.25,3,0.644542
RW8,19,0.6138713970198927,3,0.25,3,0.6286049
RW8,20,0.6501051843741891,3,0.25,3,0.608708
RW8,21,0.5891201738908819,3,0.25,3,0.5922253
RW8,22,0.542154015105283,3,0.25,3,0.57750595
RW12,0,1.0,3,0.25,4,1.004771
RW12,1,0.9894632882172221,3,0.25,4,0.991857
RW12,2,0.97868692158744,3,0.25,4,0.96324563
RW12,3,0.9668253675860224,3,0.25,4,0.9375297
RW12,4,0.9595351332482841,3,0.25,4,0.9107915
RW12,5,0.9425395856201333,3,0.25,4,0.8868369
RW12,6,0.9179237200116072,3,0.25,4,0.8572055
RW12,7,0.895972375242499,3,0.25,4,0.82503605
RW12,8,0.8781986993638894,3,0.25,4,0.7943531
RW12,9,0.8560774866359618,3,0.25,4,0.76780164
RW12,10,0.8450510763252,3,0.25,4,0.7445785
RW12,11,0.833609165097995,3,0.25,4,0.7217823
RW12,12,0.8224867641248257,3,0.25,4,0.7020793
RW12,13,0.8112046941613273,3,0.25,4,0.68405074
RW12,14,0.8324148707378292,3,0.25,4,0.6916979
RW12,15,0.8187480106932906,3,0.25,4,0.68172646
RW12,16,0.8063357850884304,3,0.25,4,0.6702035
RW12,17,0.795247354785992,3,0.25,4,0.65899813
RW12,18,0.7786686371332949,3,0.25,4,0.646864
RW12,19,0.7683124274417916,3,0.25,4,0.6385717
RW12,20,0.75692570834778,3,0.25,4,0.6307246
RW12,21,0.7461680205746775,3,0.25,4,0.6238416
RW12,22,0.7359515360207755,3,0.25,4,0.617744
RW12,23,0.7186921615324031,3,0.25,4,0.61158913
RW12,24,0.7048109927006182,3,0.25,4,0.6055337
RW12,25,0.6987524864491403,3,0.25,4,0.59968615
RW12,26,0.688736379793022,3,0.25,4,0.59429157
RW12,27,0.6752978487151472,3,0.25,4,0.5881217
RW12,28,0.6697649501501854,3,0.25,4,0.581831
RW12,29,0.6581999973939088,3,0.25,4,0.57509124
RW12,30,0.6472474633838574,3,0.25,4,0.5679036
RW12,31,0.6584047219522146,3,0.25,4,0.54502976
RW12,32,0.6148650912610487,3,0.25,4,0.5342177
RW12,33,0.6035612126459146,3,0.25,4,0.5234849
RW12,34,0.5621434198182286,3,0.25,4,0.5121776
RW12,35,0.5487224937943592,3,0.25,4,0.5020264
RW12,36,0.5308620689275264,3,0.25,4,0.49025238
RW12,37,0.5203234893585551,3,0.25,4,0.47879136
RW16,0,1.0,3,0.25,4,1.0020518
RW16,1,0.9425621054107856,3,0.25,4,0.9522724
RW16,2,0.9122274948612392,3,0.25,4,0.903504
RW16,3,0.8594705171754466,3,0.25,4,0.86682796
RW16,4,0.8226094846921671,3,0.25,4,0.832757
RW16,5,0.7871316183203024,3,0.25,4,0.8021488
RW16,6,0.7482387904167098,3,0.25,4,0.772671
RW16,7,0.7062023643394817,3,0.25,4,0.7443732
RW16,8,0.6827160587550286,3,0.25,4,0.7188685
RW16,9,0.6615821949474906,3,0.25,4,0.6931102
RW16,10,0.5661453405330296,3,0.25,4,0.5341257
RW16,11,0.5408575218936945,3,0.25,4,0.51239955
RW16,12,0.5381706456914773,3,0.25,4,0.49256414
RW16,13,0.5084526916129031,3,0.25,4,0.47462767
RW16,14,0.4924790862619698,3,0.25,4,0.45733535
RW16,15,0.4893788571270426,3,0.25,4,0.44192302
RW16,16,0.4780194546133679,3,0.25,4,0.428773
RW16,17,0.4636102907262206,3,0.25,4,0.41619498
RW16,18,0.44956410860533774,3,0.25,4,0.4048053
RW20,0,1.0,3,0.25,4,1.0025789
RW20,1,1.0021910813400627,3,0.25,4,1.0195553
RW20,2,0.9599630275408247,3,0.25,4,0.94906634
RW20,3,0.9389439105355176,3,0.25,4,0.9249941
RW20,4,0.9095890303731204,3,0.25,4,0.8971998
RW20,5,0.8787736467512757,3,0.25,4,0.87592083
RW20,6,0.8469654599736883,3,0.25,4,0.85158634
RW20,7,0.8099479091448711,3,0.25,4,0.827171
RW20,8,0.7796407513733017,3,0.25,4,0.8030107
RW20,9,0.7362874771776192,3,0.25,4,0.78151417
RW20,10,0.7063011689898246,3,0.25,4,0.76086533
RW20,11,0.6860250235969596,3,0.25,4,0.7415912
RW20,12,0.6622238399306097,3,0.25,4,0.72370857
RW20,13,0.6407819061950949,3,0.25,4,0.7066939
RW20,14,0.6222273101754456,3,0.25,4,0.6900323
RW20,15,0.6032903401297325,3,0.25,4,0.6743926
RW20,16,0.5865757619049117,3,0.25,4,0.66004217
RW20,17,0.5820605296821747,3,0.25,4,0.6463059
RW20,18,0.5804741522197471,3,0.25,4,0.63699913
RW20,19,0.5639793794393497,3,0.25,4,0.6244111
RW20,20,0.5476026934841127,3,0.25,4,0.6121377
RW20,21,0.5407359137083738,3,0.25,4,0.5996125
RW20,22,0.5401899372028007,3,0.25,4,0.5883416
RW20,23,0.5259580191685468,3,0.25,4,0.5774485
RW20,24,0.524283560758304,3,0.25,4,0.5674932
RW20,25,0.5048560598498573,3,0.25,4,0.55799335
RW20,26,0.5036897444478489,3,0.25,4,0.5487975
RW20,27,0.4887815943950674,3,0.25,4,0.540439
RW20,28,0.5028952410024843,3,0.25,4,0.53268355
RW24,0,1.0,3,0.25,4,0.9991839
RW24,1,0.9725958189735046,3,0.25,4,0.99711436
RW24,2,0.9552453496230082,3,0.25,4,0.958454
RW24,3,0.9372884939407097,3,0.25,4,0.92197853
RW24,4,0.9062221635651304,3,0.25,4,0.88710076
RW24,5,0.8678749453601385,3,0.25,4,0.8549904
RW24,6,0.8383945015233694,3,0.25,4,0.82718205
RW24,7,0.8199385440731278,3,0.25,4,0.8019452
RW24,8,0.8089491471012369,3,0.25,4,0.7787411
RW24,9,0.7944160791948103,3,0.25,4,0.7569251
RW24,10,0.7784916143400717,3,0.25,4,0.736302
RW28,0,1.0,3,0.25,4,1.0005809
RW28,1,0.9767401325580581,3,0.25,4,0.97693086
RW28,2,0.9572756800225528,3,0.25,4,0.9493475
RW28,3,0.9394102380666421,3,0.25,4,0.92905945
RW28,4,0.919531099054294,3,0.25,4,0.9112978
RW28,5,0.900309919399877,3,0.25,4,0.89416695
RW28,6,0.8774347131347013,3,0.25,4,0.87856436
RW28,7,0.8608166536988782,3,0.25,4,0.8646424
RW28,8,0.8490784643422473,3,0.25,4,0.8518478
RW28,9,0.8374593566091235,3,0.25,4,0.83904195
RW28,10,0.8307557480117016,3,0.25,4,0.82678074
RW28,11,0.8209258698387562,3,0.25,4,0.8144738
RW6,0,1.0,3,0.25,4,0.99802625
RW6,1,0.9648502435502201,3,0.25,4,0.96182245
RW6,2,0.9329921152642804,3,0.25,4,0.92653286
RW6,3,0.9139749601773408,3,0.25,4,0.88980854
RW6,4,0.8809638320161228,3,0.25,4,0.8547571
RW6,5,0.8518059593208507,3,0.25,4,0.8210412
RW6,6,0.8248471372067737,3,0.25,4,0.7896993
RW6,7,0.8047160673897786,3,0.25,4,0.76066846
RW6,8,0.7758839773727937,3,0.25,4,0.7415518
RW6,9,0.7287295594072909,3,0.25,4,0.71441936
RW6,10,0.6794846599462181,3,0.25,4,0.68825924
RW8,0,1.0,3,0.25,4,0.99068314
RW8,1,0.9538996910045201,3,0.25,4,0.96651953
RW8,2,0.9170337737145522,3,0.25,4,0.94303966
RW8,3,0.8811796038492549,3,0.25,4,0.91836464
RW8,4,0.8593893885316382,3,0.25,4,0.8953149
RW8,5,0.8277539857271006,3,0.25,4,0.8736546
RW8,6,0.8057974874661933,3,0.25,4,0.83830714
RW8,7,0.7930034466899822,3,0.25,4,0.82176363
RW8,8,0.7770929791397136,3,0.25,4,0.8058511
RW8,9,0.7619762421461702,3,0.25,4,0.7905982
RW8,10,0.7433319402014317,3,0.25,4,0.7760048
RW8,11,0.7696628567131956,3,0.25,4,0.7601321
RW8,12,0.740562427057364,3,0.25,4,0.7437036
RW8,13,0.7147522177902553,3,0.25,4,0.72829854
RW8,14,0.6902828531108213,3,0.25,4,0.71462667
RW8,15,0.669538500278939,3,0.25,4,0.70028114
RW8,16,0.6448644165545862,3,0.25,4,0.685674
RW8,17,0.6225776414566216,3,0.25,4,0.67100495
RW8,18,0.6151773487241754,3,0.25,4,0.65517837
RW8,19,0.6138713970198927,3,0.25,4,0.63865113
RW8,20,0.6501051843741891,3,0.25,4,0.61573684
RW8,21,0.5891201738908819,3,0.25,4,0.5979977
RW8,22,0.542154015105283,3,0.25,4,0.58131725
RW12,0,1.0,3,0.1,0,1.0075964
RW12,1,0.9894632882172221,3,0.1,0,0.97941667
RW12,2,0.97868692158744,3,0.1,0,0.96067536
RW12,3,0.9668253675860224,3,0.1,0,0.9392079
RW12,4,0.9595351332482841,3,0.1,0,0.91606265
RW12,5,0.9425395856201333,3,0.1,0,0.89441776
RW12,6,0.9179237200116072,3,0.1,0,0.86928934
RW12,7,0.895972375242499,3,0.1,0,0.8399012
RW12,8,0.8781986993638894,3,0.1,0,0.81057626
RW12,9,0.8560774866359618,3,0.1,0,0.78262436
RW12,10,0.8450510763252,3,0.1,0,0.75785357
RW12,11,0.833609165097995,3,0.1,0,0.73278594
RW12,12,0.8224867641248257,3,0.1,0,0.7107945
RW12,13,0.8112046941613273,3,0.1,0,0.68964654
RW12,14,0.8324148707378292,3,0.1,0,0.6859585
RW12,15,0.8187480106932906,3,0.1,0,0.67326176
RW12,16,0.8063357850884304,3,0.1,0,0.6596806
RW12,17,0.795247354785992,3,0.1,0,0.6460737
RW12,18,0.7786686371332949,3,0.1,0,0.6318977
RW12,19,0.7683124274417916,3,0.1,0,0.62167394
RW12,20,0.75692570834778,3,0.1,0,0.61240053
RW12,21,0.7461680205746775,3,0.1,0,0.60413104
RW12,22,0.7359515360207755,3,0.1,0,0.5970235
RW12,23,0.7186921615324031,3,0.1,0,0.5897614
RW12,24,0.7048109927006182,3,0.1,0,0.5829551
RW12,25,0.6987524864491403,3,0.1,0,0.5764034
RW12,26,0.688736379793022,3,0.1,0,0.57058126
RW12,27,0.6752978487151472,3,0.1,0,0.56395614
RW12,28,0.6697649501501854,3,0.1,0,0.5573686
RW12,29,0.6581999973939088,3,0.1,0,0.5503564
RW12,30,0.6472474633838574,3,0.1,0,0.5429945
RW12,31,0.6584047219522146,3,0.1,0,0.526213
RW12,32,0.6148650912610487,3,0.1,0,0.5163127
RW12,33,0.6035612126459146,3,0.1,0,0.5060599
RW12,34,0.5621434198182286,3,0.1,0,0.4957798
RW12,35,0.5487224937943592,3,0.1,0,0.48622417
RW12,36,0.5308620689275264,3,0.1,0,0.4759457
RW12,37,0.5203234893585551,3,0.1,0,0.4658274
RW16,0,1.0,3,0.1,0,1.0031085
RW16,1,0.9425621054107856,3,0.1,0,0.9678922
RW16,2,0.9122274948612392,3,0.1,0,0.9092811
RW16,3,0.8594705171754466,3,0.1,0,0.86828977
RW16,4,0.8226094846921671,3,0.1,0,0.8298539
RW16,5,0.7871316183203024,3,0.1,0,0.7954743
RW16,6,0.7482387904167098,3,0.1,0,0.7621865
RW16,7,0.7062023643394817,3,0.1,0,0.73027384
RW16,8,0.6827160587550286,3,0.1,0,0.70252234
RW16,9,0.6615821949474906,3,0.1,0,0.6759894
RW16,10,0.5661453405330296,3,0.1,0,0.52677387
RW16,11,0.5408575218936945,3,0.1,0,0.50315404
RW16,12,0.5381706456914773,3,0.1,0,0.4817618
RW16,13,0.5084526916129031,3,0.1,0,0.45998424
RW16,14,0.4924790862619698,3,0.1,0,0.43812716
RW16,15,0.4893788571270426,3,0.1,0,0.41898888
RW16,16,0.4780194546133679,3,0.1,0,0.40145624
RW16,17,0.4636102907262206,3,0.1,0,0.38312787
RW16,18,0.44956410860533774,3,0.1,0,0.3655439
RW20,0,1.0,3,0.1,0,1.0032321
RW20,1,1.0021910813400627,3,0.1,0,0.9646534
RW20,2,0.9599630275408247,3,0.1,0,0.9885111
RW20,3,0.9389439105355176,3,0.1,0,0.95867646
RW20,4,0.9095890303731204,3,0.1,0,0.91695887
RW20,5,0.8787736467512757,3,0.1,0,0.87507063
RW20,6,0.8469654599736883,3,0.1,0,0.8409486
RW20,7,0.8099479091448711,3,0.1,0,0.8125874
RW20,8,0.7796407513733017,3,0.1,0,0.7880877
RW20,9,0.7362874771776192,3,0.1,0,0.7697973
RW20,10,0.7063011689898246,3,0.1,0,0.7540426
RW20,11,0.6860250235969596,3,0.1,0,0.7401234
RW20,12,0.6622238399306097,3,0.1,0,0.728063
RW20,13,0.6407819061950949,3,0.1,0,0.71649605
RW20,14,0.6222273101754456,3,0.1,0,0.7046716
RW20,15,0.6032903401297325,3,0.1,0,0.6929081
RW20,16,0.5865757619049117,3,0.1,0,0.68134385
RW20,17,0.5820605296821747,3,0.1,0,0.6695251
RW20,18,0.5804741522197471,3,0.1,0,0.6611432
RW20,19,0.5639793794393497,3,0.1,0,0.6489592
RW20,20,0.5476026934841127,3,0.1,0,0.6359985
RW20,21,0.5407359137083738,3,0.1,0,0.6222745
RW20,22,0.5401899372028007,3,0.1,0,0.6090038
RW20,23,0.5259580191685468,3,0.1,0,0.59519434
RW20,24,0.524283560758304,3,0.1,0,0.58167523
RW20,25,0.5048560598498573,3,0.1,0,0.5675245
RW20,26,0.5036897444478489,3,0.1,0,0.55337775
RW20,27,0.4887815943950674,3,0.1,0,0.5389524
RW20,28,0.5028952410024843,3,0.1,0,0.52546394
RW24,0,1.0,3,0.1,0,0.99940425
RW24,1,0.9725958189735046,3,0.1,0,1.0024472
RW24,2,0.9552453496230082,3,0.1,0,0.9659463
RW24,3,0.9372884939407097,3,0.1,0,0.93319637
RW24,4,0.9062221635651304,3,0.1,0,0.9024814
RW24,5,0.8678749453601385,3,0.1,0,0.87510824
RW24,6,0.8383945015233694,3,0.1,0,0.8510802
RW24,7,0.8199385440731278,3,0.1,0,0.8289224
RW24,8,0.8089491471012369,3,0.1,0,0.8088651
RW24,9,0.7944160791948103,3,0.1,0,0.7896329
RW24,10,0.7784916143400717,3,0.1,0,0.7709485
RW28,0,1.0,3,0.1,0,0.99837786
RW28,1,0.9767401325580581,3,0.1,0,0.97618854
RW28,2,0.9572756800225528,3,0.1,0,0.94694406
RW28,3,0.9394102380666421,3,0.1,0,0.9210314
RW28,4,0.919531099054294,3,0.1,0,0.89837945
RW28,5,0.900309919399877,3,0.1,0,0.8782027
RW28,6,0.8774347131347013,3,0.1,0,0.8601291
RW28,7,0.8608166536988782,3,0.1,0,0.842462
RW28,8,0.8490784643422473,3,0.1,0,0.82691205
RW28,9,0.8374593566091235,3,0.1,0,0.81125546
RW28,10,0.8307557480117016,3,0.1,0,0.7955669
RW28,11,0.8209258698387562,3,0.1,0,0.78004843
RW6,0,1.0,3,0.1,0,0.9947926
RW6,1,0.9648502435502201,3,0.1,0,0.9670818
RW6,2,0.9329921152642804,3,0.1,0,0.9266619
RW6,3,0.9139749601773408,3,0.1,0,0.88664496
RW6,4,0.8809638320161228,3,0.1,0,0.8477019
RW6,5,0.8518059593208507,3,0.1,0,0.80937386
RW6,6,0.8248471372067737,3,0.1,0,0.7739255
RW6,7,0.8047160673897786,3,0.1,0,0.74505603
RW6,8,0.7758839773727937,3,0.1,0,0.7278403
RW6,9,0.7287295594072909,3,0.1,0,0.7060287
RW6,10,0.6794846599462181,3,0.1,0,0.6841468
RW8,0,1.0,3,0.1,0,0.98433775
RW8,1,0.9538996910045201,3,0.1,0,0.96989083
RW8,2,0.9170337737145522,3,0.1,0,0.9474542
RW8,3,0.8811796038492549,3,0.1,0,0.9223171
RW8,4,0.8593893885316382,3,0.1,0,0.9006147
RW8,5,0.8277539857271006,3,0.1,0,0.87688243
RW8,6,0.8057974874661933,3,0.1,0,0.841869
RW8,7,0.7930034466899822,3,0.1,0,0.82627106
RW8,8,0.7770929791397136,3,0.1,0,0.81123674
RW8,9,0.7619762421461702,3,0.1,0,0.7968676
RW8,10,0.7433319402014317,3,0.1,0,0.78355867
RW8,11,0.7696628567131956,3,0.1,0,0.77102524
RW8,12,0.740562427057364,3,0.1,0,0.7585219
RW8,13,0.7147522177902553,3,0.1,0,0.74838024
RW8,14,0.6902828531108213,3,0.1,0,0.74073684
RW8,15,0.669538500278939,3,0.1,0,0.73391473
RW8,16,0.6448644165545862,3,0.1,0,0.7278261
RW8,17,0.6225776414566216,3,0.1,0,0.72205436
RW8,18,0.6151773487241754,3,0.1,0,0.7165153
RW8,19,0.6138713970198927,3,0.1,0,0.71111465
RW8,20,0.6501051843741891,3,0.1,0,0.7043074
RW8,21,0.5891201738908819,3,0.1,0,0.6980895
RW8,22,0.542154015105283,3,0.1,0,0.692155
RW12,0,1.0,3,0.1,1,0.9957294
RW12,1,0.9894632882172221,3,0.1,1,1.0464257
RW12,2,0.97868692158744,3,0.1,1,1.0058726
RW12,3,0.9668253675860224,3,0.1,1,0.971229
RW12,4,0.9595351332482841,3,0.1,1,0.9355854
RW12,5,0.9425395856201333,3,0.1,1,0.9051765
RW12,6,0.9179237200116072,3,0.1,1,0.86810803
RW12,7,0.895972375242499,3,0.1,1,0.8298297
RW12,8,0.8781986993638894,3,0.1,1,0.7951769
RW12,9,0.8560774866359618,3,0.1,1,0.76742023
RW12,10,0.8450510763252,3,0.1,1,0.74405414
RW12,11,0.833609165097995,3,0.1,1,0.7216824
RW12,12,0.8224867641248257,3,0.1,1,0.70287263
RW12,13,0.8112046941613273,3,0.1,1,0.6859367
RW12,14,0.8324148707378292,3,0.1,1,0.6973169
RW12,15,0.8187480106932906,3,0.1,1,0.6892644
RW12,16,0.8063357850884304,3,0.1,1,0.6793546
RW12,17,0.795247354785992,3,0.1,1,0.6695976
RW12,18,0.7786686371332949,3,0.1,1,0.65766644
RW12,19,0.7683124274417916,3,0.1,1,0.6493819
RW12,20,0.75692570834778,3,0.1,1,0.6404201
RW12,21,0.7461680205746775,3,0.1,1,0.63228405
RW12,22,0.7359515360207755,3,0.1,1,0.6243443
RW12,23,0.7186921615324031,3,0.1,1,0.61610216
RW12,24,0.7048109927006182,3,0.1,1,0.6068834
RW12,25,0.6987524864491403,3,0.1,1,0.5987168
RW12,26,0.688736379793022,3,0.1,1,0.59109545
RW12,27,0.6752978487151472,3,0.1,1,0.5827236
RW12,28,0.6697649501501854,3,0.1,1,0.5737448
RW12,29,0.6581999973939088,3,0.1,1,0.564849
RW12,30,0.6472474633838574,3,0.1,1,0.5547407
RW12,31,0.6584047219522146,3,0.1,1,0.55059487
RW12,32,0.6148650912610487,3,0.1,1,0.5377857
RW12,33,0.6035612126459146,3,0.1,1,0.5255466
RW12,34,0.5621434198182286,3,0.1,1,0.51366025
RW12,35,0.5487224937943592,3,0.1,1,0.5033797
RW12,36,0.5308620689275264,3,0.1,1,0.4934622
RW12,37,0.5203234893585551,3,0.1,1,0.4839002
RW16,0,1.0,3,0.1,1,0.9951763
RW16,1,0.9425621054107856,3,0.1,1,0.98702914
RW16,2,0.9122274948612392,3,0.1,1,0.92920494
RW16,3,0.8594705171754466,3,0.1,1,0.8798101
RW16,4,0.8226094846921671,3,0.1,1,0.83759034
RW16,5,0.7871316183203024,3,0.1,1,0.80281925
RW16,6,0.7482387904167098,3,0.1,1,0.7714014
RW16,7,0.7062023643394817,3,0.1,1,0.7423415
RW16,8,0.6827160587550286,3,0.1,1,0.717602
RW16,9,0.6615821949474906,3,0.1,1,0.69266546
RW16,10,0.5661453405330296,3,0.1,1,0.5406786
RW16,11,0.5408575218936945,3,0.1,1,0.51875925
RW16,12,0.5381706456914773,3,0.1,1,0.4999668
RW16,13,0.5084526916129031,3,0.1,1,0.48172712
RW16,14,0.4924790862619698,3,0.1,1,0.4645093
RW16,15,0.4893788571270426,3,0.1,1,0.4503916
RW16,16,0.4780194546133679,3,0.1,1,0.4384402
RW16,17,0.4636102907262206,3,0.1,1,0.42693108
RW16,18,0.44956410860533774,3,0.1,1,0.41689467
RW20,0,1.0,3,0.1,1,0.99529064
RW20,1,1.0021910813400627,3,0.1,1,1.0908151
RW20,2,0.9599630275408247,3,0.1,1,0.9141748
RW20,3,0.9389439105355176,3,0.1,1,0.8963346
RW20,4,0.9095890303731204,3,0.1,1,0.87528753
RW20,5,0.8787736467512757,3,0.1,1,0.8662389
RW20,6,0.8469654599736883,3,0.1,1,0.84761375
RW20,7,0.8099479091448711,3,0.1,1,0.82583535
RW20,8,0.7796407513733017,3,0.1,1,0.8030564
RW20,9,0.7362874771776192,3,0.1,1,0.7817404
RW20,10,0.7063011689898246,3,0.1,1,0.761134
RW20,11,0.6860250235969596,3,0.1,1,0.7421927
RW20,12,0.6622238399306097,3,0.1,1,0.72479725
RW20,13,0.6407819061950949,3,0.1,1,0.7085309
RW20,14,0.6222273101754456,3,0.1,1,0.6930148
RW20,15,0.6032903401297325,3,0.1,1,0.6789559
RW20,16,0.5865757619049117,3,0.1,1,0.666352
RW20,17,0.5820605296821747,3,0.1,1,0.65466595
RW20,18,0.5804741522197471,3,0.1,1,0.6468164
RW20,19,0.5639793794393497,3,0.1,1,0.63651407
RW20,20,0.5476026934841127,3,0.1,1,0.62644863
RW20,21,0.5407359137083738,3,0.1,1,0.61604726
RW20,22,0.5401899372028007,3,0.1,1,0.606941
RW20,23,0.5259580191685468,3,0.1,1,0.5981453
RW20,24,0.524283560758304,3,0.1,1,0.5902672
RW20,25,0.5048560598498573,3,0.1,1,0.5825807
RW20,26,0.5036897444478489,3,0.1,1,0.5749986
RW20,27,0.4887815943950674,3,0.1,1,0.5680491
RW20,28,0.5028952410024843,3,0.1,1,0.56170356
RW24,0,1.0,3,0.1,1,0.9950211
RW24,1,0.9725958189735046,3,0.1,1,0.9964223
RW24,2,0.9552453496230082,3,0.1,1,0.9604486
RW24,3,0.9372884939407097,3,0.1,1,0.92397887
RW24,4,0.9062221635651304,3,0.1,1,0.88549894
RW24,5,0.8678749453601385,3,0.1,1,0.84555805
RW24,6,0.8383945015233694,3,0.1,1,0.806596
RW24,7,0.8199385440731278,3,0.1,1,0.7674821
RW24,8,0.8089491471012369,3,0.1,1,0.7287679
RW24,9,0.7944160791948103,3,0.1,1,0.69072795
RW24,10,0.7784916143400717,3,0.1,1,0.6542469
RW28,0,1.0,3,0.1,1,0.9959418
RW28,1,0.9767401325580581,3,0.1,1,0.9441056
RW28,2,0.9572756800225528,3,0.1,1,0.92283314
RW28,3,0.9394102380666421,3,0.1,1,0.91099226
RW28,4,0.919531099054294,3,0.1,1,0.8996556
RW28,5,0.900309919399877,3,0.1,1,0.88677037
RW28,6,0.8774347131347013,3,0.1,1,0.87349135
RW28,7,0.8608166536988782,3,0.1,1,0.8598524
RW28,8,0.8490784643422473,3,0.1,1,0.8454702
RW28,9,0.8374593566091235,3,0.1,1,0.82933766
RW28,10,0.8307557480117016,3,0.1,1,0.812265
RW28,11,0.8209258698387562,3,0.1,1,0.7943607
RW6,0,1.0,3,0.1,1,0.9921152
RW6,1,0.9648502435502201,3,0.1,1,1.0049356
RW6,2,0.9329921152642804,3,0.1,1,0.9608945
RW6,3,0.9139749601773408,3,0.1,1,0.9156377
RW6,4,0.8809638320161228,3,0.1,1,0.8737179
RW6,5,0.8518059593208507,3,0.1,1,0.83445966
RW6,6,0.8248471372067737,3,0.1,1,0.7985376
RW6,7,0.8047160673897786,3,0.1,1,0.76551443
RW6,8,0.7758839773727937,3,0.1,1,0.7453884
RW6,9,0.7287295594072909,3,0.1,1,0.7173331
RW6,10,0.6794846599462181,3,0.1,1,0.6912695
RW8,0,1.0,3,0.1,1,0.98841375
RW8,1,0.9538996910045201,3,0.1,1,1.0078268
RW8,2,0.9170337737145522,3,0.1,1,0.9715832
RW8,3,0.8811796038492549,3,0.1,1,0.9373703
RW8,4,0.8593893885316382,3,0.1,1,0.90507764
RW8,5,0.8277539857271006,3,0.1,1,0.8775257
RW8,6,0.8057974874661933,3,0.1,1,0.8354999
RW8,7,0.7930034466899822,3,0.1,1,0.8185624
RW8,8,0.7770929791397136,3,0.1,1,0.80364954
RW8,9,0.7619762421461702,3,0.1,1,0.79016644
RW8,10,0.7433319402014317,3,0.1,1,0.777507
RW8,11,0.7696628567131956,3,0.1,1,0.76345575
RW8,12,0.740562427057364,3,0.1,1,0.748677
RW8,13,0.7147522177902553,3,0.1,1,0.7344773
RW8,14,0.6902828531108213,3,0.1,1,0.721195
RW8,15,0.669538500278939,3,0.1,1,0.7070491
RW8,16,0.6448644165545862,3,0.1,1,0.69244194
RW8,17,0.6225776414566216,3,0.1,1,0.6778983
RW8,18,0.6151773487241754,3,0.1,1,0.6626209
RW8,19,0.6138713970198927,3,0.1,1,0.6462678
RW8,20,0.6501051843741891,3,0.1,1,0.6241836
RW8,21,0.5891201738908819,3,0.1,1,0.6070577
RW8,22,0.542154015105283,3,0.1,1,0.5912672
RW12,0,1.0,3,0.1,2,1.0042455
RW12,1,0.9894632882172221,3,0.1,2,0.9740424
RW12,2,0.97868692158744,3,0.1,2,0.94984525
RW12,3,0.9668253675860224,3,0.1,2,0.92620236
RW12,4,0.9595351332482841,3,0.1,2,0.90108186
RW12,5,0.9425395856201333,3,0.1,2,0.8788262
RW12,6,0.9179237200116072,3,0.1,2,0.85269153
RW12,7,0.895972375242499,3,0.1,2,0.8246821
RW12,8,0.8781986993638894,3,0.1,2,0.79836494
RW12,9,0.8560774866359618,3,0.1,2,0.77509534
RW12,10,0.8450510763252,3,0.1,2,0.75487655
RW12,11,0.833609165097995,3,0.1,2,0.73482096
RW12,12,0.8224867641248257,3,0.1,2,0.7173927
RW12,13,0.8112046941613273,3,0.1,2,0.70073444
RW12,14,0.8324148707378292,3,0.1,2,0.691123
RW12,15,0.8187480106932906,3,0.1,2,0.67967135
RW12,16,0.8063357850884304,3,0.1,2,0.667603
RW12,17,0.795247354785992,3,0.1,2,0.6554336
RW12,18,0.7786686371332949,3,0.1,2,0.6430632
RW12,19,0.7683124274417916,3,0.1,2,0.63342786
RW12,20,0.75692570834778,3,0.1,2,0.6245978
RW12,21,0.7461680205746775,3,0.1,2,0.61645985
RW12,22,0.7359515360207755,3,0.1,2,0.6094873
RW12,23,0.7186921615324031,3,0.1,2,0.6023962
RW12,24,0.7048109927006182,3,0.1,2,0.59600234
RW12,25,0.6987524864491403,3,0.1,2,0.589855
RW12,26,0.688736379793022,3,0.1,2,0.5845915
RW12,27,0.6752978487151472,3,0.1,2,0.57892054
RW12,28,0.6697649501501854,3,0.1,2,0.5735499
RW12,29,0.6581999973939088,3,0.1,2,0.5680929
RW12,30,0.6472474633838574,3,0.1,2,0.56268895
RW12,31,0.6584047219522146,3,0.1,2,0.54857963
RW12,32,0.6148650912610487,3,0.1,2,0.54236907
RW12,33,0.6035612126459146,3,0.1,2,0.5362958
RW12,34,0.5621434198182286,3,0.1,2,0.5303918
RW12,35,0.5487224937943592,3,0.1,2,0.52519256
RW12,36,0.5308620689275264,3,0.1,2,0.5195702
RW12,37,0.5203234893585551,3,0.1,2,0.5141988
RW16,0,1.0,3,0.1,2,1.0007259
RW16,1,0.9425621054107856,3,0.1,2,0.9625892
RW16,2,0.9122274948612392,3,0.1,2,0.92073905
RW16,3,0.8594705171754466,3,0.1,2,0.8841989
RW16,4,0.8226094846921671,3,0.1,2,0.8486098
RW16,5,0.7871316183203024,3,0.1,2,0.8164284
RW16,6,0.7482387904167098,3,0.1,2,0.7864331
RW16,7,0.7062023643394817,3,0.1,2,0.7579252
RW16,8,0.6827160587550286,3,0.1,2,0.7325609
RW16,9,0.6615821949474906,3,0.1,2,0.7074312
RW16,10,0.5661453405330296,3,0.1,2,0.58129823
RW16,11,0.5408575218936945,3,0.1,2,0.55657226
RW16,12,0.5381706456914773,3,0.1,2,0.532278
RW16,13,0.5084526916129031,3,0.1,2,0.5092683
RW16,14,0.4924790862619698,3,0.1,2,0.48487633
RW16,15,0.4893788571270426,3,0.1,2,0.4607132
RW16,16,0.4780194546133679,3,0.1,2,0.4386484
RW16,17,0.4636102907262206,3,0.1,2,0.4158213
RW16,18,0.44956410860533774,3,0.1,2,0.39340693
RW20,0,1.0,3,0.1,2,1.000731
RW20,1,1.0021910813400627,3,0.1,2,0.97500455
RW20,2,0.9599630275408247,3,0.1,2,0.9377301
RW20,3,0.9389439105355176,3,0.1,2,0.92282254
RW20,4,0.9095890303731204,3,0.1,2,0.8977654
RW20,5,0.8787736467512757,3,0.1,2,0.8682718
RW20,6,0.8469654599736883,3,0.1,2,0.84087324
RW20,7,0.8099479091448711,3,0.1,2,0.81533283
RW20,8,0.7796407513733017,3,0.1,2,0.79106706
RW20,9,0.7362874771776192,3,0.1,2,0.77138346
RW20,10,0.7063011689898246,3,0.1,2,0.75365376
RW20,11,0.6860250235969596,3,0.1,2,0.7376728
RW20,12,0.6622238399306097,3,0.1,2,0.72369695
RW20,13,0.6407819061950949,3,0.1,2,0.7107965
RW20,14,0.6222273101754456,3,0.1,2,0.69786745
RW20,15,0.6032903401297325,3,0.1,2,0.68549776
RW20,16,0.5865757619049117,3,0.1,2,0.6739599
RW20,17,0.5820605296821747,3,0.1,2,0.66219795
RW20,18,0.5804741522197471,3,0.1,2,0.653761
RW20,19,0.5639793794393497,3,0.1,2,0.6417979
RW20,20,0.5476026934841127,3,0.1,2,0.62938774
RW20,21,0.5407359137083738,3,0.1,2,0.6156402
RW20,22,0.5401899372028007,3,0.1,2,0.6023072
RW20,23,0.5259580191685468,3,0.1,2,0.5884165
RW20,24,0.524283560758304,3,0.1,2,0.57465005
RW20,25,0.5048560598498573,3,0.1,2,0.5605374
RW20,26,0.5036897444478489,3,0.1,2,0.54581475
RW20,27,0.4887815943950674,3,0.1,2,0.5312967
RW20,28,0.5028952410024843,3,0.1,2,0.51674616
RW24,0,1.0,3,0.1,2,0.9995155
RW24,1,0.9725958189735046,3,0.1,2,0.9983746
RW24,2,0.9552453496230082,3,0.1,2,0.96577466
RW24,3,0.9372884939407097,3,0.1,2,0.93387514
RW24,4,0.9062221635651304,3,0.1,2,0.9012526
RW24,5,0.8678749453601385,3,0.1,2,0.8693152
RW24,6,0.8383945015233694,3,0.1,2,0.8395435
RW24,7,0.8199385440731278,3,0.1,2,0.8106004
RW24,8,0.8089491471012369,3,0.1,2,0.7830385
RW24,9,0.7944160791948103,3,0.1,2,0.75626224
RW24,10,0.7784916143400717,3,0.1,2,0.73042476
RW28,0,1.0,3,0.1,2,0.99879384
RW28,1,0.9767401325580581,3,0.1,2,0.9647657
RW28,2,0.9572756800225528,3,0.1,2,0.9451567
RW28,3,0.9394102380666421,3,0.1,2,0.9280056
RW28,4,0.919531099054294,3,0.1,2,0.91098696
RW28,5,0.900309919399877,3,0.1,2,0.8938984
RW28,6,0.8774347131347013,3,0.1,2,0.876821
RW28,7,0.8608166536988782,3,0.1,2,0.8593329
RW28,8,0.8490784643422473,3,0.1,2,0.8424427
RW28,9,0.8374593566091235,3,0.1,2,0.82484907
RW28,10,0.8307557480117016,3,0.1,2,0.80708444
RW28,11,0.8209258698387562,3,0.1,2,0.7892168
RW6,0,1.0,3,0.1,2,0.99642974
RW6,1,0.9648502435502201,3,0.1,2,0.9719869
RW6,2,0.9329921152642804,3,0.1,2,0.94134015
RW6,3,0.9139749601773408,3,0.1,2,0.9094899
RW6,4,0.8809638320161228,3,0.1,2,0.8790743
RW6,5,0.8518059593208507,3,0.1,2,0.84828365
RW6,6,0.8248471372067737,3,0.1,2,0.8198122
RW6,7,0.8047160673897786,3,0.1,2,0.7924274
RW6,8,0.7758839773727937,3,0.1,2,0.7743865
RW6,9,0.7287295594072909,3,0.1,2,0.74985546
RW6,10,0.6794846599462181,3,0.1,2,0.72719157
RW8,0,1.0,3,0.1,2,0.9902605
RW8,1,0.9538996910045201,3,0.1,2,0.96894383
RW8,2,0.9170337737145522,3,0.1,2,0.9435519
RW8,3,0.8811796038492549,3,0.1,2,0.91780424
RW8,4,0.8593893885316382,3,0.1,2,0.8943565
RW8,5,0.8277539857271006,3,0.1,2,0.8697054
RW8,6,0.8057974874661933,3,0.1,2,0.8300674
RW8,7,0.7930034466899822,3,0.1,2,0.81134367
RW8,8,0.7770929791397136,3,0.1,2,0.7931614
RW8,9,0.7619762421461702,3,0.1,2,0.7755437
RW8,10,0.7433319402014317,3,0.1,2,0.7586261
RW8,11,0.7696628567131956,3,0.1,2,0.7412943
RW8,12,0.740562427057364,3,0.1,2,0.7226668
RW8,13,0.7147522177902553,3,0.1,2,0.70588344
RW8,14,0.6902828531108213,3,0.1,2,0.691954
RW8,15,0.669538500278939,3,0.1,2,0.67830116
RW8,16,0.6448644165545862,3,0.1,2,0.6652075
RW8,17,0.6225776414566216,3,0.1,2,0.65244496
RW8,18,0.6151773487241754,3,0.1,2,0.63939977
RW8,19,0.6138713970198927,3,0.1,2,0.62654716
RW8,20,0.6501051843741891,3,0.1,2,0.6099991
RW8,21,0.5891201738908819,3,0.1,2,0.59653157
RW8,22,0.542154015105283,3,0.1,2,0.5841206
RW12,0,1.0,3,0.1,3,1.0242593
RW12,1,0.9894632882172221,3,0.1,3,0.99586904
RW12,2,0.97868692158744,3,0.1,3,0.9752506
RW12,3,0.9668253675860224,3,0.1,3,0.95500064
RW12,4,0.9595351332482841,3,0.1,3,0.933995
RW12,5,0.9425395856201333,3,0.1,3,0.9145292
RW12,6,0.9179237200116072,3,0.1,3,0.892651
RW12,7,0.895972375242499,3,0.1,3,0.8682443
RW12,8,0.8781986993638894,3,0.1,3,0.84436584
RW12,9,0.8560774866359618,3,0.1,3,0.8214686
RW12,10,0.8450510763252,3,0.1,3,0.80075955
RW12,11,0.833609165097995,3,0.1,3,0.7791993
RW12,12,0.8224867641248257,3,0.1,3,0.7594989
RW12,13,0.8112046941613273,3,0.1,3,0.73954415
RW12,14,0.8324148707378292,3,0.1,3,0.7299911
RW12,15,0.8187480106932906,3,0.1,3,0.7170959
RW12,16,0.8063357850884304,3,0.1,3,0.7029381
RW12,17,0.795247354785992,3,0.1,3,0.68812037
RW12,18,0.7786686371332949,3,0.1,3,0.67185354
RW12,19,0.7683124274417916,3,0.1,3,0.6590613
RW12,20,0.75692570834778,3,0.1,3,0.64675665
RW12,21,0.7461680205746775,3,0.1,3,0.6352428
RW12,22,0.7359515360207755,3,0.1,3,0.62497276
RW12,23,0.7186921615324031,3,0.1,3,0.614156
RW12,24,0.7048109927006182,3,0.1,3,0.60378563
RW12,25,0.6987524864491403,3,0.1,3,0.5940785
RW12,26,0.688736379793022,3,0.1,3,0.5854921
RW12,27,0.6752978487151472,3,0.1,3,0.57608193
RW12,28,0.6697649501501854,3,0.1,3,0.5667132
RW12,29,0.6581999973939088,3,0.1,3,0.5572329
RW12,30,0.6472474633838574,3,0.1,3,0.54738164
RW12,31,0.6584047219522146,3,0.1,3,0.5336588
RW12,32,0.6148650912610487,3,0.1,3,0.5220485
RW12,33,0.6035612126459146,3,0.1,3,0.5101768
RW12,34,0.5621434198182286,3,0.1,3,0.49906707
RW12,35,0.5487224937943592,3,0.1,3,0.48892093
RW12,36,0.5308620689275264,3,0.1,3,0.4786784
RW12,37,0.5203234893585551,3,0.1,3,0.46865577
RW16,0,1.0,3,0.1,3,1.0209588
RW16,1,0.9425621054107856,3,0.1,3,0.97253007
RW16,2,0.9122274948612392,3,0.1,3,0.92321455
RW16,3,0.8594705171754466,3,0.1,3,0.88623303
RW16,4,0.8226094846921671,3,0.1,3,0.85227966
RW16,5,0.7871316183203024,3,0.1,3,0.8212574
RW16,6,0.7482387904167098,3,0.1,3,0.7894045
RW16,7,0.7062023643394817,3,0.1,3,0.7571433
RW16,8,0.6827160587550286,3,0.1,3,0.7290789
RW16,9,0.6615821949474906,3,0.1,3,0.70146066
RW16,10,0.5661453405330296,3,0.1,3,0.56635505
RW16,11,0.5408575218936945,3,0.1,3,0.541662
RW16,12,0.5381706456914773,3,0.1,3,0.5203452
RW16,13,0.5084526916129031,3,0.1,3,0.49836248
RW16,14,0.4924790862619698,3,0.1,3,0.47669917
RW16,15,0.4893788571270426,3,0.1,3,0.45872307
RW16,16,0.4780194546133679,3,0.1,3,0.44277644
RW16,17,0.4636102907262206,3,0.1,3,0.42640847
RW16,18,0.44956410860533774,3,0.1,3,0.41127872
RW20,0,1.0,3,0.1,3,1.021249
RW20,1,1.0021910813400627,3,0.1,3,0.97861296
RW20,2,0.9599630275408247,3,0.1,3,0.92978853
RW20,3,0.9389439105355176,3,0.1,3,0.9142304
RW20,4,0.9095890303731204,3,0.1,3,0.8838264
RW20,5,0.8787736467512757,3,0.1,3,0.85500157
RW20,6,0.8469654599736883,3,0.1,3,0.8299215
RW20,7,0.8099479091448711,3,0.1,3,0.80746233
RW20,8,0.7796407513733017,3,0.1,3,0.7871265
RW20,9,0.7362874771776192,3,0.1,3,0.77117354
RW20,10,0.7063011689898246,3,0.1,3,0.75655264
RW20,11,0.6860250235969596,3,0.1,3,0.74303126
RW20,12,0.6622238399306097,3,0.1,3,0.7308693
RW20,13,0.6407819061950949,3,0.1,3,0.7193451
RW20,14,0.6222273101754456,3,0.1,3,0.7075465
RW20,15,0.6032903401297325,3,0.1,3,0.6958739
RW20,16,0.5865757619049117,3,0.1,3,0.684721
RW20,17,0.5820605296821747,3,0.1,3,0.6734338
RW20,18,0.5804741522197471,3,0.1,3,0.6654086
RW20,19,0.5639793794393497,3,0.1,3,0.6540365
RW20,20,0.5476026934841127,3,0.1,3,0.6421019
RW20,21,0.5407359137083738,3,0.1,3,0.62965226
RW20,22,0.5401899372028007,3,0.1,3,0.61786795
RW20,23,0.5259580191685468,3,0.1,3,0.60572386
RW20,24,0.524283560758304,3,0.1,3,0.5941036
RW20,25,0.5048560598498573,3,0.1,3,0.58200514
RW20,26,0.5036897444478489,3,0.1,3,0.5702212
RW20,27,0.4887815943950674,3,0.1,3,0.5582398
RW20,28,0.5028952410024843,3,0.1,3,0.54749554
RW24,0,1.0,3,0.1,3,1.0178924
RW24,1,0.9725958189735046,3,0.1,3,0.9522752
RW24,2,0.9552453496230082,3,0.1,3,0.92848533
RW24,3,0.9372884939407097,3,0.1,3,0.9052623
RW24,4,0.9062221635651304,3,0.1,3,0.88095194
RW24,5,0.8678749453601385,3,0.1,3,0.85586435
RW24,6,0.8383945015233694,3,0.1,3,0.83095276
RW24,7,0.8199385440731278,3,0.1,3,0.8050011
RW24,8,0.8089491471012369,3,0.1,3,0.7777258
RW24,9,0.7944160791948103,3,0.1,3,0.7487428
RW24,10,0.7784916143400717,3,0.1,3,0.71838623
RW28,0,1.0,3,0.1,3,1.013104
RW28,1,0.9767401325580581,3,0.1,3,0.9540799
RW28,2,0.9572756800225528,3,0.1,3,0.9431265
RW28,3,0.9394102380666421,3,0.1,3,0.93078923
RW28,4,0.919531099054294,3,0.1,3,0.91687894
RW28,5,0.900309919399877,3,0.1,3,0.9016823
RW28,6,0.8774347131347013,3,0.1,3,0.88386756
RW28,7,0.8608166536988782,3,0.1,3,0.8654891
RW28,8,0.8490784643422473,3,0.1,3,0.845063
RW28,9,0.8374593566091235,3,0.1,3,0.8224882
RW28,10,0.8307557480117016,3,0.1,3,0.7985538
RW28,11,0.8209258698387562,3,0.1,3,0.77241045
RW6,0,1.0,3,0.1,3,1.0149266
RW6,1,0.9648502435502201,3,0.1,3,0.9734499
RW6,2,0.9329921152642804,3,0.1,3,0.9380842
RW6,3,0.9139749601773408,3,0.1,3,0.903364
RW6,4,0.8809638320161228,3,0.1,3,0.8690828
RW6,5,0.8518059593208507,3,0.1,3,0.8351754
RW6,6,0.8248471372067737,3,0.1,3,0.8027395
RW6,7,0.8047160673897786,3,0.1,3,0.7785104
RW6,8,0.7758839773727937,3,0.1,3,0.76547927
RW6,9,0.7287295594072909,3,0.1,3,0.7483605
RW6,10,0.6794846599462181,3,0.1,3,0.729486
RW8,0,1.0,3,0.1,3,1.0090039
RW8,1,0.9538996910045201,3,0.1,3,0.9746392
RW8,2,0.9170337737145522,3,0.1,3,0.95161086
RW8,3,0.8811796038492549,3,0.1,3,0.9280603
RW8,4,0.8593893885316382,3,0.1,3,0.9073721
RW8,5,0.8277539857271006,3,0.1,3,0.8851922
RW8,6,0.8057974874661933,3,0.1,3,0.84870553
RW8,7,0.7930034466899822,3,0.1,3,0.8311911
RW8,8,0.7770929791397136,3,0.1,3,0.81403196
RW8,9,0.7619762421461702,3,0.1,3,0.79705465
RW8,10,0.7433319402014317,3,0.1,3,0.78062475
RW8,11,0.7696628567131956,3,0.1,3,0.7663322
RW8,12,0.740562427057364,3,0.1,3,0.7487041
RW8,13,0.7147522177902553,3,0.1,3,0.7329228
RW8,14,0.6902828531108213,3,0.1,3,0.7199204
RW8,15,0.669538500278939,3,0.1,3,0.70700467
RW8,16,0.6448644165545862,3,0.1,3,0.69435894
RW8,17,0.6225776414566216,3,0.1,3,0.68132687
RW8,18,0.6151773487241754,3,0.1,3,0.6671721
RW8,19,0.6138713970198927,3,0.1,3,0.65228593
RW8,20,0.6501051843741891,3,0.1,3,0.63349533
RW8,21,0.5891201738908819,3,0.1,3,0.61516786
RW8,22,0.542154015105283,3,0.1,3,0.5999336
RW12,0,1.0,3,0.1,4,1.0053617
RW12,1,0.9894632882172221,3,0.1,4,0.98006606
RW12,2,0.97868692158744,3,0.1,4,0.95572484
RW12,3,0.9668253675860224,3,0.1,4,0.93182206
RW12,4,0.9595351332482841,3,0.1,4,0.9065699
RW12,5,0.9425395856201333,3,0.1,4,0.883404
RW12,6,0.9179237200116072,3,0.1,4,0.85554546
RW12,7,0.895972375242499,3,0.1,4,0.82533574
RW12,8,0.8781986993638894,3,0.1,4,0.7958841
RW12,9,0.8560774866359618,3,0.1,4,0.7700609
RW12,10,0.8450510763252,3,0.1,4,0.7472617
RW12,11,0.833609165097995,3,0.1,4,0.72447133
RW12,12,0.8224867641248257,3,0.1,4,0.7042489
RW12,13,0.8112046941613273,3,0.1,4,0.6851805
RW12,14,0.8324148707378292,3,0.1,4,0.69885147
RW12,15,0.8187480106932906,3,0.1,4,0.68978953
RW12,16,0.8063357850884304,3,0.1,4,0.6784411
RW12,17,0.795247354785992,3,0.1,4,0.6673592
RW12,18,0.7786686371332949,3,0.1,4,0.654127
RW12,19,0.7683124274417916,3,0.1,4,0.6453779
RW12,20,0.75692570834778,3,0.1,4,0.6367533
RW12,21,0.7461680205746775,3,0.1,4,0.62923914
RW12,22,0.7359515360207755,3,0.1,4,0.6224416
RW12,23,0.7186921615324031,3,0.1,4,0.61523986
RW12,24,0.7048109927006182,3,0.1,4,0.6079384
RW12,25,0.6987524864491403,3,0.1,4,0.60164404
RW12,26,0.688736379793022,3,0.1,4,0.5959953
RW12,27,0.6752978487151472,3,0.1,4,0.5896077
RW12,28,0.6697649501501854,3,0.1,4,0.5826933
RW12,29,0.6581999973939088,3,0.1,4,0.5755218
RW12,30,0.6472474633838574,3,0.1,4,0.56751055
RW12,31,0.6584047219522146,3,0.1,4,0.5633136
RW12,32,0.6148650912610487,3,0.1,4,0.55287325
RW12,33,0.6035612126459146,3,0.1,4,0.5421959
RW12,34,0.5621434198182286,3,0.1,4,0.5323982
RW12,35,0.5487224937943592,3,0.1,4,0.5235214
RW12,36,0.5308620689275264,3,0.1,4,0.5148581
RW12,37,0.5203234893585551,3,0.1,4,0.5063269
RW16,0,1.0,3,0.1,4,1.0008295
RW16,1,0.9425621054107856,3,0.1,4,0.9552436
RW16,2,0.9122274948612392,3,0.1,4,0.90186816
RW16,3,0.8594705171754466,3,0.1,4,0.86108965
RW16,4,0.8226094846921671,3,0.1,4,0.8230801
RW16,5,0.7871316183203024,3,0.1,4,0.7892268
RW16,6,0.7482387904167098,3,0.1,4,0.7575108
RW16,7,0.7062023643394817,3,0.1,4,0.7281128
RW16,8,0.6827160587550286,3,0.1,4,0.70215034
RW16,9,0.6615821949474906,3,0.1,4,0.6762806
RW16,10,0.5661453405330296,3,0.1,4,0.5345758
RW16,11,0.5408575218936945,3,0.1,4,0.5164845
RW16,12,0.5381706456914773,3,0.1,4,0.49989593
RW16,13,0.5084526916129031,3,0.1,4,0.48550165
RW16,14,0.4924790862619698,3,0.1,4,0.47137195
RW16,15,0.4893788571270426,3,0.1,4,0.4583053
RW16,16,0.4780194546133679,3,0.1,4,0.4472413
RW16,17,0.4636102907262206,3,0.1,4,0.43657666
RW16,18,0.44956410860533774,3,0.1,4,0.42671168
RW20,0,1.0,3,0.1,4,1.0013338
RW20,1,1.0021910813400627,3,0.1,4,1.0090231
RW20,2,0.9599630275408247,3,0.1,4,0.94536304
RW20,3,0.9389439105355176,3,0.1,4,0.92035913
RW20,4,0.9095890303731204,3,0.1,4,0.8976413
RW20,5,0.8787736467512757,3,0.1,4,0.88248324
RW20,6,0.8469654599736883,3,0.1,4,0.86132866
RW20,7,0.8099479091448711,3,0.1,4,0.83852255
RW20,8,0.7796407513733017,3,0.1,4,0.81437784
RW20,9,0.7362874771776192,3,0.1,4,0.7918955
RW20,10,0.7063011689898246,3,0.1,4,0.7699473
RW20,11,0.6860250235969596,3,0.1,4,0.74950385
RW20,12,0.6622238399306097,3,0.1,4,0.73035073
RW20,13,0.6407819061950949,3,0.1,4,0.7121637
RW20,14,0.6222273101754456,3,0.1,4,0.6944996
RW20,15,0.6032903401297325,3,0.1,4,0.67803425
RW20,16,0.5865757619049117,3,0.1,4,0.6631992
RW20,17,0.5820605296821747,3,0.1,4,0.6491885
RW20,18,0.5804741522197471,3,0.1,4,0.6396739
RW20,19,0.5639793794393497,3,0.1,4,0.6270597
RW20,20,0.5476026934841127,3,0.1,4,0.6148473
RW20,21,0.5407359137083738,3,0.1,4,0.6024253
RW20,22,0.5401899372028007,3,0.1,4,0.591395
RW20,23,0.5259580191685468,3,0.1,4,0.5806959
RW20,24,0.524283560758304,3,0.1,4,0.5710175
RW20,25,0.5048560598498573,3,0.1,4,0.56169283
RW20,26,0.5036897444478489,3,0.1,4,0.5526849
RW20,27,0.4887815943950674,3,0.1,4,0.5444007
RW20,28,0.5028952410024843,3,0.1,4,0.53682387
RW24,0,1.0,3,0.1,4,1.0007496
RW24,1,0.9725958189735046,3,0.1,4,0.93189645
RW24,2,0.9552453496230082,3,0.1,4,0.90180063
RW24,3,0.9372884939407097,3,0.1,4,0.87494045
RW24,4,0.9062221635651304,3,0.1,4,0.85116386
RW24,5,0.8678749453601385,3,0.1,4,0.83047056
RW24,6,0.8383945015233694,3,0.1,4,0.8129587
RW24,7,0.8199385440731278,3,0.1,4,0.7969629
RW24,8,0.8089491471012369,3,0.1,4,0.78115594
RW24,9,0.7944160791948103,3,0.1,4,0.7648443
RW24,10,0.7784916143400717,3,0.1,4,0.7477546
RW28,0,1.0,3,0.1,4,1.0005405
RW28,1,0.9767401325580581,3,0.1,4,0.92065114
RW28,2,0.9572756800225528,3,0.1,4,0.9039612
RW28,3,0.9394102380666421,3,0.1,4,0.89300877
RW28,4,0.919531099054294,3,0.1,4,0.88455254
RW28,5,0.900309919399877,3,0.1,4,0.87560374
RW28,6,0.8774347131347013,3,0.1,4,0.86666095
RW28,7,0.8608166536988782,3,0.1,4,0.85780567
RW28,8,0.8490784643422473,3,0.1,4,0.84805524
RW28,9,0.8374593566091235,3,0.1,4,0.83649033
RW28,10,0.8307557480117016,3,0.1,4,0.82346904
RW28,11,0.8209258698387562,3,0.1,4,0.80914855
RW6,0,1.0,3,0.1,4,0.9969984
RW6,1,0.9648502435502201,3,0.1,4,0.9570267
RW6,2,0.9329921152642804,3,0.1,4,0.91874504
RW6,3,0.9139749601773408,3,0.1,4,0.8804928
RW6,4,0.8809638320161228,3,0.1,4,0.844138
RW6,5,0.8518059593208507,3,0.1,4,0.8092002
RW6,6,0.8248471372067737,3,0.1,4,0.77687454
RW6,7,0.8047160673897786,3,0.1,4,0.74680644
RW6,8,0.7758839773727937,3,0.1,4,0.7274785
RW6,9,0.7287295594072909,3,0.1,4,0.70116746
RW6,10,0.6794846599462181,3,0.1,4,0.6768409
RW8,0,1.0,3,0.1,4,0.9889124
RW8,1,0.9538996910045201,3,0.1,4,0.9616704
RW8,2,0.9170337737145522,3,0.1,4,0.9377487
RW8,3,0.8811796038492549,3,0.1,4,0.9123706
RW8,4,0.8593893885316382,3,0.1,4,0.88911206
RW8,5,0.8277539857271006,3,0.1,4,0.86678517
RW8,6,0.8057974874661933,3,0.1,4,0.8302927
RW8,7,0.7930034466899822,3,0.1,4,0.8142728
RW8,8,0.7770929791397136,3,0.1,4,0.79945743
RW8,9,0.7619762421461702,3,0.1,4,0.78601134
RW8,10,0.7433319402014317,3,0.1,4,0.77369976
RW8,11,0.7696628567131956,3,0.1,4,0.7595935
RW8,12,0.740562427057364,3,0.1,4,0.7460829
RW8,13,0.7147522177902553,3,0.1,4,0.73289955
RW8,14,0.6902828531108213,3,0.1,4,0.7205286
RW8,15,0.669538500278939,3,0.1,4,0.70679104
RW8,16,0.6448644165545862,3,0.1,4,0.691985
RW8,17,0.6225776414566216,3,0.1,4,0.6766048
RW8,18,0.6151773487241754,3,0.1,4,0.6593591
RW8,19,0.6138713970198927,3,0.1,4,0.6408489
RW8,20,0.6501051843741891,3,0.1,4,0.6138285
RW8,21,0.5891201738908819,3,0.1,4,0.5931682
RW8,22,0.542154015105283,3,0.1,4,0.5726984
