battery,check_id,soh_true,fold,budget,seed,soh_pred
RW1,0,1.0,0,1.0,0,0.9930993306240656
RW1,1,0.9802670752876338,0,1.0,0,0.9587102458393754
RW1,2,0.9565216183750929,0,1.0,0,0.935821212668714
RW1,3,0.9339790204206347,0,1.0,0,0.9335584395698651
RW1,4,0.9146940376750224,0,1.0,0,0.9103204896967599
RW1,5,0.8911839245665371,0,1.0,0,0.8777466666904465
RW1,6,0.8763421303143164,0,1.0,0,0.860185212420002
RW1,7,0.8561581297172293,0,1.0,0,0.8273418218092131
RW1,8,0.8433079203727134,0,1.0,0,0.7986202500864436
RW1,9,0.8224842210510717,0,1.0,0,0.7914989627913588
RW1,10,0.8103568229633243,0,1.0,0,0.7767251148167
RW1,11,0.7998003763340421,0,1.0,0,0.7710246501026742
RW1,12,0.8088487095632187,0,1.0,0,0.7569726697782801
RW1,13,0.7843175647994992,0,1.0,0,0.7410239740166651
RW1,14,0.7703735760756814,0,1.0,0,0.725872199209366
RW1,15,0.7535480936807142,0,1.0,0,0.7086854938030047
RW1,16,0.7275046205067329,0,1.0,0,0.6801408395217691
RW1,17,0.7193999486186523,0,1.0,0,0.6704434555821456
RW1,18,0.692610556793688,0,1.0,0,0.6545197881388957
RW1,19,0.6793568250462967,0,1.0,0,0.6422401561832649
RW1,20,0.6705532526507081,0,1.0,0,0.6232801851603493
RW1,21,0.6981110202679772,0,1.0,0,0.6209027849639912
RW1,22,0.6247003756395969,0,1.0,0,0.5636308709888538
RW1,23,0.5832750085056947,0,1.0,0,0.5377995481904138
RW13,0,1.0,0,1.0,0,0.9997864717673542
RW13,1,0.965406142462438,0,1.0,0,0.9606759843675765
RW13,2,0.9390282053526243,0,1.0,0,0.9158758598319151
RW13,3,0.8973664410850068,0,1.0,0,0.8666058378801588
RW13,4,0.8559853917191745,0,1.0,0,0.8267959170118944
RW13,5,0.8236615111297403,0,1.0,0,0.7865285555569174
RW13,6,0.7989888416994142,0,1.0,0,0.7430652803646033
RW13,7,0.7751912982027924,0,1.0,0,0.7147387051722658
RW13,8,0.7640716479571148,0,1.0,0,0.6935226040187963
RW13,9,0.7489144784756683,0,1.0,0,0.66015797873157
RW13,10,0.7267880380307747,0,1.0,0,0.6431921599032767
RW13,11,0.7055711236531398,0,1.0,0,0.618537065304998
RW13,12,0.681354367058826,0,1.0,0,0.605717988494249
RW13,13,0.632238066246379,0,1.0,0,0.5818623980360135
RW13,14,0.6484083666650617,0,1.0,0,0.5639411181019776
RW13,15,0.6525398272110188,0,1.0,0,0.5457277227538745
RW13,16,0.6005328739937468,0,1.0,0,0.5144867484402333
RW13,17,0.6018706654475305,0,1.0,0,0.49756631362265397
RW13,18,0.5923899890205315,0,1.0,0,0.4813789090538727
RW13,19,0.5612641015154616,0,1.0,0,0.4628572271278951
RW13,20,0.5456961123316568,0,1.0,0,0.4545802475896623
RW13,21,0.5329610199130828,0,1.0,0,0.43888024362885353
RW13,22,0.513416008393162,0,1.0,0,0.4372891803423378
RW17,0,1.0,0,1.0,0,0.999191502523352
RW17,1,1.0026357949563962,0,1.0,0,0.999312803180662
RW17,2,0.9394918329295381,0,1.0,0,0.9177318323252517
RW17,3,0.9184088724104814,0,1.0,0,0.8995720390078201
RW17,4,0.8911584681985729,0,1.0,0,0.8742514923192146
RW17,5,0.8589631609072765,0,1.0,0,0.8388565696396151
RW17,6,0.8291575425450128,0,1.0,0,0.8141912584404346
RW17,7,0.7987386988534076,0,1.0,0,0.7993759400128548
RW17,8,0.7751485975307869,0,1.0,0,0.773399893162231
RW17,9,0.756656843774444,0,1.0,0,0.7412708005486524
RW17,10,0.7426667041719264,0,1.0,0,0.7127066784821958
RW17,11,0.7130644081290144,0,1.0,0,0.6999354062694656
RW17,12,0.6970482137460301,0,1.0,0,0.6742310475336815
RW17,13,0.6802011348844728,0,1.0,0,0.651214451896263
RW17,14,0.6582592678998883,0,1.0,0,0.6426688292288376
RW17,15,0.6398762010019141,0,1.0,0,0.6220241185323095
RW17,16,0.6204725968210568,0,1.0,0,0.6091430612018115
RW17,17,0.6239733900924819,0,1.0,0,0.6139599167810273
RW17,18,0.5987008167774444,0,1.0,0,0.5942504570351688
RW17,19,0.5772080177645994,0,1.0,0,0.5788953197902027
RW17,20,0.566682764841642,0,1.0,0,0.5698882434049307
RW17,21,0.5622090221375536,0,1.0,0,0.570143206520115
RW17,22,0.5447943351336495,0,1.0,0,0.5569878204162964
RW17,23,0.5353719031237376,0,1.0,0,0.5470624454502463
RW17,24,0.5321386201162224,0,1.0,0,0.5406897639628276
RW17,25,0.5256696552882916,0,1.0,0,0.5358656961326456
RW17,26,0.5216566461738521,0,1.0,0,0.5265078327326217
RW17,27,0.5142014944571648,0,1.0,0,0.5262532084634144
RW21,0,1.0,0,1.0,0,1.0023385140740204
RW21,1,0.9740724898567775,0,1.0,0,0.9790453422364345
RW21,2,0.9527184796006276,0,1.0,0,0.9456266187777981
RW21,3,0.9282169542090231,0,1.0,0,0.9132017247173108
RW21,4,0.8955478419839256,0,1.0,0,0.8745384755942065
RW21,5,0.8573416928236135,0,1.0,0,0.845719265227198
RW21,6,0.8262560190318581,0,1.0,0,0.8137343482014834
RW21,7,0.8028064819028633,0,1.0,0,0.7810149591277435
RW21,8,0.7893600413911868,0,1.0,0,0.7383190654371083
RW21,9,0.775128424104771,0,1.0,0,0.7229642045844334
RW21,10,0.7694576973245436,0,1.0,0,0.6954845720684203
RW25,0,1.0,0,1.0,0,1.0005070339104938
RW25,1,0.968918095597688,0,1.0,0,0.9753400725280125
RW25,2,0.9414534545922638,0,1.0,0,0.9578876434096103
RW25,3,0.9123147456691004,0,1.0,0,0.9283362387496851
RW25,4,0.888189503733068,0,1.0,0,0.9173275385475299
RW25,5,0.8696823709546798,0,1.0,0,0.8965697254056778
RW25,6,0.8537549502050074,0,1.0,0,0.8844001205007529
RW25,7,0.8375259921719959,0,1.0,0,0.8733006812783116
RW25,8,0.8193673257776384,0,1.0,0,0.8532741497409543
RW25,9,0.8135065611667396,0,1.0,0,0.8455286165960385
RW25,10,0.803434694880542,0,1.0,0,0.838147182902223
RW25,11,0.7943807611523241,0,1.0,0,0.8191202229790483
RW25,12,0.7853815339720616,0,1.0,0,0.7824893763008905
RW3,0,1.0,0,1.0,0,0.9973657307973265
RW3,1,0.9687426932522573,0,1.0,0,0.9645937463409164
RW3,2,0.929211084462392,0,1.0,0,0.9391013393759645
RW3,3,0.8970072599473418,0,1.0,0,0.9000516468385003
RW3,4,0.8739883587909667,0,1.0,0,0.8815435961588338
RW3,5,0.8483648360418079,0,1.0,0,0.8456285196147049
RW3,6,0.834035367164592,0,1.0,0,0.8314043120437627
RW3,7,0.8165629846823869,0,1.0,0,0.8120015038769322
RW3,8,0.7932890383246501,0,1.0,0,0.7960652659919873
RW3,9,0.8102317992092032,0,1.0,0,0.7930840933468187
RW3,10,0.7772348372341118,0,1.0,0,0.774643440310945
RW3,11,0.758047293748471,0,1.0,0,0.7277389602142736
RW3,12,0.7406746149745171,0,1.0,0,0.7165724436339482
RW3,13,0.7142042200057844,0,1.0,0,0.7028633735666181
RW3,14,0.6871908455658011,0,1.0,0,0.6875654015163429
RW3,15,0.6654079726651321,0,1.0,0,0.6655058009476111
RW3,16,0.6625411808641404,0,1.0,0,0.6456415684980583
RW3,17,0.6492046234819603,0,1.0,0,0.6400438488164792
RW3,18,0.6150347872417288,0,1.0,0,0.6256831886540375
RW3,19,0.6042370279644296,0,1.0,0,0.6060539339399726
RW3,20,0.5462918454573739,0,1.0,0,0.5726082473485601
RW3,21,0.5294258363488458,0,1.0,0,0.5649319835636125
RW9,0,1.0,0,1.0,0,0.9989873481202427
RW9,1,0.9744806801719121,0,1.0,0,0.9800381285476768
RW9,2,0.9453104679064025,0,1.0,0,0.9563756475259336
RW9,3,0.911360857317688,0,1.0,0,0.9288597162217764
RW9,4,0.8847866727225885,0,1.0,0,0.9018309429596306
RW9,5,0.8406944835087043,0,1.0,0,0.857568458905479
RW9,6,0.8176901280788624,0,1.0,0,0.8302887132007841
RW9,7,0.7864030549959673,0,1.0,0,0.7722055148963644
RW9,8,0.7628733089042045,0,1.0,0,0.8007012087421412
RW9,9,0.7266047623827654,0,1.0,0,0.7835022460010744
RW9,10,0.6950317886415597,0,1.0,0,0.7710260340531223
RW9,11,0.6756574638458637,0,1.0,0,0.7587150004976109
RW9,12,0.6603653366488433,0,1.0,0,0.748104160472897
RW9,13,0.6964212062092479,0,1.0,0,0.7084431016849108
RW9,14,0.6472003063742006,0,1.0,0,0.6799475488090596
RW9,15,0.6351750298406914,0,1.0,0,0.6577745572150104
RW9,16,0.6165428117187594,0,1.0,0,0.6498071435156482
RW9,17,0.5964223557750638,0,1.0,0,0.63180357002898
RW9,18,0.59783807785969,0,1.0,0,0.6269816514736573
RW9,19,0.5791340224765132,0,1.0,0,0.6227750026073717
RW9,20,0.572651808445847,0,1.0,0,0.6267505149185926
RW9,21,0.5654329871052775,0,1.0,0,0.6153960159584428
RW9,22,0.5530896777273546,0,1.0,0,0.611377697253104
RW9,23,0.542052740223641,0,1.0,0,0.6030410919304043
RW9,24,0.534245247108605,0,1.0,0,0.5962878732544794
RW9,25,0.5310967487165805,0,1.0,0,0.5736892975282412
RW9,26,0.5130674490339593,0,1.0,0,0.5707328503646173
RW9,27,0.5178543420622359,0,1.0,0,0.5578583988920846
RW9,28,0.5073736155103112,0,1.0,0,0.5592033966377797
RW9,29,0.5062313423318389,0,1.0,0,0.5570494547396762
RW9,30,0.4936209036779812,0,1.0,0,0.5474725865858275
RW9,31,0.4789604612310552,0,1.0,0,0.5489886410495074
RW9,32,0.5040541243406096,0,1.0,0,0.5352418159998343
RW9,33,0.4707276486475776,0,1.0,0,0.5272652903419478
RW9,34,0.45110138474628303,0,1.0,0,0.504107327065379
RW9,35,0.4162269401905226,0,1.0,0,0.47508791363261826
RW9,36,0.39630758405323846,0,1.0,0,0.4604377907342007
RW9,37,0.37288217447495453,0,1.0,0,0.44199782735916904
RW9,38,0.3621987887485223,0,1.0,0,0.41514234450957194
RW9,39,0.3575388160665002,0,1.0,0,0.41560431580954865
RW1,0,1.0,0,1.0,1,0.989861249256726
RW1,1,0.9802670752876338,0,1.0,1,0.9655656650459238
RW1,2,0.9565216183750929,0,1.0,1,0.9406339802021795
RW1,3,0.9339790204206347,0,1.0,1,0.9423202084756542
RW1,4,0.9146940376750224,0,1.0,1,0.9092138560247812
RW1,5,0.8911839245665371,0,1.0,1,0.8733399016853032
RW1,6,0.8763421303143164,0,1.0,1,0.8592256740608526
RW1,7,0.8561581297172293,0,1.0,1,0.8286612069353526
RW1,8,0.8433079203727134,0,1.0,1,0.7938255106337442
RW1,9,0.8224842210510717,0,1.0,1,0.7924371110738901
RW1,10,0.8103568229633243,0,1.0,1,0.7865033339794849
RW1,11,0.7998003763340421,0,1.0,1,0.7744734189031618
RW1,12,0.8088487095632187,0,1.0,1,0.7593005707158803
RW1,13,0.7843175647994992,0,1.0,1,0.7367895630946064
RW1,14,0.7703735760756814,0,1.0,1,0.7300529447888982
RW1,15,0.7535480936807142,0,1.0,1,0.7081878216850991
RW1,16,0.7275046205067329,0,1.0,1,0.6874273371696896
RW1,17,0.7193999486186523,0,1.0,1,0.6777250036036642
RW1,18,0.692610556793688,0,1.0,1,0.6571832519585772
RW1,19,0.6793568250462967,0,1.0,1,0.6495199094298073
RW1,20,0.6705532526507081,0,1.0,1,0.6277347567502682
RW1,21,0.6981110202679772,0,1.0,1,0.6221647807624427
RW1,22,0.6247003756395969,0,1.0,1,0.5700984399876957
RW1,23,0.5832750085056947,0,1.0,1,0.5440472588278731
RW13,0,1.0,0,1.0,1,0.9992688793879395
RW13,1,0.965406142462438,0,1.0,1,0.9599388102134844
RW13,2,0.9390282053526243,0,1.0,1,0.9163078296453541
RW13,3,0.8973664410850068,0,1.0,1,0.8616174063536746
RW13,4,0.8559853917191745,0,1.0,1,0.825177730378219
RW13,5,0.8236615111297403,0,1.0,1,0.7858249431001917
RW13,6,0.7989888416994142,0,1.0,1,0.7449872918227362
RW13,7,0.7751912982027924,0,1.0,1,0.7120919875795259
RW13,8,0.7640716479571148,0,1.0,1,0.6994502980495285
RW13,9,0.7489144784756683,0,1.0,1,0.6555362254701981
RW13,10,0.7267880380307747,0,1.0,1,0.6477126309401989
RW13,11,0.7055711236531398,0,1.0,1,0.6198104034675922
RW13,12,0.681354367058826,0,1.0,1,0.5952501624478302
RW13,13,0.632238066246379,0,1.0,1,0.5766414432233921
RW13,14,0.6484083666650617,0,1.0,1,0.5626213692395184
RW13,15,0.6525398272110188,0,1.0,1,0.5456962207321329
RW13,16,0.6005328739937468,0,1.0,1,0.5107678420018821
RW13,17,0.6018706654475305,0,1.0,1,0.5002580417902286
RW13,18,0.5923899890205315,0,1.0,1,0.4804599559776514
RW13,19,0.5612641015154616,0,1.0,1,0.46617297253295525
RW13,20,0.5456961123316568,0,1.0,1,0.45788488580593334
RW13,21,0.5329610199130828,0,1.0,1,0.4459448092410711
RW13,22,0.513416008393162,0,1.0,1,0.4425457236504439
RW17,0,1.0,0,1.0,1,0.9992688793879395
RW17,1,1.0026357949563962,0,1.0,1,1.0003012003571519
RW17,2,0.9394918329295381,0,1.0,1,0.9159707630564076
RW17,3,0.9184088724104814,0,1.0,1,0.9006039784700623
RW17,4,0.8911584681985729,0,1.0,1,0.8674779113904443
RW17,5,0.8589631609072765,0,1.0,1,0.8411300468429179
RW17,6,0.8291575425450128,0,1.0,1,0.8179755284502819
RW17,7,0.7987386988534076,0,1.0,1,0.8020563059008724
RW17,8,0.7751485975307869,0,1.0,1,0.759869473475006
RW17,9,0.756656843774444,0,1.0,1,0.7417993260095455
RW17,10,0.7426667041719264,0,1.0,1,0.7141528824314676
RW17,11,0.7130644081290144,0,1.0,1,0.6973183601534103
RW17,12,0.6970482137460301,0,1.0,1,0.6661950098343997
RW17,13,0.6802011348844728,0,1.0,1,0.6493229910509596
RW17,14,0.6582592678998883,0,1.0,1,0.6343826220579752
RW17,15,0.6398762010019141,0,1.0,1,0.6239939877279073
RW17,16,0.6204725968210568,0,1.0,1,0.6154120831049922
RW17,17,0.6239733900924819,0,1.0,1,0.6191193791310537
RW17,18,0.5987008167774444,0,1.0,1,0.5972235353031211
RW17,19,0.5772080177645994,0,1.0,1,0.5796471951754423
RW17,20,0.566682764841642,0,1.0,1,0.5743673904621721
RW17,21,0.5622090221375536,0,1.0,1,0.5744356042603007
RW17,22,0.5447943351336495,0,1.0,1,0.5594038986190558
RW17,23,0.5353719031237376,0,1.0,1,0.5490566150774105
RW17,24,0.5321386201162224,0,1.0,1,0.5416639441840042
RW17,25,0.5256696552882916,0,1.0,1,0.5352679753709353
RW17,26,0.5216566461738521,0,1.0,1,0.5254835430463652
RW17,27,0.5142014944571648,0,1.0,1,0.5239106703594817
RW21,0,1.0,0,1.0,1,1.000860348282829
RW21,1,0.9740724898567775,0,1.0,1,0.9818509411821481
RW21,2,0.9527184796006276,0,1.0,1,0.9461916239787218
RW21,3,0.9282169542090231,0,1.0,1,0.9172345789954174
RW21,4,0.8955478419839256,0,1.0,1,0.8786486924975964
RW21,5,0.8573416928236135,0,1.0,1,0.8503708099108791
RW21,6,0.8262560190318581,0,1.0,1,0.8150119303410465
RW21,7,0.8028064819028633,0,1.0,1,0.7795798259047304
RW21,8,0.7893600413911868,0,1.0,1,0.7511285634851088
RW21,9,0.775128424104771,0,1.0,1,0.7321791227191152
RW21,10,0.7694576973245436,0,1.0,1,0.6974370806443266
RW25,0,1.0,0,1.0,1,0.9995058080247694
RW25,1,0.968918095597688,0,1.0,1,0.9766421873921853
RW25,2,0.9414534545922638,0,1.0,1,0.9583952168010007
RW25,3,0.9123147456691004,0,1.0,1,0.9279795304562042
RW25,4,0.888189503733068,0,1.0,1,0.9169504601251103
RW25,5,0.8696823709546798,0,1.0,1,0.8968326153871413
RW25,6,0.8537549502050074,0,1.0,1,0.8841595232439579
RW25,7,0.8375259921719959,0,1.0,1,0.8692668380996947
RW25,8,0.8193673257776384,0,1.0,1,0.850242031334533
RW25,9,0.8135065611667396,0,1.0,1,0.8405908889324504
RW25,10,0.803434694880542,0,1.0,1,0.8348038899859626
RW25,11,0.7943807611523241,0,1.0,1,0.8227627076570735
RW25,12,0.7853815339720616,0,1.0,1,0.7811044882186267
RW3,0,1.0,0,1.0,1,0.9960510988384226
RW3,1,0.9687426932522573,0,1.0,1,0.9721309195673835
RW3,2,0.929211084462392,0,1.0,1,0.9455007308434641
RW3,3,0.8970072599473418,0,1.0,1,0.9000837307811774
RW3,4,0.8739883587909667,0,1.0,1,0.8796820473285937
RW3,5,0.8483648360418079,0,1.0,1,0.8443483967277252
RW3,6,0.834035367164592,0,1.0,1,0.8305099932802392
RW3,7,0.8165629846823869,0,1.0,1,0.812914467713913
RW3,8,0.7932890383246501,0,1.0,1,0.7954840810641055
RW3,9,0.8102317992092032,0,1.0,1,0.7950402440036345
RW3,10,0.7772348372341118,0,1.0,1,0.772294245022287
RW3,11,0.758047293748471,0,1.0,1,0.7291869700111013
RW3,12,0.7406746149745171,0,1.0,1,0.7153828350110217
RW3,13,0.7142042200057844,0,1.0,1,0.6991086247129495
RW3,14,0.6871908455658011,0,1.0,1,0.6870774112877741
RW3,15,0.6654079726651321,0,1.0,1,0.6603448712192079
RW3,16,0.6625411808641404,0,1.0,1,0.651984279512481
RW3,17,0.6492046234819603,0,1.0,1,0.6407507641660335
RW3,18,0.6150347872417288,0,1.0,1,0.6246992725235517
RW3,19,0.6042370279644296,0,1.0,1,0.6098357907044862
RW3,20,0.5462918454573739,0,1.0,1,0.5715469680992411
RW3,21,0.5294258363488458,0,1.0,1,0.5676516849659592
RW9,0,1.0,0,1.0,1,0.9978388052478364
RW9,1,0.9744806801719121,0,1.0,1,0.97783361675979
RW9,2,0.9453104679064025,0,1.0,1,0.955163384991551
RW9,3,0.911360857317688,0,1.0,1,0.9309044513971908
RW9,4,0.8847866727225885,0,1.0,1,0.8984226886678359
RW9,5,0.8406944835087043,0,1.0,1,0.8601087859140774
RW9,6,0.8176901280788624,0,1.0,1,0.8283999005563961
RW9,7,0.7864030549959673,0,1.0,1,0.7739311343206882
RW9,8,0.7628733089042045,0,1.0,1,0.7946515620478515
RW9,9,0.7266047623827654,0,1.0,1,0.780330412915951
RW9,10,0.6950317886415597,0,1.0,1,0.7649137896136449
RW9,11,0.6756574638458637,0,1.0,1,0.7592461823896279
RW9,12,0.6603653366488433,0,1.0,1,0.7451008822785086
RW9,13,0.6964212062092479,0,1.0,1,0.7202417598124053
RW9,14,0.6472003063742006,0,1.0,1,0.6945056094214213
RW9,15,0.6351750298406914,0,1.0,1,0.6518759970345592
RW9,16,0.6165428117187594,0,1.0,1,0.6518759970345592
RW9,17,0.5964223557750638,0,1.0,1,0.6264687006508735
RW9,18,0.59783807785969,0,1.0,1,0.6279128403107368
RW9,19,0.5791340224765132,0,1.0,1,0.6204715087983255
RW9,20,0.572651808445847,0,1.0,1,0.6229750889765582
RW9,21,0.5654329871052775,0,1.0,1,0.6148637136917233
RW9,22,0.5530896777273546,0,1.0,1,0.6143992692439243
RW9,23,0.542052740223641,0,1.0,1,0.6043176751268838
RW9,24,0.534245247108605,0,1.0,1,0.5934810374035918
RW9,25,0.5310967487165805,0,1.0,1,0.5842836503393553
RW9,26,0.5130674490339593,0,1.0,1,0.5706320484012353
RW9,27,0.5178543420622359,0,1.0,1,0.5594486377757948
RW9,28,0.5073736155103112,0,1.0,1,0.5579012636964902
RW9,29,0.5062313423318389,0,1.0,1,0.5598787557744199
RW9,30,0.4936209036779812,0,1.0,1,0.5475860017563347
RW9,31,0.4789604612310552,0,1.0,1,0.54824856262902
RW9,32,0.5040541243406096,0,1.0,1,0.5407240728430608
RW9,33,0.4707276486475776,0,1.0,1,0.5257910718233866
RW9,34,0.45110138474628303,0,1.0,1,0.5063824903258203
RW9,35,0.4162269401905226,0,1.0,1,0.48371951614925185
RW9,36,0.39630758405323846,0,1.0,1,0.4610047083107235
RW9,37,0.37288217447495453,0,1.0,1,0.44713945912550307
RW9,38,0.3621987887485223,0,1.0,1,0.418645830610921
RW9,39,0.3575388160665002,0,1.0,1,0.41904081849231495
RW1,0,1.0,0,1.0,2,0.9861321709812292
RW1,1,0.9802670752876338,0,1.0,2,0.9640772110844281
RW1,2,0.9565216183750929,0,1.0,2,0.9423047187839511
RW1,3,0.9339790204206347,0,1.0,2,0.9404600188344034
RW1,4,0.9146940376750224,0,1.0,2,0.9023683896073197
RW1,5,0.8911839245665371,0,1.0,2,0.8690706301994842
RW1,6,0.8763421303143164,0,1.0,2,0.8635743821381157
RW1,7,0.8561581297172293,0,1.0,2,0.8302326785529537
RW1,8,0.8433079203727134,0,1.0,2,0.7969610471483957
RW1,9,0.8224842210510717,0,1.0,2,0.792806371621776
RW1,10,0.8103568229633243,0,1.0,2,0.7746323917866879
RW1,11,0.7998003763340421,0,1.0,2,0.7715074305043548
RW1,12,0.8088487095632187,0,1.0,2,0.7630502082734139
RW1,13,0.7843175647994992,0,1.0,2,0.7426582382088187
RW1,14,0.7703735760756814,0,1.0,2,0.7358848548408475
RW1,15,0.7535480936807142,0,1.0,2,0.7109909365045755
RW1,16,0.7275046205067329,0,1.0,2,0.6888449414969058
RW1,17,0.7193999486186523,0,1.0,2,0.6738040414395499
RW1,18,0.692610556793688,0,1.0,2,0.6485771414264354
RW1,19,0.6793568250462967,0,1.0,2,0.6395000493347949
RW1,20,0.6705532526507081,0,1.0,2,0.6241340706249244
RW1,21,0.6981110202679772,0,1.0,2,0.6076498673244823
RW1,22,0.6247003756395969,0,1.0,2,0.5721254142557882
RW1,23,0.5832750085056947,0,1.0,2,0.5405848369749372
RW13,0,1.0,0,1.0,2,0.9997896909939539
RW13,1,0.965406142462438,0,1.0,2,0.9607817927223853
RW13,2,0.9390282053526243,0,1.0,2,0.9178572640750082
RW13,3,0.8973664410850068,0,1.0,2,0.8627994537565359
RW13,4,0.8559853917191745,0,1.0,2,0.8265328511538006
RW13,5,0.8236615111297403,0,1.0,2,0.7902841043439482
RW13,6,0.7989888416994142,0,1.0,2,0.7472672362473828
RW13,7,0.7751912982027924,0,1.0,2,0.7119342552895007
RW13,8,0.7640716479571148,0,1.0,2,0.7051612251190787
RW13,9,0.7489144784756683,0,1.0,2,0.6605035251048715
RW13,10,0.7267880380307747,0,1.0,2,0.6449291925219979
RW13,11,0.7055711236531398,0,1.0,2,0.6167340663502976
RW13,12,0.681354367058826,0,1.0,2,0.601361799437734
RW13,13,0.632238066246379,0,1.0,2,0.5769973823161114
RW13,14,0.6484083666650617,0,1.0,2,0.5572675359572454
RW13,15,0.6525398272110188,0,1.0,2,0.5514178016038348
RW13,16,0.6005328739937468,0,1.0,2,0.5122376556229483
RW13,17,0.6018706654475305,0,1.0,2,0.5007395591320344
RW13,18,0.5923899890205315,0,1.0,2,0.4847452409818105
RW13,19,0.5612641015154616,0,1.0,2,0.46836112677822533
RW13,20,0.5456961123316568,0,1.0,2,0.46267152966693303
RW13,21,0.5329610199130828,0,1.0,2,0.4374439763225312
RW13,22,0.513416008393162,0,1.0,2,0.4366838353192021
RW17,0,1.0,0,1.0,2,0.9997896909939539
RW17,1,1.0026357949563962,0,1.0,2,0.9991696230697213
RW17,2,0.9394918329295381,0,1.0,2,0.9218438033620574
RW17,3,0.9184088724104814,0,1.0,2,0.8993827701896866
RW17,4,0.8911584681985729,0,1.0,2,0.8689091024446765
RW17,5,0.8589631609072765,0,1.0,2,0.8310545154348311
RW17,6,0.8291575425450128,0,1.0,2,0.808875107444724
RW17,7,0.7987386988534076,0,1.0,2,0.7987107088284958
RW17,8,0.7751485975307869,0,1.0,2,0.7676759543181266
RW17,9,0.756656843774444,0,1.0,2,0.7449324556764996
RW17,10,0.7426667041719264,0,1.0,2,0.7142823027384378
RW17,11,0.7130644081290144,0,1.0,2,0.6998425639406182
RW17,12,0.6970482137460301,0,1.0,2,0.66926728567361
RW17,13,0.6802011348844728,0,1.0,2,0.650137503318415
RW17,14,0.6582592678998883,0,1.0,2,0.644668171532266
RW17,15,0.6398762010019141,0,1.0,2,0.6217533035590773
RW17,16,0.6204725968210568,0,1.0,2,0.6113395283649697
RW17,17,0.6239733900924819,0,1.0,2,0.6160573892160892
RW17,18,0.5987008167774444,0,1.0,2,0.5964150125185617
RW17,19,0.5772080177645994,0,1.0,2,0.577853723064934
RW17,20,0.566682764841642,0,1.0,2,0.5746948764298049
RW17,21,0.5622090221375536,0,1.0,2,0.5728460600120356
RW17,22,0.5447943351336495,0,1.0,2,0.5575295351012353
RW17,23,0.5353719031237376,0,1.0,2,0.5473150968593363
RW17,24,0.5321386201162224,0,1.0,2,0.5444672893982166
RW17,25,0.5256696552882916,0,1.0,2,0.539716104538856
RW17,26,0.5216566461738521,0,1.0,2,0.5281238483641338
RW17,27,0.5142014944571648,0,1.0,2,0.5270382188283705
RW21,0,1.0,0,1.0,2,1.0025865578438533
RW21,1,0.9740724898567775,0,1.0,2,0.9754960746973276
RW21,2,0.9527184796006276,0,1.0,2,0.9409324517870575
RW21,3,0.9282169542090231,0,1.0,2,0.9151097525849743
RW21,4,0.8955478419839256,0,1.0,2,0.8782864563399796
RW21,5,0.8573416928236135,0,1.0,2,0.847516023512405
RW21,6,0.8262560190318581,0,1.0,2,0.8150680499096358
RW21,7,0.8028064819028633,0,1.0,2,0.7860447855939575
RW21,8,0.7893600413911868,0,1.0,2,0.7520089760632748
RW21,9,0.775128424104771,0,1.0,2,0.7308060939334549
RW21,10,0.7694576973245436,0,1.0,2,0.6987405706118196
RW25,0,1.0,0,1.0,2,1.0006156295313033
RW25,1,0.968918095597688,0,1.0,2,0.9750436866917046
RW25,2,0.9414534545922638,0,1.0,2,0.9576255667578812
RW25,3,0.9123147456691004,0,1.0,2,0.9308724985232137
RW25,4,0.888189503733068,0,1.0,2,0.9164773294383698
RW25,5,0.8696823709546798,0,1.0,2,0.8960501191975899
RW25,6,0.8537549502050074,0,1.0,2,0.8842182504503285
RW25,7,0.8375259921719959,0,1.0,2,0.874977822898649
RW25,8,0.8193673257776384,0,1.0,2,0.8554422537746117
RW25,9,0.8135065611667396,0,1.0,2,0.8382345364959616
RW25,10,0.803434694880542,0,1.0,2,0.8345631838340756
RW25,11,0.7943807611523241,0,1.0,2,0.8263049563458501
RW25,12,0.7853815339720616,0,1.0,2,0.7868522533738219
RW3,0,1.0,0,1.0,2,0.9963233157867777
RW3,1,0.9687426932522573,0,1.0,2,0.9659898371826654
RW3,2,0.929211084462392,0,1.0,2,0.9439303331955405
RW3,3,0.8970072599473418,0,1.0,2,0.9043969721334447
RW3,4,0.8739883587909667,0,1.0,2,0.8801971926353426
RW3,5,0.8483648360418079,0,1.0,2,0.8489591558273405
RW3,6,0.834035367164592,0,1.0,2,0.8261692384575445
RW3,7,0.8165629846823869,0,1.0,2,0.8092749229293329
RW3,8,0.7932890383246501,0,1.0,2,0.7921086135131059
RW3,9,0.8102317992092032,0,1.0,2,0.7924400170382021
RW3,10,0.7772348372341118,0,1.0,2,0.7752676645890093
RW3,11,0.758047293748471,0,1.0,2,0.7387494519171536
RW3,12,0.7406746149745171,0,1.0,2,0.7174696730172193
RW3,13,0.7142042200057844,0,1.0,2,0.703371087800522
RW3,14,0.6871908455658011,0,1.0,2,0.686216746237935
RW3,15,0.6654079726651321,0,1.0,2,0.657373567939761
RW3,16,0.6625411808641404,0,1.0,2,0.6406747201356543
RW3,17,0.6492046234819603,0,1.0,2,0.6392780113839801
RW3,18,0.6150347872417288,0,1.0,2,0.6229125923547061
RW3,19,0.6042370279644296,0,1.0,2,0.6053239310795909
RW3,20,0.5462918454573739,0,1.0,2,0.5708759312676979
RW3,21,0.5294258363488458,0,1.0,2,0.5656670008567966
RW9,0,1.0,0,1.0,2,0.9968498196470496
RW9,1,0.9744806801719121,0,1.0,2,0.9815057734461751
RW9,2,0.9453104679064025,0,1.0,2,0.953839541637349
RW9,3,0.911360857317688,0,1.0,2,0.9311978303131841
RW9,4,0.8847866727225885,0,1.0,2,0.8949699613131733
RW9,5,0.8406944835087043,0,1.0,2,0.8607031433952104
RW9,6,0.8176901280788624,0,1.0,2,0.8386023359998006
RW9,7,0.7864030549959673,0,1.0,2,0.7740204245645622
RW9,8,0.7628733089042045,0,1.0,2,0.8023671332693001
RW9,9,0.7266047623827654,0,1.0,2,0.7779904701199725
RW9,10,0.6950317886415597,0,1.0,2,0.7644578852037532
RW9,11,0.6756574638458637,0,1.0,2,0.7593718480069711
RW9,12,0.6603653366488433,0,1.0,2,0.7446771121922033
RW9,13,0.6964212062092479,0,1.0,2,0.7235969984076847
RW9,14,0.6472003063742006,0,1.0,2,0.691664456992576
RW9,15,0.6351750298406914,0,1.0,2,0.6606620262003238
RW9,16,0.6165428117187594,0,1.0,2,0.6603391497736963
RW9,17,0.5964223557750638,0,1.0,2,0.6285891502752521
RW9,18,0.59783807785969,0,1.0,2,0.6258053068439849
RW9,19,0.5791340224765132,0,1.0,2,0.6232621828901608
RW9,20,0.572651808445847,0,1.0,2,0.6223632885868404
RW9,21,0.5654329871052775,0,1.0,2,0.6196026058032648
RW9,22,0.5530896777273546,0,1.0,2,0.6173951299135945
RW9,23,0.542052740223641,0,1.0,2,0.605412074895894
RW9,24,0.534245247108605,0,1.0,2,0.597287621217699
RW9,25,0.5310967487165805,0,1.0,2,0.5868538395804527
RW9,26,0.5130674490339593,0,1.0,2,0.5768077857880406
RW9,27,0.5178543420622359,0,1.0,2,0.5647438140872669
RW9,28,0.5073736155103112,0,1.0,2,0.5611564594052039
RW9,29,0.5062313423318389,0,1.0,2,0.5616492201734269
RW9,30,0.4936209036779812,0,1.0,2,0.5515397616706914
RW9,31,0.4789604612310552,0,1.0,2,0.5519065105841297
RW9,32,0.5040541243406096,0,1.0,2,0.548730559383505
RW9,33,0.4707276486475776,0,1.0,2,0.5347538657364201
RW9,34,0.45110138474628303,0,1.0,2,0.5069575806768643
RW9,35,0.4162269401905226,0,1.0,2,0.486637525282355
RW9,36,0.39630758405323846,0,1.0,2,0.45862153864063593
RW9,37,0.37288217447495453,0,1.0,2,0.4437670159860441
RW9,38,0.3621987887485223,0,1.0,2,0.4184409932007326
RW9,39,0.3575388160665002,0,1.0,2,0.4179219733652734
RW1,0,1.0,0,1.0,3,0.9880808434828738
RW1,1,0.9802670752876338,0,1.0,3,0.9626644371684453
RW1,2,0.9565216183750929,0,1.0,3,0.9416046812196347
RW1,3,0.9339790204206347,0,1.0,3,0.9419501200903411
RW1,4,0.9146940376750224,0,1.0,3,0.9048493164085325
RW1,5,0.8911839245665371,0,1.0,3,0.8697505930446497
RW1,6,0.8763421303143164,0,1.0,3,0.8589229203822276
RW1,7,0.8561581297172293,0,1.0,3,0.8295457169852356
RW1,8,0.8433079203727134,0,1.0,3,0.7922221463241971
RW1,9,0.8224842210510717,0,1.0,3,0.7949810655301546
RW1,10,0.8103568229633243,0,1.0,3,0.7764467648276868
RW1,11,0.7998003763340421,0,1.0,3,0.7745787087416194
RW1,12,0.8088487095632187,0,1.0,3,0.7615480576349133
RW1,13,0.7843175647994992,0,1.0,3,0.7408956511828796
RW1,14,0.7703735760756814,0,1.0,3,0.7293998614087137
RW1,15,0.7535480936807142,0,1.0,3,0.7091978495767419
RW1,16,0.7275046205067329,0,1.0,3,0.6896571687701873
RW1,17,0.7193999486186523,0,1.0,3,0.6758435174488229
RW1,18,0.692610556793688,0,1.0,3,0.6532691379821053
RW1,19,0.6793568250462967,0,1.0,3,0.6444840128713334
RW1,20,0.6705532526507081,0,1.0,3,0.6266226327941482
RW1,21,0.6981110202679772,0,1.0,3,0.6131335647583508
RW1,22,0.6247003756395969,0,1.0,3,0.5674870029707144
RW1,23,0.5832750085056947,0,1.0,3,0.5429255299289826
RW13,0,1.0,0,1.0,3,0.9990691585517724
RW13,1,0.965406142462438,0,1.0,3,0.9622628784602881
RW13,2,0.9390282053526243,0,1.0,3,0.9144760020313581
RW13,3,0.8973664410850068,0,1.0,3,0.8670039562885057
RW13,4,0.8559853917191745,0,1.0,3,0.8257405612170962
RW13,5,0.8236615111297403,0,1.0,3,0.7888396797056244
RW13,6,0.7989888416994142,0,1.0,3,0.7455457730673183
RW13,7,0.7751912982027924,0,1.0,3,0.7139445785752463
RW13,8,0.7640716479571148,0,1.0,3,0.6987528674231009
RW13,9,0.7489144784756683,0,1.0,3,0.658573803820967
RW13,10,0.7267880380307747,0,1.0,3,0.6457932065554098
RW13,11,0.7055711236531398,0,1.0,3,0.6207965702826187
RW13,12,0.681354367058826,0,1.0,3,0.6066260001067068
RW13,13,0.632238066246379,0,1.0,3,0.5816764839901204
RW13,14,0.6484083666650617,0,1.0,3,0.5663273585344921
RW13,15,0.6525398272110188,0,1.0,3,0.5434123519635818
RW13,16,0.6005328739937468,0,1.0,3,0.5082529526089085
RW13,17,0.6018706654475305,0,1.0,3,0.49125542620021223
RW13,18,0.5923899890205315,0,1.0,3,0.47800114751999345
RW13,19,0.5612641015154616,0,1.0,3,0.4659927670993231
RW13,20,0.5456961123316568,0,1.0,3,0.4600252308268698
RW13,21,0.5329610199130828,0,1.0,3,0.44255897467470207
RW13,22,0.513416008393162,0,1.0,3,0.43976915457839494
RW17,0,1.0,0,1.0,3,0.9990691585517724
RW17,1,1.0026357949563962,0,1.0,3,0.9971891337738786
RW17,2,0.9394918329295381,0,1.0,3,0.9171807579422874
RW17,3,0.9184088724104814,0,1.0,3,0.8997497048974922
RW17,4,0.8911584681985729,0,1.0,3,0.8758513284731769
RW17,5,0.8589631609072765,0,1.0,3,0.831234947259318
RW17,6,0.8291575425450128,0,1.0,3,0.8130603146915286
RW17,7,0.7987386988534076,0,1.0,3,0.7993755198080768
RW17,8,0.7751485975307869,0,1.0,3,0.7706639898718858
RW17,9,0.756656843774444,0,1.0,3,0.744491956305382
RW17,10,0.7426667041719264,0,1.0,3,0.716855625651128
RW17,11,0.7130644081290144,0,1.0,3,0.702969975243809
RW17,12,0.6970482137460301,0,1.0,3,0.6673255305589323
RW17,13,0.6802011348844728,0,1.0,3,0.6503926813790419
RW17,14,0.6582592678998883,0,1.0,3,0.6379351196139211
RW17,15,0.6398762010019141,0,1.0,3,0.6171129538450781
RW17,16,0.6204725968210568,0,1.0,3,0.6124139751351837
RW17,17,0.6239733900924819,0,1.0,3,0.6200439188896425
RW17,18,0.5987008167774444,0,1.0,3,0.5942677514363585
RW17,19,0.5772080177645994,0,1.0,3,0.5797440035311642
RW17,20,0.566682764841642,0,1.0,3,0.572067399684843
RW17,21,0.5622090221375536,0,1.0,3,0.572067399684843
RW17,22,0.5447943351336495,0,1.0,3,0.5579783020349891
RW17,23,0.5353719031237376,0,1.0,3,0.5496177961592277
RW17,24,0.5321386201162224,0,1.0,3,0.5439965117556183
RW17,25,0.5256696552882916,0,1.0,3,0.5398336174113928
RW17,26,0.5216566461738521,0,1.0,3,0.5288484113987976
RW17,27,0.5142014944571648,0,1.0,3,0.5257274313657322
RW21,0,1.0,0,1.0,3,1.0025779981148326
RW21,1,0.9740724898567775,0,1.0,3,0.9810408642834435
RW21,2,0.9527184796006276,0,1.0,3,0.9464111365821896
RW21,3,0.9282169542090231,0,1.0,3,0.9109453793419029
RW21,4,0.8955478419839256,0,1.0,3,0.8795343996527857
RW21,5,0.8573416928236135,0,1.0,3,0.8497159758397833
RW21,6,0.8262560190318581,0,1.0,3,0.8114440068519777
RW21,7,0.8028064819028633,0,1.0,3,0.7714653053410939
RW21,8,0.7893600413911868,0,1.0,3,0.7361079322014695
RW21,9,0.775128424104771,0,1.0,3,0.725517242267748
RW21,10,0.7694576973245436,0,1.0,3,0.6906474996259413
RW25,0,1.0,0,1.0,3,1.0009087094707434
RW25,1,0.968918095597688,0,1.0,3,0.979743886544464
RW25,2,0.9414534545922638,0,1.0,3,0.9619041306956693
RW25,3,0.9123147456691004,0,1.0,3,0.9317044338528385
RW25,4,0.888189503733068,0,1.0,3,0.9168327653234404
RW25,5,0.8696823709546798,0,1.0,3,0.8936477571054539
RW25,6,0.8537549502050074,0,1.0,3,0.8846325275551777
RW25,7,0.8375259921719959,0,1.0,3,0.8771344692753835
RW25,8,0.8193673257776384,0,1.0,3,0.848898991483166
RW25,9,0.8135065611667396,0,1.0,3,0.8394508079775211
RW25,10,0.803434694880542,0,1.0,3,0.834116750901813
RW25,11,0.7943807611523241,0,1.0,3,0.8213128218672952
RW25,12,0.7853815339720616,0,1.0,3,0.7917773106926794
RW3,0,1.0,0,1.0,3,0.9968515846529855
RW3,1,0.9687426932522573,0,1.0,3,0.9666225347551928
RW3,2,0.929211084462392,0,1.0,3,0.9422673756063138
RW3,3,0.8970072599473418,0,1.0,3,0.9005500394146491
RW3,4,0.8739883587909667,0,1.0,3,0.8863265408684561
RW3,5,0.8483648360418079,0,1.0,3,0.8509551454417299
RW3,6,0.834035367164592,0,1.0,3,0.8319507231094236
RW3,7,0.8165629846823869,0,1.0,3,0.80858855726047
RW3,8,0.7932890383246501,0,1.0,3,0.7955226549448895
RW3,9,0.8102317992092032,0,1.0,3,0.7964755562789747
RW3,10,0.7772348372341118,0,1.0,3,0.7772024569555684
RW3,11,0.758047293748471,0,1.0,3,0.7316823987633442
RW3,12,0.7406746149745171,0,1.0,3,0.71863567153868
RW3,13,0.7142042200057844,0,1.0,3,0.7036296471865376
RW3,14,0.6871908455658011,0,1.0,3,0.6863338752485287
RW3,15,0.6654079726651321,0,1.0,3,0.6581493080851881
RW3,16,0.6625411808641404,0,1.0,3,0.6488579977621636
RW3,17,0.6492046234819603,0,1.0,3,0.6413616623979154
RW3,18,0.6150347872417288,0,1.0,3,0.6219353367821109
RW3,19,0.6042370279644296,0,1.0,3,0.6103672523475187
RW3,20,0.5462918454573739,0,1.0,3,0.569185008721503
RW3,21,0.5294258363488458,0,1.0,3,0.5631368142177817
RW9,0,1.0,0,1.0,3,0.9969492095187455
RW9,1,0.9744806801719121,0,1.0,3,0.9778441363187853
RW9,2,0.9453104679064025,0,1.0,3,0.953449941078457
RW9,3,0.911360857317688,0,1.0,3,0.9303321918088939
RW9,4,0.8847866727225885,0,1.0,3,0.900411441131552
RW9,5,0.8406944835087043,0,1.0,3,0.85705275782076
RW9,6,0.8176901280788624,0,1.0,3,0.8272058900281102
RW9,7,0.7864030549959673,0,1.0,3,0.7744374268358195
RW9,8,0.7628733089042045,0,1.0,3,0.7893444781591553
RW9,9,0.7266047623827654,0,1.0,3,0.7631601937862835
RW9,10,0.6950317886415597,0,1.0,3,0.7480765732509178
RW9,11,0.6756574638458637,0,1.0,3,0.740140527471402
RW9,12,0.6603653366488433,0,1.0,3,0.724167654184121
RW9,13,0.6964212062092479,0,1.0,3,0.7216040830616942
RW9,14,0.6472003063742006,0,1.0,3,0.6875368420478033
RW9,15,0.6351750298406914,0,1.0,3,0.6606391043357482
RW9,16,0.6165428117187594,0,1.0,3,0.6465412142939699
RW9,17,0.5964223557750638,0,1.0,3,0.6253922811986623
RW9,18,0.59783807785969,0,1.0,3,0.6242845713745278
RW9,19,0.5791340224765132,0,1.0,3,0.6188544348249889
RW9,20,0.572651808445847,0,1.0,3,0.6188544348249889
RW9,21,0.5654329871052775,0,1.0,3,0.614610499009634
RW9,22,0.5530896777273546,0,1.0,3,0.6146558570343731
RW9,23,0.542052740223641,0,1.0,3,0.6034198837915459
RW9,24,0.534245247108605,0,1.0,3,0.59342302028167
RW9,25,0.5310967487165805,0,1.0,3,0.5773396079249434
RW9,26,0.5130674490339593,0,1.0,3,0.5744677012277298
RW9,27,0.5178543420622359,0,1.0,3,0.5639614780865967
RW9,28,0.5073736155103112,0,1.0,3,0.559570649315689
RW9,29,0.5062313423318389,0,1.0,3,0.5611922570540755
RW9,30,0.4936209036779812,0,1.0,3,0.5476480693624565
RW9,31,0.4789604612310552,0,1.0,3,0.5511982274531844
RW9,32,0.5040541243406096,0,1.0,3,0.541901887347058
RW9,33,0.4707276486475776,0,1.0,3,0.5283924108883502
RW9,34,0.45110138474628303,0,1.0,3,0.5088164921254803
RW9,35,0.4162269401905226,0,1.0,3,0.48114359271878526
RW9,36,0.39630758405323846,0,1.0,3,0.4632840635783638
RW9,37,0.37288217447495453,0,1.0,3,0.4447540445070226
RW9,38,0.3621987887485223,0,1.0,3,0.41848227227524326
RW9,39,0.3575388160665002,0,1.0,3,0.4165141336366055
RW1,0,1.0,0,1.0,4,0.9903082244690381
RW1,1,0.9802670752876338,0,1.0,4,0.9668188182230604
RW1,2,0.9565216183750929,0,1.0,4,0.9440514043768148
RW1,3,0.9339790204206347,0,1.0,4,0.9364225208843283
RW1,4,0.9146940376750224,0,1.0,4,0.9034184271025529
RW1,5,0.8911839245665371,0,1.0,4,0.8612454370866157
RW1,6,0.8763421303143164,0,1.0,4,0.8555477947885115
RW1,7,0.8561581297172293,0,1.0,4,0.8311965981907624
RW1,8,0.8433079203727134,0,1.0,4,0.7960082442378369
RW1,9,0.8224842210510717,0,1.0,4,0.7956675058632926
RW1,10,0.8103568229633243,0,1.0,4,0.7774220754150195
RW1,11,0.7998003763340421,0,1.0,4,0.7745311082246326
RW1,12,0.8088487095632187,0,1.0,4,0.7564320067217061
RW1,13,0.7843175647994992,0,1.0,4,0.7424219450989478
RW1,14,0.7703735760756814,0,1.0,4,0.7254230512443023
RW1,15,0.7535480936807142,0,1.0,4,0.7071231073062716
RW1,16,0.7275046205067329,0,1.0,4,0.6889840733829584
RW1,17,0.7193999486186523,0,1.0,4,0.672615585454858
RW1,18,0.692610556793688,0,1.0,4,0.660643687844601
RW1,19,0.6793568250462967,0,1.0,4,0.6418154004858859
RW1,20,0.6705532526507081,0,1.0,4,0.6232093143027441
RW1,21,0.6981110202679772,0,1.0,4,0.6122402751269076
RW1,22,0.6247003756395969,0,1.0,4,0.5670607943889202
RW1,23,0.5832750085056947,0,1.0,4,0.543401029035953
RW13,0,1.0,0,1.0,4,0.9997479576246989
RW13,1,0.965406142462438,0,1.0,4,0.961387059581491
RW13,2,0.9390282053526243,0,1.0,4,0.9154851863611164
RW13,3,0.8973664410850068,0,1.0,4,0.8635893836786871
RW13,4,0.8559853917191745,0,1.0,4,0.8215387560417833
RW13,5,0.8236615111297403,0,1.0,4,0.7944505820255325
RW13,6,0.7989888416994142,0,1.0,4,0.747344901547746
RW13,7,0.7751912982027924,0,1.0,4,0.715419849386259
RW13,8,0.7640716479571148,0,1.0,4,0.6944478520348261
RW13,9,0.7489144784756683,0,1.0,4,0.6543792492365587
RW13,10,0.7267880380307747,0,1.0,4,0.6401937921393861
RW13,11,0.7055711236531398,0,1.0,4,0.6174269585855512
RW13,12,0.681354367058826,0,1.0,4,0.601204660778365
RW13,13,0.632238066246379,0,1.0,4,0.5755491548387862
RW13,14,0.6484083666650617,0,1.0,4,0.5626300446748771
RW13,15,0.6525398272110188,0,1.0,4,0.5452844460684133
RW13,16,0.6005328739937468,0,1.0,4,0.510429132326071
RW13,17,0.6018706654475305,0,1.0,4,0.49586160291465964
RW13,18,0.5923899890205315,0,1.0,4,0.48054841407376425
RW13,19,0.5612641015154616,0,1.0,4,0.46493565433956274
RW13,20,0.5456961123316568,0,1.0,4,0.457560755565531
RW13,21,0.5329610199130828,0,1.0,4,0.4417535473182702
RW13,22,0.513416008393162,0,1.0,4,0.44178820049572187
RW17,0,1.0,0,1.0,4,0.9998679384338822
RW17,1,1.0026357949563962,0,1.0,4,0.9962516250939756
RW17,2,0.9394918329295381,0,1.0,4,0.9191307053497921
RW17,3,0.9184088724104814,0,1.0,4,0.8990731644525277
RW17,4,0.8911584681985729,0,1.0,4,0.8722541746962632
RW17,5,0.8589631609072765,0,1.0,4,0.839064009877537
RW17,6,0.8291575425450128,0,1.0,4,0.8150570537476182
RW17,7,0.7987386988534076,0,1.0,4,0.7990712844294949
RW17,8,0.7751485975307869,0,1.0,4,0.7664904609813517
RW17,9,0.756656843774444,0,1.0,4,0.7370221910932403
RW17,10,0.7426667041719264,0,1.0,4,0.7167062017461305
RW17,11,0.7130644081290144,0,1.0,4,0.7075221499747397
RW17,12,0.6970482137460301,0,1.0,4,0.6663028032437992
RW17,13,0.6802011348844728,0,1.0,4,0.6460099695671653
RW17,14,0.6582592678998883,0,1.0,4,0.6390954206050266
RW17,15,0.6398762010019141,0,1.0,4,0.6168121329779884
RW17,16,0.6204725968210568,0,1.0,4,0.6158797705766693
RW17,17,0.6239733900924819,0,1.0,4,0.6204523429994293
RW17,18,0.5987008167774444,0,1.0,4,0.5944164945959297
RW17,19,0.5772080177645994,0,1.0,4,0.5830565781984605
RW17,20,0.566682764841642,0,1.0,4,0.5771732857982449
RW17,21,0.5622090221375536,0,1.0,4,0.5769299799556699
RW17,22,0.5447943351336495,0,1.0,4,0.5611405347637223
RW17,23,0.5353719031237376,0,1.0,4,0.5520576688257998
RW17,24,0.5321386201162224,0,1.0,4,0.5442221292545453
RW17,25,0.5256696552882916,0,1.0,4,0.5405178803089671
RW17,26,0.5216566461738521,0,1.0,4,0.5308148024433638
RW17,27,0.5142014944571648,0,1.0,4,0.5292563855930357
RW21,0,1.0,0,1.0,4,1.0019843336587158
RW21,1,0.9740724898567775,0,1.0,4,0.981252219032748
RW21,2,0.9527184796006276,0,1.0,4,0.9472188386191671
RW21,3,0.9282169542090231,0,1.0,4,0.9171785580369566
RW21,4,0.8955478419839256,0,1.0,4,0.8759034858845057
RW21,5,0.8573416928236135,0,1.0,4,0.8514870359230401
RW21,6,0.8262560190318581,0,1.0,4,0.8008054932525993
RW21,7,0.8028064819028633,0,1.0,4,0.7853145330567612
RW21,8,0.7893600413911868,0,1.0,4,0.7466212540790031
RW21,9,0.775128424104771,0,1.0,4,0.7319669123744406
RW21,10,0.7694576973245436,0,1.0,4,0.7028649888037752
RW25,0,1.0,0,1.0,4,0.9992635866160067
RW25,1,0.968918095597688,0,1.0,4,0.9769405826419801
RW25,2,0.9414534545922638,0,1.0,4,0.9574837805514835
RW25,3,0.9123147456691004,0,1.0,4,0.9324207850965587
RW25,4,0.888189503733068,0,1.0,4,0.9155982719915197
RW25,5,0.8696823709546798,0,1.0,4,0.8975936426229448
RW25,6,0.8537549502050074,0,1.0,4,0.882016985085763
RW25,7,0.8375259921719959,0,1.0,4,0.8749367072341746
RW25,8,0.8193673257776384,0,1.0,4,0.8605090633434885
RW25,9,0.8135065611667396,0,1.0,4,0.8500287360745784
RW25,10,0.803434694880542,0,1.0,4,0.8348514810111545
RW25,11,0.7943807611523241,0,1.0,4,0.8177288939134287
RW25,12,0.7853815339720616,0,1.0,4,0.7933777435105235
RW3,0,1.0,0,1.0,4,0.9965799282443952
RW3,1,0.9687426932522573,0,1.0,4,0.9640456249851331
RW3,2,0.929211084462392,0,1.0,4,0.9438027493696604
RW3,3,0.8970072599473418,0,1.0,4,0.9013620573123466
RW3,4,0.8739883587909667,0,1.0,4,0.8820845329874656
RW3,5,0.8483648360418079,0,1.0,4,0.8514776067325998
RW3,6,0.834035367164592,0,1.0,4,0.8328056390459584
RW3,7,0.8165629846823869,0,1.0,4,0.8166156757056949
RW3,8,0.7932890383246501,0,1.0,4,0.7892884626973214
RW3,9,0.8102317992092032,0,1.0,4,0.7923774461736145
RW3,10,0.7772348372341118,0,1.0,4,0.7726259809629045
RW3,11,0.758047293748471,0,1.0,4,0.7307907042919213
RW3,12,0.7406746149745171,0,1.0,4,0.7172446472872926
RW3,13,0.7142042200057844,0,1.0,4,0.7014354105337328
RW3,14,0.6871908455658011,0,1.0,4,0.6828466470814594
RW3,15,0.6654079726651321,0,1.0,4,0.6668254375960355
RW3,16,0.6625411808641404,0,1.0,4,0.6480592520883304
RW3,17,0.6492046234819603,0,1.0,4,0.6418849694993136
RW3,18,0.6150347872417288,0,1.0,4,0.6197143374135518
RW3,19,0.6042370279644296,0,1.0,4,0.6080813736318254
RW3,20,0.5462918454573739,0,1.0,4,0.5701507013346526
RW3,21,0.5294258363488458,0,1.0,4,0.5657217800459958
RW9,0,1.0,0,1.0,4,0.9978837755824815
RW9,1,0.9744806801719121,0,1.0,4,0.9761851729049897
RW9,2,0.9453104679064025,0,1.0,4,0.9564975580013746
RW9,3,0.911360857317688,0,1.0,4,0.922210627564579
RW9,4,0.8847866727225885,0,1.0,4,0.8948624277797055
RW9,5,0.8406944835087043,0,1.0,4,0.8605196738087808
RW9,6,0.8176901280788624,0,1.0,4,0.8398740304068463
RW9,7,0.7864030549959673,0,1.0,4,0.7729739819062428
RW9,8,0.7628733089042045,0,1.0,4,0.800100381553043
RW9,9,0.7266047623827654,0,1.0,4,0.7800233660233037
RW9,10,0.6950317886415597,0,1.0,4,0.7642950063812618
RW9,11,0.6756574638458637,0,1.0,4,0.7570411527474722
RW9,12,0.6603653366488433,0,1.0,4,0.7380259560402905
RW9,13,0.6964212062092479,0,1.0,4,0.7215059833276893
RW9,14,0.6472003063742006,0,1.0,4,0.6893136829334539
RW9,15,0.6351750298406914,0,1.0,4,0.650418946566829
RW9,16,0.6165428117187594,0,1.0,4,0.6454201058538883
RW9,17,0.5964223557750638,0,1.0,4,0.6434474624307807
RW9,18,0.59783807785969,0,1.0,4,0.6340013340261749
RW9,19,0.5791340224765132,0,1.0,4,0.6263554617713231
RW9,20,0.572651808445847,0,1.0,4,0.6189569554912859
RW9,21,0.5654329871052775,0,1.0,4,0.6174642586643591
RW9,22,0.5530896777273546,0,1.0,4,0.6203576331839623
RW9,23,0.542052740223641,0,1.0,4,0.61271003626671
RW9,24,0.534245247108605,0,1.0,4,0.5994066014079793
RW9,25,0.5310967487165805,0,1.0,4,0.5871467290769082
RW9,26,0.5130674490339593,0,1.0,4,0.5868233448839256
RW9,27,0.5178543420622359,0,1.0,4,0.5673830740354288
RW9,28,0.5073736155103112,0,1.0,4,0.5671273606291978
RW9,29,0.5062313423318389,0,1.0,4,0.5608258392982817
RW9,30,0.4936209036779812,0,1.0,4,0.5558027019514817
RW9,31,0.4789604612310552,0,1.0,4,0.5572068421661424
RW9,32,0.5040541243406096,0,1.0,4,0.5544862453659152
RW9,33,0.4707276486475776,0,1.0,4,0.5351707421510593
RW9,34,0.45110138474628303,0,1.0,4,0.508767101106627
RW9,35,0.4162269401905226,0,1.0,4,0.48806949611580147
RW9,36,0.39630758405323846,0,1.0,4,0.4703534892673262
RW9,37,0.37288217447495453,0,1.0,4,0.4538476098925055
RW9,38,0.3621987887485223,0,1.0,4,0.42808324602602515
RW9,39,0.3575388160665002,0,1.0,4,0.42336668541042494
RW1,0,1.0,0,0.5,0,0.9950959251455359
RW1,1,0.9802670752876338,0,0.5,0,0.9602977110698506
RW1,2,0.9565216183750929,0,0.5,0,0.9465710202229434
RW1,3,0.9339790204206347,0,0.5,0,0.9379260541231765
RW1,4,0.9146940376750224,0,0.5,0,0.8879072877038559
RW1,5,0.8911839245665371,0,0.5,0,0.8591170761482638
RW1,6,0.8763421303143164,0,0.5,0,0.8259217497800975
RW1,7,0.8561581297172293,0,0.5,0,0.8322401794968738
RW1,8,0.8433079203727134,0,0.5,0,0.8024747160603005
RW1,9,0.8224842210510717,0,0.5,0,0.7881362252873675
RW1,10,0.8103568229633243,0,0.5,0,0.784664402548971
RW1,11,0.7998003763340421,0,0.5,0,0.768718090161331
RW1,12,0.8088487095632187,0,0.5,0,0.7660571472186883
RW1,13,0.7843175647994992,0,0.5,0,0.7238520286763636
RW1,14,0.7703735760756814,0,0.5,0,0.7174577254488864
RW1,15,0.7535480936807142,0,0.5,0,0.7086875030704453
RW1,16,0.7275046205067329,0,0.5,0,0.6854668014965621
RW1,17,0.7193999486186523,0,0.5,0,0.6819517316127037
RW1,18,0.692610556793688,0,0.5,0,0.6514491715508388
RW1,19,0.6793568250462967,0,0.5,0,0.6504313592054037
RW1,20,0.6705532526507081,0,0.5,0,0.6235600955882229
RW1,21,0.6981110202679772,0,0.5,0,0.5958007083434796
RW1,22,0.6247003756395969,0,0.5,0,0.5831095446101215
RW1,23,0.5832750085056947,0,0.5,0,0.5452155602146102
RW13,0,1.0,0,0.5,0,1.0001792404279641
RW13,1,0.965406142462438,0,0.5,0,0.9679592412582877
RW13,2,0.9390282053526243,0,0.5,0,0.9178550146024367
RW13,3,0.8973664410850068,0,0.5,0,0.8602792896289063
RW13,4,0.8559853917191745,0,0.5,0,0.8228338836168045
RW13,5,0.8236615111297403,0,0.5,0,0.7883394923014058
RW13,6,0.7989888416994142,0,0.5,0,0.7478299545251068
RW13,7,0.7751912982027924,0,0.5,0,0.7069389401804359
RW13,8,0.7640716479571148,0,0.5,0,0.6933048371394104
RW13,9,0.7489144784756683,0,0.5,0,0.6529044183115961
RW13,10,0.7267880380307747,0,0.5,0,0.6417015429134868
RW13,11,0.7055711236531398,0,0.5,0,0.6153534199039696
RW13,12,0.681354367058826,0,0.5,0,0.6024645340830014
RW13,13,0.632238066246379,0,0.5,0,0.577674232988146
RW13,14,0.6484083666650617,0,0.5,0,0.5736672370721634
RW13,15,0.6525398272110188,0,0.5,0,0.554018849029442
RW13,16,0.6005328739937468,0,0.5,0,0.5199367884912753
RW13,17,0.6018706654475305,0,0.5,0,0.5080390848255651
RW13,18,0.5923899890205315,0,0.5,0,0.4983361826866458
RW13,19,0.5612641015154616,0,0.5,0,0.4667594857734189
RW13,20,0.5456961123316568,0,0.5,0,0.457101259140019
RW13,21,0.5329610199130828,0,0.5,0,0.4500541154633302
RW13,22,0.513416008393162,0,0.5,0,0.4423936229563265
RW17,0,1.0,0,0.5,0,1.0001792404279641
RW17,1,1.0026357949563962,0,0.5,0,0.9987900725811104
RW17,2,0.9394918329295381,0,0.5,0,0.9187229442530285
RW17,3,0.9184088724104814,0,0.5,0,0.891653420093214
RW17,4,0.8911584681985729,0,0.5,0,0.8727552007576356
RW17,5,0.8589631609072765,0,0.5,0,0.8389706181617211
RW17,6,0.8291575425450128,0,0.5,0,0.8157139250864468
RW17,7,0.7987386988534076,0,0.5,0,0.8153411030669017
RW17,8,0.7751485975307869,0,0.5,0,0.7633304403384397
RW17,9,0.756656843774444,0,0.5,0,0.7464171240763157
RW17,10,0.7426667041719264,0,0.5,0,0.7075227561980887
RW17,11,0.7130644081290144,0,0.5,0,0.7099975256180092
RW17,12,0.6970482137460301,0,0.5,0,0.6733100524282721
RW17,13,0.6802011348844728,0,0.5,0,0.6634545459442542
RW17,14,0.6582592678998883,0,0.5,0,0.6369783401782747
RW17,15,0.6398762010019141,0,0.5,0,0.6193090674999716
RW17,16,0.6204725968210568,0,0.5,0,0.6169790845391891
RW17,17,0.6239733900924819,0,0.5,0,0.6173339846152737
RW17,18,0.5987008167774444,0,0.5,0,0.5837471921170648
RW17,19,0.5772080177645994,0,0.5,0,0.5828067782088401
RW17,20,0.566682764841642,0,0.5,0,0.5752060568655649
RW17,21,0.5622090221375536,0,0.5,0,0.574959020776603
RW17,22,0.5447943351336495,0,0.5,0,0.5722183086115032
RW17,23,0.5353719031237376,0,0.5,0,0.5436642285707427
RW17,24,0.5321386201162224,0,0.5,0,0.5367799981029163
RW17,25,0.5256696552882916,0,0.5,0,0.5310549700852837
RW17,26,0.5216566461738521,0,0.5,0,0.5302446088141259
RW17,27,0.5142014944571648,0,0.5,0,0.5205815862409757
RW21,0,1.0,0,0.5,0,1.002222720071319
RW21,1,0.9740724898567775,0,0.5,0,0.9762061091461564
RW21,2,0.9527184796006276,0,0.5,0,0.9478997856125914
RW21,3,0.9282169542090231,0,0.5,0,0.9052441936792228
RW21,4,0.8955478419839256,0,0.5,0,0.8670264738616272
RW21,5,0.8573416928236135,0,0.5,0,0.8348384756622796
RW21,6,0.8262560190318581,0,0.5,0,0.816505680443955
RW21,7,0.8028064819028633,0,0.5,0,0.7814800654490225
RW21,8,0.7893600413911868,0,0.5,0,0.7444797362588744
RW21,9,0.775128424104771,0,0.5,0,0.7269068931882526
RW21,10,0.7694576973245436,0,0.5,0,0.6971056791979124
RW25,0,1.0,0,0.5,0,1.000642641532702
RW25,1,0.968918095597688,0,0.5,0,0.9762919665939698
RW25,2,0.9414534545922638,0,0.5,0,0.9573327473642406
RW25,3,0.9123147456691004,0,0.5,0,0.9219210529876338
RW25,4,0.888189503733068,0,0.5,0,0.913951657757449
RW25,5,0.8696823709546798,0,0.5,0,0.8941193519813385
RW25,6,0.8537549502050074,0,0.5,0,0.8806961038120881
RW25,7,0.8375259921719959,0,0.5,0,0.8788033970666156
RW25,8,0.8193673257776384,0,0.5,0,0.8578366744452303
RW25,9,0.8135065611667396,0,0.5,0,0.8375880377053956
RW25,10,0.803434694880542,0,0.5,0,0.8325603955904781
RW25,11,0.7943807611523241,0,0.5,0,0.8214462281623476
RW25,12,0.7853815339720616,0,0.5,0,0.7816779209486788
RW3,0,1.0,0,0.5,0,0.9984803308893265
RW3,1,0.9687426932522573,0,0.5,0,0.9782216054253692
RW3,2,0.929211084462392,0,0.5,0,0.9520653874189882
RW3,3,0.8970072599473418,0,0.5,0,0.9089818888034266
RW3,4,0.8739883587909667,0,0.5,0,0.8779199482033029
RW3,5,0.8483648360418079,0,0.5,0,0.851901977057385
RW3,6,0.834035367164592,0,0.5,0,0.8365427457144763
RW3,7,0.8165629846823869,0,0.5,0,0.8072905533500613
RW3,8,0.7932890383246501,0,0.5,0,0.7911693877191336
RW3,9,0.8102317992092032,0,0.5,0,0.7899431826072844
RW3,10,0.7772348372341118,0,0.5,0,0.780684764442337
RW3,11,0.758047293748471,0,0.5,0,0.7331314086699776
RW3,12,0.7406746149745171,0,0.5,0,0.7171753560718516
RW3,13,0.7142042200057844,0,0.5,0,0.6967759874698934
RW3,14,0.6871908455658011,0,0.5,0,0.6917455107135232
RW3,15,0.6654079726651321,0,0.5,0,0.6560403120808447
RW3,16,0.6625411808641404,0,0.5,0,0.6538931443886504
RW3,17,0.6492046234819603,0,0.5,0,0.6347462483362852
RW3,18,0.6150347872417288,0,0.5,0,0.6060094200222863
RW3,19,0.6042370279644296,0,0.5,0,0.6068471444269077
RW3,20,0.5462918454573739,0,0.5,0,0.5686437218748969
RW3,21,0.5294258363488458,0,0.5,0,0.5690110317705364
RW9,0,1.0,0,0.5,0,1.0000739981946136
RW9,1,0.9744806801719121,0,0.5,0,0.9760782022764869
RW9,2,0.9453104679064025,0,0.5,0,0.9506315625256008
RW9,3,0.911360857317688,0,0.5,0,0.9239701231187443
RW9,4,0.8847866727225885,0,0.5,0,0.9057179995411568
RW9,5,0.8406944835087043,0,0.5,0,0.8570528152983214
RW9,6,0.8176901280788624,0,0.5,0,0.8315404286011092
RW9,7,0.7864030549959673,0,0.5,0,0.7758733854596301
RW9,8,0.7628733089042045,0,0.5,0,0.7892576980600027
RW9,9,0.7266047623827654,0,0.5,0,0.7659743853838672
RW9,10,0.6950317886415597,0,0.5,0,0.7493946878061113
RW9,11,0.6756574638458637,0,0.5,0,0.750218962256693
RW9,12,0.6603653366488433,0,0.5,0,0.7078244842043687
RW9,13,0.6964212062092479,0,0.5,0,0.7231718818522225
RW9,14,0.6472003063742006,0,0.5,0,0.7138547282467124
RW9,15,0.6351750298406914,0,0.5,0,0.6850611551816569
RW9,16,0.6165428117187594,0,0.5,0,0.6714705889453096
RW9,17,0.5964223557750638,0,0.5,0,0.6344890729524874
RW9,18,0.59783807785969,0,0.5,0,0.6297136480112615
RW9,19,0.5791340224765132,0,0.5,0,0.6215945283475615
RW9,20,0.572651808445847,0,0.5,0,0.6258905213286192
RW9,21,0.5654329871052775,0,0.5,0,0.6156779400323866
RW9,22,0.5530896777273546,0,0.5,0,0.614001509278891
RW9,23,0.542052740223641,0,0.5,0,0.6109256642087996
RW9,24,0.534245247108605,0,0.5,0,0.6043114640130666
RW9,25,0.5310967487165805,0,0.5,0,0.5878586179753574
RW9,26,0.5130674490339593,0,0.5,0,0.5873313979937322
RW9,27,0.5178543420622359,0,0.5,0,0.5607902878556892
RW9,28,0.5073736155103112,0,0.5,0,0.556223820770925
RW9,29,0.5062313423318389,0,0.5,0,0.5548773622641369
RW9,30,0.4936209036779812,0,0.5,0,0.5598045880883705
RW9,31,0.4789604612310552,0,0.5,0,0.5508999674476851
RW9,32,0.5040541243406096,0,0.5,0,0.5463758709977381
RW9,33,0.4707276486475776,0,0.5,0,0.527432327869309
RW9,34,0.45110138474628303,0,0.5,0,0.5124139339140608
RW9,35,0.4162269401905226,0,0.5,0,0.4974964020802216
RW9,36,0.39630758405323846,0,0.5,0,0.4914300554450427
RW9,37,0.37288217447495453,0,0.5,0,0.4441224188646469
RW9,38,0.3621987887485223,0,0.5,0,0.42852172800642924
RW9,39,0.3575388160665002,0,0.5,0,0.4117535264739213
RW1,0,1.0,0,0.5,1,0.991268404554938
RW1,1,0.9802670752876338,0,0.5,1,0.9661075198769249
RW1,2,0.9565216183750929,0,0.5,1,0.9409853104482241
RW1,3,0.9339790204206347,0,0.5,1,0.9338443782766515
RW1,4,0.9146940376750224,0,0.5,1,0.8995592090652619
RW1,5,0.8911839245665371,0,0.5,1,0.8934194332247284
RW1,6,0.8763421303143164,0,0.5,1,0.8514658886537501
RW1,7,0.8561581297172293,0,0.5,1,0.8272419180578382
RW1,8,0.8433079203727134,0,0.5,1,0.7989854581606165
RW1,9,0.8224842210510717,0,0.5,1,0.7810058606436255
RW1,10,0.8103568229633243,0,0.5,1,0.7700247915488447
RW1,11,0.7998003763340421,0,0.5,1,0.764946862642876
RW1,12,0.8088487095632187,0,0.5,1,0.7428932438526159
RW1,13,0.7843175647994992,0,0.5,1,0.7322882107973824
RW1,14,0.7703735760756814,0,0.5,1,0.7151375089341441
RW1,15,0.7535480936807142,0,0.5,1,0.7111527482155913
RW1,16,0.7275046205067329,0,0.5,1,0.6767435109166872
RW1,17,0.7193999486186523,0,0.5,1,0.6501082165240104
RW1,18,0.692610556793688,0,0.5,1,0.6422610456415162
RW1,19,0.6793568250462967,0,0.5,1,0.6343254067429952
RW1,20,0.6705532526507081,0,0.5,1,0.6125027514716481
RW1,21,0.6981110202679772,0,0.5,1,0.609033603946563
RW1,22,0.6247003756395969,0,0.5,1,0.5691047216597669
RW1,23,0.5832750085056947,0,0.5,1,0.5490582299386897
RW13,0,1.0,0,0.5,1,1.0009630408924568
RW13,1,0.965406142462438,0,0.5,1,0.9622240872638654
RW13,2,0.9390282053526243,0,0.5,1,0.9203550086729642
RW13,3,0.8973664410850068,0,0.5,1,0.8621796433084081
RW13,4,0.8559853917191745,0,0.5,1,0.8387605156077447
RW13,5,0.8236615111297403,0,0.5,1,0.794987200298502
RW13,6,0.7989888416994142,0,0.5,1,0.7568808918155168
RW13,7,0.7751912982027924,0,0.5,1,0.7152572474199898
RW13,8,0.7640716479571148,0,0.5,1,0.6954217350803398
RW13,9,0.7489144784756683,0,0.5,1,0.6492988126557828
RW13,10,0.7267880380307747,0,0.5,1,0.6316611634704586
RW13,11,0.7055711236531398,0,0.5,1,0.6270784640921604
RW13,12,0.681354367058826,0,0.5,1,0.5993216918891746
RW13,13,0.632238066246379,0,0.5,1,0.5785055583483301
RW13,14,0.6484083666650617,0,0.5,1,0.5603124374326998
RW13,15,0.6525398272110188,0,0.5,1,0.5602817743824857
RW13,16,0.6005328739937468,0,0.5,1,0.5049158576978139
RW13,17,0.6018706654475305,0,0.5,1,0.500494229373544
RW13,18,0.5923899890205315,0,0.5,1,0.480400367482075
RW13,19,0.5612641015154616,0,0.5,1,0.47602866760494467
RW13,20,0.5456961123316568,0,0.5,1,0.4738798691419865
RW13,21,0.5329610199130828,0,0.5,1,0.4452148695241321
RW13,22,0.513416008393162,0,0.5,1,0.4447847691184422
RW17,0,1.0,0,0.5,1,1.0000100059207042
RW17,1,1.0026357949563962,0,0.5,1,0.9982608213752712
RW17,2,0.9394918329295381,0,0.5,1,0.930239842266976
RW17,3,0.9184088724104814,0,0.5,1,0.9021454888964221
RW17,4,0.8911584681985729,0,0.5,1,0.8656963060589473
RW17,5,0.8589631609072765,0,0.5,1,0.8484615089167455
RW17,6,0.8291575425450128,0,0.5,1,0.8221089083733036
RW17,7,0.7987386988534076,0,0.5,1,0.7951158149437401
RW17,8,0.7751485975307869,0,0.5,1,0.7802217896354735
RW17,9,0.756656843774444,0,0.5,1,0.763226874995847
RW17,10,0.7426667041719264,0,0.5,1,0.7135713243592866
RW17,11,0.7130644081290144,0,0.5,1,0.6760292352044295
RW17,12,0.6970482137460301,0,0.5,1,0.669356747759684
RW17,13,0.6802011348844728,0,0.5,1,0.6582469490547264
RW17,14,0.6582592678998883,0,0.5,1,0.6350513834770031
RW17,15,0.6398762010019141,0,0.5,1,0.6134307011331207
RW17,16,0.6204725968210568,0,0.5,1,0.6005886172107352
RW17,17,0.6239733900924819,0,0.5,1,0.600646058127619
RW17,18,0.5987008167774444,0,0.5,1,0.5954977312183466
RW17,19,0.5772080177645994,0,0.5,1,0.5666492687722343
RW17,20,0.566682764841642,0,0.5,1,0.5641630080345437
RW17,21,0.5622090221375536,0,0.5,1,0.5641630080345437
RW17,22,0.5447943351336495,0,0.5,1,0.5490309498179976
RW17,23,0.5353719031237376,0,0.5,1,0.5451247644726986
RW17,24,0.5321386201162224,0,0.5,1,0.5451247644726986
RW17,25,0.5256696552882916,0,0.5,1,0.5298604011170633
RW17,26,0.5216566461738521,0,0.5,1,0.5224855184456106
RW17,27,0.5142014944571648,0,0.5,1,0.5200543445670229
RW21,0,1.0,0,0.5,1,1.0025870531095975
RW21,1,0.9740724898567775,0,0.5,1,0.9792142515233372
RW21,2,0.9527184796006276,0,0.5,1,0.9495375869572692
RW21,3,0.9282169542090231,0,0.5,1,0.9172883099979117
RW21,4,0.8955478419839256,0,0.5,1,0.8783358072030099
RW21,5,0.8573416928236135,0,0.5,1,0.8406673316588805
RW21,6,0.8262560190318581,0,0.5,1,0.802221558656986
RW21,7,0.8028064819028633,0,0.5,1,0.7636003353451457
RW21,8,0.7893600413911868,0,0.5,1,0.7574163622705136
RW21,9,0.775128424104771,0,0.5,1,0.7345894097617697
RW21,10,0.7694576973245436,0,0.5,1,0.7003399563459195
RW25,0,1.0,0,0.5,1,1.0002564726121252
RW25,1,0.968918095597688,0,0.5,1,0.9846999093888481
RW25,2,0.9414534545922638,0,0.5,1,0.9553943858206867
RW25,3,0.9123147456691004,0,0.5,1,0.9361255437626034
RW25,4,0.888189503733068,0,0.5,1,0.9035563034455288
RW25,5,0.8696823709546798,0,0.5,1,0.8934427792374418
RW25,6,0.8537549502050074,0,0.5,1,0.8879850834161227
RW25,7,0.8375259921719959,0,0.5,1,0.8723499536496186
RW25,8,0.8193673257776384,0,0.5,1,0.8442579137212269
RW25,9,0.8135065611667396,0,0.5,1,0.8449075248684108
RW25,10,0.803434694880542,0,0.5,1,0.827435020489703
RW25,11,0.7943807611523241,0,0.5,1,0.8260312728431255
RW25,12,0.7853815339720616,0,0.5,1,0.7781834426478292
RW3,0,1.0,0,0.5,1,0.9968195797967248
RW3,1,0.9687426932522573,0,0.5,1,0.9679588870460646
RW3,2,0.929211084462392,0,0.5,1,0.9409809097866689
RW3,3,0.8970072599473418,0,0.5,1,0.9098800845716004
RW3,4,0.8739883587909667,0,0.5,1,0.8955477370828917
RW3,5,0.8483648360418079,0,0.5,1,0.868568153894479
RW3,6,0.834035367164592,0,0.5,1,0.8355653216750405
RW3,7,0.8165629846823869,0,0.5,1,0.8169360660087476
RW3,8,0.7932890383246501,0,0.5,1,0.804191673023849
RW3,9,0.8102317992092032,0,0.5,1,0.7957006371277635
RW3,10,0.7772348372341118,0,0.5,1,0.7594474047913268
RW3,11,0.758047293748471,0,0.5,1,0.7417698612532525
RW3,12,0.7406746149745171,0,0.5,1,0.7213085344608614
RW3,13,0.7142042200057844,0,0.5,1,0.7026835037892841
RW3,14,0.6871908455658011,0,0.5,1,0.6725628696213111
RW3,15,0.6654079726651321,0,0.5,1,0.6549880670397642
RW3,16,0.6625411808641404,0,0.5,1,0.6529273180501681
RW3,17,0.6492046234819603,0,0.5,1,0.6345968931785555
RW3,18,0.6150347872417288,0,0.5,1,0.6228337595938074
RW3,19,0.6042370279644296,0,0.5,1,0.6041977328780683
RW3,20,0.5462918454573739,0,0.5,1,0.5846181582108114
RW3,21,0.5294258363488458,0,0.5,1,0.5592819411901704
RW9,0,1.0,0,0.5,1,0.998141837688995
RW9,1,0.9744806801719121,0,0.5,1,0.9812407345591349
RW9,2,0.9453104679064025,0,0.5,1,0.9374577199722934
RW9,3,0.911360857317688,0,0.5,1,0.9234314546823285
RW9,4,0.8847866727225885,0,0.5,1,0.9057832987990834
RW9,5,0.8406944835087043,0,0.5,1,0.8791772411560211
RW9,6,0.8176901280788624,0,0.5,1,0.817923475169366
RW9,7,0.7864030549959673,0,0.5,1,0.7751127209834211
RW9,8,0.7628733089042045,0,0.5,1,0.8069446160409046
RW9,9,0.7266047623827654,0,0.5,1,0.7836927718009964
RW9,10,0.6950317886415597,0,0.5,1,0.7666316866837858
RW9,11,0.6756574638458637,0,0.5,1,0.7441080600292986
RW9,12,0.6603653366488433,0,0.5,1,0.7059196351426918
RW9,13,0.6964212062092479,0,0.5,1,0.6911349805555215
RW9,14,0.6472003063742006,0,0.5,1,0.6696185169006027
RW9,15,0.6351750298406914,0,0.5,1,0.6515541212879635
RW9,16,0.6165428117187594,0,0.5,1,0.6436150711980902
RW9,17,0.5964223557750638,0,0.5,1,0.6283731882429786
RW9,18,0.59783807785969,0,0.5,1,0.6340626678481689
RW9,19,0.5791340224765132,0,0.5,1,0.626035138968046
RW9,20,0.572651808445847,0,0.5,1,0.6290644646994227
RW9,21,0.5654329871052775,0,0.5,1,0.6267803802002021
RW9,22,0.5530896777273546,0,0.5,1,0.6284462504851777
RW9,23,0.542052740223641,0,0.5,1,0.6024958596760874
RW9,24,0.534245247108605,0,0.5,1,0.6003602694312804
RW9,25,0.5310967487165805,0,0.5,1,0.5759296319954078
RW9,26,0.5130674490339593,0,0.5,1,0.5722316291294495
RW9,27,0.5178543420622359,0,0.5,1,0.571787843760795
RW9,28,0.5073736155103112,0,0.5,1,0.562789553953874
RW9,29,0.5062313423318389,0,0.5,1,0.5688614552110252
RW9,30,0.4936209036779812,0,0.5,1,0.5594919444631349
RW9,31,0.4789604612310552,0,0.5,1,0.560212274184819
RW9,32,0.5040541243406096,0,0.5,1,0.5527577234436373
RW9,33,0.4707276486475776,0,0.5,1,0.5334088524301765
RW9,34,0.45110138474628303,0,0.5,1,0.5183742632023784
RW9,35,0.4162269401905226,0,0.5,1,0.49336081546023774
RW9,36,0.39630758405323846,0,0.5,1,0.4460947018087235
RW9,37,0.37288217447495453,0,0.5,1,0.44519329619197767
RW9,38,0.3621987887485223,0,0.5,1,0.44288109507351925
RW9,39,0.3575388160665002,0,0.5,1,0.42818518394322047
RW1,0,1.0,0,0.5,2,0.9861230523953174
RW1,1,0.9802670752876338,0,0.5,2,0.9557196497496998
RW1,2,0.9565216183750929,0,0.5,2,0.9517688459990917
RW1,3,0.9339790204206347,0,0.5,2,0.9339540037541936
RW1,4,0.9146940376750224,0,0.5,2,0.9045110045717015
RW1,5,0.8911839245665371,0,0.5,2,0.8793238354570313
RW1,6,0.8763421303143164,0,0.5,2,0.8689512916978882
RW1,7,0.8561581297172293,0,0.5,2,0.825640051796132
RW1,8,0.8433079203727134,0,0.5,2,0.8010560886870255
RW1,9,0.8224842210510717,0,0.5,2,0.7867828521758597
RW1,10,0.8103568229633243,0,0.5,2,0.7842248960249764
RW1,11,0.7998003763340421,0,0.5,2,0.7677571477020528
RW1,12,0.8088487095632187,0,0.5,2,0.74542789000516
RW1,13,0.7843175647994992,0,0.5,2,0.7386573551240849
RW1,14,0.7703735760756814,0,0.5,2,0.7048052460304199
RW1,15,0.7535480936807142,0,0.5,2,0.6894238560619335
RW1,16,0.7275046205067329,0,0.5,2,0.6860934110951002
RW1,17,0.7193999486186523,0,0.5,2,0.6556578943799863
RW1,18,0.692610556793688,0,0.5,2,0.6436960260750729
RW1,19,0.6793568250462967,0,0.5,2,0.6386627631191939
RW1,20,0.6705532526507081,0,0.5,2,0.6367138122117617
RW1,21,0.6981110202679772,0,0.5,2,0.6293309921787625
RW1,22,0.6247003756395969,0,0.5,2,0.5730814898469262
RW1,23,0.5832750085056947,0,0.5,2,0.5629432246356708
RW13,0,1.0,0,0.5,2,0.9992022253113603
RW13,1,0.965406142462438,0,0.5,2,0.9589016964694583
RW13,2,0.9390282053526243,0,0.5,2,0.9130030250665042
RW13,3,0.8973664410850068,0,0.5,2,0.8694777507732586
RW13,4,0.8559853917191745,0,0.5,2,0.8195344828028278
RW13,5,0.8236615111297403,0,0.5,2,0.7895772491511309
RW13,6,0.7989888416994142,0,0.5,2,0.7544223363533417
RW13,7,0.7751912982027924,0,0.5,2,0.7380664590795253
RW13,8,0.7640716479571148,0,0.5,2,0.6727599737485072
RW13,9,0.7489144784756683,0,0.5,2,0.6623510983001255
RW13,10,0.7267880380307747,0,0.5,2,0.633024437915647
RW13,11,0.7055711236531398,0,0.5,2,0.6217102465989409
RW13,12,0.681354367058826,0,0.5,2,0.6164315410694615
RW13,13,0.632238066246379,0,0.5,2,0.5990137510874997
RW13,14,0.6484083666650617,0,0.5,2,0.5603021408781313
RW13,15,0.6525398272110188,0,0.5,2,0.5439525057507448
RW13,16,0.6005328739937468,0,0.5,2,0.5233535876564284
RW13,17,0.6018706654475305,0,0.5,2,0.49472725948776836
RW13,18,0.5923899890205315,0,0.5,2,0.48986736489844185
RW13,19,0.5612641015154616,0,0.5,2,0.46261349559660814
RW13,20,0.5456961123316568,0,0.5,2,0.46001254483347825
RW13,21,0.5329610199130828,0,0.5,2,0.44633853433623627
RW13,22,0.513416008393162,0,0.5,2,0.4435645643375415
RW17,0,1.0,0,0.5,2,0.9987740269847403
RW17,1,1.0026357949563962,0,0.5,2,0.9977240450702841
RW17,2,0.9394918329295381,0,0.5,2,0.9202156673423548
RW17,3,0.9184088724104814,0,0.5,2,0.8949586170137186
RW17,4,0.8911584681985729,0,0.5,2,0.8671454480281114
RW17,5,0.8589631609072765,0,0.5,2,0.8325649811984538
RW17,6,0.8291575425450128,0,0.5,2,0.8117733092234207
RW17,7,0.7987386988534076,0,0.5,2,0.8036916660524196
RW17,8,0.7751485975307869,0,0.5,2,0.7622996177596498
RW17,9,0.756656843774444,0,0.5,2,0.7414959942177979
RW17,10,0.7426667041719264,0,0.5,2,0.7307673373335966
RW17,11,0.7130644081290144,0,0.5,2,0.6962215143155335
RW17,12,0.6970482137460301,0,0.5,2,0.682515446425323
RW17,13,0.6802011348844728,0,0.5,2,0.6672500058201953
RW17,14,0.6582592678998883,0,0.5,2,0.6574787370488598
RW17,15,0.6398762010019141,0,0.5,2,0.6382484867808053
RW17,16,0.6204725968210568,0,0.5,2,0.6197419450560125
RW17,17,0.6239733900924819,0,0.5,2,0.6270781549518188
RW17,18,0.5987008167774444,0,0.5,2,0.5961350102097392
RW17,19,0.5772080177645994,0,0.5,2,0.5804348487986268
RW17,20,0.566682764841642,0,0.5,2,0.5689692856444276
RW17,21,0.5622090221375536,0,0.5,2,0.569339357358729
RW17,22,0.5447943351336495,0,0.5,2,0.5649486912448157
RW17,23,0.5353719031237376,0,0.5,2,0.5440725292566005
RW17,24,0.5321386201162224,0,0.5,2,0.5400041402991913
RW17,25,0.5256696552882916,0,0.5,2,0.5303997035961873
RW17,26,0.5216566461738521,0,0.5,2,0.5287446230633697
RW17,27,0.5142014944571648,0,0.5,2,0.5242881024415248
RW21,0,1.0,0,0.5,2,1.0016661112379297
RW21,1,0.9740724898567775,0,0.5,2,0.9745178938412857
RW21,2,0.9527184796006276,0,0.5,2,0.9432897430009357
RW21,3,0.9282169542090231,0,0.5,2,0.9203377221626658
RW21,4,0.8955478419839256,0,0.5,2,0.8612637142723185
RW21,5,0.8573416928236135,0,0.5,2,0.8399161825846436
RW21,6,0.8262560190318581,0,0.5,2,0.8019851446492858
RW21,7,0.8028064819028633,0,0.5,2,0.7722214741811856
RW21,8,0.7893600413911868,0,0.5,2,0.7312446044156238
RW21,9,0.775128424104771,0,0.5,2,0.7204407024809275
RW21,10,0.7694576973245436,0,0.5,2,0.7172982851730966
RW25,0,1.0,0,0.5,2,1.0017354314230256
RW25,1,0.968918095597688,0,0.5,2,0.9851225786487876
RW25,2,0.9414534545922638,0,0.5,2,0.9561928764131669
RW25,3,0.9123147456691004,0,0.5,2,0.9282863481624102
RW25,4,0.888189503733068,0,0.5,2,0.9139118969483615
RW25,5,0.8696823709546798,0,0.5,2,0.9050900198093998
RW25,6,0.8537549502050074,0,0.5,2,0.8749291416334427
RW25,7,0.8375259921719959,0,0.5,2,0.8699619038193022
RW25,8,0.8193673257776384,0,0.5,2,0.8612915802654343
RW25,9,0.8135065611667396,0,0.5,2,0.8555281603962428
RW25,10,0.803434694880542,0,0.5,2,0.8223011082407319
RW25,11,0.7943807611523241,0,0.5,2,0.8219073415965734
RW25,12,0.7853815339720616,0,0.5,2,0.7945204560034579
RW3,0,1.0,0,0.5,2,0.9954226504960804
RW3,1,0.9687426932522573,0,0.5,2,0.963946236667785
RW3,2,0.929211084462392,0,0.5,2,0.9292712545425977
RW3,3,0.8970072599473418,0,0.5,2,0.9145635147728296
RW3,4,0.8739883587909667,0,0.5,2,0.8952600512248178
RW3,5,0.8483648360418079,0,0.5,2,0.8400682280977947
RW3,6,0.834035367164592,0,0.5,2,0.8285275951039578
RW3,7,0.8165629846823869,0,0.5,2,0.8096534293232553
RW3,8,0.7932890383246501,0,0.5,2,0.797098339860857
RW3,9,0.8102317992092032,0,0.5,2,0.7871191346683701
RW3,10,0.7772348372341118,0,0.5,2,0.7619829018251201
RW3,11,0.758047293748471,0,0.5,2,0.7107533859300856
RW3,12,0.7406746149745171,0,0.5,2,0.7013097873524834
RW3,13,0.7142042200057844,0,0.5,2,0.7055483765417491
RW3,14,0.6871908455658011,0,0.5,2,0.6756789309452377
RW3,15,0.6654079726651321,0,0.5,2,0.6568259437547945
RW3,16,0.6625411808641404,0,0.5,2,0.6466405099331183
RW3,17,0.6492046234819603,0,0.5,2,0.645593214594802
RW3,18,0.6150347872417288,0,0.5,2,0.6302898826906143
RW3,19,0.6042370279644296,0,0.5,2,0.6100852087374556
RW3,20,0.5462918454573739,0,0.5,2,0.5801095784726272
RW3,21,0.5294258363488458,0,0.5,2,0.5541870362549179
RW9,0,1.0,0,0.5,2,0.9979708887994799
RW9,1,0.9744806801719121,0,0.5,2,0.9840623184820917
RW9,2,0.9453104679064025,0,0.5,2,0.9572315271842
RW9,3,0.911360857317688,0,0.5,2,0.936364355567006
RW9,4,0.8847866727225885,0,0.5,2,0.904085101369786
RW9,5,0.8406944835087043,0,0.5,2,0.8572854368360803
RW9,6,0.8176901280788624,0,0.5,2,0.8332227682875437
RW9,7,0.7864030549959673,0,0.5,2,0.77321144439916
RW9,8,0.7628733089042045,0,0.5,2,0.8112322809872424
RW9,9,0.7266047623827654,0,0.5,2,0.7928599838798817
RW9,10,0.6950317886415597,0,0.5,2,0.780983323529281
RW9,11,0.6756574638458637,0,0.5,2,0.7595737582510779
RW9,12,0.6603653366488433,0,0.5,2,0.7684510569619935
RW9,13,0.6964212062092479,0,0.5,2,0.7174873745658362
RW9,14,0.6472003063742006,0,0.5,2,0.663404129732841
RW9,15,0.6351750298406914,0,0.5,2,0.6439580526512338
RW9,16,0.6165428117187594,0,0.5,2,0.6450088047832413
RW9,17,0.5964223557750638,0,0.5,2,0.6359028548337423
RW9,18,0.59783807785969,0,0.5,2,0.6247448226749074
RW9,19,0.5791340224765132,0,0.5,2,0.6205593226448364
RW9,20,0.572651808445847,0,0.5,2,0.6242608903408948
RW9,21,0.5654329871052775,0,0.5,2,0.61655381667481
RW9,22,0.5530896777273546,0,0.5,2,0.6211030517238978
RW9,23,0.542052740223641,0,0.5,2,0.618277547527091
RW9,24,0.534245247108605,0,0.5,2,0.6184564479078605
RW9,25,0.5310967487165805,0,0.5,2,0.5827757243349542
RW9,26,0.5130674490339593,0,0.5,2,0.5754541772939465
RW9,27,0.5178543420622359,0,0.5,2,0.5765748285764902
RW9,28,0.5073736155103112,0,0.5,2,0.5699788784597027
RW9,29,0.5062313423318389,0,0.5,2,0.5699788784597027
RW9,30,0.4936209036779812,0,0.5,2,0.5631256592955921
RW9,31,0.4789604612310552,0,0.5,2,0.5500587808605744
RW9,32,0.5040541243406096,0,0.5,2,0.5504442823771548
RW9,33,0.4707276486475776,0,0.5,2,0.5541451246630281
RW9,34,0.45110138474628303,0,0.5,2,0.5114570791763196
RW9,35,0.4162269401905226,0,0.5,2,0.5019169186536061
RW9,36,0.39630758405323846,0,0.5,2,0.5012377098469907
RW9,37,0.37288217447495453,0,0.5,2,0.44492543671430895
RW9,38,0.3621987887485223,0,0.5,2,0.42214950331767626
RW9,39,0.3575388160665002,0,0.5,2,0.4197833398866658
RW1,0,1.0,0,0.5,3,0.991431985566487
RW1,1,0.9802670752876338,0,0.5,3,0.9568129128846211
RW1,2,0.9565216183750929,0,0.5,3,0.9254635568022934
RW1,3,0.9339790204206347,0,0.5,3,0.9258020799553757
RW1,4,0.9146940376750224,0,0.5,3,0.8880692856871072
RW1,5,0.8911839245665371,0,0.5,3,0.8634424368762061
RW1,6,0.8763421303143164,0,0.5,3,0.8606731702221828
RW1,7,0.8561581297172293,0,0.5,3,0.8363936022970135
RW1,8,0.8433079203727134,0,0.5,3,0.7988789008525885
RW1,9,0.8224842210510717,0,0.5,3,0.7980153191727204
RW1,10,0.8103568229633243,0,0.5,3,0.7728085672701817
RW1,11,0.7998003763340421,0,0.5,3,0.772200147964
RW1,12,0.8088487095632187,0,0.5,3,0.772190002003315
RW1,13,0.7843175647994992,0,0.5,3,0.726061355054537
RW1,14,0.7703735760756814,0,0.5,3,0.7225868530145982
RW1,15,0.7535480936807142,0,0.5,3,0.7117480423392689
RW1,16,0.7275046205067329,0,0.5,3,0.6897971190601728
RW1,17,0.7193999486186523,0,0.5,3,0.6652468512768068
RW1,18,0.692610556793688,0,0.5,3,0.6406949901009923
RW1,19,0.6793568250462967,0,0.5,3,0.6356825886189827
RW1,20,0.6705532526507081,0,0.5,3,0.6223281345485834
RW1,21,0.6981110202679772,0,0.5,3,0.5894196951819314
RW1,22,0.6247003756395969,0,0.5,3,0.5841271109060368
RW1,23,0.5832750085056947,0,0.5,3,0.5504067506377414
RW13,0,1.0,0,0.5,3,1.0005999255194347
RW13,1,0.965406142462438,0,0.5,3,0.9628718223734146
RW13,2,0.9390282053526243,0,0.5,3,0.9190375873175141
RW13,3,0.8973664410850068,0,0.5,3,0.8577223573858126
RW13,4,0.8559853917191745,0,0.5,3,0.822115293028381
RW13,5,0.8236615111297403,0,0.5,3,0.7891959068638787
RW13,6,0.7989888416994142,0,0.5,3,0.7605467950593665
RW13,7,0.7751912982027924,0,0.5,3,0.7195892146565872
RW13,8,0.7640716479571148,0,0.5,3,0.7013614394471779
RW13,9,0.7489144784756683,0,0.5,3,0.6437956048653375
RW13,10,0.7267880380307747,0,0.5,3,0.6426799572263762
RW13,11,0.7055711236531398,0,0.5,3,0.623109853258141
RW13,12,0.681354367058826,0,0.5,3,0.6042054777822476
RW13,13,0.632238066246379,0,0.5,3,0.5728099723700807
RW13,14,0.6484083666650617,0,0.5,3,0.5653496420563282
RW13,15,0.6525398272110188,0,0.5,3,0.5595721230918906
RW13,16,0.6005328739937468,0,0.5,3,0.5223142923675178
RW13,17,0.6018706654475305,0,0.5,3,0.48898424137223145
RW13,18,0.5923899890205315,0,0.5,3,0.48344522005119067
RW13,19,0.5612641015154616,0,0.5,3,0.46808090248719597
RW13,20,0.5456961123316568,0,0.5,3,0.45546605824808434
RW13,21,0.5329610199130828,0,0.5,3,0.4342246614289939
RW13,22,0.513416008393162,0,0.5,3,0.433472422427219
RW17,0,1.0,0,0.5,3,0.9998043410759985
RW17,1,1.0026357949563962,0,0.5,3,0.9982437059002333
RW17,2,0.9394918329295381,0,0.5,3,0.9263008635094244
RW17,3,0.9184088724104814,0,0.5,3,0.8980425719615537
RW17,4,0.8911584681985729,0,0.5,3,0.8665021525369629
RW17,5,0.8589631609072765,0,0.5,3,0.834633275367535
RW17,6,0.8291575425450128,0,0.5,3,0.8127225975090187
RW17,7,0.7987386988534076,0,0.5,3,0.8069213872055351
RW17,8,0.7751485975307869,0,0.5,3,0.7561855743122782
RW17,9,0.756656843774444,0,0.5,3,0.7384250238765677
RW17,10,0.7426667041719264,0,0.5,3,0.7192750602574883
RW17,11,0.7130644081290144,0,0.5,3,0.6865458691281052
RW17,12,0.6970482137460301,0,0.5,3,0.6563456846795704
RW17,13,0.6802011348844728,0,0.5,3,0.6424628453761986
RW17,14,0.6582592678998883,0,0.5,3,0.632030368802178
RW17,15,0.6398762010019141,0,0.5,3,0.6060033696145048
RW17,16,0.6204725968210568,0,0.5,3,0.6069853356417736
RW17,17,0.6239733900924819,0,0.5,3,0.6088015566148185
RW17,18,0.5987008167774444,0,0.5,3,0.5778269904889013
RW17,19,0.5772080177645994,0,0.5,3,0.5794065795334914
RW17,20,0.566682764841642,0,0.5,3,0.5744244745028421
RW17,21,0.5622090221375536,0,0.5,3,0.5678346616685321
RW17,22,0.5447943351336495,0,0.5,3,0.5612300624940852
RW17,23,0.5353719031237376,0,0.5,3,0.5531858704888394
RW17,24,0.5321386201162224,0,0.5,3,0.5428178327092794
RW17,25,0.5256696552882916,0,0.5,3,0.5319947603104873
RW17,26,0.5216566461738521,0,0.5,3,0.5227278151531592
RW17,27,0.5142014944571648,0,0.5,3,0.5248706211760427
RW21,0,1.0,0,0.5,3,1.001463921268317
RW21,1,0.9740724898567775,0,0.5,3,0.9758700298292039
RW21,2,0.9527184796006276,0,0.5,3,0.949257817772899
RW21,3,0.9282169542090231,0,0.5,3,0.898201041819033
RW21,4,0.8955478419839256,0,0.5,3,0.8765298236720321
RW21,5,0.8573416928236135,0,0.5,3,0.8433747225379801
RW21,6,0.8262560190318581,0,0.5,3,0.8145274784560506
RW21,7,0.8028064819028633,0,0.5,3,0.785234444701526
RW21,8,0.7893600413911868,0,0.5,3,0.7425946528591074
RW21,9,0.775128424104771,0,0.5,3,0.7266762329509626
RW21,10,0.7694576973245436,0,0.5,3,0.7165390735706216
RW25,0,1.0,0,0.5,3,1.000686366459499
RW25,1,0.968918095597688,0,0.5,3,0.9812053215675925
RW25,2,0.9414534545922638,0,0.5,3,0.952368230569277
RW25,3,0.9123147456691004,0,0.5,3,0.9282385596678142
RW25,4,0.888189503733068,0,0.5,3,0.9185831341975738
RW25,5,0.8696823709546798,0,0.5,3,0.8902818658196379
RW25,6,0.8537549502050074,0,0.5,3,0.8796585630263893
RW25,7,0.8375259921719959,0,0.5,3,0.8673348083625889
RW25,8,0.8193673257776384,0,0.5,3,0.8587622434635048
RW25,9,0.8135065611667396,0,0.5,3,0.8403946800295516
RW25,10,0.803434694880542,0,0.5,3,0.8310316319071125
RW25,11,0.7943807611523241,0,0.5,3,0.8206046183311114
RW25,12,0.7853815339720616,0,0.5,3,0.8003741453507205
RW3,0,1.0,0,0.5,3,0.9953106090654403
RW3,1,0.9687426932522573,0,0.5,3,0.9797657702400251
RW3,2,0.929211084462392,0,0.5,3,0.9417934425005227
RW3,3,0.8970072599473418,0,0.5,3,0.9124283567430461
RW3,4,0.8739883587909667,0,0.5,3,0.8642353622696899
RW3,5,0.8483648360418079,0,0.5,3,0.8408405206344147
RW3,6,0.834035367164592,0,0.5,3,0.8378278039095435
RW3,7,0.8165629846823869,0,0.5,3,0.812316033665028
RW3,8,0.7932890383246501,0,0.5,3,0.7931671369025758
RW3,9,0.8102317992092032,0,0.5,3,0.7904448744947496
RW3,10,0.7772348372341118,0,0.5,3,0.7736769174069487
RW3,11,0.758047293748471,0,0.5,3,0.726038899779959
RW3,12,0.7406746149745171,0,0.5,3,0.7102358558312935
RW3,13,0.7142042200057844,0,0.5,3,0.6987393237754076
RW3,14,0.6871908455658011,0,0.5,3,0.6779662725893568
RW3,15,0.6654079726651321,0,0.5,3,0.6486898538720658
RW3,16,0.6625411808641404,0,0.5,3,0.638194909010297
RW3,17,0.6492046234819603,0,0.5,3,0.621999799776952
RW3,18,0.6150347872417288,0,0.5,3,0.5966465791217148
RW3,19,0.6042370279644296,0,0.5,3,0.5984747916044689
RW3,20,0.5462918454573739,0,0.5,3,0.5672282887613431
RW3,21,0.5294258363488458,0,0.5,3,0.5597150874084705
RW9,0,1.0,0,0.5,3,0.9975501531024388
RW9,1,0.9744806801719121,0,0.5,3,0.9759739049097601
RW9,2,0.9453104679064025,0,0.5,3,0.9644837613053426
RW9,3,0.911360857317688,0,0.5,3,0.9162402579167397
RW9,4,0.8847866727225885,0,0.5,3,0.9046623815360196
RW9,5,0.8406944835087043,0,0.5,3,0.8538305482438978
RW9,6,0.8176901280788624,0,0.5,3,0.8285730844377358
RW9,7,0.7864030549959673,0,0.5,3,0.7746956819249635
RW9,8,0.7628733089042045,0,0.5,3,0.7988469167882489
RW9,9,0.7266047623827654,0,0.5,3,0.7733514967690827
RW9,10,0.6950317886415597,0,0.5,3,0.7546553085975582
RW9,11,0.6756574638458637,0,0.5,3,0.7475090088664706
RW9,12,0.6603653366488433,0,0.5,3,0.7440959377463662
RW9,13,0.6964212062092479,0,0.5,3,0.741880044498156
RW9,14,0.6472003063742006,0,0.5,3,0.7233452911451456
RW9,15,0.6351750298406914,0,0.5,3,0.6696612172962474
RW9,16,0.6165428117187594,0,0.5,3,0.63174592670684
RW9,17,0.5964223557750638,0,0.5,3,0.6338406253471057
RW9,18,0.59783807785969,0,0.5,3,0.6258778904194918
RW9,19,0.5791340224765132,0,0.5,3,0.6216057920448101
RW9,20,0.572651808445847,0,0.5,3,0.6233127097441227
RW9,21,0.5654329871052775,0,0.5,3,0.6236620368850809
RW9,22,0.5530896777273546,0,0.5,3,0.6215833512290523
RW9,23,0.542052740223641,0,0.5,3,0.6044241592272269
RW9,24,0.534245247108605,0,0.5,3,0.6048961414578335
RW9,25,0.5310967487165805,0,0.5,3,0.5816617556305294
RW9,26,0.5130674490339593,0,0.5,3,0.5754136304312254
RW9,27,0.5178543420622359,0,0.5,3,0.5609561258022162
RW9,28,0.5073736155103112,0,0.5,3,0.5600479272879866
RW9,29,0.5062313423318389,0,0.5,3,0.5609240198802466
RW9,30,0.4936209036779812,0,0.5,3,0.5633707996213649
RW9,31,0.4789604612310552,0,0.5,3,0.5463618803036485
RW9,32,0.5040541243406096,0,0.5,3,0.5372978287543301
RW9,33,0.4707276486475776,0,0.5,3,0.5274592832733696
RW9,34,0.45110138474628303,0,0.5,3,0.5000606655951286
RW9,35,0.4162269401905226,0,0.5,3,0.4959956145934584
RW9,36,0.39630758405323846,0,0.5,3,0.47229491183178174
RW9,37,0.37288217447495453,0,0.5,3,0.4540011657863116
RW9,38,0.3621987887485223,0,0.5,3,0.4239688884790486
RW9,39,0.3575388160665002,0,0.5,3,0.4239688884790486
RW1,0,1.0,0,0.5,4,0.9917335831416465
RW1,1,0.9802670752876338,0,0.5,4,0.9584395815990193
RW1,2,0.9565216183750929,0,0.5,4,0.9288993839836938
RW1,3,0.9339790204206347,0,0.5,4,0.9332757779645134
RW1,4,0.9146940376750224,0,0.5,4,0.9022825221380627
RW1,5,0.8911839245665371,0,0.5,4,0.8657535495195934
RW1,6,0.8763421303143164,0,0.5,4,0.8612792898546849
RW1,7,0.8561581297172293,0,0.5,4,0.8288354482757213
RW1,8,0.8433079203727134,0,0.5,4,0.8073521305936154
RW1,9,0.8224842210510717,0,0.5,4,0.7971801610449368
RW1,10,0.8103568229633243,0,0.5,4,0.7822045075743312
RW1,11,0.7998003763340421,0,0.5,4,0.7637294538214028
RW1,12,0.8088487095632187,0,0.5,4,0.7514987316594006
RW1,13,0.7843175647994992,0,0.5,4,0.7362222791416566
RW1,14,0.7703735760756814,0,0.5,4,0.7270473796740666
RW1,15,0.7535480936807142,0,0.5,4,0.712396757034142
RW1,16,0.7275046205067329,0,0.5,4,0.6914275127601462
RW1,17,0.7193999486186523,0,0.5,4,0.6691542652316173
RW1,18,0.692610556793688,0,0.5,4,0.642501093154082
RW1,19,0.6793568250462967,0,0.5,4,0.640041623677177
RW1,20,0.6705532526507081,0,0.5,4,0.63468504831007
RW1,21,0.6981110202679772,0,0.5,4,0.6279826940121578
RW1,22,0.6247003756395969,0,0.5,4,0.5820736516199092
RW1,23,0.5832750085056947,0,0.5,4,0.5403224885439788
RW13,0,1.0,0,0.5,4,1.0015764804979361
RW13,1,0.965406142462438,0,0.5,4,0.9603605653844789
RW13,2,0.9390282053526243,0,0.5,4,0.915503055895937
RW13,3,0.8973664410850068,0,0.5,4,0.8686648663552063
RW13,4,0.8559853917191745,0,0.5,4,0.8184506580580764
RW13,5,0.8236615111297403,0,0.5,4,0.7813538478918649
RW13,6,0.7989888416994142,0,0.5,4,0.7559587313240199
RW13,7,0.7751912982027924,0,0.5,4,0.7228883141119135
RW13,8,0.7640716479571148,0,0.5,4,0.7074890531587021
RW13,9,0.7489144784756683,0,0.5,4,0.6596916132311844
RW13,10,0.7267880380307747,0,0.5,4,0.6417741767081883
RW13,11,0.7055711236531398,0,0.5,4,0.6161155081562054
RW13,12,0.681354367058826,0,0.5,4,0.6132992961112763
RW13,13,0.632238066246379,0,0.5,4,0.5999168286160761
RW13,14,0.6484083666650617,0,0.5,4,0.5624624477344125
RW13,15,0.6525398272110188,0,0.5,4,0.5605418665566707
RW13,16,0.6005328739937468,0,0.5,4,0.5170863978119882
RW13,17,0.6018706654475305,0,0.5,4,0.5067938725681244
RW13,18,0.5923899890205315,0,0.5,4,0.4847275401516178
RW13,19,0.5612641015154616,0,0.5,4,0.4810354202059419
RW13,20,0.5456961123316568,0,0.5,4,0.4658955987432885
RW13,21,0.5329610199130828,0,0.5,4,0.45422005398712645
RW13,22,0.513416008393162,0,0.5,4,0.44653586742916523
RW17,0,1.0,0,0.5,4,1.0011744502028246
RW17,1,1.0026357949563962,0,0.5,4,0.9921012927635279
RW17,2,0.9394918329295381,0,0.5,4,0.9208078842463785
RW17,3,0.9184088724104814,0,0.5,4,0.9105082657650178
RW17,4,0.8911584681985729,0,0.5,4,0.8734865603695133
RW17,5,0.8589631609072765,0,0.5,4,0.8273123768374285
RW17,6,0.8291575425450128,0,0.5,4,0.8003715573826419
RW17,7,0.7987386988534076,0,0.5,4,0.7991494880135321
RW17,8,0.7751485975307869,0,0.5,4,0.7721502301106914
RW17,9,0.756656843774444,0,0.5,4,0.7591788502961166
RW17,10,0.7426667041719264,0,0.5,4,0.7042382613395933
RW17,11,0.7130644081290144,0,0.5,4,0.6862065709667713
RW17,12,0.6970482137460301,0,0.5,4,0.6680790942479855
RW17,13,0.6802011348844728,0,0.5,4,0.6425743446660462
RW17,14,0.6582592678998883,0,0.5,4,0.6341864409023059
RW17,15,0.6398762010019141,0,0.5,4,0.6364333174739869
RW17,16,0.6204725968210568,0,0.5,4,0.6042561443807107
RW17,17,0.6239733900924819,0,0.5,4,0.6047100105590718
RW17,18,0.5987008167774444,0,0.5,4,0.5890819339589627
RW17,19,0.5772080177645994,0,0.5,4,0.5784491918641093
RW17,20,0.566682764841642,0,0.5,4,0.5704437532111546
RW17,21,0.5622090221375536,0,0.5,4,0.5673992182210011
RW17,22,0.5447943351336495,0,0.5,4,0.5553649996629538
RW17,23,0.5353719031237376,0,0.5,4,0.5484455898237616
RW17,24,0.5321386201162224,0,0.5,4,0.5373615542457512
RW17,25,0.5256696552882916,0,0.5,4,0.5352461995955763
RW17,26,0.5216566461738521,0,0.5,4,0.5281029616291866
RW17,27,0.5142014944571648,0,0.5,4,0.5177427656686301
RW21,0,1.0,0,0.5,4,0.9996363318213796
RW21,1,0.9740724898567775,0,0.5,4,0.975181112888585
RW21,2,0.9527184796006276,0,0.5,4,0.9455198410058964
RW21,3,0.9282169542090231,0,0.5,4,0.9205087019044373
RW21,4,0.8955478419839256,0,0.5,4,0.8636984281145139
RW21,5,0.8573416928236135,0,0.5,4,0.8435957696571467
RW21,6,0.8262560190318581,0,0.5,4,0.8121316904371224
RW21,7,0.8028064819028633,0,0.5,4,0.7743472081958095
RW21,8,0.7893600413911868,0,0.5,4,0.7459070450603817
RW21,9,0.775128424104771,0,0.5,4,0.7089922346503034
RW21,10,0.7694576973245436,0,0.5,4,0.6775745616364647
RW25,0,1.0,0,0.5,4,0.9988179822274964
RW25,1,0.968918095597688,0,0.5,4,0.9811426792756822
RW25,2,0.9414534545922638,0,0.5,4,0.9608700484065222
RW25,3,0.9123147456691004,0,0.5,4,0.9353530656727052
RW25,4,0.888189503733068,0,0.5,4,0.9044626100924668
RW25,5,0.8696823709546798,0,0.5,4,0.901145387844647
RW25,6,0.8537549502050074,0,0.5,4,0.8727394394350108
RW25,7,0.8375259921719959,0,0.5,4,0.8664884625571388
RW25,8,0.8193673257776384,0,0.5,4,0.8503749889070928
RW25,9,0.8135065611667396,0,0.5,4,0.8448917893171491
RW25,10,0.803434694880542,0,0.5,4,0.8254236146022926
RW25,11,0.7943807611523241,0,0.5,4,0.8289461490083024
RW25,12,0.7853815339720616,0,0.5,4,0.7798119819724352
RW3,0,1.0,0,0.5,4,0.9981320777050754
RW3,1,0.9687426932522573,0,0.5,4,0.9627984641469493
RW3,2,0.929211084462392,0,0.5,4,0.9353236198582494
RW3,3,0.8970072599473418,0,0.5,4,0.9034086946457678
RW3,4,0.8739883587909667,0,0.5,4,0.8992411311331677
RW3,5,0.8483648360418079,0,0.5,4,0.8454815765288145
RW3,6,0.834035367164592,0,0.5,4,0.8339635593716704
RW3,7,0.8165629846823869,0,0.5,4,0.8188322095775444
RW3,8,0.7932890383246501,0,0.5,4,0.7993826443925655
RW3,9,0.8102317992092032,0,0.5,4,0.8007016706738247
RW3,10,0.7772348372341118,0,0.5,4,0.7726191695983202
RW3,11,0.758047293748471,0,0.5,4,0.7347105116368833
RW3,12,0.7406746149745171,0,0.5,4,0.7281029708624079
RW3,13,0.7142042200057844,0,0.5,4,0.7014424949402946
RW3,14,0.6871908455658011,0,0.5,4,0.6854921311237131
RW3,15,0.6654079726651321,0,0.5,4,0.6551032846432085
RW3,16,0.6625411808641404,0,0.5,4,0.6504756787199227
RW3,17,0.6492046234819603,0,0.5,4,0.6466328311285917
RW3,18,0.6150347872417288,0,0.5,4,0.6363384472093262
RW3,19,0.6042370279644296,0,0.5,4,0.6002300486405261
RW3,20,0.5462918454573739,0,0.5,4,0.5792494841919004
RW3,21,0.5294258363488458,0,0.5,4,0.5695330814245863
RW9,0,1.0,0,0.5,4,0.9988154679899642
RW9,1,0.9744806801719121,0,0.5,4,0.9795826319611701
RW9,2,0.9453104679064025,0,0.5,4,0.9412680350958806
RW9,3,0.911360857317688,0,0.5,4,0.9109929506588534
RW9,4,0.8847866727225885,0,0.5,4,0.8980451425290251
RW9,5,0.8406944835087043,0,0.5,4,0.8550089175515395
RW9,6,0.8176901280788624,0,0.5,4,0.8115541815632142
RW9,7,0.7864030549959673,0,0.5,4,0.7579580322799829
RW9,8,0.7628733089042045,0,0.5,4,0.7844124531066163
RW9,9,0.7266047623827654,0,0.5,4,0.7772688066952599
RW9,10,0.6950317886415597,0,0.5,4,0.7491732574494595
RW9,11,0.6756574638458637,0,0.5,4,0.7435148293361334
RW9,12,0.6603653366488433,0,0.5,4,0.7423129101229015
RW9,13,0.6964212062092479,0,0.5,4,0.7147174516628532
RW9,14,0.6472003063742006,0,0.5,4,0.6860439322012404
RW9,15,0.6351750298406914,0,0.5,4,0.6716438648817586
RW9,16,0.6165428117187594,0,0.5,4,0.664625775098638
RW9,17,0.5964223557750638,0,0.5,4,0.6359404113014311
RW9,18,0.59783807785969,0,0.5,4,0.6365635294926357
RW9,19,0.5791340224765132,0,0.5,4,0.631038100736113
RW9,20,0.572651808445847,0,0.5,4,0.6361285703587328
RW9,21,0.5654329871052775,0,0.5,4,0.6262222738812601
RW9,22,0.5530896777273546,0,0.5,4,0.6262809400451914
RW9,23,0.542052740223641,0,0.5,4,0.5999576110196605
RW9,24,0.534245247108605,0,0.5,4,0.5951327610136701
RW9,25,0.5310967487165805,0,0.5,4,0.5807181224824653
RW9,26,0.5130674490339593,0,0.5,4,0.581050932522577
RW9,27,0.5178543420622359,0,0.5,4,0.5798090614747718
RW9,28,0.5073736155103112,0,0.5,4,0.5601809919289468
RW9,29,0.5062313423318389,0,0.5,4,0.5573619324674968
RW9,30,0.4936209036779812,0,0.5,4,0.5507940984897834
RW9,31,0.4789604612310552,0,0.5,4,0.548903464352331
RW9,32,0.5040541243406096,0,0.5,4,0.5454053782247461
RW9,33,0.4707276486475776,0,0.5,4,0.5323004320998167
RW9,34,0.45110138474628303,0,0.5,4,0.5201236947664409
RW9,35,0.4162269401905226,0,0.5,4,0.45439283411195197
RW9,36,0.39630758405323846,0,0.5,4,0.4347076842522701
RW9,37,0.37288217447495453,0,0.5,4,0.4360069942596954
RW9,38,0.3621987887485223,0,0.5,4,0.42716127105791335
RW9,39,0.3575388160665002,0,0.5,4,0.42201904506095533
RW1,0,1.0,0,0.25,0,0.9805538617280483
RW1,1,0.9802670752876338,0,0.25,0,0.9805021624737351
RW1,2,0.9565216183750929,0,0.25,0,0.9362571768275888
RW1,3,0.9339790204206347,0,0.25,0,0.9174682777415526
RW1,4,0.9146940376750224,0,0.25,0,0.8944036259920982
RW1,5,0.8911839245665371,0,0.25,0,0.8953332732611456
RW1,6,0.8763421303143164,0,0.25,0,0.8426540181932839
RW1,7,0.8561581297172293,0,0.25,0,0.8217806788015437
RW1,8,0.8433079203727134,0,0.25,0,0.7893210509279509
RW1,9,0.8224842210510717,0,0.25,0,0.7900075513939111
RW1,10,0.8103568229633243,0,0.25,0,0.7705807257717263
RW1,11,0.7998003763340421,0,0.25,0,0.7718773682789422
RW1,12,0.8088487095632187,0,0.25,0,0.7524073573599548
RW1,13,0.7843175647994992,0,0.25,0,0.7151568516104259
RW1,14,0.7703735760756814,0,0.25,0,0.7187778478417729
RW1,15,0.7535480936807142,0,0.25,0,0.7060237239499746
RW1,16,0.7275046205067329,0,0.25,0,0.6588057898802416
RW1,17,0.7193999486186523,0,0.25,0,0.6528853610814436
RW1,18,0.692610556793688,0,0.25,0,0.6416770757839175
RW1,19,0.6793568250462967,0,0.25,0,0.6443145858646212
RW1,20,0.6705532526507081,0,0.25,0,0.6224137199975646
RW1,21,0.6981110202679772,0,0.25,0,0.6056195117609267
RW1,22,0.6247003756395969,0,0.25,0,0.5516697227288705
RW1,23,0.5832750085056947,0,0.25,0,0.5549973440136168
RW13,0,1.0,0,0.25,0,0.9997890496406483
RW13,1,0.965406142462438,0,0.25,0,0.9786670963248403
RW13,2,0.9390282053526243,0,0.25,0,0.9120613434262845
RW13,3,0.8973664410850068,0,0.25,0,0.8544543179400408
RW13,4,0.8559853917191745,0,0.25,0,0.8243028542201231
RW13,5,0.8236615111297403,0,0.25,0,0.7967976759992014
RW13,6,0.7989888416994142,0,0.25,0,0.7534706490237796
RW13,7,0.7751912982027924,0,0.25,0,0.7098196799139505
RW13,8,0.7640716479571148,0,0.25,0,0.7011828386682393
RW13,9,0.7489144784756683,0,0.25,0,0.6854132366987011
RW13,10,0.7267880380307747,0,0.25,0,0.6303703082216419
RW13,11,0.7055711236531398,0,0.25,0,0.6086359095852942
RW13,12,0.681354367058826,0,0.25,0,0.6142978696806277
RW13,13,0.632238066246379,0,0.25,0,0.5869008416433914
RW13,14,0.6484083666650617,0,0.25,0,0.5851421390893053
RW13,15,0.6525398272110188,0,0.25,0,0.5480946983736336
RW13,16,0.6005328739937468,0,0.25,0,0.5523320714875511
RW13,17,0.6018706654475305,0,0.25,0,0.5069013985146376
RW13,18,0.5923899890205315,0,0.25,0,0.4942740886420785
RW13,19,0.5612641015154616,0,0.25,0,0.4735156039443941
RW13,20,0.5456961123316568,0,0.25,0,0.4654614473002037
RW13,21,0.5329610199130828,0,0.25,0,0.44484201909514526
RW13,22,0.513416008393162,0,0.25,0,0.4398665824276142
RW17,0,1.0,0,0.25,0,0.9997890496406483
RW17,1,1.0026357949563962,0,0.25,0,0.9977491751592386
RW17,2,0.9394918329295381,0,0.25,0,0.9342928309385155
RW17,3,0.9184088724104814,0,0.25,0,0.9204141184037155
RW17,4,0.8911584681985729,0,0.25,0,0.8689116499534658
RW17,5,0.8589631609072765,0,0.25,0,0.8415456713618178
RW17,6,0.8291575425450128,0,0.25,0,0.8375197133632756
RW17,7,0.7987386988534076,0,0.25,0,0.8047073002418692
RW17,8,0.7751485975307869,0,0.25,0,0.7591921347293278
RW17,9,0.756656843774444,0,0.25,0,0.7597282057234541
RW17,10,0.7426667041719264,0,0.25,0,0.7218525912161491
RW17,11,0.7130644081290144,0,0.25,0,0.6859564042292992
RW17,12,0.6970482137460301,0,0.25,0,0.6542734850750529
RW17,13,0.6802011348844728,0,0.25,0,0.6561099486400459
RW17,14,0.6582592678998883,0,0.25,0,0.6593438082977969
RW17,15,0.6398762010019141,0,0.25,0,0.6285720276341513
RW17,16,0.6204725968210568,0,0.25,0,0.6342529906218344
RW17,17,0.6239733900924819,0,0.25,0,0.6306465163688493
RW17,18,0.5987008167774444,0,0.25,0,0.6009332712342729
RW17,19,0.5772080177645994,0,0.25,0,0.5956759902674799
RW17,20,0.566682764841642,0,0.25,0,0.5730369159185468
RW17,21,0.5622090221375536,0,0.25,0,0.5691234313943057
RW17,22,0.5447943351336495,0,0.25,0,0.5535391305326832
RW17,23,0.5353719031237376,0,0.25,0,0.5491692554374218
RW17,24,0.5321386201162224,0,0.25,0,0.5400010249323328
RW17,25,0.5256696552882916,0,0.25,0,0.5404571293093821
RW17,26,0.5216566461738521,0,0.25,0,0.5127248515780726
RW17,27,0.5142014944571648,0,0.25,0,0.5060307505947874
RW21,0,1.0,0,0.25,0,0.999819676623608
RW21,1,0.9740724898567775,0,0.25,0,0.9913724408395492
RW21,2,0.9527184796006276,0,0.25,0,0.924765617351004
RW21,3,0.9282169542090231,0,0.25,0,0.9098329038963091
RW21,4,0.8955478419839256,0,0.25,0,0.8706433173955498
RW21,5,0.8573416928236135,0,0.25,0,0.8397946986702799
RW21,6,0.8262560190318581,0,0.25,0,0.816422061758917
RW21,7,0.8028064819028633,0,0.25,0,0.7830720259757098
RW21,8,0.7893600413911868,0,0.25,0,0.7556111451316665
RW21,9,0.775128424104771,0,0.25,0,0.7540709996439419
RW21,10,0.7694576973245436,0,0.25,0,0.7002629743887101
RW25,0,1.0,0,0.25,0,1.0006675770739502
RW25,1,0.968918095597688,0,0.25,0,0.9992410562722684
RW25,2,0.9414534545922638,0,0.25,0,0.9608263271857199
RW25,3,0.9123147456691004,0,0.25,0,0.9363535818378891
RW25,4,0.888189503733068,0,0.25,0,0.9106295192201256
RW25,5,0.8696823709546798,0,0.25,0,0.8871365344896514
RW25,6,0.8537549502050074,0,0.25,0,0.8812164182212635
RW25,7,0.8375259921719959,0,0.25,0,0.8691295264301375
RW25,8,0.8193673257776384,0,0.25,0,0.8454580955846155
RW25,9,0.8135065611667396,0,0.25,0,0.8282820571637677
RW25,10,0.803434694880542,0,0.25,0,0.8155958802782495
RW25,11,0.7943807611523241,0,0.25,0,0.8248464071484668
RW25,12,0.7853815339720616,0,0.25,0,0.7378102095923194
RW3,0,1.0,0,0.25,0,0.9963826351193524
RW3,1,0.9687426932522573,0,0.25,0,0.9931808497952823
RW3,2,0.929211084462392,0,0.25,0,0.9366988618676144
RW3,3,0.8970072599473418,0,0.25,0,0.8928655837217272
RW3,4,0.8739883587909667,0,0.25,0,0.8939517283932186
RW3,5,0.8483648360418079,0,0.25,0,0.8422227077295064
RW3,6,0.834035367164592,0,0.25,0,0.8349183601435818
RW3,7,0.8165629846823869,0,0.25,0,0.8092119917392208
RW3,8,0.7932890383246501,0,0.25,0,0.7938867029180733
RW3,9,0.8102317992092032,0,0.25,0,0.7938092554708105
RW3,10,0.7772348372341118,0,0.25,0,0.7438815515074522
RW3,11,0.758047293748471,0,0.25,0,0.7179151789679541
RW3,12,0.7406746149745171,0,0.25,0,0.7180965149489795
RW3,13,0.7142042200057844,0,0.25,0,0.7171880901371415
RW3,14,0.6871908455658011,0,0.25,0,0.6707107431654094
RW3,15,0.6654079726651321,0,0.25,0,0.6458462767700932
RW3,16,0.6625411808641404,0,0.25,0,0.6381930372950303
RW3,17,0.6492046234819603,0,0.25,0,0.6394608236701269
RW3,18,0.6150347872417288,0,0.25,0,0.6185376036887812
RW3,19,0.6042370279644296,0,0.25,0,0.6202596702085752
RW3,20,0.5462918454573739,0,0.25,0,0.5885673941223035
RW3,21,0.5294258363488458,0,0.25,0,0.5682933564336937
RW9,0,1.0,0,0.25,0,0.9994611073412673
RW9,1,0.9744806801719121,0,0.25,0,0.9894893939283156
RW9,2,0.9453104679064025,0,0.25,0,0.9509793970813426
RW9,3,0.911360857317688,0,0.25,0,0.9284355401859158
RW9,4,0.8847866727225885,0,0.25,0,0.9186600352841218
RW9,5,0.8406944835087043,0,0.25,0,0.8446967855387808
RW9,6,0.8176901280788624,0,0.25,0,0.8117591042935846
RW9,7,0.7864030549959673,0,0.25,0,0.7845604528246692
RW9,8,0.7628733089042045,0,0.25,0,0.7817537817305991
RW9,9,0.7266047623827654,0,0.25,0,0.7598477624822466
RW9,10,0.6950317886415597,0,0.25,0,0.7544569872234952
RW9,11,0.6756574638458637,0,0.25,0,0.7591918525453069
RW9,12,0.6603653366488433,0,0.25,0,0.6986672724231139
RW9,13,0.6964212062092479,0,0.25,0,0.7125361809959178
RW9,14,0.6472003063742006,0,0.25,0,0.6878368642543495
RW9,15,0.6351750298406914,0,0.25,0,0.670227062215673
RW9,16,0.6165428117187594,0,0.25,0,0.6319152034001891
RW9,17,0.5964223557750638,0,0.25,0,0.6313602894046405
RW9,18,0.59783807785969,0,0.25,0,0.6400717268952739
RW9,19,0.5791340224765132,0,0.25,0,0.6505534571797603
RW9,20,0.572651808445847,0,0.25,0,0.6425149886928162
RW9,21,0.5654329871052775,0,0.25,0,0.6290584304614587
RW9,22,0.5530896777273546,0,0.25,0,0.6172691695996544
RW9,23,0.542052740223641,0,0.25,0,0.6142151269268482
RW9,24,0.534245247108605,0,0.25,0,0.5942124871802974
RW9,25,0.5310967487165805,0,0.25,0,0.5895401657318441
RW9,26,0.5130674490339593,0,0.25,0,0.5897104499492798
RW9,27,0.5178543420622359,0,0.25,0,0.5670316155696646
RW9,28,0.5073736155103112,0,0.25,0,0.5624537026249341
RW9,29,0.5062313423318389,0,0.25,0,0.5609885240206675
RW9,30,0.4936209036779812,0,0.25,0,0.5499822595625445
RW9,31,0.4789604612310552,0,0.25,0,0.5526521400661732
RW9,32,0.5040541243406096,0,0.25,0,0.5286204231826702
RW9,33,0.4707276486475776,0,0.25,0,0.5200554086592324
RW9,34,0.45110138474628303,0,0.25,0,0.49160452517407466
RW9,35,0.4162269401905226,0,0.25,0,0.510250922783942
RW9,36,0.39630758405323846,0,0.25,0,0.5063772368255862
RW9,37,0.37288217447495453,0,0.25,0,0.5056260934050713
RW9,38,0.3621987887485223,0,0.25,0,0.4532109153111515
RW9,39,0.3575388160665002,0,0.25,0,0.453541557683977
RW1,0,1.0,0,0.25,1,0.9985841196273918
RW1,1,0.9802670752876338,0,0.25,1,0.9578952565433075
RW1,2,0.9565216183750929,0,0.25,1,0.9237980305108996
RW1,3,0.9339790204206347,0,0.25,1,0.9302759948841088
RW1,4,0.9146940376750224,0,0.25,1,0.8649055334554273
RW1,5,0.8911839245665371,0,0.25,1,0.8470166220852406
RW1,6,0.8763421303143164,0,0.25,1,0.8553438589533033
RW1,7,0.8561581297172293,0,0.25,1,0.8275851898402987
RW1,8,0.8433079203727134,0,0.25,1,0.8086811572023558
RW1,9,0.8224842210510717,0,0.25,1,0.7818187713386638
RW1,10,0.8103568229633243,0,0.25,1,0.777216204450628
RW1,11,0.7998003763340421,0,0.25,1,0.7609035801586838
RW1,12,0.8088487095632187,0,0.25,1,0.7508638795305863
RW1,13,0.7843175647994992,0,0.25,1,0.7272295383386045
RW1,14,0.7703735760756814,0,0.25,1,0.7099125169957402
RW1,15,0.7535480936807142,0,0.25,1,0.6955536114141015
RW1,16,0.7275046205067329,0,0.25,1,0.686079422859552
RW1,17,0.7193999486186523,0,0.25,1,0.6751240757483541
RW1,18,0.692610556793688,0,0.25,1,0.6326465641029323
RW1,19,0.6793568250462967,0,0.25,1,0.634998085914034
RW1,20,0.6705532526507081,0,0.25,1,0.6171553955036199
RW1,21,0.6981110202679772,0,0.25,1,0.579466037333125
RW1,22,0.6247003756395969,0,0.25,1,0.5429772394637288
RW1,23,0.5832750085056947,0,0.25,1,0.5300038739074449
RW13,0,1.0,0,0.25,1,1.0000704863844279
RW13,1,0.965406142462438,0,0.25,1,0.9613122911993178
RW13,2,0.9390282053526243,0,0.25,1,0.8869173166965524
RW13,3,0.8973664410850068,0,0.25,1,0.8557365698063731
RW13,4,0.8559853917191745,0,0.25,1,0.8305408416490275
RW13,5,0.8236615111297403,0,0.25,1,0.7954933350707414
RW13,6,0.7989888416994142,0,0.25,1,0.779871801428193
RW13,7,0.7751912982027924,0,0.25,1,0.7185041928290137
RW13,8,0.7640716479571148,0,0.25,1,0.7167036988247183
RW13,9,0.7489144784756683,0,0.25,1,0.6616462022149924
RW13,10,0.7267880380307747,0,0.25,1,0.6597095814686719
RW13,11,0.7055711236531398,0,0.25,1,0.6133222762834024
RW13,12,0.681354367058826,0,0.25,1,0.6128562887597483
RW13,13,0.632238066246379,0,0.25,1,0.5969628224186037
RW13,14,0.6484083666650617,0,0.25,1,0.5420563684888712
RW13,15,0.6525398272110188,0,0.25,1,0.5491382918623788
RW13,16,0.6005328739937468,0,0.25,1,0.5131415579447338
RW13,17,0.6018706654475305,0,0.25,1,0.5025859833901435
RW13,18,0.5923899890205315,0,0.25,1,0.5072993694735046
RW13,19,0.5612641015154616,0,0.25,1,0.5010775335245734
RW13,20,0.5456961123316568,0,0.25,1,0.4775271062886386
RW13,21,0.5329610199130828,0,0.25,1,0.45734629839584495
RW13,22,0.513416008393162,0,0.25,1,0.4433267078152924
RW17,0,1.0,0,0.25,1,1.000358146837384
RW17,1,1.0026357949563962,0,0.25,1,0.9849565103496871
RW17,2,0.9394918329295381,0,0.25,1,0.9202967282044372
RW17,3,0.9184088724104814,0,0.25,1,0.8943751495614901
RW17,4,0.8911584681985729,0,0.25,1,0.8790734286914181
RW17,5,0.8589631609072765,0,0.25,1,0.8564701516245217
RW17,6,0.8291575425450128,0,0.25,1,0.8350314099534288
RW17,7,0.7987386988534076,0,0.25,1,0.8176221788708882
RW17,8,0.7751485975307869,0,0.25,1,0.7745140503984953
RW17,9,0.756656843774444,0,0.25,1,0.7398158127238303
RW17,10,0.7426667041719264,0,0.25,1,0.7099645954258988
RW17,11,0.7130644081290144,0,0.25,1,0.6917945623201437
RW17,12,0.6970482137460301,0,0.25,1,0.6302435339330389
RW17,13,0.6802011348844728,0,0.25,1,0.6285954384626492
RW17,14,0.6582592678998883,0,0.25,1,0.6238249447816581
RW17,15,0.6398762010019141,0,0.25,1,0.6104418522433034
RW17,16,0.6204725968210568,0,0.25,1,0.586464718103921
RW17,17,0.6239733900924819,0,0.25,1,0.5973937001436941
RW17,18,0.5987008167774444,0,0.25,1,0.5702725833129161
RW17,19,0.5772080177645994,0,0.25,1,0.5536436089238138
RW17,20,0.566682764841642,0,0.25,1,0.5565723098794282
RW17,21,0.5622090221375536,0,0.25,1,0.5560696038244964
RW17,22,0.5447943351336495,0,0.25,1,0.5500481175566655
RW17,23,0.5353719031237376,0,0.25,1,0.5477706945163601
RW17,24,0.5321386201162224,0,0.25,1,0.5355472487362577
RW17,25,0.5256696552882916,0,0.25,1,0.5240881683471305
RW17,26,0.5216566461738521,0,0.25,1,0.5125190844620164
RW17,27,0.5142014944571648,0,0.25,1,0.5044130426681614
RW21,0,1.0,0,0.25,1,1.003041191504523
RW21,1,0.9740724898567775,0,0.25,1,0.9763433471039695
RW21,2,0.9527184796006276,0,0.25,1,0.9361582241397098
RW21,3,0.9282169542090231,0,0.25,1,0.8811386570313903
RW21,4,0.8955478419839256,0,0.25,1,0.8608389253094743
RW21,5,0.8573416928236135,0,0.25,1,0.8296683218542986
RW21,6,0.8262560190318581,0,0.25,1,0.8135569438912441
RW21,7,0.8028064819028633,0,0.25,1,0.7918452873724874
RW21,8,0.7893600413911868,0,0.25,1,0.7687829058205082
RW21,9,0.775128424104771,0,0.25,1,0.7308473474511733
RW21,10,0.7694576973245436,0,0.25,1,0.7194932927607689
RW25,0,1.0,0,0.25,1,1.0004214557303224
RW25,1,0.968918095597688,0,0.25,1,0.9766531774045507
RW25,2,0.9414534545922638,0,0.25,1,0.9582241778131382
RW25,3,0.9123147456691004,0,0.25,1,0.9230850268029759
RW25,4,0.888189503733068,0,0.25,1,0.9153656810117442
RW25,5,0.8696823709546798,0,0.25,1,0.8925266098517775
RW25,6,0.8537549502050074,0,0.25,1,0.8845260338020541
RW25,7,0.8375259921719959,0,0.25,1,0.8730536292529834
RW25,8,0.8193673257776384,0,0.25,1,0.8539961238044258
RW25,9,0.8135065611667396,0,0.25,1,0.8518716268052298
RW25,10,0.803434694880542,0,0.25,1,0.8397816535423575
RW25,11,0.7943807611523241,0,0.25,1,0.800642775845742
RW25,12,0.7853815339720616,0,0.25,1,0.795043969623456
RW3,0,1.0,0,0.25,1,0.9986233795830008
RW3,1,0.9687426932522573,0,0.25,1,0.9653971029731936
RW3,2,0.929211084462392,0,0.25,1,0.9346448298994927
RW3,3,0.8970072599473418,0,0.25,1,0.9049917160765916
RW3,4,0.8739883587909667,0,0.25,1,0.8785812178618558
RW3,5,0.8483648360418079,0,0.25,1,0.8520302223670285
RW3,6,0.834035367164592,0,0.25,1,0.84121750946993
RW3,7,0.8165629846823869,0,0.25,1,0.8221973621684957
RW3,8,0.7932890383246501,0,0.25,1,0.8052820400986976
RW3,9,0.8102317992092032,0,0.25,1,0.775678740294835
RW3,10,0.7772348372341118,0,0.25,1,0.7724691737198419
RW3,11,0.758047293748471,0,0.25,1,0.730298428186254
RW3,12,0.7406746149745171,0,0.25,1,0.7244562795094677
RW3,13,0.7142042200057844,0,0.25,1,0.7108570459378092
RW3,14,0.6871908455658011,0,0.25,1,0.702747323793601
RW3,15,0.6654079726651321,0,0.25,1,0.6466611128619433
RW3,16,0.6625411808641404,0,0.25,1,0.647839684639393
RW3,17,0.6492046234819603,0,0.25,1,0.6469338211528294
RW3,18,0.6150347872417288,0,0.25,1,0.6318039268836951
RW3,19,0.6042370279644296,0,0.25,1,0.6036568735698621
RW3,20,0.5462918454573739,0,0.25,1,0.5584596913067547
RW3,21,0.5294258363488458,0,0.25,1,0.5561602912599429
RW9,0,1.0,0,0.25,1,0.9990973936802438
RW9,1,0.9744806801719121,0,0.25,1,0.9661796339515116
RW9,2,0.9453104679064025,0,0.25,1,0.9511964899407416
RW9,3,0.911360857317688,0,0.25,1,0.924925763100363
RW9,4,0.8847866727225885,0,0.25,1,0.9028216353053098
RW9,5,0.8406944835087043,0,0.25,1,0.858405802546237
RW9,6,0.8176901280788624,0,0.25,1,0.8066157721954935
RW9,7,0.7864030549959673,0,0.25,1,0.7748774012769442
RW9,8,0.7628733089042045,0,0.25,1,0.7869276714278296
RW9,9,0.7266047623827654,0,0.25,1,0.7764546312233941
RW9,10,0.6950317886415597,0,0.25,1,0.742273979893171
RW9,11,0.6756574638458637,0,0.25,1,0.7297883477276004
RW9,12,0.6603653366488433,0,0.25,1,0.719305874064807
RW9,13,0.6964212062092479,0,0.25,1,0.7053650518874975
RW9,14,0.6472003063742006,0,0.25,1,0.7139399657374514
RW9,15,0.6351750298406914,0,0.25,1,0.6404277348110949
RW9,16,0.6165428117187594,0,0.25,1,0.6453547940714288
RW9,17,0.5964223557750638,0,0.25,1,0.6371904747122218
RW9,18,0.59783807785969,0,0.25,1,0.6208435556566105
RW9,19,0.5791340224765132,0,0.25,1,0.6349076410204391
RW9,20,0.572651808445847,0,0.25,1,0.6542126296855036
RW9,21,0.5654329871052775,0,0.25,1,0.6489637183882826
RW9,22,0.5530896777273546,0,0.25,1,0.6236592132057449
RW9,23,0.542052740223641,0,0.25,1,0.6149638644651971
RW9,24,0.534245247108605,0,0.25,1,0.6154472551522898
RW9,25,0.5310967487165805,0,0.25,1,0.6157219015786901
RW9,26,0.5130674490339593,0,0.25,1,0.6136252354736939
RW9,27,0.5178543420622359,0,0.25,1,0.5914590602648406
RW9,28,0.5073736155103112,0,0.25,1,0.5624496124583469
RW9,29,0.5062313423318389,0,0.25,1,0.5627090678764035
RW9,30,0.4936209036779812,0,0.25,1,0.5476690795551075
RW9,31,0.4789604612310552,0,0.25,1,0.5310878781700283
RW9,32,0.5040541243406096,0,0.25,1,0.5255680680859303
RW9,33,0.4707276486475776,0,0.25,1,0.5203456215085724
RW9,34,0.45110138474628303,0,0.25,1,0.504796627006372
RW9,35,0.4162269401905226,0,0.25,1,0.4643442119542735
RW9,36,0.39630758405323846,0,0.25,1,0.47646237405059877
RW9,37,0.37288217447495453,0,0.25,1,0.4438494356641137
RW9,38,0.3621987887485223,0,0.25,1,0.4342853206257317
RW9,39,0.3575388160665002,0,0.25,1,0.43443983509983664
RW1,0,1.0,0,0.25,2,0.9855078728176199
RW1,1,0.9802670752876338,0,0.25,2,0.9582177205597673
RW1,2,0.9565216183750929,0,0.25,2,0.9151871916285647
RW1,3,0.9339790204206347,0,0.25,2,0.9244921325074809
RW1,4,0.9146940376750224,0,0.25,2,0.9228923674870807
RW1,5,0.8911839245665371,0,0.25,2,0.8843851151644667
RW1,6,0.8763421303143164,0,0.25,2,0.8517544722873572
RW1,7,0.8561581297172293,0,0.25,2,0.8403040815897264
RW1,8,0.8433079203727134,0,0.25,2,0.7961835814634639
RW1,9,0.8224842210510717,0,0.25,2,0.7973421664384445
RW1,10,0.8103568229633243,0,0.25,2,0.7645827048477286
RW1,11,0.7998003763340421,0,0.25,2,0.7628431315908378
RW1,12,0.8088487095632187,0,0.25,2,0.7446674642438812
RW1,13,0.7843175647994992,0,0.25,2,0.7427192527933614
RW1,14,0.7703735760756814,0,0.25,2,0.7094384535628749
RW1,15,0.7535480936807142,0,0.25,2,0.7176006089396781
RW1,16,0.7275046205067329,0,0.25,2,0.682876465409668
RW1,17,0.7193999486186523,0,0.25,2,0.6616878002139144
RW1,18,0.692610556793688,0,0.25,2,0.6471808859105564
RW1,19,0.6793568250462967,0,0.25,2,0.6442730972809535
RW1,20,0.6705532526507081,0,0.25,2,0.6358832222156855
RW1,21,0.6981110202679772,0,0.25,2,0.6234914092610024
RW1,22,0.6247003756395969,0,0.25,2,0.5726157915442939
RW1,23,0.5832750085056947,0,0.25,2,0.5741207063822856
RW13,0,1.0,0,0.25,2,1.000082194002644
RW13,1,0.965406142462438,0,0.25,2,0.9484884636165362
RW13,2,0.9390282053526243,0,0.25,2,0.9168100966332207
RW13,3,0.8973664410850068,0,0.25,2,0.8601554652274399
RW13,4,0.8559853917191745,0,0.25,2,0.7975950209582708
RW13,5,0.8236615111297403,0,0.25,2,0.7901067229253256
RW13,6,0.7989888416994142,0,0.25,2,0.7457774461066926
RW13,7,0.7751912982027924,0,0.25,2,0.7369091996386073
RW13,8,0.7640716479571148,0,0.25,2,0.6961028950662467
RW13,9,0.7489144784756683,0,0.25,2,0.7035699995909412
RW13,10,0.7267880380307747,0,0.25,2,0.6660331143682477
RW13,11,0.7055711236531398,0,0.25,2,0.6408888438131383
RW13,12,0.681354367058826,0,0.25,2,0.613627426416649
RW13,13,0.632238066246379,0,0.25,2,0.608521631049094
RW13,14,0.6484083666650617,0,0.25,2,0.5590313655996094
RW13,15,0.6525398272110188,0,0.25,2,0.5540373963112135
RW13,16,0.6005328739937468,0,0.25,2,0.551787473868943
RW13,17,0.6018706654475305,0,0.25,2,0.528582519053972
RW13,18,0.5923899890205315,0,0.25,2,0.5031926981191291
RW13,19,0.5612641015154616,0,0.25,2,0.4893888809157538
RW13,20,0.5456961123316568,0,0.25,2,0.4522091663886206
RW13,21,0.5329610199130828,0,0.25,2,0.4510754168970282
RW13,22,0.513416008393162,0,0.25,2,0.4518525300487872
RW17,0,1.0,0,0.25,2,0.999695084922821
RW17,1,1.0026357949563962,0,0.25,2,0.9866861006141562
RW17,2,0.9394918329295381,0,0.25,2,0.9096690555581616
RW17,3,0.9184088724104814,0,0.25,2,0.898102711839153
RW17,4,0.8911584681985729,0,0.25,2,0.882545574849051
RW17,5,0.8589631609072765,0,0.25,2,0.8340989306543046
RW17,6,0.8291575425450128,0,0.25,2,0.8208500464089444
RW17,7,0.7987386988534076,0,0.25,2,0.7982490683231561
RW17,8,0.7751485975307869,0,0.25,2,0.7799569811109999
RW17,9,0.756656843774444,0,0.25,2,0.7696935546491382
RW17,10,0.7426667041719264,0,0.25,2,0.7552665846662849
RW17,11,0.7130644081290144,0,0.25,2,0.6823500566876499
RW17,12,0.6970482137460301,0,0.25,2,0.663428561631535
RW17,13,0.6802011348844728,0,0.25,2,0.654156531090055
RW17,14,0.6582592678998883,0,0.25,2,0.6501588434884661
RW17,15,0.6398762010019141,0,0.25,2,0.6370209616121841
RW17,16,0.6204725968210568,0,0.25,2,0.5799912342115552
RW17,17,0.6239733900924819,0,0.25,2,0.5821944384163372
RW17,18,0.5987008167774444,0,0.25,2,0.5777810159378732
RW17,19,0.5772080177645994,0,0.25,2,0.578568108681493
RW17,20,0.566682764841642,0,0.25,2,0.5787053843234677
RW17,21,0.5622090221375536,0,0.25,2,0.5603878999684377
RW17,22,0.5447943351336495,0,0.25,2,0.5582826843944859
RW17,23,0.5353719031237376,0,0.25,2,0.5428148578220289
RW17,24,0.5321386201162224,0,0.25,2,0.514327931376701
RW17,25,0.5256696552882916,0,0.25,2,0.5129204551929915
RW17,26,0.5216566461738521,0,0.25,2,0.5113334959322741
RW17,27,0.5142014944571648,0,0.25,2,0.5103977987445418
RW21,0,1.0,0,0.25,2,1.0003204274132198
RW21,1,0.9740724898567775,0,0.25,2,0.9682781273940125
RW21,2,0.9527184796006276,0,0.25,2,0.9383080364555184
RW21,3,0.9282169542090231,0,0.25,2,0.8967862759393025
RW21,4,0.8955478419839256,0,0.25,2,0.844155593923695
RW21,5,0.8573416928236135,0,0.25,2,0.822038690566179
RW21,6,0.8262560190318581,0,0.25,2,0.803791068108045
RW21,7,0.8028064819028633,0,0.25,2,0.7712836287914162
RW21,8,0.7893600413911868,0,0.25,2,0.7504648009220093
RW21,9,0.775128424104771,0,0.25,2,0.7457152373920017
RW21,10,0.7694576973245436,0,0.25,2,0.7449228598205353
RW25,0,1.0,0,0.25,2,1.0000735921393678
RW25,1,0.968918095597688,0,0.25,2,0.9806628016682999
RW25,2,0.9414534545922638,0,0.25,2,0.9321946971661565
RW25,3,0.9123147456691004,0,0.25,2,0.9287736154385104
RW25,4,0.888189503733068,0,0.25,2,0.9160994897149445
RW25,5,0.8696823709546798,0,0.25,2,0.8883306535600696
RW25,6,0.8537549502050074,0,0.25,2,0.8702644576387508
RW25,7,0.8375259921719959,0,0.25,2,0.8661523175317273
RW25,8,0.8193673257776384,0,0.25,2,0.8448160283630921
RW25,9,0.8135065611667396,0,0.25,2,0.8405889077464225
RW25,10,0.803434694880542,0,0.25,2,0.8334657341345869
RW25,11,0.7943807611523241,0,0.25,2,0.8263159559126434
RW25,12,0.7853815339720616,0,0.25,2,0.8060985603510342
RW3,0,1.0,0,0.25,2,0.9990101073027519
RW3,1,0.9687426932522573,0,0.25,2,0.9650472171474304
RW3,2,0.929211084462392,0,0.25,2,0.9314465925259156
RW3,3,0.8970072599473418,0,0.25,2,0.9281174748144336
RW3,4,0.8739883587909667,0,0.25,2,0.8851530564465883
RW3,5,0.8483648360418079,0,0.25,2,0.8551481503391685
RW3,6,0.834035367164592,0,0.25,2,0.8409666164892552
RW3,7,0.8165629846823869,0,0.25,2,0.82177112247545
RW3,8,0.7932890383246501,0,0.25,2,0.8008576828174649
RW3,9,0.8102317992092032,0,0.25,2,0.8037884437797488
RW3,10,0.7772348372341118,0,0.25,2,0.7474986780847243
RW3,11,0.758047293748471,0,0.25,2,0.7258829459814649
RW3,12,0.7406746149745171,0,0.25,2,0.7236276293163554
RW3,13,0.7142042200057844,0,0.25,2,0.7316602845992255
RW3,14,0.6871908455658011,0,0.25,2,0.6939683976986732
RW3,15,0.6654079726651321,0,0.25,2,0.6703699421154423
RW3,16,0.6625411808641404,0,0.25,2,0.6595187480943442
RW3,17,0.6492046234819603,0,0.25,2,0.6534386169007818
RW3,18,0.6150347872417288,0,0.25,2,0.6330936864906215
RW3,19,0.6042370279644296,0,0.25,2,0.5854796418122273
RW3,20,0.5462918454573739,0,0.25,2,0.5821710430516672
RW3,21,0.5294258363488458,0,0.25,2,0.5857284620353599
RW9,0,1.0,0,0.25,2,0.9979823982962505
RW9,1,0.9744806801719121,0,0.25,2,0.9752355058558914
RW9,2,0.9453104679064025,0,0.25,2,0.9482973606108931
RW9,3,0.911360857317688,0,0.25,2,0.8950131115184267
RW9,4,0.8847866727225885,0,0.25,2,0.8842744597095843
RW9,5,0.8406944835087043,0,0.25,2,0.8589831074336163
RW9,6,0.8176901280788624,0,0.25,2,0.8332465386625014
RW9,7,0.7864030549959673,0,0.25,2,0.7789483861900258
RW9,8,0.7628733089042045,0,0.25,2,0.8004722835363215
RW9,9,0.7266047623827654,0,0.25,2,0.78071540835949
RW9,10,0.6950317886415597,0,0.25,2,0.7588620780021842
RW9,11,0.6756574638458637,0,0.25,2,0.732493749875093
RW9,12,0.6603653366488433,0,0.25,2,0.725834887248923
RW9,13,0.6964212062092479,0,0.25,2,0.7155618302547612
RW9,14,0.6472003063742006,0,0.25,2,0.6768509268632902
RW9,15,0.6351750298406914,0,0.25,2,0.6535150458671669
RW9,16,0.6165428117187594,0,0.25,2,0.6675112844548892
RW9,17,0.5964223557750638,0,0.25,2,0.6634884827959213
RW9,18,0.59783807785969,0,0.25,2,0.6205447742793224
RW9,19,0.5791340224765132,0,0.25,2,0.6089003055947072
RW9,20,0.572651808445847,0,0.25,2,0.6073954439337345
RW9,21,0.5654329871052775,0,0.25,2,0.6135747183770811
RW9,22,0.5530896777273546,0,0.25,2,0.6315781910906598
RW9,23,0.542052740223641,0,0.25,2,0.643724754045714
RW9,24,0.534245247108605,0,0.25,2,0.6373620498666854
RW9,25,0.5310967487165805,0,0.25,2,0.5760882268964648
RW9,26,0.5130674490339593,0,0.25,2,0.5746582367387139
RW9,27,0.5178543420622359,0,0.25,2,0.5630195851878482
RW9,28,0.5073736155103112,0,0.25,2,0.557284089745384
RW9,29,0.5062313423318389,0,0.25,2,0.5693945533775717
RW9,30,0.4936209036779812,0,0.25,2,0.5575616905051284
RW9,31,0.4789604612310552,0,0.25,2,0.5632254653032798
RW9,32,0.5040541243406096,0,0.25,2,0.5517188015461136
RW9,33,0.4707276486475776,0,0.25,2,0.5532283654847702
RW9,34,0.45110138474628303,0,0.25,2,0.5394207952173308
RW9,35,0.4162269401905226,0,0.25,2,0.5084057081236171
RW9,36,0.39630758405323846,0,0.25,2,0.44024338274980473
RW9,37,0.37288217447495453,0,0.25,2,0.43621924586061117
RW9,38,0.3621987887485223,0,0.25,2,0.42533754495539094
RW9,39,0.3575388160665002,0,0.25,2,0.4218258157194566
RW1,0,1.0,0,0.25,3,0.9840743197513718
RW1,1,0.9802670752876338,0,0.25,3,0.9577643499248742
RW1,2,0.9565216183750929,0,0.25,3,0.9227520195845725
RW1,3,0.9339790204206347,0,0.25,3,0.9137051327662902
RW1,4,0.9146940376750224,0,0.25,3,0.8927405261314955
RW1,5,0.8911839245665371,0,0.25,3,0.8622560966856758
RW1,6,0.8763421303143164,0,0.25,3,0.8446811691156468
RW1,7,0.8561581297172293,0,0.25,3,0.829128431324977
RW1,8,0.8433079203727134,0,0.25,3,0.7894133061459484
RW1,9,0.8224842210510717,0,0.25,3,0.7888858657031047
RW1,10,0.8103568229633243,0,0.25,3,0.7627195880003622
RW1,11,0.7998003763340421,0,0.25,3,0.7416053018765641
RW1,12,0.8088487095632187,0,0.25,3,0.7350562519350872
RW1,13,0.7843175647994992,0,0.25,3,0.725259220144717
RW1,14,0.7703735760756814,0,0.25,3,0.7238752639151099
RW1,15,0.7535480936807142,0,0.25,3,0.7030759801390258
RW1,16,0.7275046205067329,0,0.25,3,0.6787895153920316
RW1,17,0.7193999486186523,0,0.25,3,0.6574762234960723
RW1,18,0.692610556793688,0,0.25,3,0.6514708057113445
RW1,19,0.6793568250462967,0,0.25,3,0.6377903366206592
RW1,20,0.6705532526507081,0,0.25,3,0.6377446061172574
RW1,21,0.6981110202679772,0,0.25,3,0.5950078704710835
RW1,22,0.6247003756395969,0,0.25,3,0.5593970798538354
RW1,23,0.5832750085056947,0,0.25,3,0.5534413161309804
RW13,0,1.0,0,0.25,3,1.0004773820518578
RW13,1,0.965406142462438,0,0.25,3,0.9519755087606673
RW13,2,0.9390282053526243,0,0.25,3,0.9014959358952872
RW13,3,0.8973664410850068,0,0.25,3,0.8622613186134803
RW13,4,0.8559853917191745,0,0.25,3,0.8250152717935432
RW13,5,0.8236615111297403,0,0.25,3,0.8202788514878158
RW13,6,0.7989888416994142,0,0.25,3,0.7311050785201513
RW13,7,0.7751912982027924,0,0.25,3,0.7289343707128153
RW13,8,0.7640716479571148,0,0.25,3,0.7121425616363375
RW13,9,0.7489144784756683,0,0.25,3,0.6763995250960284
RW13,10,0.7267880380307747,0,0.25,3,0.6595556452282879
RW13,11,0.7055711236531398,0,0.25,3,0.6504663101113296
RW13,12,0.681354367058826,0,0.25,3,0.6411412264510089
RW13,13,0.632238066246379,0,0.25,3,0.5977469435743699
RW13,14,0.6484083666650617,0,0.25,3,0.5787857255461242
RW13,15,0.6525398272110188,0,0.25,3,0.5582494971507851
RW13,16,0.6005328739937468,0,0.25,3,0.5419178867090326
RW13,17,0.6018706654475305,0,0.25,3,0.5029425801081547
RW13,18,0.5923899890205315,0,0.25,3,0.4842385955467636
RW13,19,0.5612641015154616,0,0.25,3,0.471274852798022
RW13,20,0.5456961123316568,0,0.25,3,0.47180144159354087
RW13,21,0.5329610199130828,0,0.25,3,0.44717535185649127
RW13,22,0.513416008393162,0,0.25,3,0.4508037206415736
RW17,0,1.0,0,0.25,3,1.0004687430591925
RW17,1,1.0026357949563962,0,0.25,3,0.9951296998044776
RW17,2,0.9394918329295381,0,0.25,3,0.9281800592836453
RW17,3,0.9184088724104814,0,0.25,3,0.8891423230152169
RW17,4,0.8911584681985729,0,0.25,3,0.8662837624697203
RW17,5,0.8589631609072765,0,0.25,3,0.8564215106070001
RW17,6,0.8291575425450128,0,0.25,3,0.8256127075192312
RW17,7,0.7987386988534076,0,0.25,3,0.8096243171184915
RW17,8,0.7751485975307869,0,0.25,3,0.770376235175104
RW17,9,0.756656843774444,0,0.25,3,0.7630715555336096
RW17,10,0.7426667041719264,0,0.25,3,0.7036731388456376
RW17,11,0.7130644081290144,0,0.25,3,0.6840215322133217
RW17,12,0.6970482137460301,0,0.25,3,0.6853289556356212
RW17,13,0.6802011348844728,0,0.25,3,0.6565672985006202
RW17,14,0.6582592678998883,0,0.25,3,0.6501573242590569
RW17,15,0.6398762010019141,0,0.25,3,0.6196233468383711
RW17,16,0.6204725968210568,0,0.25,3,0.612465513225295
RW17,17,0.6239733900924819,0,0.25,3,0.6125099593937453
RW17,18,0.5987008167774444,0,0.25,3,0.5747973822050028
RW17,19,0.5772080177645994,0,0.25,3,0.5743259495212402
RW17,20,0.566682764841642,0,0.25,3,0.5667821730481997
RW17,21,0.5622090221375536,0,0.25,3,0.570471730188846
RW17,22,0.5447943351336495,0,0.25,3,0.5480581308113026
RW17,23,0.5353719031237376,0,0.25,3,0.5306896547631916
RW17,24,0.5321386201162224,0,0.25,3,0.5260664796311585
RW17,25,0.5256696552882916,0,0.25,3,0.5113306265096831
RW17,26,0.5216566461738521,0,0.25,3,0.5068572317752027
RW17,27,0.5142014944571648,0,0.25,3,0.509993427461119
RW21,0,1.0,0,0.25,3,0.9995133149906973
RW21,1,0.9740724898567775,0,0.25,3,0.9766496082662686
RW21,2,0.9527184796006276,0,0.25,3,0.928655587742511
RW21,3,0.9282169542090231,0,0.25,3,0.8975938756439352
RW21,4,0.8955478419839256,0,0.25,3,0.8644130563286117
RW21,5,0.8573416928236135,0,0.25,3,0.8426736037621151
RW21,6,0.8262560190318581,0,0.25,3,0.7985459306697497
RW21,7,0.8028064819028633,0,0.25,3,0.7797222090844389
RW21,8,0.7893600413911868,0,0.25,3,0.7517660529635491
RW21,9,0.775128424104771,0,0.25,3,0.7410668426241378
RW21,10,0.7694576973245436,0,0.25,3,0.7009268816757629
RW25,0,1.0,0,0.25,3,0.9997766228748367
RW25,1,0.968918095597688,0,0.25,3,0.9730640564634736
RW25,2,0.9414534545922638,0,0.25,3,0.9599516843945773
RW25,3,0.9123147456691004,0,0.25,3,0.9162762234650582
RW25,4,0.888189503733068,0,0.25,3,0.9133765684956614
RW25,5,0.8696823709546798,0,0.25,3,0.8926365910359184
RW25,6,0.8537549502050074,0,0.25,3,0.8811622913900545
RW25,7,0.8375259921719959,0,0.25,3,0.8684961929851063
RW25,8,0.8193673257776384,0,0.25,3,0.8724171070154872
RW25,9,0.8135065611667396,0,0.25,3,0.8479436938410724
RW25,10,0.803434694880542,0,0.25,3,0.8335983936076321
RW25,11,0.7943807611523241,0,0.25,3,0.8187125551623796
RW25,12,0.7853815339720616,0,0.25,3,0.7612201661831889
RW3,0,1.0,0,0.25,3,0.9986370940773224
RW3,1,0.9687426932522573,0,0.25,3,0.9751796808794615
RW3,2,0.929211084462392,0,0.25,3,0.9243223846261623
RW3,3,0.8970072599473418,0,0.25,3,0.9080567325642271
RW3,4,0.8739883587909667,0,0.25,3,0.8773857961791429
RW3,5,0.8483648360418079,0,0.25,3,0.8584746841243044
RW3,6,0.834035367164592,0,0.25,3,0.8398803349554669
RW3,7,0.8165629846823869,0,0.25,3,0.8162743231641605
RW3,8,0.7932890383246501,0,0.25,3,0.7850237945177716
RW3,9,0.8102317992092032,0,0.25,3,0.7811636815437406
RW3,10,0.7772348372341118,0,0.25,3,0.7431756373594796
RW3,11,0.758047293748471,0,0.25,3,0.7346920870044554
RW3,12,0.7406746149745171,0,0.25,3,0.7253208494039992
RW3,13,0.7142042200057844,0,0.25,3,0.7068927771876531
RW3,14,0.6871908455658011,0,0.25,3,0.6768637521660957
RW3,15,0.6654079726651321,0,0.25,3,0.6745075075854544
RW3,16,0.6625411808641404,0,0.25,3,0.6563450721700956
RW3,17,0.6492046234819603,0,0.25,3,0.6552631614295591
RW3,18,0.6150347872417288,0,0.25,3,0.6149004912249106
RW3,19,0.6042370279644296,0,0.25,3,0.6057130848551896
RW3,20,0.5462918454573739,0,0.25,3,0.5713174144308735
RW3,21,0.5294258363488458,0,0.25,3,0.5697331791168907
RW9,0,1.0,0,0.25,3,0.9991358545528063
RW9,1,0.9744806801719121,0,0.25,3,0.9698279364477443
RW9,2,0.9453104679064025,0,0.25,3,0.9446445113960265
RW9,3,0.911360857317688,0,0.25,3,0.9280156595034534
RW9,4,0.8847866727225885,0,0.25,3,0.9115331679453635
RW9,5,0.8406944835087043,0,0.25,3,0.8266923806088208
RW9,6,0.8176901280788624,0,0.25,3,0.7910563541010545
RW9,7,0.7864030549959673,0,0.25,3,0.7556333378673317
RW9,8,0.7628733089042045,0,0.25,3,0.7887665265965096
RW9,9,0.7266047623827654,0,0.25,3,0.7850503940707468
RW9,10,0.6950317886415597,0,0.25,3,0.7500639875151692
RW9,11,0.6756574638458637,0,0.25,3,0.7216504490017263
RW9,12,0.6603653366488433,0,0.25,3,0.7243931070796938
RW9,13,0.6964212062092479,0,0.25,3,0.7283775681312805
RW9,14,0.6472003063742006,0,0.25,3,0.6920153191594244
RW9,15,0.6351750298406914,0,0.25,3,0.6659455627335925
RW9,16,0.6165428117187594,0,0.25,3,0.6433076586843123
RW9,17,0.5964223557750638,0,0.25,3,0.6337992861296871
RW9,18,0.59783807785969,0,0.25,3,0.6563394162477176
RW9,19,0.5791340224765132,0,0.25,3,0.6532855770323954
RW9,20,0.572651808445847,0,0.25,3,0.6664883126249292
RW9,21,0.5654329871052775,0,0.25,3,0.6160493690458196
RW9,22,0.5530896777273546,0,0.25,3,0.599994108247175
RW9,23,0.542052740223641,0,0.25,3,0.5839783944344316
RW9,24,0.534245247108605,0,0.25,3,0.5699058947966971
RW9,25,0.5310967487165805,0,0.25,3,0.5660802050108444
RW9,26,0.5130674490339593,0,0.25,3,0.5651161054116317
RW9,27,0.5178543420622359,0,0.25,3,0.5632498117796351
RW9,28,0.5073736155103112,0,0.25,3,0.5655697059857008
RW9,29,0.5062313423318389,0,0.25,3,0.5607830760978196
RW9,30,0.4936209036779812,0,0.25,3,0.548136067218453
RW9,31,0.4789604612310552,0,0.25,3,0.548136067218453
RW9,32,0.5040541243406096,0,0.25,3,0.5468279680643181
RW9,33,0.4707276486475776,0,0.25,3,0.5248299641489619
RW9,34,0.45110138474628303,0,0.25,3,0.5240453605467167
RW9,35,0.4162269401905226,0,0.25,3,0.4985447567820791
RW9,36,0.39630758405323846,0,0.25,3,0.4467237320089333
RW9,37,0.37288217447495453,0,0.25,3,0.4436144239179558
RW9,38,0.3621987887485223,0,0.25,3,0.4297892357979372
RW9,39,0.3575388160665002,0,0.25,3,0.4296652900349105
RW1,0,1.0,0,0.25,4,0.9925115027572153
RW1,1,0.9802670752876338,0,0.25,4,0.9570125749366921
RW1,2,0.9565216183750929,0,0.25,4,0.9446742853661065
RW1,3,0.9339790204206347,0,0.25,4,0.9254300770470666
RW1,4,0.9146940376750224,0,0.25,4,0.8968822664886166
RW1,5,0.8911839245665371,0,0.25,4,0.8791305353869353
RW1,6,0.8763421303143164,0,0.25,4,0.8574687168343952
RW1,7,0.8561581297172293,0,0.25,4,0.8255213436313056
RW1,8,0.8433079203727134,0,0.25,4,0.7865208240994659
RW1,9,0.8224842210510717,0,0.25,4,0.7839100576188957
RW1,10,0.8103568229633243,0,0.25,4,0.7735959027874418
RW1,11,0.7998003763340421,0,0.25,4,0.7623307440107218
RW1,12,0.8088487095632187,0,0.25,4,0.750507688134767
RW1,13,0.7843175647994992,0,0.25,4,0.7400770323426649
RW1,14,0.7703735760756814,0,0.25,4,0.7248542038262796
RW1,15,0.7535480936807142,0,0.25,4,0.6908817727280641
RW1,16,0.7275046205067329,0,0.25,4,0.6698086198426
RW1,17,0.7193999486186523,0,0.25,4,0.6542070608503182
RW1,18,0.692610556793688,0,0.25,4,0.6449911758195496
RW1,19,0.6793568250462967,0,0.25,4,0.6514824736082482
RW1,20,0.6705532526507081,0,0.25,4,0.6391525026920651
RW1,21,0.6981110202679772,0,0.25,4,0.5996276388834945
RW1,22,0.6247003756395969,0,0.25,4,0.5796279104934062
RW1,23,0.5832750085056947,0,0.25,4,0.5391632924116417
RW13,0,1.0,0,0.25,4,1.0000507158381553
RW13,1,0.965406142462438,0,0.25,4,0.9583195568512846
RW13,2,0.9390282053526243,0,0.25,4,0.9199121575349083
RW13,3,0.8973664410850068,0,0.25,4,0.8685217185309455
RW13,4,0.8559853917191745,0,0.25,4,0.8399413871181731
RW13,5,0.8236615111297403,0,0.25,4,0.8226996457693084
RW13,6,0.7989888416994142,0,0.25,4,0.7832969282492087
RW13,7,0.7751912982027924,0,0.25,4,0.7589342316307794
RW13,8,0.7640716479571148,0,0.25,4,0.7397645402750488
RW13,9,0.7489144784756683,0,0.25,4,0.6676224614413827
RW13,10,0.7267880380307747,0,0.25,4,0.6465539993961057
RW13,11,0.7055711236531398,0,0.25,4,0.6368251736683825
RW13,12,0.681354367058826,0,0.25,4,0.6338290289368244
RW13,13,0.632238066246379,0,0.25,4,0.5993346191734136
RW13,14,0.6484083666650617,0,0.25,4,0.5915785381372483
RW13,15,0.6525398272110188,0,0.25,4,0.5423403339460453
RW13,16,0.6005328739937468,0,0.25,4,0.5317558084961381
RW13,17,0.6018706654475305,0,0.25,4,0.5296436847112912
RW13,18,0.5923899890205315,0,0.25,4,0.5130888829520918
RW13,19,0.5612641015154616,0,0.25,4,0.48332879603618617
RW13,20,0.5456961123316568,0,0.25,4,0.4790332415704114
RW13,21,0.5329610199130828,0,0.25,4,0.4522778052931152
RW13,22,0.513416008393162,0,0.25,4,0.44303049717850107
RW17,0,1.0,0,0.25,4,1.0002791476267499
RW17,1,1.0026357949563962,0,0.25,4,0.995198121901888
RW17,2,0.9394918329295381,0,0.25,4,0.9271458934505515
RW17,3,0.9184088724104814,0,0.25,4,0.9012368953364953
RW17,4,0.8911584681985729,0,0.25,4,0.8752217132614781
RW17,5,0.8589631609072765,0,0.25,4,0.848198591437636
RW17,6,0.8291575425450128,0,0.25,4,0.8330448445125886
RW17,7,0.7987386988534076,0,0.25,4,0.801395772747203
RW17,8,0.7751485975307869,0,0.25,4,0.7949391519062463
RW17,9,0.756656843774444,0,0.25,4,0.7234500011848093
RW17,10,0.7426667041719264,0,0.25,4,0.7007935536235075
RW17,11,0.7130644081290144,0,0.25,4,0.6593630835804607
RW17,12,0.6970482137460301,0,0.25,4,0.6668546634659385
RW17,13,0.6802011348844728,0,0.25,4,0.6668254821123419
RW17,14,0.6582592678998883,0,0.25,4,0.6629341067111879
RW17,15,0.6398762010019141,0,0.25,4,0.6257336012910487
RW17,16,0.6204725968210568,0,0.25,4,0.630550993762385
RW17,17,0.6239733900924819,0,0.25,4,0.630550993762385
RW17,18,0.5987008167774444,0,0.25,4,0.5916058539216543
RW17,19,0.5772080177645994,0,0.25,4,0.5749270902023862
RW17,20,0.566682764841642,0,0.25,4,0.5744889965113255
RW17,21,0.5622090221375536,0,0.25,4,0.5616974837119896
RW17,22,0.5447943351336495,0,0.25,4,0.559367534655914
RW17,23,0.5353719031237376,0,0.25,4,0.5296443955056643
RW17,24,0.5321386201162224,0,0.25,4,0.5248574230071079
RW17,25,0.5256696552882916,0,0.25,4,0.5241388436906531
RW17,26,0.5216566461738521,0,0.25,4,0.5107808767092693
RW17,27,0.5142014944571648,0,0.25,4,0.5061734689736085
RW21,0,1.0,0,0.25,4,0.9991361050369755
RW21,1,0.9740724898567775,0,0.25,4,0.9587930415729133
RW21,2,0.9527184796006276,0,0.25,4,0.9310540251195164
RW21,3,0.9282169542090231,0,0.25,4,0.8883847318200756
RW21,4,0.8955478419839256,0,0.25,4,0.8613319106238142
RW21,5,0.8573416928236135,0,0.25,4,0.8315392662407876
RW21,6,0.8262560190318581,0,0.25,4,0.8038970373885224
RW21,7,0.8028064819028633,0,0.25,4,0.7798145621575915
RW21,8,0.7893600413911868,0,0.25,4,0.739550634378696
RW21,9,0.775128424104771,0,0.25,4,0.7280422033522845
RW21,10,0.7694576973245436,0,0.25,4,0.6953217126493423
RW25,0,1.0,0,0.25,4,1.0001299561500336
RW25,1,0.968918095597688,0,0.25,4,0.983997964364233
RW25,2,0.9414534545922638,0,0.25,4,0.954964796424702
RW25,3,0.9123147456691004,0,0.25,4,0.9272148139634574
RW25,4,0.888189503733068,0,0.25,4,0.9062764255876167
RW25,5,0.8696823709546798,0,0.25,4,0.88274878127068
RW25,6,0.8537549502050074,0,0.25,4,0.8818104836619447
RW25,7,0.8375259921719959,0,0.25,4,0.8790697477022673
RW25,8,0.8193673257776384,0,0.25,4,0.8616738417946161
RW25,9,0.8135065611667396,0,0.25,4,0.8387340838152673
RW25,10,0.803434694880542,0,0.25,4,0.8260355480116874
RW25,11,0.7943807611523241,0,0.25,4,0.7588025380862571
RW25,12,0.7853815339720616,0,0.25,4,0.7278504781443734
RW3,0,1.0,0,0.25,4,0.9989690213541821
RW3,1,0.9687426932522573,0,0.25,4,0.9581762613081694
RW3,2,0.929211084462392,0,0.25,4,0.9390442557820823
RW3,3,0.8970072599473418,0,0.25,4,0.9145557168537735
RW3,4,0.8739883587909667,0,0.25,4,0.8804160318279045
RW3,5,0.8483648360418079,0,0.25,4,0.8542534566268699
RW3,6,0.834035367164592,0,0.25,4,0.8405772862598124
RW3,7,0.8165629846823869,0,0.25,4,0.8113102110065946
RW3,8,0.7932890383246501,0,0.25,4,0.7976341330914074
RW3,9,0.8102317992092032,0,0.25,4,0.7821521054261686
RW3,10,0.7772348372341118,0,0.25,4,0.7787881424824037
RW3,11,0.758047293748471,0,0.25,4,0.735398532120276
RW3,12,0.7406746149745171,0,0.25,4,0.717457863896557
RW3,13,0.7142042200057844,0,0.25,4,0.698271326561707
RW3,14,0.6871908455658011,0,0.25,4,0.6644387789681085
RW3,15,0.6654079726651321,0,0.25,4,0.6623200693142139
RW3,16,0.6625411808641404,0,0.25,4,0.6639338826576798
RW3,17,0.6492046234819603,0,0.25,4,0.6566446795510019
RW3,18,0.6150347872417288,0,0.25,4,0.6240805156218665
RW3,19,0.6042370279644296,0,0.25,4,0.6293606045766281
RW3,20,0.5462918454573739,0,0.25,4,0.5730374786874071
RW3,21,0.5294258363488458,0,0.25,4,0.5688516923179381
RW9,0,1.0,0,0.25,4,1.0000998094071492
RW9,1,0.9744806801719121,0,0.25,4,0.9768945924453962
RW9,2,0.9453104679064025,0,0.25,4,0.9513988117822424
RW9,3,0.911360857317688,0,0.25,4,0.9142431304189932
RW9,4,0.8847866727225885,0,0.25,4,0.8997155023874202
RW9,5,0.8406944835087043,0,0.25,4,0.8414219319485223
RW9,6,0.8176901280788624,0,0.25,4,0.8330044154165104
RW9,7,0.7864030549959673,0,0.25,4,0.7895688725336675
RW9,8,0.7628733089042045,0,0.25,4,0.8012151090972898
RW9,9,0.7266047623827654,0,0.25,4,0.7896744128039497
RW9,10,0.6950317886415597,0,0.25,4,0.7727785779950466
RW9,11,0.6756574638458637,0,0.25,4,0.7394520372724669
RW9,12,0.6603653366488433,0,0.25,4,0.7272441473078208
RW9,13,0.6964212062092479,0,0.25,4,0.7072729770140329
RW9,14,0.6472003063742006,0,0.25,4,0.7019940120208501
RW9,15,0.6351750298406914,0,0.25,4,0.658734689003173
RW9,16,0.6165428117187594,0,0.25,4,0.6737810416230409
RW9,17,0.5964223557750638,0,0.25,4,0.6275726399965346
RW9,18,0.59783807785969,0,0.25,4,0.6304657930206922
RW9,19,0.5791340224765132,0,0.25,4,0.6175936466974971
RW9,20,0.572651808445847,0,0.25,4,0.6236766314342835
RW9,21,0.5654329871052775,0,0.25,4,0.6169070910299179
RW9,22,0.5530896777273546,0,0.25,4,0.6244442844384244
RW9,23,0.542052740223641,0,0.25,4,0.5978425814448396
RW9,24,0.534245247108605,0,0.25,4,0.5807156826933167
RW9,25,0.5310967487165805,0,0.25,4,0.5823817595675702
RW9,26,0.5130674490339593,0,0.25,4,0.5863408344826125
RW9,27,0.5178543420622359,0,0.25,4,0.5862166481396197
RW9,28,0.5073736155103112,0,0.25,4,0.5620088167401428
RW9,29,0.5062313423318389,0,0.25,4,0.5639020202709581
RW9,30,0.4936209036779812,0,0.25,4,0.5638139368753375
RW9,31,0.4789604612310552,0,0.25,4,0.5632288987579096
RW9,32,0.5040541243406096,0,0.25,4,0.5533670800465776
RW9,33,0.4707276486475776,0,0.25,4,0.5266472290247869
RW9,34,0.45110138474628303,0,0.25,4,0.49937306822017696
RW9,35,0.4162269401905226,0,0.25,4,0.4983425296081806
RW9,36,0.39630758405323846,0,0.25,4,0.4986572829656143
RW9,37,0.37288217447495453,0,0.25,4,0.46986217400581265
RW9,38,0.3621987887485223,0,0.25,4,0.4198364801835854
RW9,39,0.3575388160665002,0,0.25,4,0.4234910251230083
RW1,0,1.0,0,0.1,0,0.9956144023647485
RW1,1,0.9802670752876338,0,0.1,0,0.9518833625880128
RW1,2,0.9565216183750929,0,0.1,0,0.9303715262677319
RW1,3,0.9339790204206347,0,0.1,0,0.9113242222058416
RW1,4,0.9146940376750224,0,0.1,0,0.8431670029370258
RW1,5,0.8911839245665371,0,0.1,0,0.8284520393034442
RW1,6,0.8763421303143164,0,0.1,0,0.8566596438759618
RW1,7,0.8561581297172293,0,0.1,0,0.8455491214677873
RW1,8,0.8433079203727134,0,0.1,0,0.8446995279352204
RW1,9,0.8224842210510717,0,0.1,0,0.8004663923699571
RW1,10,0.8103568229633243,0,0.1,0,0.7902987611483594
RW1,11,0.7998003763340421,0,0.1,0,0.763165133397187
RW1,12,0.8088487095632187,0,0.1,0,0.7748986163806305
RW1,13,0.7843175647994992,0,0.1,0,0.742051775525401
RW1,14,0.7703735760756814,0,0.1,0,0.7270528000407214
RW1,15,0.7535480936807142,0,0.1,0,0.6851350937241484
RW1,16,0.7275046205067329,0,0.1,0,0.6503699980450456
RW1,17,0.7193999486186523,0,0.1,0,0.6500257254947323
RW1,18,0.692610556793688,0,0.1,0,0.6511767139519394
RW1,19,0.6793568250462967,0,0.1,0,0.6153816373372991
RW1,20,0.6705532526507081,0,0.1,0,0.6140531279652375
RW1,21,0.6981110202679772,0,0.1,0,0.6125169377119642
RW1,22,0.6247003756395969,0,0.1,0,0.6012626282726913
RW1,23,0.5832750085056947,0,0.1,0,0.5836982899144985
RW13,0,1.0,0,0.1,0,1.0000159759007368
RW13,1,0.965406142462438,0,0.1,0,0.9644994163477655
RW13,2,0.9390282053526243,0,0.1,0,0.9213566310894331
RW13,3,0.8973664410850068,0,0.1,0,0.8655104365435019
RW13,4,0.8559853917191745,0,0.1,0,0.8569169173660572
RW13,5,0.8236615111297403,0,0.1,0,0.8493965423440543
RW13,6,0.7989888416994142,0,0.1,0,0.8369000264303529
RW13,7,0.7751912982027924,0,0.1,0,0.7690272949079237
RW13,8,0.7640716479571148,0,0.1,0,0.7362502469188812
RW13,9,0.7489144784756683,0,0.1,0,0.6247581229945214
RW13,10,0.7267880380307747,0,0.1,0,0.6316467336869553
RW13,11,0.7055711236531398,0,0.1,0,0.6337094471819038
RW13,12,0.681354367058826,0,0.1,0,0.595722620653648
RW13,13,0.632238066246379,0,0.1,0,0.5936887006386005
RW13,14,0.6484083666650617,0,0.1,0,0.5934713229606297
RW13,15,0.6525398272110188,0,0.1,0,0.5932706659102688
RW13,16,0.6005328739937468,0,0.1,0,0.557711306419291
RW13,17,0.6018706654475305,0,0.1,0,0.4965074065728451
RW13,18,0.5923899890205315,0,0.1,0,0.4863566428667252
RW13,19,0.5612641015154616,0,0.1,0,0.4860610221783458
RW13,20,0.5456961123316568,0,0.1,0,0.48503888562593017
RW13,21,0.5329610199130828,0,0.1,0,0.4833663338611603
RW13,22,0.513416008393162,0,0.1,0,0.4835317764683607
RW17,0,1.0,0,0.1,0,1.0000159759007368
RW17,1,1.0026357949563962,0,0.1,0,0.9910615617943934
RW17,2,0.9394918329295381,0,0.1,0,0.920796630919166
RW17,3,0.9184088724104814,0,0.1,0,0.9024725604620509
RW17,4,0.8911584681985729,0,0.1,0,0.8570735964023537
RW17,5,0.8589631609072765,0,0.1,0,0.8476217933704634
RW17,6,0.8291575425450128,0,0.1,0,0.8406552153234365
RW17,7,0.7987386988534076,0,0.1,0,0.8311850113773125
RW17,8,0.7751485975307869,0,0.1,0,0.8173478838925915
RW17,9,0.756656843774444,0,0.1,0,0.7735128733318177
RW17,10,0.7426667041719264,0,0.1,0,0.6730039157940105
RW17,11,0.7130644081290144,0,0.1,0,0.6783172459203725
RW17,12,0.6970482137460301,0,0.1,0,0.6881920213060287
RW17,13,0.6802011348844728,0,0.1,0,0.6285701454948364
RW17,14,0.6582592678998883,0,0.1,0,0.6280692711008813
RW17,15,0.6398762010019141,0,0.1,0,0.6317612448698597
RW17,16,0.6204725968210568,0,0.1,0,0.6267664452756405
RW17,17,0.6239733900924819,0,0.1,0,0.6274182550970421
RW17,18,0.5987008167774444,0,0.1,0,0.6078563290259212
RW17,19,0.5772080177645994,0,0.1,0,0.5795294941529694
RW17,20,0.566682764841642,0,0.1,0,0.5251134373550196
RW17,21,0.5622090221375536,0,0.1,0,0.5273027386174375
RW17,22,0.5447943351336495,0,0.1,0,0.5291055137968176
RW17,23,0.5353719031237376,0,0.1,0,0.5286563210765924
RW17,24,0.5321386201162224,0,0.1,0,0.5299645984034032
RW17,25,0.5256696552882916,0,0.1,0,0.5299645984034032
RW17,26,0.5216566461738521,0,0.1,0,0.5303339586588351
RW17,27,0.5142014944571648,0,0.1,0,0.5287396930560939
RW21,0,1.0,0,0.1,0,1.0012383263488474
RW21,1,0.9740724898567775,0,0.1,0,0.9776498405783072
RW21,2,0.9527184796006276,0,0.1,0,0.9481200000895754
RW21,3,0.9282169542090231,0,0.1,0,0.8988672818133179
RW21,4,0.8955478419839256,0,0.1,0,0.8878232859628702
RW21,5,0.8573416928236135,0,0.1,0,0.8811584454710271
RW21,6,0.8262560190318581,0,0.1,0,0.8384970698002812
RW21,7,0.8028064819028633,0,0.1,0,0.7886330341636155
RW21,8,0.7893600413911868,0,0.1,0,0.7689879158324195
RW21,9,0.775128424104771,0,0.1,0,0.6955098942551263
RW21,10,0.7694576973245436,0,0.1,0,0.6489366756094638
RW25,0,1.0,0,0.1,0,1.0001407091528507
RW25,1,0.968918095597688,0,0.1,0,0.9593105905387495
RW25,2,0.9414534545922638,0,0.1,0,0.9508755936080237
RW25,3,0.9123147456691004,0,0.1,0,0.9151164608848859
RW25,4,0.888189503733068,0,0.1,0,0.9091908853041131
RW25,5,0.8696823709546798,0,0.1,0,0.8667492251667005
RW25,6,0.8537549502050074,0,0.1,0,0.8611922849267966
RW25,7,0.8375259921719959,0,0.1,0,0.854227982672869
RW25,8,0.8193673257776384,0,0.1,0,0.8383934939054629
RW25,9,0.8135065611667396,0,0.1,0,0.821606592378445
RW25,10,0.803434694880542,0,0.1,0,0.8257138007324953
RW25,11,0.7943807611523241,0,0.1,0,0.7998134331516796
RW25,12,0.7853815339720616,0,0.1,0,0.6910924526952179
RW3,0,1.0,0,0.1,0,0.9997429227355346
RW3,1,0.9687426932522573,0,0.1,0,0.9638956184144353
RW3,2,0.929211084462392,0,0.1,0,0.950848904022864
RW3,3,0.8970072599473418,0,0.1,0,0.9173780199658744
RW3,4,0.8739883587909667,0,0.1,0,0.8612701964688081
RW3,5,0.8483648360418079,0,0.1,0,0.8553167608430897
RW3,6,0.834035367164592,0,0.1,0,0.8463094139502646
RW3,7,0.8165629846823869,0,0.1,0,0.8480518205861702
RW3,8,0.7932890383246501,0,0.1,0,0.8426792308399562
RW3,9,0.8102317992092032,0,0.1,0,0.8283783516852932
RW3,10,0.7772348372341118,0,0.1,0,0.7818312986068228
RW3,11,0.758047293748471,0,0.1,0,0.7339570463364729
RW3,12,0.7406746149745171,0,0.1,0,0.6890181272257824
RW3,13,0.7142042200057844,0,0.1,0,0.6478995203642385
RW3,14,0.6871908455658011,0,0.1,0,0.6492506742807005
RW3,15,0.6654079726651321,0,0.1,0,0.6497790351525536
RW3,16,0.6625411808641404,0,0.1,0,0.6156411927313423
RW3,17,0.6492046234819603,0,0.1,0,0.6157498677937391
RW3,18,0.6150347872417288,0,0.1,0,0.6159106331751535
RW3,19,0.6042370279644296,0,0.1,0,0.6129643905709171
RW3,20,0.5462918454573739,0,0.1,0,0.5936070526119019
RW3,21,0.5294258363488458,0,0.1,0,0.5337153429320511
RW9,0,1.0,0,0.1,0,0.9998042013426798
RW9,1,0.9744806801719121,0,0.1,0,0.9716404267007847
RW9,2,0.9453104679064025,0,0.1,0,0.9491454460396781
RW9,3,0.911360857317688,0,0.1,0,0.9139793265535046
RW9,4,0.8847866727225885,0,0.1,0,0.8780860600553297
RW9,5,0.8406944835087043,0,0.1,0,0.858434442074905
RW9,6,0.8176901280788624,0,0.1,0,0.8162693863213479
RW9,7,0.7864030549959673,0,0.1,0,0.7741285951502928
RW9,8,0.7628733089042045,0,0.1,0,0.8030448232779911
RW9,9,0.7266047623827654,0,0.1,0,0.800095864028154
RW9,10,0.6950317886415597,0,0.1,0,0.8013017929408134
RW9,11,0.6756574638458637,0,0.1,0,0.7990682668337835
RW9,12,0.6603653366488433,0,0.1,0,0.7921973773468663
RW9,13,0.6964212062092479,0,0.1,0,0.756256869065176
RW9,14,0.6472003063742006,0,0.1,0,0.7502038228184346
RW9,15,0.6351750298406914,0,0.1,0,0.7027725740133768
RW9,16,0.6165428117187594,0,0.1,0,0.7082190933348868
RW9,17,0.5964223557750638,0,0.1,0,0.669709414882764
RW9,18,0.59783807785969,0,0.1,0,0.6773645398677436
RW9,19,0.5791340224765132,0,0.1,0,0.7093453515452167
RW9,20,0.572651808445847,0,0.1,0,0.6761527207473521
RW9,21,0.5654329871052775,0,0.1,0,0.6133410432399843
RW9,22,0.5530896777273546,0,0.1,0,0.6169789197585522
RW9,23,0.542052740223641,0,0.1,0,0.6006994643032292
RW9,24,0.534245247108605,0,0.1,0,0.6052168693564827
RW9,25,0.5310967487165805,0,0.1,0,0.6052980506955646
RW9,26,0.5130674490339593,0,0.1,0,0.6052664035304851
RW9,27,0.5178543420622359,0,0.1,0,0.607513959800842
RW9,28,0.5073736155103112,0,0.1,0,0.6072081829864914
RW9,29,0.5062313423318389,0,0.1,0,0.6070983771979075
RW9,30,0.4936209036779812,0,0.1,0,0.5704958716158172
RW9,31,0.4789604612310552,0,0.1,0,0.5665562038087798
RW9,32,0.5040541243406096,0,0.1,0,0.5779419554423889
RW9,33,0.4707276486475776,0,0.1,0,0.5783919991333429
RW9,34,0.45110138474628303,0,0.1,0,0.5786902731256239
RW9,35,0.4162269401905226,0,0.1,0,0.5790108392839065
RW9,36,0.39630758405323846,0,0.1,0,0.5774288575993812
RW9,37,0.37288217447495453,0,0.1,0,0.5778267394956429
RW9,38,0.3621987887485223,0,0.1,0,0.5770809886224713
RW9,39,0.3575388160665002,0,0.1,0,0.5704024754278176
RW1,0,1.0,0,0.1,1,0.998171470283671
RW1,1,0.9802670752876338,0,0.1,1,0.9599122961782347
RW1,2,0.9565216183750929,0,0.1,1,0.9467210182241342
RW1,3,0.9339790204206347,0,0.1,1,0.9204706361235355
RW1,4,0.9146940376750224,0,0.1,1,0.8763893621682989
RW1,5,0.8911839245665371,0,0.1,1,0.8699987391537101
RW1,6,0.8763421303143164,0,0.1,1,0.8701389403319497
RW1,7,0.8561581297172293,0,0.1,1,0.8305265389205088
RW1,8,0.8433079203727134,0,0.1,1,0.8207438051686499
RW1,9,0.8224842210510717,0,0.1,1,0.7576268282405705
RW1,10,0.8103568229633243,0,0.1,1,0.7535901829036615
RW1,11,0.7998003763340421,0,0.1,1,0.7594723690274132
RW1,12,0.8088487095632187,0,0.1,1,0.7543557328313952
RW1,13,0.7843175647994992,0,0.1,1,0.723514165630379
RW1,14,0.7703735760756814,0,0.1,1,0.7117310836524919
RW1,15,0.7535480936807142,0,0.1,1,0.711017858789784
RW1,16,0.7275046205067329,0,0.1,1,0.6574602646621202
RW1,17,0.7193999486186523,0,0.1,1,0.6435284996844742
RW1,18,0.692610556793688,0,0.1,1,0.6264017686622245
RW1,19,0.6793568250462967,0,0.1,1,0.6121420911099583
RW1,20,0.6705532526507081,0,0.1,1,0.6055073348836298
RW1,21,0.6981110202679772,0,0.1,1,0.5385351370832113
RW1,22,0.6247003756395969,0,0.1,1,0.5244956745543404
RW1,23,0.5832750085056947,0,0.1,1,0.5265873866905728
RW13,0,1.0,0,0.1,1,0.9990212793467345
RW13,1,0.965406142462438,0,0.1,1,0.9686623435840462
RW13,2,0.9390282053526243,0,0.1,1,0.9189273184478987
RW13,3,0.8973664410850068,0,0.1,1,0.8656334485539264
RW13,4,0.8559853917191745,0,0.1,1,0.8467132707529171
RW13,5,0.8236615111297403,0,0.1,1,0.8406222979435704
RW13,6,0.7989888416994142,0,0.1,1,0.8096060295192518
RW13,7,0.7751912982027924,0,0.1,1,0.7813464914106851
RW13,8,0.7640716479571148,0,0.1,1,0.709075428310696
RW13,9,0.7489144784756683,0,0.1,1,0.6779771250516399
RW13,10,0.7267880380307747,0,0.1,1,0.6703270547216436
RW13,11,0.7055711236531398,0,0.1,1,0.6578413160492831
RW13,12,0.681354367058826,0,0.1,1,0.6559241844033425
RW13,13,0.632238066246379,0,0.1,1,0.587716941998353
RW13,14,0.6484083666650617,0,0.1,1,0.5761576531106173
RW13,15,0.6525398272110188,0,0.1,1,0.563595824554702
RW13,16,0.6005328739937468,0,0.1,1,0.5616283098921889
RW13,17,0.6018706654475305,0,0.1,1,0.5558375819603333
RW13,18,0.5923899890205315,0,0.1,1,0.5511045095808396
RW13,19,0.5612641015154616,0,0.1,1,0.5499246584265927
RW13,20,0.5456961123316568,0,0.1,1,0.5453202795572369
RW13,21,0.5329610199130828,0,0.1,1,0.5453202795572369
RW13,22,0.513416008393162,0,0.1,1,0.5453202795572369
RW17,0,1.0,0,0.1,1,0.9996661952064267
RW17,1,1.0026357949563962,0,0.1,1,0.9927594608053055
RW17,2,0.9394918329295381,0,0.1,1,0.9467724526133985
RW17,3,0.9184088724104814,0,0.1,1,0.9111060061416945
RW17,4,0.8911584681985729,0,0.1,1,0.8588794814557288
RW17,5,0.8589631609072765,0,0.1,1,0.8399214036767516
RW17,6,0.8291575425450128,0,0.1,1,0.8417373098866163
RW17,7,0.7987386988534076,0,0.1,1,0.8150002202106625
RW17,8,0.7751485975307869,0,0.1,1,0.7944241689315835
RW17,9,0.756656843774444,0,0.1,1,0.7789198866831374
RW17,10,0.7426667041719264,0,0.1,1,0.6925993193602499
RW17,11,0.7130644081290144,0,0.1,1,0.6701729475799054
RW17,12,0.6970482137460301,0,0.1,1,0.6438221779902601
RW17,13,0.6802011348844728,0,0.1,1,0.644324631393207
RW17,14,0.6582592678998883,0,0.1,1,0.6453796716929253
RW17,15,0.6398762010019141,0,0.1,1,0.5672166478427364
RW17,16,0.6204725968210568,0,0.1,1,0.5490159522469864
RW17,17,0.6239733900924819,0,0.1,1,0.5490159522469864
RW17,18,0.5987008167774444,0,0.1,1,0.5454356334569782
RW17,19,0.5772080177645994,0,0.1,1,0.5606157132028163
RW17,20,0.566682764841642,0,0.1,1,0.5646152061822546
RW17,21,0.5622090221375536,0,0.1,1,0.5648935965500066
RW17,22,0.5447943351336495,0,0.1,1,0.560296061184553
RW17,23,0.5353719031237376,0,0.1,1,0.5659154181404215
RW17,24,0.5321386201162224,0,0.1,1,0.5591765046830947
RW17,25,0.5256696552882916,0,0.1,1,0.5590829643013481
RW17,26,0.5216566461738521,0,0.1,1,0.5464201178751494
RW17,27,0.5142014944571648,0,0.1,1,0.5494339330950547
RW21,0,1.0,0,0.1,1,1.0003093150332487
RW21,1,0.9740724898567775,0,0.1,1,0.972120573555205
RW21,2,0.9527184796006276,0,0.1,1,0.9288121891664436
RW21,3,0.9282169542090231,0,0.1,1,0.8720715564261775
RW21,4,0.8955478419839256,0,0.1,1,0.8683251628502789
RW21,5,0.8573416928236135,0,0.1,1,0.8463742091160833
RW21,6,0.8262560190318581,0,0.1,1,0.8133995959497433
RW21,7,0.8028064819028633,0,0.1,1,0.7519405568244262
RW21,8,0.7893600413911868,0,0.1,1,0.7230057304580584
RW21,9,0.775128424104771,0,0.1,1,0.7226656985136971
RW21,10,0.7694576973245436,0,0.1,1,0.6823946982407549
RW25,0,1.0,0,0.1,1,0.9999727963341665
RW25,1,0.968918095597688,0,0.1,1,0.983360614602183
RW25,2,0.9414534545922638,0,0.1,1,0.9582795439649797
RW25,3,0.9123147456691004,0,0.1,1,0.9275487851116581
RW25,4,0.888189503733068,0,0.1,1,0.8849919049523838
RW25,5,0.8696823709546798,0,0.1,1,0.8608741224346675
RW25,6,0.8537549502050074,0,0.1,1,0.8499144077443458
RW25,7,0.8375259921719959,0,0.1,1,0.8496918991496636
RW25,8,0.8193673257776384,0,0.1,1,0.8534874283804514
RW25,9,0.8135065611667396,0,0.1,1,0.8136852659828769
RW25,10,0.803434694880542,0,0.1,1,0.8140297077736525
RW25,11,0.7943807611523241,0,0.1,1,0.7920865964100466
RW25,12,0.7853815339720616,0,0.1,1,0.6937990237317726
RW3,0,1.0,0,0.1,1,0.9996858076656899
RW3,1,0.9687426932522573,0,0.1,1,0.9669376441138633
RW3,2,0.929211084462392,0,0.1,1,0.9178533525379229
RW3,3,0.8970072599473418,0,0.1,1,0.8832423594948523
RW3,4,0.8739883587909667,0,0.1,1,0.8599268377515226
RW3,5,0.8483648360418079,0,0.1,1,0.851641765956451
RW3,6,0.834035367164592,0,0.1,1,0.8482566399962757
RW3,7,0.8165629846823869,0,0.1,1,0.8158480955019515
RW3,8,0.7932890383246501,0,0.1,1,0.8138512652222216
RW3,9,0.8102317992092032,0,0.1,1,0.8091195907200385
RW3,10,0.7772348372341118,0,0.1,1,0.7585966141666424
RW3,11,0.758047293748471,0,0.1,1,0.720521839007679
RW3,12,0.7406746149745171,0,0.1,1,0.7228626864649893
RW3,13,0.7142042200057844,0,0.1,1,0.6954087307645097
RW3,14,0.6871908455658011,0,0.1,1,0.6885853657908528
RW3,15,0.6654079726651321,0,0.1,1,0.6646600718995745
RW3,16,0.6625411808641404,0,0.1,1,0.6632732551145591
RW3,17,0.6492046234819603,0,0.1,1,0.6473953462781695
RW3,18,0.6150347872417288,0,0.1,1,0.5824815885327381
RW3,19,0.6042370279644296,0,0.1,1,0.5713750151628904
RW3,20,0.5462918454573739,0,0.1,1,0.5663031467846859
RW3,21,0.5294258363488458,0,0.1,1,0.5667569333844203
RW9,0,1.0,0,0.1,1,0.9997725741545035
RW9,1,0.9744806801719121,0,0.1,1,0.979288730227758
RW9,2,0.9453104679064025,0,0.1,1,0.9016539386684292
RW9,3,0.911360857317688,0,0.1,1,0.8857722219905185
RW9,4,0.8847866727225885,0,0.1,1,0.8865364862707533
RW9,5,0.8406944835087043,0,0.1,1,0.8501211583421745
RW9,6,0.8176901280788624,0,0.1,1,0.8093596449463292
RW9,7,0.7864030549959673,0,0.1,1,0.7999721075045388
RW9,8,0.7628733089042045,0,0.1,1,0.795241642608737
RW9,9,0.7266047623827654,0,0.1,1,0.7829484343825143
RW9,10,0.6950317886415597,0,0.1,1,0.7366050753155055
RW9,11,0.6756574638458637,0,0.1,1,0.7000921959138847
RW9,12,0.6603653366488433,0,0.1,1,0.7149696512422209
RW9,13,0.6964212062092479,0,0.1,1,0.7069012090554256
RW9,14,0.6472003063742006,0,0.1,1,0.7161250554935559
RW9,15,0.6351750298406914,0,0.1,1,0.7191178764576162
RW9,16,0.6165428117187594,0,0.1,1,0.7180838992412258
RW9,17,0.5964223557750638,0,0.1,1,0.7180384923071188
RW9,18,0.59783807785969,0,0.1,1,0.6504489709119523
RW9,19,0.5791340224765132,0,0.1,1,0.6519109928053229
RW9,20,0.572651808445847,0,0.1,1,0.6544952041879407
RW9,21,0.5654329871052775,0,0.1,1,0.6683701984174193
RW9,22,0.5530896777273546,0,0.1,1,0.6736255204382042
RW9,23,0.542052740223641,0,0.1,1,0.634652833277114
RW9,24,0.534245247108605,0,0.1,1,0.6261665615976892
RW9,25,0.5310967487165805,0,0.1,1,0.5996801237958849
RW9,26,0.5130674490339593,0,0.1,1,0.5852674846661102
RW9,27,0.5178543420622359,0,0.1,1,0.5554314517797425
RW9,28,0.5073736155103112,0,0.1,1,0.5565354977597461
RW9,29,0.5062313423318389,0,0.1,1,0.5581407158155262
RW9,30,0.4936209036779812,0,0.1,1,0.5588329656408755
RW9,31,0.4789604612310552,0,0.1,1,0.5588329656408755
RW9,32,0.5040541243406096,0,0.1,1,0.5608251785543765
RW9,33,0.4707276486475776,0,0.1,1,0.5551742411262469
RW9,34,0.45110138474628303,0,0.1,1,0.5122096120936052
RW9,35,0.4162269401905226,0,0.1,1,0.5066072753486411
RW9,36,0.39630758405323846,0,0.1,1,0.4623123081157934
RW9,37,0.37288217447495453,0,0.1,1,0.4623123081157934
RW9,38,0.3621987887485223,0,0.1,1,0.4590243173136258
RW9,39,0.3575388160665002,0,0.1,1,0.4511141100770222
RW1,0,1.0,0,0.1,2,0.9916939533451788
RW1,1,0.9802670752876338,0,0.1,2,0.9706414792647327
RW1,2,0.9565216183750929,0,0.1,2,0.918938014091565
RW1,3,0.9339790204206347,0,0.1,2,0.918479329027209
RW1,4,0.9146940376750224,0,0.1,2,0.8855006604809694
RW1,5,0.8911839245665371,0,0.1,2,0.8592296192028904
RW1,6,0.8763421303143164,0,0.1,2,0.8283621004070852
RW1,7,0.8561581297172293,0,0.1,2,0.8102413502126362
RW1,8,0.8433079203727134,0,0.1,2,0.8106009397806592
RW1,9,0.8224842210510717,0,0.1,2,0.7408999531192958
RW1,10,0.8103568229633243,0,0.1,2,0.7329923715489779
RW1,11,0.7998003763340421,0,0.1,2,0.7221981543360835
RW1,12,0.8088487095632187,0,0.1,2,0.7235855955924324
RW1,13,0.7843175647994992,0,0.1,2,0.7314439614949139
RW1,14,0.7703735760756814,0,0.1,2,0.7288628590870622
RW1,15,0.7535480936807142,0,0.1,2,0.7034651022572808
RW1,16,0.7275046205067329,0,0.1,2,0.6969114732272973
RW1,17,0.7193999486186523,0,0.1,2,0.6603476107460136
RW1,18,0.692610556793688,0,0.1,2,0.6146001408611965
RW1,19,0.6793568250462967,0,0.1,2,0.6162168454988011
RW1,20,0.6705532526507081,0,0.1,2,0.6136906188317519
RW1,21,0.6981110202679772,0,0.1,2,0.6141808831648994
RW1,22,0.6247003756395969,0,0.1,2,0.5694246149841381
RW1,23,0.5832750085056947,0,0.1,2,0.5694372571437206
RW13,0,1.0,0,0.1,2,0.9998274497333715
RW13,1,0.965406142462438,0,0.1,2,0.9530848467306702
RW13,2,0.9390282053526243,0,0.1,2,0.9302375256552302
RW13,3,0.8973664410850068,0,0.1,2,0.8706060427403726
RW13,4,0.8559853917191745,0,0.1,2,0.8557733867579725
RW13,5,0.8236615111297403,0,0.1,2,0.7996994273247039
RW13,6,0.7989888416994142,0,0.1,2,0.7968278646965359
RW13,7,0.7751912982027924,0,0.1,2,0.7251379774545627
RW13,8,0.7640716479571148,0,0.1,2,0.719096921833494
RW13,9,0.7489144784756683,0,0.1,2,0.6738633826420497
RW13,10,0.7267880380307747,0,0.1,2,0.6316390020776592
RW13,11,0.7055711236531398,0,0.1,2,0.5968809645748662
RW13,12,0.681354367058826,0,0.1,2,0.60001376950804
RW13,13,0.632238066246379,0,0.1,2,0.6059496891354775
RW13,14,0.6484083666650617,0,0.1,2,0.5661705564058136
RW13,15,0.6525398272110188,0,0.1,2,0.565896335437508
RW13,16,0.6005328739937468,0,0.1,2,0.5341482522090193
RW13,17,0.6018706654475305,0,0.1,2,0.5258242493293981
RW13,18,0.5923899890205315,0,0.1,2,0.5123562921798057
RW13,19,0.5612641015154616,0,0.1,2,0.5116543215094946
RW13,20,0.5456961123316568,0,0.1,2,0.4468284623183668
RW13,21,0.5329610199130828,0,0.1,2,0.44743752501815015
RW13,22,0.513416008393162,0,0.1,2,0.44160471480669694
RW17,0,1.0,0,0.1,2,0.9998274497333715
RW17,1,1.0026357949563962,0,0.1,2,1.0015330309220138
RW17,2,0.9394918329295381,0,0.1,2,0.9366929778916259
RW17,3,0.9184088724104814,0,0.1,2,0.9185105242248265
RW17,4,0.8911584681985729,0,0.1,2,0.8765870782740981
RW17,5,0.8589631609072765,0,0.1,2,0.8594180205649967
RW17,6,0.8291575425450128,0,0.1,2,0.8485242441073575
RW17,7,0.7987386988534076,0,0.1,2,0.8176081337666018
RW17,8,0.7751485975307869,0,0.1,2,0.7990820890994428
RW17,9,0.756656843774444,0,0.1,2,0.7656856373616954
RW17,10,0.7426667041719264,0,0.1,2,0.7187259137698346
RW17,11,0.7130644081290144,0,0.1,2,0.6802503854469856
RW17,12,0.6970482137460301,0,0.1,2,0.612158493986221
RW17,13,0.6802011348844728,0,0.1,2,0.6170948197101106
RW17,14,0.6582592678998883,0,0.1,2,0.6229321844748017
RW17,15,0.6398762010019141,0,0.1,2,0.6236277803230682
RW17,16,0.6204725968210568,0,0.1,2,0.5939222827369176
RW17,17,0.6239733900924819,0,0.1,2,0.5939222827369176
RW17,18,0.5987008167774444,0,0.1,2,0.5972096481527978
RW17,19,0.5772080177645994,0,0.1,2,0.5758503406141121
RW17,20,0.566682764841642,0,0.1,2,0.5758503406141121
RW17,21,0.5622090221375536,0,0.1,2,0.5753654116082311
RW17,22,0.5447943351336495,0,0.1,2,0.5681258969563284
RW17,23,0.5353719031237376,0,0.1,2,0.5681258969563284
RW17,24,0.5321386201162224,0,0.1,2,0.5044286488893432
RW17,25,0.5256696552882916,0,0.1,2,0.5071463014796471
RW17,26,0.5216566461738521,0,0.1,2,0.5098804658190529
RW17,27,0.5142014944571648,0,0.1,2,0.5092296808545728
RW21,0,1.0,0,0.1,2,1.0019553445239535
RW21,1,0.9740724898567775,0,0.1,2,0.9491321049603166
RW21,2,0.9527184796006276,0,0.1,2,0.9354714006904975
RW21,3,0.9282169542090231,0,0.1,2,0.903339175610637
RW21,4,0.8955478419839256,0,0.1,2,0.8732160855980164
RW21,5,0.8573416928236135,0,0.1,2,0.8189678865862599
RW21,6,0.8262560190318581,0,0.1,2,0.8191082421266315
RW21,7,0.8028064819028633,0,0.1,2,0.736788233623553
RW21,8,0.7893600413911868,0,0.1,2,0.7117637437982784
RW21,9,0.775128424104771,0,0.1,2,0.6774745217069829
RW21,10,0.7694576973245436,0,0.1,2,0.6778571465728299
RW25,0,1.0,0,0.1,2,1.0002141518751484
RW25,1,0.968918095597688,0,0.1,2,0.9996925823444278
RW25,2,0.9414534545922638,0,0.1,2,0.9483755110917997
RW25,3,0.9123147456691004,0,0.1,2,0.9375026972387684
RW25,4,0.888189503733068,0,0.1,2,0.8859946914270427
RW25,5,0.8696823709546798,0,0.1,2,0.8855068606705067
RW25,6,0.8537549502050074,0,0.1,2,0.8701551637082567
RW25,7,0.8375259921719959,0,0.1,2,0.8615696034002639
RW25,8,0.8193673257776384,0,0.1,2,0.826166527451052
RW25,9,0.8135065611667396,0,0.1,2,0.8198696196892977
RW25,10,0.803434694880542,0,0.1,2,0.8105312354701025
RW25,11,0.7943807611523241,0,0.1,2,0.7269418485768574
RW25,12,0.7853815339720616,0,0.1,2,0.7218584799182722
RW3,0,1.0,0,0.1,2,0.9995404686292548
RW3,1,0.9687426932522573,0,0.1,2,0.9584598184509077
RW3,2,0.929211084462392,0,0.1,2,0.9298318228729168
RW3,3,0.8970072599473418,0,0.1,2,0.8994622120839414
RW3,4,0.8739883587909667,0,0.1,2,0.8735443404460876
RW3,5,0.8483648360418079,0,0.1,2,0.834442925687324
RW3,6,0.834035367164592,0,0.1,2,0.8085565473773425
RW3,7,0.8165629846823869,0,0.1,2,0.7967617747964159
RW3,8,0.7932890383246501,0,0.1,2,0.8000472580308736
RW3,9,0.8102317992092032,0,0.1,2,0.7446270728869494
RW3,10,0.7772348372341118,0,0.1,2,0.7412170759669992
RW3,11,0.758047293748471,0,0.1,2,0.719764756901338
RW3,12,0.7406746149745171,0,0.1,2,0.6919270925089012
RW3,13,0.7142042200057844,0,0.1,2,0.6973983048859644
RW3,14,0.6871908455658011,0,0.1,2,0.6599494548406701
RW3,15,0.6654079726651321,0,0.1,2,0.6140236040728476
RW3,16,0.6625411808641404,0,0.1,2,0.6146595147651684
RW3,17,0.6492046234819603,0,0.1,2,0.6212894482909215
RW3,18,0.6150347872417288,0,0.1,2,0.6202599130250944
RW3,19,0.6042370279644296,0,0.1,2,0.5768795761489383
RW3,20,0.5462918454573739,0,0.1,2,0.5773227373313156
RW3,21,0.5294258363488458,0,0.1,2,0.5533920427309869
RW9,0,1.0,0,0.1,2,0.9998274497333715
RW9,1,0.9744806801719121,0,0.1,2,0.9707603538845352
RW9,2,0.9453104679064025,0,0.1,2,0.9542626525996908
RW9,3,0.911360857317688,0,0.1,2,0.9363544613088947
RW9,4,0.8847866727225885,0,0.1,2,0.8905624185157178
RW9,5,0.8406944835087043,0,0.1,2,0.8627933331307392
RW9,6,0.8176901280788624,0,0.1,2,0.8029694229603884
RW9,7,0.7864030549959673,0,0.1,2,0.7407633524574343
RW9,8,0.7628733089042045,0,0.1,2,0.7798567774765824
RW9,9,0.7266047623827654,0,0.1,2,0.7679545051767092
RW9,10,0.6950317886415597,0,0.1,2,0.7678342902536388
RW9,11,0.6756574638458637,0,0.1,2,0.7640270827857915
RW9,12,0.6603653366488433,0,0.1,2,0.747728813303744
RW9,13,0.6964212062092479,0,0.1,2,0.747765727997794
RW9,14,0.6472003063742006,0,0.1,2,0.7472198671222515
RW9,15,0.6351750298406914,0,0.1,2,0.7364654505917749
RW9,16,0.6165428117187594,0,0.1,2,0.7330837540021098
RW9,17,0.5964223557750638,0,0.1,2,0.7337251689460176
RW9,18,0.59783807785969,0,0.1,2,0.7421561032597064
RW9,19,0.5791340224765132,0,0.1,2,0.7293266957168343
RW9,20,0.572651808445847,0,0.1,2,0.7312350315976558
RW9,21,0.5654329871052775,0,0.1,2,0.6914807813954849
RW9,22,0.5530896777273546,0,0.1,2,0.6833208546388639
RW9,23,0.542052740223641,0,0.1,2,0.6828673557254886
RW9,24,0.534245247108605,0,0.1,2,0.6792850961837473
RW9,25,0.5310967487165805,0,0.1,2,0.6000254340210386
RW9,26,0.5130674490339593,0,0.1,2,0.5993635908257388
RW9,27,0.5178543420622359,0,0.1,2,0.5993635908257388
RW9,28,0.5073736155103112,0,0.1,2,0.5480917420997832
RW9,29,0.5062313423318389,0,0.1,2,0.5511500550666666
RW9,30,0.4936209036779812,0,0.1,2,0.5545438013627639
RW9,31,0.4789604612310552,0,0.1,2,0.5549547940570446
RW9,32,0.5040541243406096,0,0.1,2,0.5582410580019442
RW9,33,0.4707276486475776,0,0.1,2,0.5387688250124147
RW9,34,0.45110138474628303,0,0.1,2,0.518775838389548
RW9,35,0.4162269401905226,0,0.1,2,0.49613746743398834
RW9,36,0.39630758405323846,0,0.1,2,0.4499488883086536
RW9,37,0.37288217447495453,0,0.1,2,0.4499488883086536
RW9,38,0.3621987887485223,0,0.1,2,0.4505604007906778
RW9,39,0.3575388160665002,0,0.1,2,0.4505604007906778
RW1,0,1.0,0,0.1,3,0.9950886557790821
RW1,1,0.9802670752876338,0,0.1,3,0.9348003027148243
RW1,2,0.9565216183750929,0,0.1,3,0.9361823918322522
RW1,3,0.9339790204206347,0,0.1,3,0.9293035889157631
RW1,4,0.9146940376750224,0,0.1,3,0.8912925804183751
RW1,5,0.8911839245665371,0,0.1,3,0.8745914423270471
RW1,6,0.8763421303143164,0,0.1,3,0.8459963898437418
RW1,7,0.8561581297172293,0,0.1,3,0.797571382963139
RW1,8,0.8433079203727134,0,0.1,3,0.7835361715120955
RW1,9,0.8224842210510717,0,0.1,3,0.776445763100183
RW1,10,0.8103568229633243,0,0.1,3,0.7458093263856953
RW1,11,0.7998003763340421,0,0.1,3,0.7495057056201193
RW1,12,0.8088487095632187,0,0.1,3,0.7492638623868213
RW1,13,0.7843175647994992,0,0.1,3,0.7463762729954784
RW1,14,0.7703735760756814,0,0.1,3,0.718651767500793
RW1,15,0.7535480936807142,0,0.1,3,0.7002776580756129
RW1,16,0.7275046205067329,0,0.1,3,0.6096462422402841
RW1,17,0.7193999486186523,0,0.1,3,0.609643499904972
RW1,18,0.692610556793688,0,0.1,3,0.6043707889568434
RW1,19,0.6793568250462967,0,0.1,3,0.6067329959649317
RW1,20,0.6705532526507081,0,0.1,3,0.5896821964434243
RW1,21,0.6981110202679772,0,0.1,3,0.5640898242567923
RW1,22,0.6247003756395969,0,0.1,3,0.5663338594412033
RW1,23,0.5832750085056947,0,0.1,3,0.5666195049359251
RW13,0,1.0,0,0.1,3,0.9998661461745818
RW13,1,0.965406142462438,0,0.1,3,0.9530937984820683
RW13,2,0.9390282053526243,0,0.1,3,0.9001614529696167
RW13,3,0.8973664410850068,0,0.1,3,0.8561461679341353
RW13,4,0.8559853917191745,0,0.1,3,0.844711098839945
RW13,5,0.8236615111297403,0,0.1,3,0.7853437511878177
RW13,6,0.7989888416994142,0,0.1,3,0.7995112111663452
RW13,7,0.7751912982027924,0,0.1,3,0.7710687614874562
RW13,8,0.7640716479571148,0,0.1,3,0.7436644233488222
RW13,9,0.7489144784756683,0,0.1,3,0.636833560260651
RW13,10,0.7267880380307747,0,0.1,3,0.6299206065841991
RW13,11,0.7055711236531398,0,0.1,3,0.6376456777725943
RW13,12,0.681354367058826,0,0.1,3,0.6307420055058508
RW13,13,0.632238066246379,0,0.1,3,0.5778280067445462
RW13,14,0.6484083666650617,0,0.1,3,0.5718026137215663
RW13,15,0.6525398272110188,0,0.1,3,0.570246516604567
RW13,16,0.6005328739937468,0,0.1,3,0.5692989427289522
RW13,17,0.6018706654475305,0,0.1,3,0.5681435892579467
RW13,18,0.5923899890205315,0,0.1,3,0.5563557960244356
RW13,19,0.5612641015154616,0,0.1,3,0.5079951259915356
RW13,20,0.5456961123316568,0,0.1,3,0.4952333466146613
RW13,21,0.5329610199130828,0,0.1,3,0.5073484400794237
RW13,22,0.513416008393162,0,0.1,3,0.5106775178287706
RW17,0,1.0,0,0.1,3,0.9998760257437315
RW17,1,1.0026357949563962,0,0.1,3,0.9910660907564867
RW17,2,0.9394918329295381,0,0.1,3,0.9490761530611354
RW17,3,0.9184088724104814,0,0.1,3,0.9041122058170933
RW17,4,0.8911584681985729,0,0.1,3,0.867934281429095
RW17,5,0.8589631609072765,0,0.1,3,0.8500503770141764
RW17,6,0.8291575425450128,0,0.1,3,0.8524175665788294
RW17,7,0.7987386988534076,0,0.1,3,0.8118076144074649
RW17,8,0.7751485975307869,0,0.1,3,0.7931333222181979
RW17,9,0.756656843774444,0,0.1,3,0.7900308169603729
RW17,10,0.7426667041719264,0,0.1,3,0.6733730536059837
RW17,11,0.7130644081290144,0,0.1,3,0.6460902450718266
RW17,12,0.6970482137460301,0,0.1,3,0.6465029011382929
RW17,13,0.6802011348844728,0,0.1,3,0.6390082271021612
RW17,14,0.6582592678998883,0,0.1,3,0.6118056369185807
RW17,15,0.6398762010019141,0,0.1,3,0.5751772219287178
RW17,16,0.6204725968210568,0,0.1,3,0.5762528689179385
RW17,17,0.6239733900924819,0,0.1,3,0.5762528689179385
RW17,18,0.5987008167774444,0,0.1,3,0.5833020150993806
RW17,19,0.5772080177645994,0,0.1,3,0.5834160823059585
RW17,20,0.566682764841642,0,0.1,3,0.5833487017403854
RW17,21,0.5622090221375536,0,0.1,3,0.5866987373135182
RW17,22,0.5447943351336495,0,0.1,3,0.575819546919239
RW17,23,0.5353719031237376,0,0.1,3,0.5287663531848998
RW17,24,0.5321386201162224,0,0.1,3,0.5147052946541711
RW17,25,0.5256696552882916,0,0.1,3,0.5140343105082749
RW17,26,0.5216566461738521,0,0.1,3,0.5115264366574627
RW17,27,0.5142014944571648,0,0.1,3,0.5125359992294772
RW21,0,1.0,0,0.1,3,1.0000548282387696
RW21,1,0.9740724898567775,0,0.1,3,0.9503106813582297
RW21,2,0.9527184796006276,0,0.1,3,0.9373417806000498
RW21,3,0.9282169542090231,0,0.1,3,0.8952106402318788
RW21,4,0.8955478419839256,0,0.1,3,0.8529580720708473
RW21,5,0.8573416928236135,0,0.1,3,0.8031780385148077
RW21,6,0.8262560190318581,0,0.1,3,0.809346555157466
RW21,7,0.8028064819028633,0,0.1,3,0.7649269622456653
RW21,8,0.7893600413911868,0,0.1,3,0.7481716600660445
RW21,9,0.775128424104771,0,0.1,3,0.7437592354085053
RW21,10,0.7694576973245436,0,0.1,3,0.6472472368405258
RW25,0,1.0,0,0.1,3,1.0000302696405883
RW25,1,0.968918095597688,0,0.1,3,0.9525243405613413
RW25,2,0.9414534545922638,0,0.1,3,0.9492530460051658
RW25,3,0.9123147456691004,0,0.1,3,0.9168721322928547
RW25,4,0.888189503733068,0,0.1,3,0.874729285738811
RW25,5,0.8696823709546798,0,0.1,3,0.8809187769040514
RW25,6,0.8537549502050074,0,0.1,3,0.8667898917855039
RW25,7,0.8375259921719959,0,0.1,3,0.8709286385968136
RW25,8,0.8193673257776384,0,0.1,3,0.846398780041303
RW25,9,0.8135065611667396,0,0.1,3,0.8225347901337127
RW25,10,0.803434694880542,0,0.1,3,0.8200280862546002
RW25,11,0.7943807611523241,0,0.1,3,0.806670192763458
RW25,12,0.7853815339720616,0,0.1,3,0.6548660057748661
RW3,0,1.0,0,0.1,3,0.9998344360641531
RW3,1,0.9687426932522573,0,0.1,3,0.953125052932162
RW3,2,0.929211084462392,0,0.1,3,0.9537518738783943
RW3,3,0.8970072599473418,0,0.1,3,0.8979829916424326
RW3,4,0.8739883587909667,0,0.1,3,0.9022152686245314
RW3,5,0.8483648360418079,0,0.1,3,0.8458454102370838
RW3,6,0.834035367164592,0,0.1,3,0.8372230775681399
RW3,7,0.8165629846823869,0,0.1,3,0.783738404282643
RW3,8,0.7932890383246501,0,0.1,3,0.7843121542478968
RW3,9,0.8102317992092032,0,0.1,3,0.797895239883025
RW3,10,0.7772348372341118,0,0.1,3,0.7526268159027478
RW3,11,0.758047293748471,0,0.1,3,0.7383929983183758
RW3,12,0.7406746149745171,0,0.1,3,0.7346381961547973
RW3,13,0.7142042200057844,0,0.1,3,0.6476905188285677
RW3,14,0.6871908455658011,0,0.1,3,0.6239805718296806
RW3,15,0.6654079726651321,0,0.1,3,0.6146592215913576
RW3,16,0.6625411808641404,0,0.1,3,0.6165910044294326
RW3,17,0.6492046234819603,0,0.1,3,0.5996362063747916
RW3,18,0.6150347872417288,0,0.1,3,0.5647840058589098
RW3,19,0.6042370279644296,0,0.1,3,0.5671563592532838
RW3,20,0.5462918454573739,0,0.1,3,0.5638495636512788
RW3,21,0.5294258363488458,0,0.1,3,0.5635714332271285
RW9,0,1.0,0,0.1,3,0.9998964406195674
RW9,1,0.9744806801719121,0,0.1,3,0.9775803590025189
RW9,2,0.9453104679064025,0,0.1,3,0.9432163305859851
RW9,3,0.911360857317688,0,0.1,3,0.9408268852293036
RW9,4,0.8847866727225885,0,0.1,3,0.9269520843323809
RW9,5,0.8406944835087043,0,0.1,3,0.8280968467211658
RW9,6,0.8176901280788624,0,0.1,3,0.8028985136657669
RW9,7,0.7864030549959673,0,0.1,3,0.7449918438611932
RW9,8,0.7628733089042045,0,0.1,3,0.7926928402403112
RW9,9,0.7266047623827654,0,0.1,3,0.7546896799048738
RW9,10,0.6950317886415597,0,0.1,3,0.7471924971342039
RW9,11,0.6756574638458637,0,0.1,3,0.7416644459232846
RW9,12,0.6603653366488433,0,0.1,3,0.7308565950132424
RW9,13,0.6964212062092479,0,0.1,3,0.7131243290486883
RW9,14,0.6472003063742006,0,0.1,3,0.696672860058788
RW9,15,0.6351750298406914,0,0.1,3,0.6904190212683131
RW9,16,0.6165428117187594,0,0.1,3,0.6863514867145489
RW9,17,0.5964223557750638,0,0.1,3,0.6861354256668132
RW9,18,0.59783807785969,0,0.1,3,0.6900076010356828
RW9,19,0.5791340224765132,0,0.1,3,0.6823940269705431
RW9,20,0.572651808445847,0,0.1,3,0.6889834070336794
RW9,21,0.5654329871052775,0,0.1,3,0.6863115751765657
RW9,22,0.5530896777273546,0,0.1,3,0.6734384776712953
RW9,23,0.542052740223641,0,0.1,3,0.5912052873283122
RW9,24,0.534245247108605,0,0.1,3,0.5767760599869187
RW9,25,0.5310967487165805,0,0.1,3,0.5698912002903153
RW9,26,0.5130674490339593,0,0.1,3,0.5755300236465344
RW9,27,0.5178543420622359,0,0.1,3,0.5822819642161086
RW9,28,0.5073736155103112,0,0.1,3,0.5944481163353332
RW9,29,0.5062313423318389,0,0.1,3,0.5906860841253764
RW9,30,0.4936209036779812,0,0.1,3,0.5868394050899656
RW9,31,0.4789604612310552,0,0.1,3,0.5898373271759745
RW9,32,0.5040541243406096,0,0.1,3,0.5769107999969447
RW9,33,0.4707276486475776,0,0.1,3,0.5391898607888361
RW9,34,0.45110138474628303,0,0.1,3,0.5449251520366765
RW9,35,0.4162269401905226,0,0.1,3,0.5394378057759899
RW9,36,0.39630758405323846,0,0.1,3,0.539454710725896
RW9,37,0.37288217447495453,0,0.1,3,0.5379820230961527
RW9,38,0.3621987887485223,0,0.1,3,0.5371374873925783
RW9,39,0.3575388160665002,0,0.1,3,0.5382519424850325
RW1,0,1.0,0,0.1,4,0.998682785456632
RW1,1,0.9802670752876338,0,0.1,4,0.944202023575103
RW1,2,0.9565216183750929,0,0.1,4,0.9408574669674762
RW1,3,0.9339790204206347,0,0.1,4,0.9199166442622216
RW1,4,0.9146940376750224,0,0.1,4,0.9056732939284471
RW1,5,0.8911839245665371,0,0.1,4,0.8262822652868299
RW1,6,0.8763421303143164,0,0.1,4,0.8370372409034185
RW1,7,0.8561581297172293,0,0.1,4,0.8356037529899787
RW1,8,0.8433079203727134,0,0.1,4,0.8253969478355321
RW1,9,0.8224842210510717,0,0.1,4,0.8122865771051935
RW1,10,0.8103568229633243,0,0.1,4,0.8132725308341081
RW1,11,0.7998003763340421,0,0.1,4,0.7878090709887869
RW1,12,0.8088487095632187,0,0.1,4,0.792031549176124
RW1,13,0.7843175647994992,0,0.1,4,0.6867040604396912
RW1,14,0.7703735760756814,0,0.1,4,0.6851749832742708
RW1,15,0.7535480936807142,0,0.1,4,0.6622471072653325
RW1,16,0.7275046205067329,0,0.1,4,0.659845389711693
RW1,17,0.7193999486186523,0,0.1,4,0.6580268302182184
RW1,18,0.692610556793688,0,0.1,4,0.621980794792216
RW1,19,0.6793568250462967,0,0.1,4,0.6206052070370898
RW1,20,0.6705532526507081,0,0.1,4,0.5524972253932374
RW1,21,0.6981110202679772,0,0.1,4,0.5498271961169814
RW1,22,0.6247003756395969,0,0.1,4,0.5643694463535955
RW1,23,0.5832750085056947,0,0.1,4,0.5645743498808837
RW13,0,1.0,0,0.1,4,0.9999093798961972
RW13,1,0.965406142462438,0,0.1,4,0.9669029054980346
RW13,2,0.9390282053526243,0,0.1,4,0.9319412560656644
RW13,3,0.8973664410850068,0,0.1,4,0.8711973346769297
RW13,4,0.8559853917191745,0,0.1,4,0.8250897668679698
RW13,5,0.8236615111297403,0,0.1,4,0.8077729383914694
RW13,6,0.7989888416994142,0,0.1,4,0.8013106647883705
RW13,7,0.7751912982027924,0,0.1,4,0.7376789585420663
RW13,8,0.7640716479571148,0,0.1,4,0.7417288998402637
RW13,9,0.7489144784756683,0,0.1,4,0.6651521271799644
RW13,10,0.7267880380307747,0,0.1,4,0.6674281790549713
RW13,11,0.7055711236531398,0,0.1,4,0.6270483515864602
RW13,12,0.681354367058826,0,0.1,4,0.5541967750928769
RW13,13,0.632238066246379,0,0.1,4,0.5526999187577349
RW13,14,0.6484083666650617,0,0.1,4,0.5554872835385308
RW13,15,0.6525398272110188,0,0.1,4,0.5554872835385308
RW13,16,0.6005328739937468,0,0.1,4,0.5366438362212295
RW13,17,0.6018706654475305,0,0.1,4,0.5333952494553369
RW13,18,0.5923899890205315,0,0.1,4,0.5199359809529438
RW13,19,0.5612641015154616,0,0.1,4,0.5196175920725433
RW13,20,0.5456961123316568,0,0.1,4,0.46387204462448045
RW13,21,0.5329610199130828,0,0.1,4,0.46453234855183195
RW13,22,0.513416008393162,0,0.1,4,0.46446084344520816
RW17,0,1.0,0,0.1,4,0.9999447599949168
RW17,1,1.0026357949563962,0,0.1,4,0.9966668878864811
RW17,2,0.9394918329295381,0,0.1,4,0.9302234393750687
RW17,3,0.9184088724104814,0,0.1,4,0.9154110710148973
RW17,4,0.8911584681985729,0,0.1,4,0.9111230274128442
RW17,5,0.8589631609072765,0,0.1,4,0.8190791930645589
RW17,6,0.8291575425450128,0,0.1,4,0.8164918517342169
RW17,7,0.7987386988534076,0,0.1,4,0.7940754909405975
RW17,8,0.7751485975307869,0,0.1,4,0.7523470013044828
RW17,9,0.756656843774444,0,0.1,4,0.757695908618528
RW17,10,0.7426667041719264,0,0.1,4,0.6986830817479028
RW17,11,0.7130644081290144,0,0.1,4,0.6980021226277541
RW17,12,0.6970482137460301,0,0.1,4,0.65734349021158
RW17,13,0.6802011348844728,0,0.1,4,0.6342689046227573
RW17,14,0.6582592678998883,0,0.1,4,0.5827505975125918
RW17,15,0.6398762010019141,0,0.1,4,0.5908103421993812
RW17,16,0.6204725968210568,0,0.1,4,0.584920722192777
RW17,17,0.6239733900924819,0,0.1,4,0.5739285486883529
RW17,18,0.5987008167774444,0,0.1,4,0.5737110379292415
RW17,19,0.5772080177645994,0,0.1,4,0.5613743058211159
RW17,20,0.566682764841642,0,0.1,4,0.5594222899313737
RW17,21,0.5622090221375536,0,0.1,4,0.5474920892139725
RW17,22,0.5447943351336495,0,0.1,4,0.5472844735733999
RW17,23,0.5353719031237376,0,0.1,4,0.5450652964878389
RW17,24,0.5321386201162224,0,0.1,4,0.49275442152711807
RW17,25,0.5256696552882916,0,0.1,4,0.4919000798961526
RW17,26,0.5216566461738521,0,0.1,4,0.4919000798961526
RW17,27,0.5142014944571648,0,0.1,4,0.4967172482902969
RW21,0,1.0,0,0.1,4,0.999938844694924
RW21,1,0.9740724898567775,0,0.1,4,0.9581677649469048
RW21,2,0.9527184796006276,0,0.1,4,0.9250284669478155
RW21,3,0.9282169542090231,0,0.1,4,0.8836175663490744
RW21,4,0.8955478419839256,0,0.1,4,0.8481026771181688
RW21,5,0.8573416928236135,0,0.1,4,0.8317545167717281
RW21,6,0.8262560190318581,0,0.1,4,0.8213346017570405
RW21,7,0.8028064819028633,0,0.1,4,0.7902771852353323
RW21,8,0.7893600413911868,0,0.1,4,0.7741885329212442
RW21,9,0.775128424104771,0,0.1,4,0.739594189281871
RW21,10,0.7694576973245436,0,0.1,4,0.6707911160048612
RW25,0,1.0,0,0.1,4,0.9998275821039486
RW25,1,0.968918095597688,0,0.1,4,0.9793689464958423
RW25,2,0.9414534545922638,0,0.1,4,0.9499345670408627
RW25,3,0.9123147456691004,0,0.1,4,0.9248327828967219
RW25,4,0.888189503733068,0,0.1,4,0.9295882343555043
RW25,5,0.8696823709546798,0,0.1,4,0.8915793617860275
RW25,6,0.8537549502050074,0,0.1,4,0.8434071684928202
RW25,7,0.8375259921719959,0,0.1,4,0.8398871941558181
RW25,8,0.8193673257776384,0,0.1,4,0.8346664805106232
RW25,9,0.8135065611667396,0,0.1,4,0.7869252196657521
RW25,10,0.803434694880542,0,0.1,4,0.7818373931285536
RW25,11,0.7943807611523241,0,0.1,4,0.7382392428395175
RW25,12,0.7853815339720616,0,0.1,4,0.7380804997789774
RW3,0,1.0,0,0.1,4,0.999691065808764
RW3,1,0.9687426932522573,0,0.1,4,0.9592923911583459
RW3,2,0.929211084462392,0,0.1,4,0.9531829330619136
RW3,3,0.8970072599473418,0,0.1,4,0.9198388185392662
RW3,4,0.8739883587909667,0,0.1,4,0.8727420246572676
RW3,5,0.8483648360418079,0,0.1,4,0.8383113568468884
RW3,6,0.834035367164592,0,0.1,4,0.833655743954876
RW3,7,0.8165629846823869,0,0.1,4,0.8132786452045158
RW3,8,0.7932890383246501,0,0.1,4,0.8097318480868736
RW3,9,0.8102317992092032,0,0.1,4,0.8127276852109777
RW3,10,0.7772348372341118,0,0.1,4,0.7824530446370979
RW3,11,0.758047293748471,0,0.1,4,0.7248752967845102
RW3,12,0.7406746149745171,0,0.1,4,0.7255494870949755
RW3,13,0.7142042200057844,0,0.1,4,0.6822309490301085
RW3,14,0.6871908455658011,0,0.1,4,0.6833146599370328
RW3,15,0.6654079726651321,0,0.1,4,0.6425384111815348
RW3,16,0.6625411808641404,0,0.1,4,0.6368562355257185
RW3,17,0.6492046234819603,0,0.1,4,0.5727843241404484
RW3,18,0.6150347872417288,0,0.1,4,0.5724879717324822
RW3,19,0.6042370279644296,0,0.1,4,0.5758791380332786
RW3,20,0.5462918454573739,0,0.1,4,0.5757965224862557
RW3,21,0.5294258363488458,0,0.1,4,0.5745712617037351
RW9,0,1.0,0,0.1,4,0.9988263996695216
RW9,1,0.9744806801719121,0,0.1,4,0.9743525540464397
RW9,2,0.9453104679064025,0,0.1,4,0.9370889771792447
RW9,3,0.911360857317688,0,0.1,4,0.8686336376496737
RW9,4,0.8847866727225885,0,0.1,4,0.8563510337996018
RW9,5,0.8406944835087043,0,0.1,4,0.8365386962892257
RW9,6,0.8176901280788624,0,0.1,4,0.8266814212810312
RW9,7,0.7864030549959673,0,0.1,4,0.815622323259204
RW9,8,0.7628733089042045,0,0.1,4,0.8193917598080445
RW9,9,0.7266047623827654,0,0.1,4,0.8219451730651961
RW9,10,0.6950317886415597,0,0.1,4,0.8126764071004494
RW9,11,0.6756574638458637,0,0.1,4,0.7322056182913167
RW9,12,0.6603653366488433,0,0.1,4,0.6726644169497586
RW9,13,0.6964212062092479,0,0.1,4,0.6693047311718034
RW9,14,0.6472003063742006,0,0.1,4,0.664310840082603
RW9,15,0.6351750298406914,0,0.1,4,0.6635406099823082
RW9,16,0.6165428117187594,0,0.1,4,0.6253219578580702
RW9,17,0.5964223557750638,0,0.1,4,0.6298490629532971
RW9,18,0.59783807785969,0,0.1,4,0.6276752452320722
RW9,19,0.5791340224765132,0,0.1,4,0.6279052521350776
RW9,20,0.572651808445847,0,0.1,4,0.6295120295447681
RW9,21,0.5654329871052775,0,0.1,4,0.6299296854401745
RW9,22,0.5530896777273546,0,0.1,4,0.6237056695646416
RW9,23,0.542052740223641,0,0.1,4,0.6444004370191913
RW9,24,0.534245247108605,0,0.1,4,0.6451571015120754
RW9,25,0.5310967487165805,0,0.1,4,0.6455773476160196
RW9,26,0.5130674490339593,0,0.1,4,0.6467420330152192
RW9,27,0.5178543420622359,0,0.1,4,0.5848994047080195
RW9,28,0.5073736155103112,0,0.1,4,0.5656088938277802
RW9,29,0.5062313423318389,0,0.1,4,0.5693004469354387
RW9,30,0.4936209036779812,0,0.1,4,0.567229440963188
RW9,31,0.4789604612310552,0,0.1,4,0.5678211400179601
RW9,32,0.5040541243406096,0,0.1,4,0.5319349582533579
RW9,33,0.4707276486475776,0,0.1,4,0.5302240699614322
RW9,34,0.45110138474628303,0,0.1,4,0.5309437919212956
RW9,35,0.4162269401905226,0,0.1,4,0.541773095358044
RW9,36,0.39630758405323846,0,0.1,4,0.5410517207944006
RW9,37,0.37288217447495453,0,0.1,4,0.5375061800907857
RW9,38,0.3621987887485223,0,0.1,4,0.5375061800907857
RW9,39,0.3575388160665002,0,0.1,4,0.5375061800907857
RW10,0,1.0,1,1.0,0,0.9974252567181439
RW10,1,0.9784479629888402,1,1.0,0,0.9606327995299082
RW10,2,0.9453971298202616,1,1.0,0,0.9416359814305526
RW10,3,0.9117019022865598,1,1.0,0,0.91438966576521
RW10,4,0.8914739157881061,1,1.0,0,0.8771539925710669
RW10,5,0.8372321175180194,1,1.0,0,0.8513112328876614
RW10,6,0.8164482337318268,1,1.0,0,0.8254621952640893
RW10,7,0.789437652957632,1,1.0,0,0.7706353000502597
RW10,8,0.7647575279451165,1,1.0,0,0.7583057716069282
RW10,9,0.7300635744525175,1,1.0,0,0.7339477311397645
RW10,10,0.7075228861352875,1,1.0,0,0.7113451422280002
RW10,11,0.6871342988910181,1,1.0,0,0.6988415528232563
RW10,12,0.6697217219754731,1,1.0,0,0.6912188925544371
RW10,13,0.7116492649368324,1,1.0,0,0.6885173421438857
RW10,14,0.66327010566779,1,1.0,0,0.6576072113861567
RW10,15,0.647631852731416,1,1.0,0,0.641435123939235
RW10,16,0.6309658064312244,1,1.0,0,0.6161012661232959
RW10,17,0.6208612914817577,1,1.0,0,0.6086702773929418
RW10,18,0.6112498733264151,1,1.0,0,0.6047129538556046
RW10,19,0.6095624344801577,1,1.0,0,0.5962936782954802
RW10,20,0.6033896649944029,1,1.0,0,0.5763827979247534
RW10,21,0.5971527839004813,1,1.0,0,0.5704507804015582
RW10,22,0.5886394830051586,1,1.0,0,0.5716868586386248
RW10,23,0.581456358011487,1,1.0,0,0.5649423294425107
RW10,24,0.5695013029658712,1,1.0,0,0.5487380999575332
RW10,25,0.5557961266569272,1,1.0,0,0.5489142745367961
RW10,26,0.5474051567570081,1,1.0,0,0.5474689055756997
RW10,27,0.55125687415375,1,1.0,0,0.540111394219485
RW10,28,0.5453048889853013,1,1.0,0,0.5361290872393879
RW10,29,0.5460438670105365,1,1.0,0,0.5153565122300596
RW10,30,0.5345542267638814,1,1.0,0,0.511707062048302
RW10,31,0.5489933336557506,1,1.0,0,0.5138801560478474
RW10,32,0.522382773482141,1,1.0,0,0.5003059308921852
RW10,33,0.5016148874153187,1,1.0,0,0.4865809131360601
RW10,34,0.45709804855548364,1,1.0,0,0.44746118970410254
RW10,35,0.44563736559742767,1,1.0,0,0.43240201101069975
RW10,36,0.4211045686596346,1,1.0,0,0.42112569310693665
RW10,37,0.4077546171475978,1,1.0,0,0.4002307500906156
RW10,38,0.4021701914678571,1,1.0,0,0.39765630111985745
RW14,0,1.0,1,1.0,0,0.9988687103401767
RW14,1,0.9644332069664016,1,1.0,0,0.9529481228062155
RW14,2,0.9213533384370284,1,1.0,0,0.8971068963138522
RW14,3,0.8707123594457894,1,1.0,0,0.8839516307339854
RW14,4,0.8348278945661182,1,1.0,0,0.8316138114853527
RW14,5,0.8004024718366409,1,1.0,0,0.7916114876995264
RW14,6,0.7430047115117226,1,1.0,0,0.763494538729778
RW14,7,0.709476468046898,1,1.0,0,0.7211351095002784
RW14,8,0.6823027697859351,1,1.0,0,0.705187456607661
RW14,9,0.6585988334150349,1,1.0,0,0.679703422575268
RW14,10,0.6253776891267986,1,1.0,0,0.6597252110622438
RW14,11,0.5924706416874056,1,1.0,0,0.6376593914042297
RW14,12,0.57601843109804,1,1.0,0,0.628991603107502
RW14,13,0.5535409217390064,1,1.0,0,0.6095790870521631
RW14,14,0.5387222453480347,1,1.0,0,0.5784726544821079
RW14,15,0.552867285851326,1,1.0,0,0.5588497102358901
RW14,16,0.5036045429058008,1,1.0,0,0.5413641449774725
RW14,17,0.47883058910976284,1,1.0,0,0.5451605481828723
RW14,18,0.4728937060347926,1,1.0,0,0.5278049458128949
RW14,19,0.45854169582917254,1,1.0,0,0.5174238238332618
RW14,20,0.4518166502306318,1,1.0,0,0.5102341404533984
RW14,21,0.432531360836441,1,1.0,0,0.5013653664894808
RW14,22,0.4200841979206751,1,1.0,0,0.489900499057657
RW14,23,0.4157935443883638,1,1.0,0,0.46176069091189625
RW18,0,1.0,1,1.0,0,1.0005092640108433
RW18,1,0.9977330149235677,1,1.0,0,1.0005092640108433
RW18,2,0.9213655815556884,1,1.0,0,0.9351188847600947
RW18,3,0.8925716791703614,1,1.0,0,0.9190125861505509
RW18,4,0.8718443394852413,1,1.0,0,0.8864252835489731
RW18,5,0.8419174377110581,1,1.0,0,0.852192604520276
RW18,6,0.813365853114081,1,1.0,0,0.8309101887426266
RW18,7,0.7961193757129356,1,1.0,0,0.8073786303139698
RW18,8,0.7800851421665592,1,1.0,0,0.7664505186955247
RW18,9,0.75369280553753,1,1.0,0,0.7515345618075298
RW18,10,0.7376318600570141,1,1.0,0,0.7186091059420806
RW18,11,0.7056274349360556,1,1.0,0,0.6925243506494503
RW18,12,0.6816641704071746,1,1.0,0,0.6695451861058116
RW18,13,0.6705293405758124,1,1.0,0,0.6506183351785281
RW18,14,0.65689339822108,1,1.0,0,0.6344561975837985
RW18,15,0.6375308971062369,1,1.0,0,0.6161259990056706
RW18,16,0.6343281547363112,1,1.0,0,0.6147384428332435
RW18,17,0.609856009753373,1,1.0,0,0.5784108150445141
RW18,18,0.5902016486507977,1,1.0,0,0.5710249842763313
RW18,19,0.5830172536826165,1,1.0,0,0.5603143312158017
RW18,20,0.5810826408538371,1,1.0,0,0.5603143312158017
RW18,21,0.5687453908621404,1,1.0,0,0.5459945306822482
RW18,22,0.5542246611230017,1,1.0,0,0.5328710198617528
RW18,23,0.5442080853160498,1,1.0,0,0.5218161815924625
RW18,24,0.5344692122433156,1,1.0,0,0.5125577567479308
RW18,25,0.518855432805061,1,1.0,0,0.5059305678399726
RW18,26,0.5265886448180515,1,1.0,0,0.47768492797406903
RW2,0,1.0,1,1.0,0,1.012793960657068
RW2,1,0.964138506194284,1,1.0,0,0.9924435031794856
RW2,2,0.9249040871235984,1,1.0,0,0.9435996036989994
RW2,3,0.8830402696076977,1,1.0,0,0.9502506942930827
RW2,4,0.8564110608744848,1,1.0,0,0.892140226843604
RW2,5,0.833163794491935,1,1.0,0,0.8640647426494114
RW2,6,0.8231850244197494,1,1.0,0,0.8208348952274378
RW2,7,0.8057852033709737,1,1.0,0,0.7860152880280037
RW2,8,0.7938715366638514,1,1.0,0,0.755847400171805
RW2,9,0.7860956497952659,1,1.0,0,0.758600913619418
RW2,10,0.766804449532973,1,1.0,0,0.7448386819363022
RW2,11,0.750728888947808,1,1.0,0,0.7996107834155963
RW2,12,0.7623324166830754,1,1.0,0,0.7904558339093737
RW2,13,0.7296788762480323,1,1.0,0,0.7753365209971184
RW2,14,0.7184708582425151,1,1.0,0,0.7701244636335065
RW2,15,0.7036508460351927,1,1.0,0,0.7518049600831755
RW2,16,0.6757157785547322,1,1.0,0,0.7331124251966131
RW2,17,0.6541025835422499,1,1.0,0,0.7131395059878977
RW2,18,0.6504949003103174,1,1.0,0,0.6884145241820685
RW2,19,0.652906214483479,1,1.0,0,0.657727624042288
RW2,20,0.6626729647795675,1,1.0,0,0.6552143479339967
RW2,21,0.6576724393157618,1,1.0,0,0.6394729147056794
RW2,22,0.6308359860989354,1,1.0,0,0.6085357065002516
RW2,23,0.5883539180772349,1,1.0,0,0.5722337238018806
RW2,24,0.5714726928240693,1,1.0,0,0.5561743386024831
RW22,0,1.0,1,1.0,0,1.0042328024143143
RW22,1,0.9739365032865775,1,1.0,0,0.9746252863404269
RW22,2,0.9553948808841696,1,1.0,0,0.9358180559101698
RW22,3,0.9149809498639752,1,1.0,0,0.9045188232911984
RW22,4,0.8618174981582503,1,1.0,0,0.87345934563839
RW22,5,0.8104095048251577,1,1.0,0,0.8475770926480967
RW22,6,0.765116336467881,1,1.0,0,0.8229591320199474
RW22,7,0.7463736626802354,1,1.0,0,0.812449134967495
RW22,8,0.6843131991933246,1,1.0,0,0.788460314771452
RW22,9,0.6666096162214906,1,1.0,0,0.775451657454754
RW26,0,1.0,1,1.0,0,1.0018783205345863
RW26,1,0.9695503888019508,1,1.0,0,0.974807049979434
RW26,2,0.9530525699746794,1,1.0,0,0.9448929426660327
RW26,3,0.9382100312250065,1,1.0,0,0.9235943057638956
RW26,4,0.9249710248364101,1,1.0,0,0.9014579282131655
RW26,5,0.9129597330190223,1,1.0,0,0.895523018532322
RW26,6,0.9039473720808919,1,1.0,0,0.8839587865745772
RW26,7,0.8938493013611533,1,1.0,0,0.8688154847066293
RW26,8,0.8838201049114417,1,1.0,0,0.8626013039798364
RW26,9,0.8776749057612828,1,1.0,0,0.8684672556964182
RW26,10,0.8664005053062743,1,1.0,0,0.8495064375417727
RW26,11,0.8577843772790714,1,1.0,0,0.8372053226375495
RW26,12,0.8512266479212676,1,1.0,0,0.8283238505207473
RW26,13,0.8442312363783513,1,1.0,0,0.7909269148340781
RW4,0,1.0,1,1.0,0,1.0010434647693744
RW4,1,0.952908142031966,1,1.0,0,0.960172621860138
RW4,2,0.9169005743143264,1,1.0,0,0.9405741117362805
RW4,3,0.8861547650375892,1,1.0,0,0.9065305416222981
RW4,4,0.8653798883913402,1,1.0,0,0.8939815933303782
RW4,5,0.8452071267530786,1,1.0,0,0.8659582708439266
RW4,6,0.8228878119106672,1,1.0,0,0.85283190171853
RW4,7,0.8034885437099676,1,1.0,0,0.8241295349044123
RW4,8,0.8175568100222665,1,1.0,0,0.8128710316216134
RW4,9,0.781835479764987,1,1.0,0,0.7785282002693512
RW4,10,0.7670246260000682,1,1.0,0,0.7657893918428728
RW4,11,0.7443543078487312,1,1.0,0,0.7418783038947937
RW4,12,0.7150665405639625,1,1.0,0,0.7074922786968534
RW4,13,0.6809715885638455,1,1.0,0,0.6879324361366284
RW4,14,0.6735233411679066,1,1.0,0,0.6629366613574591
RW4,15,0.6479957823508535,1,1.0,0,0.6415522338323992
RW4,16,0.6288981200103804,1,1.0,0,0.6387028859327012
RW4,17,0.6134212256861231,1,1.0,0,0.6022551467667312
RW4,18,0.5741659696180692,1,1.0,0,0.5625971858158889
RW10,0,1.0,1,1.0,1,0.9960395679697026
RW10,1,0.9784479629888402,1,1.0,1,0.9602162694547595
RW10,2,0.9453971298202616,1,1.0,1,0.9409508006958148
RW10,3,0.9117019022865598,1,1.0,1,0.9196329764791322
RW10,4,0.8914739157881061,1,1.0,1,0.8735419039370768
RW10,5,0.8372321175180194,1,1.0,1,0.8542770272193655
RW10,6,0.8164482337318268,1,1.0,1,0.8252076295372385
RW10,7,0.789437652957632,1,1.0,1,0.7689610071443703
RW10,8,0.7647575279451165,1,1.0,1,0.7542328165739158
RW10,9,0.7300635744525175,1,1.0,1,0.7307870750850529
RW10,10,0.7075228861352875,1,1.0,1,0.7059818909093122
RW10,11,0.6871342988910181,1,1.0,1,0.7025448572734
RW10,12,0.6697217219754731,1,1.0,1,0.6926227881521777
RW10,13,0.7116492649368324,1,1.0,1,0.6978378629280972
RW10,14,0.66327010566779,1,1.0,1,0.6628045115457352
RW10,15,0.647631852731416,1,1.0,1,0.6574484131997659
RW10,16,0.6309658064312244,1,1.0,1,0.6324197006806332
RW10,17,0.6208612914817577,1,1.0,1,0.619269787942321
RW10,18,0.6112498733264151,1,1.0,1,0.6092290864057299
RW10,19,0.6095624344801577,1,1.0,1,0.6034483084005088
RW10,20,0.6033896649944029,1,1.0,1,0.5949982929040807
RW10,21,0.5971527839004813,1,1.0,1,0.594844102461029
RW10,22,0.5886394830051586,1,1.0,1,0.5854578111696103
RW10,23,0.581456358011487,1,1.0,1,0.5763375012672839
RW10,24,0.5695013029658712,1,1.0,1,0.5636217732836605
RW10,25,0.5557961266569272,1,1.0,1,0.5640998304437844
RW10,26,0.5474051567570081,1,1.0,1,0.5605691020662575
RW10,27,0.55125687415375,1,1.0,1,0.5534333607846792
RW10,28,0.5453048889853013,1,1.0,1,0.5545231689481245
RW10,29,0.5460438670105365,1,1.0,1,0.5285547702384575
RW10,30,0.5345542267638814,1,1.0,1,0.5188380629291361
RW10,31,0.5489933336557506,1,1.0,1,0.5194578161862182
RW10,32,0.522382773482141,1,1.0,1,0.5026080238063279
RW10,33,0.5016148874153187,1,1.0,1,0.4832787694394917
RW10,34,0.45709804855548364,1,1.0,1,0.44479134944350446
RW10,35,0.44563736559742767,1,1.0,1,0.4175498375607362
RW10,36,0.4211045686596346,1,1.0,1,0.4200366611806196
RW10,37,0.4077546171475978,1,1.0,1,0.39679793790888096
RW10,38,0.4021701914678571,1,1.0,1,0.40052272530174016
RW14,0,1.0,1,1.0,1,0.99811801409484
RW14,1,0.9644332069664016,1,1.0,1,0.9566117161862374
RW14,2,0.9213533384370284,1,1.0,1,0.8967723890664726
RW14,3,0.8707123594457894,1,1.0,1,0.8839922300384977
RW14,4,0.8348278945661182,1,1.0,1,0.8196468706983471
RW14,5,0.8004024718366409,1,1.0,1,0.7891236831127796
RW14,6,0.7430047115117226,1,1.0,1,0.7646408466557072
RW14,7,0.709476468046898,1,1.0,1,0.7293524026309273
RW14,8,0.6823027697859351,1,1.0,1,0.6993102589215433
RW14,9,0.6585988334150349,1,1.0,1,0.6784249630353799
RW14,10,0.6253776891267986,1,1.0,1,0.6754497286943302
RW14,11,0.5924706416874056,1,1.0,1,0.6365607530259754
RW14,12,0.57601843109804,1,1.0,1,0.6291542826023301
RW14,13,0.5535409217390064,1,1.0,1,0.6128704266909795
RW14,14,0.5387222453480347,1,1.0,1,0.5878879010450104
RW14,15,0.552867285851326,1,1.0,1,0.5715605104547884
RW14,16,0.5036045429058008,1,1.0,1,0.5485412151906336
RW14,17,0.47883058910976284,1,1.0,1,0.5540257409843233
RW14,18,0.4728937060347926,1,1.0,1,0.5342433357856107
RW14,19,0.45854169582917254,1,1.0,1,0.5212638587135738
RW14,20,0.4518166502306318,1,1.0,1,0.5132802133912416
RW14,21,0.432531360836441,1,1.0,1,0.5032898916744608
RW14,22,0.4200841979206751,1,1.0,1,0.4906473674121273
RW14,23,0.4157935443883638,1,1.0,1,0.46557950644198537
RW18,0,1.0,1,1.0,1,1.0033584039559347
RW18,1,0.9977330149235677,1,1.0,1,1.0033584039559347
RW18,2,0.9213655815556884,1,1.0,1,0.9405465528698784
RW18,3,0.8925716791703614,1,1.0,1,0.9226697747684636
RW18,4,0.8718443394852413,1,1.0,1,0.8829995368045579
RW18,5,0.8419174377110581,1,1.0,1,0.859008283479003
RW18,6,0.813365853114081,1,1.0,1,0.833324610539661
RW18,7,0.7961193757129356,1,1.0,1,0.8086214195696487
RW18,8,0.7800851421665592,1,1.0,1,0.7719100098622121
RW18,9,0.75369280553753,1,1.0,1,0.7491263217239853
RW18,10,0.7376318600570141,1,1.0,1,0.7229756587141872
RW18,11,0.7056274349360556,1,1.0,1,0.6923828125125064
RW18,12,0.6816641704071746,1,1.0,1,0.6696913209114664
RW18,13,0.6705293405758124,1,1.0,1,0.6453733992276154
RW18,14,0.65689339822108,1,1.0,1,0.6258977057622536
RW18,15,0.6375308971062369,1,1.0,1,0.610524330430919
RW18,16,0.6343281547363112,1,1.0,1,0.6044388057179242
RW18,17,0.609856009753373,1,1.0,1,0.5838435433972035
RW18,18,0.5902016486507977,1,1.0,1,0.5681210017738405
RW18,19,0.5830172536826165,1,1.0,1,0.5584029173865395
RW18,20,0.5810826408538371,1,1.0,1,0.5565993543669224
RW18,21,0.5687453908621404,1,1.0,1,0.5377406336082785
RW18,22,0.5542246611230017,1,1.0,1,0.5289375290129421
RW18,23,0.5442080853160498,1,1.0,1,0.5226436426153613
RW18,24,0.5344692122433156,1,1.0,1,0.512364027945315
RW18,25,0.518855432805061,1,1.0,1,0.5040506279202241
RW18,26,0.5265886448180515,1,1.0,1,0.482228395492028
RW2,0,1.0,1,1.0,1,1.0082736565214536
RW2,1,0.964138506194284,1,1.0,1,0.9869250298933525
RW2,2,0.9249040871235984,1,1.0,1,0.9431084884141246
RW2,3,0.8830402696076977,1,1.0,1,0.9412293005161867
RW2,4,0.8564110608744848,1,1.0,1,0.8987522370761419
RW2,5,0.833163794491935,1,1.0,1,0.8713882736551657
RW2,6,0.8231850244197494,1,1.0,1,0.8093367801655786
RW2,7,0.8057852033709737,1,1.0,1,0.7858874585589571
RW2,8,0.7938715366638514,1,1.0,1,0.753477389805774
RW2,9,0.7860956497952659,1,1.0,1,0.7502946061704134
RW2,10,0.766804449532973,1,1.0,1,0.7379634929864882
RW2,11,0.750728888947808,1,1.0,1,0.7828931706689243
RW2,12,0.7623324166830754,1,1.0,1,0.7652100747254343
RW2,13,0.7296788762480323,1,1.0,1,0.7674141394437141
RW2,14,0.7184708582425151,1,1.0,1,0.7642988521134182
RW2,15,0.7036508460351927,1,1.0,1,0.7509086365606661
RW2,16,0.6757157785547322,1,1.0,1,0.7268004547700133
RW2,17,0.6541025835422499,1,1.0,1,0.7061122704324817
RW2,18,0.6504949003103174,1,1.0,1,0.6880023592460176
RW2,19,0.652906214483479,1,1.0,1,0.6567689609719651
RW2,20,0.6626729647795675,1,1.0,1,0.6569490986604042
RW2,21,0.6576724393157618,1,1.0,1,0.6353387713294395
RW2,22,0.6308359860989354,1,1.0,1,0.6024745730448322
RW2,23,0.5883539180772349,1,1.0,1,0.5798010226258288
RW2,24,0.5714726928240693,1,1.0,1,0.5521067828149749
RW22,0,1.0,1,1.0,1,1.0037790081190476
RW22,1,0.9739365032865775,1,1.0,1,0.9761563672727478
RW22,2,0.9553948808841696,1,1.0,1,0.9379037877554628
RW22,3,0.9149809498639752,1,1.0,1,0.9101388979931563
RW22,4,0.8618174981582503,1,1.0,1,0.8731648955272013
RW22,5,0.8104095048251577,1,1.0,1,0.8444023848342744
RW22,6,0.765116336467881,1,1.0,1,0.8252824196807024
RW22,7,0.7463736626802354,1,1.0,1,0.804901175536476
RW22,8,0.6843131991933246,1,1.0,1,0.782030869052341
RW22,9,0.6666096162214906,1,1.0,1,0.7665903932785043
RW26,0,1.0,1,1.0,1,1.0012184369124524
RW26,1,0.9695503888019508,1,1.0,1,0.9728799760753064
RW26,2,0.9530525699746794,1,1.0,1,0.9417624434751903
RW26,3,0.9382100312250065,1,1.0,1,0.9194419795964763
RW26,4,0.9249710248364101,1,1.0,1,0.9023214612455313
RW26,5,0.9129597330190223,1,1.0,1,0.8915886875716036
RW26,6,0.9039473720808919,1,1.0,1,0.8776987296573177
RW26,7,0.8938493013611533,1,1.0,1,0.874952734753683
RW26,8,0.8838201049114417,1,1.0,1,0.8723883997122657
RW26,9,0.8776749057612828,1,1.0,1,0.8724143720437174
RW26,10,0.8664005053062743,1,1.0,1,0.8530588335531024
RW26,11,0.8577843772790714,1,1.0,1,0.8374202951725496
RW26,12,0.8512266479212676,1,1.0,1,0.8344273073838498
RW26,13,0.8442312363783513,1,1.0,1,0.7911893405184868
RW4,0,1.0,1,1.0,1,1.0055812951042982
RW4,1,0.952908142031966,1,1.0,1,0.9630823144158962
RW4,2,0.9169005743143264,1,1.0,1,0.9471116663739325
RW4,3,0.8861547650375892,1,1.0,1,0.8999290505634168
RW4,4,0.8653798883913402,1,1.0,1,0.8925644376499864
RW4,5,0.8452071267530786,1,1.0,1,0.8769062252591042
RW4,6,0.8228878119106672,1,1.0,1,0.8531332806470276
RW4,7,0.8034885437099676,1,1.0,1,0.8251769429041775
RW4,8,0.8175568100222665,1,1.0,1,0.8146849240396014
RW4,9,0.781835479764987,1,1.0,1,0.7810184790273341
RW4,10,0.7670246260000682,1,1.0,1,0.7620393511301989
RW4,11,0.7443543078487312,1,1.0,1,0.7357597604417478
RW4,12,0.7150665405639625,1,1.0,1,0.7097572314379943
RW4,13,0.6809715885638455,1,1.0,1,0.6877768282556109
RW4,14,0.6735233411679066,1,1.0,1,0.6591528459701705
RW4,15,0.6479957823508535,1,1.0,1,0.6351512054180803
RW4,16,0.6288981200103804,1,1.0,1,0.6327748827196651
RW4,17,0.6134212256861231,1,1.0,1,0.6038696306893927
RW4,18,0.5741659696180692,1,1.0,1,0.5640743625377711
RW10,0,1.0,1,1.0,2,0.9941237272011704
RW10,1,0.9784479629888402,1,1.0,2,0.9591768813596291
RW10,2,0.9453971298202616,1,1.0,2,0.9402844813251712
RW10,3,0.9117019022865598,1,1.0,2,0.915277869423456
RW10,4,0.8914739157881061,1,1.0,2,0.8697865967321718
RW10,5,0.8372321175180194,1,1.0,2,0.847973781238813
RW10,6,0.8164482337318268,1,1.0,2,0.8224287374787681
RW10,7,0.789437652957632,1,1.0,2,0.7640349718339746
RW10,8,0.7647575279451165,1,1.0,2,0.7598121797189287
RW10,9,0.7300635744525175,1,1.0,2,0.7365820004497834
RW10,10,0.7075228861352875,1,1.0,2,0.7117470860198714
RW10,11,0.6871342988910181,1,1.0,2,0.705792026197239
RW10,12,0.6697217219754731,1,1.0,2,0.6890909478217391
RW10,13,0.7116492649368324,1,1.0,2,0.698823126050633
RW10,14,0.66327010566779,1,1.0,2,0.65693261830359
RW10,15,0.647631852731416,1,1.0,2,0.6410200691211119
RW10,16,0.6309658064312244,1,1.0,2,0.6195830958039701
RW10,17,0.6208612914817577,1,1.0,2,0.6158127276875844
RW10,18,0.6112498733264151,1,1.0,2,0.6053472427757434
RW10,19,0.6095624344801577,1,1.0,2,0.5946791729077938
RW10,20,0.6033896649944029,1,1.0,2,0.5849192083700909
RW10,21,0.5971527839004813,1,1.0,2,0.5832227649888595
RW10,22,0.5886394830051586,1,1.0,2,0.5764302568402604
RW10,23,0.581456358011487,1,1.0,2,0.5735641437775583
RW10,24,0.5695013029658712,1,1.0,2,0.5692465181738207
RW10,25,0.5557961266569272,1,1.0,2,0.5685941806225581
RW10,26,0.5474051567570081,1,1.0,2,0.5630053096157976
RW10,27,0.55125687415375,1,1.0,2,0.5594834885588433
RW10,28,0.5453048889853013,1,1.0,2,0.5522850386137803
RW10,29,0.5460438670105365,1,1.0,2,0.5314599017429616
RW10,30,0.5345542267638814,1,1.0,2,0.5253339301777542
RW10,31,0.5489933336557506,1,1.0,2,0.5251593472499373
RW10,32,0.522382773482141,1,1.0,2,0.5186056504134029
RW10,33,0.5016148874153187,1,1.0,2,0.5082762511975752
RW10,34,0.45709804855548364,1,1.0,2,0.4417903992371065
RW10,35,0.44563736559742767,1,1.0,2,0.43000948288605323
RW10,36,0.4211045686596346,1,1.0,2,0.42412423734898785
RW10,37,0.4077546171475978,1,1.0,2,0.39604464283152796
RW10,38,0.4021701914678571,1,1.0,2,0.3936224461873923
RW14,0,1.0,1,1.0,2,0.999253797477133
RW14,1,0.9644332069664016,1,1.0,2,0.9567538502540749
RW14,2,0.9213533384370284,1,1.0,2,0.892563710537859
RW14,3,0.8707123594457894,1,1.0,2,0.8861616589022838
RW14,4,0.8348278945661182,1,1.0,2,0.8233582960977268
RW14,5,0.8004024718366409,1,1.0,2,0.7907045134097392
RW14,6,0.7430047115117226,1,1.0,2,0.7593321309100542
RW14,7,0.709476468046898,1,1.0,2,0.7179827930382342
RW14,8,0.6823027697859351,1,1.0,2,0.6986722443402139
RW14,9,0.6585988334150349,1,1.0,2,0.6756758676204875
RW14,10,0.6253776891267986,1,1.0,2,0.6651380255925718
RW14,11,0.5924706416874056,1,1.0,2,0.6209255450404052
RW14,12,0.57601843109804,1,1.0,2,0.6302076831106898
RW14,13,0.5535409217390064,1,1.0,2,0.6122397052284083
RW14,14,0.5387222453480347,1,1.0,2,0.5840527281758616
RW14,15,0.552867285851326,1,1.0,2,0.5714527274166158
RW14,16,0.5036045429058008,1,1.0,2,0.5457594094745121
RW14,17,0.47883058910976284,1,1.0,2,0.5477878795747292
RW14,18,0.4728937060347926,1,1.0,2,0.5335445042339945
RW14,19,0.45854169582917254,1,1.0,2,0.5116264666351813
RW14,20,0.4518166502306318,1,1.0,2,0.5084129149801508
RW14,21,0.432531360836441,1,1.0,2,0.49844948384260557
RW14,22,0.4200841979206751,1,1.0,2,0.4851335263174382
RW14,23,0.4157935443883638,1,1.0,2,0.4630019103132628
RW18,0,1.0,1,1.0,2,1.0015469753543425
RW18,1,0.9977330149235677,1,1.0,2,1.0015469753543425
RW18,2,0.9213655815556884,1,1.0,2,0.9392488887778394
RW18,3,0.8925716791703614,1,1.0,2,0.9239089157058065
RW18,4,0.8718443394852413,1,1.0,2,0.8846811172842716
RW18,5,0.8419174377110581,1,1.0,2,0.8586275985097117
RW18,6,0.813365853114081,1,1.0,2,0.8348258379475636
RW18,7,0.7961193757129356,1,1.0,2,0.8067756402241232
RW18,8,0.7800851421665592,1,1.0,2,0.7734866969595393
RW18,9,0.75369280553753,1,1.0,2,0.7500485035848266
RW18,10,0.7376318600570141,1,1.0,2,0.7186470624067036
RW18,11,0.7056274349360556,1,1.0,2,0.6811883058736332
RW18,12,0.6816641704071746,1,1.0,2,0.6574154449434666
RW18,13,0.6705293405758124,1,1.0,2,0.6399169980911239
RW18,14,0.65689339822108,1,1.0,2,0.6263936230703472
RW18,15,0.6375308971062369,1,1.0,2,0.6012797667890235
RW18,16,0.6343281547363112,1,1.0,2,0.6051817526072649
RW18,17,0.609856009753373,1,1.0,2,0.5838599413860571
RW18,18,0.5902016486507977,1,1.0,2,0.5723302110910916
RW18,19,0.5830172536826165,1,1.0,2,0.5594959718606788
RW18,20,0.5810826408538371,1,1.0,2,0.5565947775572989
RW18,21,0.5687453908621404,1,1.0,2,0.5414269923098223
RW18,22,0.5542246611230017,1,1.0,2,0.5247704398516245
RW18,23,0.5442080853160498,1,1.0,2,0.520889017207126
RW18,24,0.5344692122433156,1,1.0,2,0.5115080259928269
RW18,25,0.518855432805061,1,1.0,2,0.5017548147347817
RW18,26,0.5265886448180515,1,1.0,2,0.4809521045489796
RW2,0,1.0,1,1.0,2,1.014340984719574
RW2,1,0.964138506194284,1,1.0,2,0.9918120485238002
RW2,2,0.9249040871235984,1,1.0,2,0.9409713048533611
RW2,3,0.8830402696076977,1,1.0,2,0.9457837458429721
RW2,4,0.8564110608744848,1,1.0,2,0.8944135553047977
RW2,5,0.833163794491935,1,1.0,2,0.8646305989138584
RW2,6,0.8231850244197494,1,1.0,2,0.8116755600435089
RW2,7,0.8057852033709737,1,1.0,2,0.7744243828379727
RW2,8,0.7938715366638514,1,1.0,2,0.7492190762031107
RW2,9,0.7860956497952659,1,1.0,2,0.749930319999098
RW2,10,0.766804449532973,1,1.0,2,0.7355164501045999
RW2,11,0.750728888947808,1,1.0,2,0.7833110696082457
RW2,12,0.7623324166830754,1,1.0,2,0.7728181263097594
RW2,13,0.7296788762480323,1,1.0,2,0.7687206139909909
RW2,14,0.7184708582425151,1,1.0,2,0.7661193522292177
RW2,15,0.7036508460351927,1,1.0,2,0.7534165280149796
RW2,16,0.6757157785547322,1,1.0,2,0.7320877211461349
RW2,17,0.6541025835422499,1,1.0,2,0.7181455238958
RW2,18,0.6504949003103174,1,1.0,2,0.6895907821576323
RW2,19,0.652906214483479,1,1.0,2,0.6604330944356651
RW2,20,0.6626729647795675,1,1.0,2,0.6618831473820045
RW2,21,0.6576724393157618,1,1.0,2,0.6350305930320866
RW2,22,0.6308359860989354,1,1.0,2,0.6039325262498306
RW2,23,0.5883539180772349,1,1.0,2,0.5776155904010694
RW2,24,0.5714726928240693,1,1.0,2,0.5556764358076167
RW22,0,1.0,1,1.0,2,1.0035420236788308
RW22,1,0.9739365032865775,1,1.0,2,0.9771726328610295
RW22,2,0.9553948808841696,1,1.0,2,0.9394973046400572
RW22,3,0.9149809498639752,1,1.0,2,0.9097392221285403
RW22,4,0.8618174981582503,1,1.0,2,0.8705190387660369
RW22,5,0.8104095048251577,1,1.0,2,0.8470955074095242
RW22,6,0.765116336467881,1,1.0,2,0.8273088757659459
RW22,7,0.7463736626802354,1,1.0,2,0.8059684196563669
RW22,8,0.6843131991933246,1,1.0,2,0.7835094179383955
RW22,9,0.6666096162214906,1,1.0,2,0.7741719870526172
RW26,0,1.0,1,1.0,2,1.0012401899105812
RW26,1,0.9695503888019508,1,1.0,2,0.9729538908761403
RW26,2,0.9530525699746794,1,1.0,2,0.9433011417035367
RW26,3,0.9382100312250065,1,1.0,2,0.9214730033502573
RW26,4,0.9249710248364101,1,1.0,2,0.9026020093465675
RW26,5,0.9129597330190223,1,1.0,2,0.8951603450695131
RW26,6,0.9039473720808919,1,1.0,2,0.8818094181991067
RW26,7,0.8938493013611533,1,1.0,2,0.8677593765104945
RW26,8,0.8838201049114417,1,1.0,2,0.8636207641179294
RW26,9,0.8776749057612828,1,1.0,2,0.8689533867044893
RW26,10,0.8664005053062743,1,1.0,2,0.8504251530039736
RW26,11,0.8577843772790714,1,1.0,2,0.8417355037967283
RW26,12,0.8512266479212676,1,1.0,2,0.8267505754275958
RW26,13,0.8442312363783513,1,1.0,2,0.7944385612714615
RW4,0,1.0,1,1.0,2,1.006992302990301
RW4,1,0.952908142031966,1,1.0,2,0.9605771025076342
RW4,2,0.9169005743143264,1,1.0,2,0.9415472727729333
RW4,3,0.8861547650375892,1,1.0,2,0.9003951503891068
RW4,4,0.8653798883913402,1,1.0,2,0.8905671159782371
RW4,5,0.8452071267530786,1,1.0,2,0.8678462789026218
RW4,6,0.8228878119106672,1,1.0,2,0.8477647852415378
RW4,7,0.8034885437099676,1,1.0,2,0.828851239754074
RW4,8,0.8175568100222665,1,1.0,2,0.8128139638586768
RW4,9,0.781835479764987,1,1.0,2,0.7759965208295911
RW4,10,0.7670246260000682,1,1.0,2,0.7610227468279102
RW4,11,0.7443543078487312,1,1.0,2,0.7376259097994146
RW4,12,0.7150665405639625,1,1.0,2,0.7181325655326648
RW4,13,0.6809715885638455,1,1.0,2,0.6897925454960295
RW4,14,0.6735233411679066,1,1.0,2,0.6594118378194382
RW4,15,0.6479957823508535,1,1.0,2,0.6390565917022464
RW4,16,0.6288981200103804,1,1.0,2,0.6339108679150318
RW4,17,0.6134212256861231,1,1.0,2,0.6007958141203217
RW4,18,0.5741659696180692,1,1.0,2,0.5667016608367991
RW10,0,1.0,1,1.0,3,0.9984587092713744
RW10,1,0.9784479629888402,1,1.0,3,0.9655688745676119
RW10,2,0.9453971298202616,1,1.0,3,0.9426347544631987
RW10,3,0.9117019022865598,1,1.0,3,0.9183300242617637
RW10,4,0.8914739157881061,1,1.0,3,0.8758314665528076
RW10,5,0.8372321175180194,1,1.0,3,0.8517959567713841
RW10,6,0.8164482337318268,1,1.0,3,0.832938934694138
RW10,7,0.789437652957632,1,1.0,3,0.7670532423301312
RW10,8,0.7647575279451165,1,1.0,3,0.7513886440375932
RW10,9,0.7300635744525175,1,1.0,3,0.7392925437287964
RW10,10,0.7075228861352875,1,1.0,3,0.7222557240205381
RW10,11,0.6871342988910181,1,1.0,3,0.709548765856841
RW10,12,0.6697217219754731,1,1.0,3,0.6889433171045911
RW10,13,0.7116492649368324,1,1.0,3,0.6988005580136929
RW10,14,0.66327010566779,1,1.0,3,0.6598477208070234
RW10,15,0.647631852731416,1,1.0,3,0.6472771451973609
RW10,16,0.6309658064312244,1,1.0,3,0.613909010733724
RW10,17,0.6208612914817577,1,1.0,3,0.6036284270161962
RW10,18,0.6112498733264151,1,1.0,3,0.6019576491474472
RW10,19,0.6095624344801577,1,1.0,3,0.594108920436607
RW10,20,0.6033896649944029,1,1.0,3,0.5766854789030501
RW10,21,0.5971527839004813,1,1.0,3,0.5756611661574422
RW10,22,0.5886394830051586,1,1.0,3,0.5704964868671978
RW10,23,0.581456358011487,1,1.0,3,0.5667640288913119
RW10,24,0.5695013029658712,1,1.0,3,0.5559111605757604
RW10,25,0.5557961266569272,1,1.0,3,0.5518048105821837
RW10,26,0.5474051567570081,1,1.0,3,0.5541064997124736
RW10,27,0.55125687415375,1,1.0,3,0.5527521052459837
RW10,28,0.5453048889853013,1,1.0,3,0.550520662698252
RW10,29,0.5460438670105365,1,1.0,3,0.5251062896187821
RW10,30,0.5345542267638814,1,1.0,3,0.5250480408632511
RW10,31,0.5489933336557506,1,1.0,3,0.5249132224795932
RW10,32,0.522382773482141,1,1.0,3,0.5051480640951437
RW10,33,0.5016148874153187,1,1.0,3,0.48939493520692257
RW10,34,0.45709804855548364,1,1.0,3,0.4516543982111475
RW10,35,0.44563736559742767,1,1.0,3,0.4300778493017598
RW10,36,0.4211045686596346,1,1.0,3,0.41739270490461516
RW10,37,0.4077546171475978,1,1.0,3,0.40089047596017174
RW10,38,0.4021701914678571,1,1.0,3,0.3956340597352483
RW14,0,1.0,1,1.0,3,0.9985131009309371
RW14,1,0.9644332069664016,1,1.0,3,0.9554450227609558
RW14,2,0.9213533384370284,1,1.0,3,0.893178443314431
RW14,3,0.8707123594457894,1,1.0,3,0.8859511344003402
RW14,4,0.8348278945661182,1,1.0,3,0.8218910464876817
RW14,5,0.8004024718366409,1,1.0,3,0.7945777780443483
RW14,6,0.7430047115117226,1,1.0,3,0.761231309973872
RW14,7,0.709476468046898,1,1.0,3,0.7162248559485429
RW14,8,0.6823027697859351,1,1.0,3,0.6978468153555601
RW14,9,0.6585988334150349,1,1.0,3,0.6717118316783538
RW14,10,0.6253776891267986,1,1.0,3,0.651700207555098
RW14,11,0.5924706416874056,1,1.0,3,0.6397179295811133
RW14,12,0.57601843109804,1,1.0,3,0.6275869293401418
RW14,13,0.5535409217390064,1,1.0,3,0.6019292475338976
RW14,14,0.5387222453480347,1,1.0,3,0.5776859961747377
RW14,15,0.552867285851326,1,1.0,3,0.5633244495454198
RW14,16,0.5036045429058008,1,1.0,3,0.5471156943067426
RW14,17,0.47883058910976284,1,1.0,3,0.5521071047583621
RW14,18,0.4728937060347926,1,1.0,3,0.5375448342360631
RW14,19,0.45854169582917254,1,1.0,3,0.5205528218327361
RW14,20,0.4518166502306318,1,1.0,3,0.512490668512189
RW14,21,0.432531360836441,1,1.0,3,0.5023768582120381
RW14,22,0.4200841979206751,1,1.0,3,0.491084858547351
RW14,23,0.4157935443883638,1,1.0,3,0.4646388198123937
RW18,0,1.0,1,1.0,3,1.0039592057679747
RW18,1,0.9977330149235677,1,1.0,3,1.0043102189461455
RW18,2,0.9213655815556884,1,1.0,3,0.9412049662132308
RW18,3,0.8925716791703614,1,1.0,3,0.925604882807629
RW18,4,0.8718443394852413,1,1.0,3,0.8843411352770972
RW18,5,0.8419174377110581,1,1.0,3,0.8552432884644463
RW18,6,0.813365853114081,1,1.0,3,0.8379584595986934
RW18,7,0.7961193757129356,1,1.0,3,0.8132442092073126
RW18,8,0.7800851421665592,1,1.0,3,0.7681486082329521
RW18,9,0.75369280553753,1,1.0,3,0.7491277972844563
RW18,10,0.7376318600570141,1,1.0,3,0.7164681608535547
RW18,11,0.7056274349360556,1,1.0,3,0.6871586612697745
RW18,12,0.6816641704071746,1,1.0,3,0.6618439502693247
RW18,13,0.6705293405758124,1,1.0,3,0.6435477434383488
RW18,14,0.65689339822108,1,1.0,3,0.6274498162856014
RW18,15,0.6375308971062369,1,1.0,3,0.6051978817028276
RW18,16,0.6343281547363112,1,1.0,3,0.6069236412046237
RW18,17,0.609856009753373,1,1.0,3,0.5788579469265122
RW18,18,0.5902016486507977,1,1.0,3,0.570679424485628
RW18,19,0.5830172536826165,1,1.0,3,0.5625800939975677
RW18,20,0.5810826408538371,1,1.0,3,0.5588884361051958
RW18,21,0.5687453908621404,1,1.0,3,0.547099413801117
RW18,22,0.5542246611230017,1,1.0,3,0.5327561435146517
RW18,23,0.5442080853160498,1,1.0,3,0.520926872002634
RW18,24,0.5344692122433156,1,1.0,3,0.5116187813105914
RW18,25,0.518855432805061,1,1.0,3,0.5022227977025676
RW18,26,0.5265886448180515,1,1.0,3,0.4792132573794933
RW2,0,1.0,1,1.0,3,1.0158568068680263
RW2,1,0.964138506194284,1,1.0,3,0.9952360276661585
RW2,2,0.9249040871235984,1,1.0,3,0.944201320185628
RW2,3,0.8830402696076977,1,1.0,3,0.9404257015261877
RW2,4,0.8564110608744848,1,1.0,3,0.8923279031121238
RW2,5,0.833163794491935,1,1.0,3,0.8524608279984226
RW2,6,0.8231850244197494,1,1.0,3,0.8118062175797957
RW2,7,0.8057852033709737,1,1.0,3,0.7818411207494932
RW2,8,0.7938715366638514,1,1.0,3,0.7532219125120748
RW2,9,0.7860956497952659,1,1.0,3,0.7516778716179282
RW2,10,0.766804449532973,1,1.0,3,0.7359307684228269
RW2,11,0.750728888947808,1,1.0,3,0.7874840603581532
RW2,12,0.7623324166830754,1,1.0,3,0.7761997697488716
RW2,13,0.7296788762480323,1,1.0,3,0.7755761879577548
RW2,14,0.7184708582425151,1,1.0,3,0.7715186696184568
RW2,15,0.7036508460351927,1,1.0,3,0.7571550341490902
RW2,16,0.6757157785547322,1,1.0,3,0.7292040222378816
RW2,17,0.6541025835422499,1,1.0,3,0.7080467069048881
RW2,18,0.6504949003103174,1,1.0,3,0.6866977703803786
RW2,19,0.652906214483479,1,1.0,3,0.6598801532248496
RW2,20,0.6626729647795675,1,1.0,3,0.6542640488954053
RW2,21,0.6576724393157618,1,1.0,3,0.6301366022037518
RW2,22,0.6308359860989354,1,1.0,3,0.6046282496185309
RW2,23,0.5883539180772349,1,1.0,3,0.5731124784550102
RW2,24,0.5714726928240693,1,1.0,3,0.5599440562322668
RW22,0,1.0,1,1.0,3,1.0036318486925624
RW22,1,0.9739365032865775,1,1.0,3,0.9750413081878032
RW22,2,0.9553948808841696,1,1.0,3,0.9344943987564825
RW22,3,0.9149809498639752,1,1.0,3,0.9079214712860526
RW22,4,0.8618174981582503,1,1.0,3,0.8680295216660163
RW22,5,0.8104095048251577,1,1.0,3,0.8489146693536729
RW22,6,0.765116336467881,1,1.0,3,0.8213842367496149
RW22,7,0.7463736626802354,1,1.0,3,0.8074861161479833
RW22,8,0.6843131991933246,1,1.0,3,0.7838418932273311
RW22,9,0.6666096162214906,1,1.0,3,0.7681515160114304
RW26,0,1.0,1,1.0,3,1.0007952767295833
RW26,1,0.9695503888019508,1,1.0,3,0.9726200673828395
RW26,2,0.9530525699746794,1,1.0,3,0.9425065212218008
RW26,3,0.9382100312250065,1,1.0,3,0.9277505697438071
RW26,4,0.9249710248364101,1,1.0,3,0.9036921122667704
RW26,5,0.9129597330190223,1,1.0,3,0.894667147232493
RW26,6,0.9039473720808919,1,1.0,3,0.8816756370903074
RW26,7,0.8938493013611533,1,1.0,3,0.8747605116545099
RW26,8,0.8838201049114417,1,1.0,3,0.8725576558951693
RW26,9,0.8776749057612828,1,1.0,3,0.8718249017516688
RW26,10,0.8664005053062743,1,1.0,3,0.8502387238843829
RW26,11,0.8577843772790714,1,1.0,3,0.8406674005127316
RW26,12,0.8512266479212676,1,1.0,3,0.8321002166240273
RW26,13,0.8442312363783513,1,1.0,3,0.793436391264001
RW4,0,1.0,1,1.0,3,1.003249761505569
RW4,1,0.952908142031966,1,1.0,3,0.9686385541129708
RW4,2,0.9169005743143264,1,1.0,3,0.9447904028778619
RW4,3,0.8861547650375892,1,1.0,3,0.9023270695240517
RW4,4,0.8653798883913402,1,1.0,3,0.8902114643824713
RW4,5,0.8452071267530786,1,1.0,3,0.873298522617815
RW4,6,0.8228878119106672,1,1.0,3,0.8495150009180051
RW4,7,0.8034885437099676,1,1.0,3,0.8216561379989817
RW4,8,0.8175568100222665,1,1.0,3,0.8093219804244014
RW4,9,0.781835479764987,1,1.0,3,0.7733073451757064
RW4,10,0.7670246260000682,1,1.0,3,0.7580373439317144
RW4,11,0.7443543078487312,1,1.0,3,0.7329730337460181
RW4,12,0.7150665405639625,1,1.0,3,0.712059184530667
RW4,13,0.6809715885638455,1,1.0,3,0.6887997782543597
RW4,14,0.6735233411679066,1,1.0,3,0.6641410997640882
RW4,15,0.6479957823508535,1,1.0,3,0.6338582459522611
RW4,16,0.6288981200103804,1,1.0,3,0.6340512404739893
RW4,17,0.6134212256861231,1,1.0,3,0.6026508776862389
RW4,18,0.5741659696180692,1,1.0,3,0.5678162519315887
RW10,0,1.0,1,1.0,4,0.997659912076019
RW10,1,0.9784479629888402,1,1.0,4,0.964466160293662
RW10,2,0.9453971298202616,1,1.0,4,0.9463374347264323
RW10,3,0.9117019022865598,1,1.0,4,0.9134919593190866
RW10,4,0.8914739157881061,1,1.0,4,0.8720132518016307
RW10,5,0.8372321175180194,1,1.0,4,0.8492700457933059
RW10,6,0.8164482337318268,1,1.0,4,0.8282039558579606
RW10,7,0.789437652957632,1,1.0,4,0.7585606505966972
RW10,8,0.7647575279451165,1,1.0,4,0.7490749531913243
RW10,9,0.7300635744525175,1,1.0,4,0.7281019845622972
RW10,10,0.7075228861352875,1,1.0,4,0.7050850148720169
RW10,11,0.6871342988910181,1,1.0,4,0.6989979725182162
RW10,12,0.6697217219754731,1,1.0,4,0.6749036864821303
RW10,13,0.7116492649368324,1,1.0,4,0.6882321518026712
RW10,14,0.66327010566779,1,1.0,4,0.6531242215707146
RW10,15,0.647631852731416,1,1.0,4,0.6473846888241467
RW10,16,0.6309658064312244,1,1.0,4,0.6089495277789312
RW10,17,0.6208612914817577,1,1.0,4,0.5968525504306381
RW10,18,0.6112498733264151,1,1.0,4,0.5982920266438237
RW10,19,0.6095624344801577,1,1.0,4,0.5969261945833854
RW10,20,0.6033896649944029,1,1.0,4,0.5834366051463887
RW10,21,0.5971527839004813,1,1.0,4,0.5797252183694815
RW10,22,0.5886394830051586,1,1.0,4,0.5706916553115166
RW10,23,0.581456358011487,1,1.0,4,0.5549666336693765
RW10,24,0.5695013029658712,1,1.0,4,0.5472711291514876
RW10,25,0.5557961266569272,1,1.0,4,0.5459026639260525
RW10,26,0.5474051567570081,1,1.0,4,0.5476199911399012
RW10,27,0.55125687415375,1,1.0,4,0.5444539589305659
RW10,28,0.5453048889853013,1,1.0,4,0.5417708622911855
RW10,29,0.5460438670105365,1,1.0,4,0.5167431943030872
RW10,30,0.5345542267638814,1,1.0,4,0.5136658033145179
RW10,31,0.5489933336557506,1,1.0,4,0.5151974071458442
RW10,32,0.522382773482141,1,1.0,4,0.5003565321151267
RW10,33,0.5016148874153187,1,1.0,4,0.4839739774080518
RW10,34,0.45709804855548364,1,1.0,4,0.4546284162858323
RW10,35,0.44563736559742767,1,1.0,4,0.4212495109670706
RW10,36,0.4211045686596346,1,1.0,4,0.42210800963771017
RW10,37,0.4077546171475978,1,1.0,4,0.39520298372258994
RW10,38,0.4021701914678571,1,1.0,4,0.3991901569110162
RW14,0,1.0,1,1.0,4,0.999819245719637
RW14,1,0.9644332069664016,1,1.0,4,0.9586852834580161
RW14,2,0.9213533384370284,1,1.0,4,0.8986357683257413
RW14,3,0.8707123594457894,1,1.0,4,0.8800413775257342
RW14,4,0.8348278945661182,1,1.0,4,0.8288152507301377
RW14,5,0.8004024718366409,1,1.0,4,0.7926710949351378
RW14,6,0.7430047115117226,1,1.0,4,0.7639000983895203
RW14,7,0.709476468046898,1,1.0,4,0.7257595718979811
RW14,8,0.6823027697859351,1,1.0,4,0.6999365165219086
RW14,9,0.6585988334150349,1,1.0,4,0.6832326406641875
RW14,10,0.6253776891267986,1,1.0,4,0.6585278140303171
RW14,11,0.5924706416874056,1,1.0,4,0.6348440134336168
RW14,12,0.57601843109804,1,1.0,4,0.6340615653651585
RW14,13,0.5535409217390064,1,1.0,4,0.6132156641507571
RW14,14,0.5387222453480347,1,1.0,4,0.587687280951619
RW14,15,0.552867285851326,1,1.0,4,0.5652614699630023
RW14,16,0.5036045429058008,1,1.0,4,0.5491512374518795
RW14,17,0.47883058910976284,1,1.0,4,0.5541511471463487
RW14,18,0.4728937060347926,1,1.0,4,0.5335750153657076
RW14,19,0.45854169582917254,1,1.0,4,0.5222435806709224
RW14,20,0.4518166502306318,1,1.0,4,0.5131112556963702
RW14,21,0.432531360836441,1,1.0,4,0.504976328157698
RW14,22,0.4200841979206751,1,1.0,4,0.4911399087789851
RW14,23,0.4157935443883638,1,1.0,4,0.4657081672968456
RW18,0,1.0,1,1.0,4,1.0042232361360321
RW18,1,0.9977330149235677,1,1.0,4,1.0042232361360321
RW18,2,0.9213655815556884,1,1.0,4,0.943550331736913
RW18,3,0.8925716791703614,1,1.0,4,0.9248300989116522
RW18,4,0.8718443394852413,1,1.0,4,0.8857808924509202
RW18,5,0.8419174377110581,1,1.0,4,0.857197519991775
RW18,6,0.813365853114081,1,1.0,4,0.8425356858649313
RW18,7,0.7961193757129356,1,1.0,4,0.8098793053072063
RW18,8,0.7800851421665592,1,1.0,4,0.7694487292651576
RW18,9,0.75369280553753,1,1.0,4,0.7487394947707533
RW18,10,0.7376318600570141,1,1.0,4,0.721170620636501
RW18,11,0.7056274349360556,1,1.0,4,0.6929649540760593
RW18,12,0.6816641704071746,1,1.0,4,0.6706238849897557
RW18,13,0.6705293405758124,1,1.0,4,0.6466297742796072
RW18,14,0.65689339822108,1,1.0,4,0.6336701899214976
RW18,15,0.6375308971062369,1,1.0,4,0.6133660465119738
RW18,16,0.6343281547363112,1,1.0,4,0.6139916894085884
RW18,17,0.609856009753373,1,1.0,4,0.5795738609644456
RW18,18,0.5902016486507977,1,1.0,4,0.5757195744722445
RW18,19,0.5830172536826165,1,1.0,4,0.5649454504599964
RW18,20,0.5810826408538371,1,1.0,4,0.5638623090557022
RW18,21,0.5687453908621404,1,1.0,4,0.5475987784641967
RW18,22,0.5542246611230017,1,1.0,4,0.534746458409745
RW18,23,0.5442080853160498,1,1.0,4,0.5268110814087984
RW18,24,0.5344692122433156,1,1.0,4,0.5164160872137075
RW18,25,0.518855432805061,1,1.0,4,0.5087764556506184
RW18,26,0.5265886448180515,1,1.0,4,0.48639085821723077
RW2,0,1.0,1,1.0,4,1.0135358102079433
RW2,1,0.964138506194284,1,1.0,4,0.996638957088126
RW2,2,0.9249040871235984,1,1.0,4,0.9414354593829953
RW2,3,0.8830402696076977,1,1.0,4,0.9519061299735295
RW2,4,0.8564110608744848,1,1.0,4,0.8986779578832466
RW2,5,0.833163794491935,1,1.0,4,0.8652989368980897
RW2,6,0.8231850244197494,1,1.0,4,0.7958797155457187
RW2,7,0.8057852033709737,1,1.0,4,0.7834789425665001
RW2,8,0.7938715366638514,1,1.0,4,0.7522737726773674
RW2,9,0.7860956497952659,1,1.0,4,0.7503123301817003
RW2,10,0.766804449532973,1,1.0,4,0.7352638545584925
RW2,11,0.750728888947808,1,1.0,4,0.7847106453941789
RW2,12,0.7623324166830754,1,1.0,4,0.7727775428352164
RW2,13,0.7296788762480323,1,1.0,4,0.7731576118963569
RW2,14,0.7184708582425151,1,1.0,4,0.7711448522766179
RW2,15,0.7036508460351927,1,1.0,4,0.75065252114253
RW2,16,0.6757157785547322,1,1.0,4,0.7334124355733641
RW2,17,0.6541025835422499,1,1.0,4,0.7204832853725293
RW2,18,0.6504949003103174,1,1.0,4,0.6927848568132327
RW2,19,0.652906214483479,1,1.0,4,0.6632327969452202
RW2,20,0.6626729647795675,1,1.0,4,0.6592543766336413
RW2,21,0.6576724393157618,1,1.0,4,0.6375718262097617
RW2,22,0.6308359860989354,1,1.0,4,0.6067012105034564
RW2,23,0.5883539180772349,1,1.0,4,0.5691273230251886
RW2,24,0.5714726928240693,1,1.0,4,0.5575164755713407
RW22,0,1.0,1,1.0,4,1.0035435767023821
RW22,1,0.9739365032865775,1,1.0,4,0.9767631534313088
RW22,2,0.9553948808841696,1,1.0,4,0.9412330301365642
RW22,3,0.9149809498639752,1,1.0,4,0.9095421364608085
RW22,4,0.8618174981582503,1,1.0,4,0.8679518934133236
RW22,5,0.8104095048251577,1,1.0,4,0.8430942684893193
RW22,6,0.765116336467881,1,1.0,4,0.8237780587983178
RW22,7,0.7463736626802354,1,1.0,4,0.8105844287593558
RW22,8,0.6843131991933246,1,1.0,4,0.7877360724003618
RW22,9,0.6666096162214906,1,1.0,4,0.7733672737410141
RW26,0,1.0,1,1.0,4,1.0011704401391854
RW26,1,0.9695503888019508,1,1.0,4,0.9725739558065613
RW26,2,0.9530525699746794,1,1.0,4,0.9434440379040351
RW26,3,0.9382100312250065,1,1.0,4,0.9221320754941762
RW26,4,0.9249710248364101,1,1.0,4,0.9002032551393669
RW26,5,0.9129597330190223,1,1.0,4,0.8892242130917478
RW26,6,0.9039473720808919,1,1.0,4,0.8760775409422007
RW26,7,0.8938493013611533,1,1.0,4,0.8711304686552841
RW26,8,0.8838201049114417,1,1.0,4,0.870065260714658
RW26,9,0.8776749057612828,1,1.0,4,0.8669714032395268
RW26,10,0.8664005053062743,1,1.0,4,0.8521530596674071
RW26,11,0.8577843772790714,1,1.0,4,0.837992981746353
RW26,12,0.8512266479212676,1,1.0,4,0.8288119644225094
RW26,13,0.8442312363783513,1,1.0,4,0.779913266618682
RW4,0,1.0,1,1.0,4,1.0070591633800936
RW4,1,0.952908142031966,1,1.0,4,0.9632440102499042
RW4,2,0.9169005743143264,1,1.0,4,0.9429574777675628
RW4,3,0.8861547650375892,1,1.0,4,0.9037310907088074
RW4,4,0.8653798883913402,1,1.0,4,0.8962498384988717
RW4,5,0.8452071267530786,1,1.0,4,0.8750557920864331
RW4,6,0.8228878119106672,1,1.0,4,0.8549662663332186
RW4,7,0.8034885437099676,1,1.0,4,0.8258098114415658
RW4,8,0.8175568100222665,1,1.0,4,0.8122558729940803
RW4,9,0.781835479764987,1,1.0,4,0.7759930180819593
RW4,10,0.7670246260000682,1,1.0,4,0.7633893213031903
RW4,11,0.7443543078487312,1,1.0,4,0.7352125538653708
RW4,12,0.7150665405639625,1,1.0,4,0.713969729801955
RW4,13,0.6809715885638455,1,1.0,4,0.6845100608096099
RW4,14,0.6735233411679066,1,1.0,4,0.6585149011746207
RW4,15,0.6479957823508535,1,1.0,4,0.6375225545182218
RW4,16,0.6288981200103804,1,1.0,4,0.635705106973553
RW4,17,0.6134212256861231,1,1.0,4,0.6044484922720912
RW4,18,0.5741659696180692,1,1.0,4,0.5641533661007914
RW10,0,1.0,1,0.5,0,0.9955353243192495
RW10,1,0.9784479629888402,1,0.5,0,0.9699963331136209
RW10,2,0.9453971298202616,1,0.5,0,0.9389922092236137
RW10,3,0.9117019022865598,1,0.5,0,0.9285730535839956
RW10,4,0.8914739157881061,1,0.5,0,0.9035625817537758
RW10,5,0.8372321175180194,1,0.5,0,0.854179056374129
RW10,6,0.8164482337318268,1,0.5,0,0.8035237104164612
RW10,7,0.789437652957632,1,0.5,0,0.774791811545329
RW10,8,0.7647575279451165,1,0.5,0,0.7776276664326359
RW10,9,0.7300635744525175,1,0.5,0,0.7459952136047981
RW10,10,0.7075228861352875,1,0.5,0,0.7063035930252723
RW10,11,0.6871342988910181,1,0.5,0,0.6909924630024155
RW10,12,0.6697217219754731,1,0.5,0,0.7020623947225217
RW10,13,0.7116492649368324,1,0.5,0,0.7113407736122691
RW10,14,0.66327010566779,1,0.5,0,0.6508834686401382
RW10,15,0.647631852731416,1,0.5,0,0.6508439244427128
RW10,16,0.6309658064312244,1,0.5,0,0.6331013852589132
RW10,17,0.6208612914817577,1,0.5,0,0.6232771166979826
RW10,18,0.6112498733264151,1,0.5,0,0.5927304240072393
RW10,19,0.6095624344801577,1,0.5,0,0.5979987292994599
RW10,20,0.6033896649944029,1,0.5,0,0.5849720258650295
RW10,21,0.5971527839004813,1,0.5,0,0.5888477115880516
RW10,22,0.5886394830051586,1,0.5,0,0.5822327884131451
RW10,23,0.581456358011487,1,0.5,0,0.5634862230960601
RW10,24,0.5695013029658712,1,0.5,0,0.5562963833692829
RW10,25,0.5557961266569272,1,0.5,0,0.5566778727111882
RW10,26,0.5474051567570081,1,0.5,0,0.5543482460741616
RW10,27,0.55125687415375,1,0.5,0,0.5356134004933013
RW10,28,0.5453048889853013,1,0.5,0,0.5390615778043967
RW10,29,0.5460438670105365,1,0.5,0,0.5162148444775091
RW10,30,0.5345542267638814,1,0.5,0,0.5089843130756054
RW10,31,0.5489933336557506,1,0.5,0,0.5083776004275857
RW10,32,0.522382773482141,1,0.5,0,0.48708971927566674
RW10,33,0.5016148874153187,1,0.5,0,0.46583813221838144
RW10,34,0.45709804855548364,1,0.5,0,0.4507926637288785
RW10,35,0.44563736559742767,1,0.5,0,0.44759882005652013
RW10,36,0.4211045686596346,1,0.5,0,0.41364666862384
RW10,37,0.4077546171475978,1,0.5,0,0.38399749330784305
RW10,38,0.4021701914678571,1,0.5,0,0.38421937041923443
RW14,0,1.0,1,0.5,0,0.9997496110181109
RW14,1,0.9644332069664016,1,0.5,0,0.957433819557414
RW14,2,0.9213533384370284,1,0.5,0,0.904390110301691
RW14,3,0.8707123594457894,1,0.5,0,0.899617612299821
RW14,4,0.8348278945661182,1,0.5,0,0.8277805412371786
RW14,5,0.8004024718366409,1,0.5,0,0.8169174000585504
RW14,6,0.7430047115117226,1,0.5,0,0.7626630189728228
RW14,7,0.709476468046898,1,0.5,0,0.7475816294495077
RW14,8,0.6823027697859351,1,0.5,0,0.7153064132160517
RW14,9,0.6585988334150349,1,0.5,0,0.6641384208883624
RW14,10,0.6253776891267986,1,0.5,0,0.6545111110824725
RW14,11,0.5924706416874056,1,0.5,0,0.6396748148440217
RW14,12,0.57601843109804,1,0.5,0,0.6282513738334842
RW14,13,0.5535409217390064,1,0.5,0,0.5981013997168495
RW14,14,0.5387222453480347,1,0.5,0,0.592130972171328
RW14,15,0.552867285851326,1,0.5,0,0.5675446703120257
RW14,16,0.5036045429058008,1,0.5,0,0.5489390384642385
RW14,17,0.47883058910976284,1,0.5,0,0.5562782542575264
RW14,18,0.4728937060347926,1,0.5,0,0.537318589594133
RW14,19,0.45854169582917254,1,0.5,0,0.5153163361753008
RW14,20,0.4518166502306318,1,0.5,0,0.5117900506316466
RW14,21,0.432531360836441,1,0.5,0,0.5062418148176178
RW14,22,0.4200841979206751,1,0.5,0,0.4926533352347845
RW14,23,0.4157935443883638,1,0.5,0,0.4696448418345869
RW18,0,1.0,1,0.5,0,1.0049977702254147
RW18,1,0.9977330149235677,1,0.5,0,1.0049977702254147
RW18,2,0.9213655815556884,1,0.5,0,0.930308741233297
RW18,3,0.8925716791703614,1,0.5,0,0.924355925433709
RW18,4,0.8718443394852413,1,0.5,0,0.8778882625667231
RW18,5,0.8419174377110581,1,0.5,0,0.8524095969535441
RW18,6,0.813365853114081,1,0.5,0,0.8317645643517856
RW18,7,0.7961193757129356,1,0.5,0,0.803632801659437
RW18,8,0.7800851421665592,1,0.5,0,0.770414038378017
RW18,9,0.75369280553753,1,0.5,0,0.760069982322199
RW18,10,0.7376318600570141,1,0.5,0,0.6986819432077338
RW18,11,0.7056274349360556,1,0.5,0,0.6941406730335932
RW18,12,0.6816641704071746,1,0.5,0,0.6695665060643916
RW18,13,0.6705293405758124,1,0.5,0,0.6348968070630896
RW18,14,0.65689339822108,1,0.5,0,0.6080649270943735
RW18,15,0.6375308971062369,1,0.5,0,0.6055322034001398
RW18,16,0.6343281547363112,1,0.5,0,0.6085116009962567
RW18,17,0.609856009753373,1,0.5,0,0.5856114409435399
RW18,18,0.5902016486507977,1,0.5,0,0.5570001822049538
RW18,19,0.5830172536826165,1,0.5,0,0.5477563638705849
RW18,20,0.5810826408538371,1,0.5,0,0.5478010149459067
RW18,21,0.5687453908621404,1,0.5,0,0.5238755213014296
RW18,22,0.5542246611230017,1,0.5,0,0.517142687280372
RW18,23,0.5442080853160498,1,0.5,0,0.514039056997495
RW18,24,0.5344692122433156,1,0.5,0,0.5106548612288918
RW18,25,0.518855432805061,1,0.5,0,0.49639675520952525
RW18,26,0.5265886448180515,1,0.5,0,0.4773722114886198
RW2,0,1.0,1,0.5,0,1.0088689444351207
RW2,1,0.964138506194284,1,0.5,0,0.9773699823729565
RW2,2,0.9249040871235984,1,0.5,0,0.9501719807167889
RW2,3,0.8830402696076977,1,0.5,0,0.9343567622603014
RW2,4,0.8564110608744848,1,0.5,0,0.8950651602373907
RW2,5,0.833163794491935,1,0.5,0,0.8720761515910128
RW2,6,0.8231850244197494,1,0.5,0,0.8430477630642673
RW2,7,0.8057852033709737,1,0.5,0,0.7849825141781237
RW2,8,0.7938715366638514,1,0.5,0,0.7598148825811778
RW2,9,0.7860956497952659,1,0.5,0,0.7524381542087528
RW2,10,0.766804449532973,1,0.5,0,0.7407009403119242
RW2,11,0.750728888947808,1,0.5,0,0.7832148011938043
RW2,12,0.7623324166830754,1,0.5,0,0.7801647443138886
RW2,13,0.7296788762480323,1,0.5,0,0.7790770124139941
RW2,14,0.7184708582425151,1,0.5,0,0.769663227340843
RW2,15,0.7036508460351927,1,0.5,0,0.7591355596486001
RW2,16,0.6757157785547322,1,0.5,0,0.7379325729564288
RW2,17,0.6541025835422499,1,0.5,0,0.692962872540766
RW2,18,0.6504949003103174,1,0.5,0,0.6861700450792968
RW2,19,0.652906214483479,1,0.5,0,0.6877106906899386
RW2,20,0.6626729647795675,1,0.5,0,0.6531437123834725
RW2,21,0.6576724393157618,1,0.5,0,0.6242252257127058
RW2,22,0.6308359860989354,1,0.5,0,0.6099251951526147
RW2,23,0.5883539180772349,1,0.5,0,0.5864378344805994
RW2,24,0.5714726928240693,1,0.5,0,0.5619087007878929
RW22,0,1.0,1,0.5,0,1.0014473081791757
RW22,1,0.9739365032865775,1,0.5,0,0.9664615270599493
RW22,2,0.9553948808841696,1,0.5,0,0.9274786612660189
RW22,3,0.9149809498639752,1,0.5,0,0.9179748350494992
RW22,4,0.8618174981582503,1,0.5,0,0.8620249352015853
RW22,5,0.8104095048251577,1,0.5,0,0.8420836030191147
RW22,6,0.765116336467881,1,0.5,0,0.814756585998071
RW22,7,0.7463736626802354,1,0.5,0,0.7807841493480749
RW22,8,0.6843131991933246,1,0.5,0,0.7748853281946207
RW22,9,0.6666096162214906,1,0.5,0,0.7548424321171178
RW26,0,1.0,1,0.5,0,1.0013151788901955
RW26,1,0.9695503888019508,1,0.5,0,0.9675745915268321
RW26,2,0.9530525699746794,1,0.5,0,0.9482238912107551
RW26,3,0.9382100312250065,1,0.5,0,0.9218937627629185
RW26,4,0.9249710248364101,1,0.5,0,0.9175679140225151
RW26,5,0.9129597330190223,1,0.5,0,0.8866549364920349
RW26,6,0.9039473720808919,1,0.5,0,0.8753845485011642
RW26,7,0.8938493013611533,1,0.5,0,0.8775464230807506
RW26,8,0.8838201049114417,1,0.5,0,0.8776093815855788
RW26,9,0.8776749057612828,1,0.5,0,0.8503239116716765
RW26,10,0.8664005053062743,1,0.5,0,0.8498149031576658
RW26,11,0.8577843772790714,1,0.5,0,0.8376361918875471
RW26,12,0.8512266479212676,1,0.5,0,0.8341011260149831
RW26,13,0.8442312363783513,1,0.5,0,0.7809849209972451
RW4,0,1.0,1,0.5,0,1.004930535181728
RW4,1,0.952908142031966,1,0.5,0,0.9586250617960751
RW4,2,0.9169005743143264,1,0.5,0,0.9429105681800684
RW4,3,0.8861547650375892,1,0.5,0,0.903160728619887
RW4,4,0.8653798883913402,1,0.5,0,0.8936469294761912
RW4,5,0.8452071267530786,1,0.5,0,0.8731476362958794
RW4,6,0.8228878119106672,1,0.5,0,0.8444981952788065
RW4,7,0.8034885437099676,1,0.5,0,0.831380097265225
RW4,8,0.8175568100222665,1,0.5,0,0.8162832909618764
RW4,9,0.781835479764987,1,0.5,0,0.7866634588830304
RW4,10,0.7670246260000682,1,0.5,0,0.7529384106706403
RW4,11,0.7443543078487312,1,0.5,0,0.7423253863702755
RW4,12,0.7150665405639625,1,0.5,0,0.694726045625292
RW4,13,0.6809715885638455,1,0.5,0,0.6900883356075314
RW4,14,0.6735233411679066,1,0.5,0,0.6720205577435535
RW4,15,0.6479957823508535,1,0.5,0,0.6355810652751092
RW4,16,0.6288981200103804,1,0.5,0,0.6262728435467699
RW4,17,0.6134212256861231,1,0.5,0,0.6130376494591923
RW4,18,0.5741659696180692,1,0.5,0,0.5755236934414324
RW10,0,1.0,1,0.5,1,0.9975818878726515
RW10,1,0.9784479629888402,1,0.5,1,0.9744464131004438
RW10,2,0.9453971298202616,1,0.5,1,0.9553950389998346
RW10,3,0.9117019022865598,1,0.5,1,0.9222172513256222
RW10,4,0.8914739157881061,1,0.5,1,0.8894653649142924
RW10,5,0.8372321175180194,1,0.5,1,0.8871590528953583
RW10,6,0.8164482337318268,1,0.5,1,0.8262761566556838
RW10,7,0.789437652957632,1,0.5,1,0.7749144603318318
RW10,8,0.7647575279451165,1,0.5,1,0.7621312512423842
RW10,9,0.7300635744525175,1,0.5,1,0.7605908978229072
RW10,10,0.7075228861352875,1,0.5,1,0.7041492440523417
RW10,11,0.6871342988910181,1,0.5,1,0.6743066906500527
RW10,12,0.6697217219754731,1,0.5,1,0.6661620894735375
RW10,13,0.7116492649368324,1,0.5,1,0.6864964003863059
RW10,14,0.66327010566779,1,0.5,1,0.6515861699954361
RW10,15,0.647631852731416,1,0.5,1,0.6409882306118012
RW10,16,0.6309658064312244,1,0.5,1,0.6243176241646164
RW10,17,0.6208612914817577,1,0.5,1,0.6079681281180208
RW10,18,0.6112498733264151,1,0.5,1,0.5889241709439557
RW10,19,0.6095624344801577,1,0.5,1,0.5880325460792762
RW10,20,0.6033896649944029,1,0.5,1,0.5901178817283362
RW10,21,0.5971527839004813,1,0.5,1,0.5775204517145223
RW10,22,0.5886394830051586,1,0.5,1,0.5809537163950813
RW10,23,0.581456358011487,1,0.5,1,0.5652719115769317
RW10,24,0.5695013029658712,1,0.5,1,0.5665001774890621
RW10,25,0.5557961266569272,1,0.5,1,0.5669367734808085
RW10,26,0.5474051567570081,1,0.5,1,0.5659246702888282
RW10,27,0.55125687415375,1,0.5,1,0.5684884666829835
RW10,28,0.5453048889853013,1,0.5,1,0.5572171868734327
RW10,29,0.5460438670105365,1,0.5,1,0.5532339318922569
RW10,30,0.5345542267638814,1,0.5,1,0.5350101173762128
RW10,31,0.5489933336557506,1,0.5,1,0.5251359664092609
RW10,32,0.522382773482141,1,0.5,1,0.5032811700759628
RW10,33,0.5016148874153187,1,0.5,1,0.47282407669262627
RW10,34,0.45709804855548364,1,0.5,1,0.4261196216658214
RW10,35,0.44563736559742767,1,0.5,1,0.4109716503430552
RW10,36,0.4211045686596346,1,0.5,1,0.41508940693505064
RW10,37,0.4077546171475978,1,0.5,1,0.40231564095849054
RW10,38,0.4021701914678571,1,0.5,1,0.39373929562593124
RW14,0,1.0,1,0.5,1,0.9989711456165675
RW14,1,0.9644332069664016,1,0.5,1,0.9483342132765329
RW14,2,0.9213533384370284,1,0.5,1,0.9227816909805757
RW14,3,0.8707123594457894,1,0.5,1,0.8720521404740649
RW14,4,0.8348278945661182,1,0.5,1,0.8398812546479743
RW14,5,0.8004024718366409,1,0.5,1,0.8064572908163509
RW14,6,0.7430047115117226,1,0.5,1,0.7642962251495992
RW14,7,0.709476468046898,1,0.5,1,0.7295061576585185
RW14,8,0.6823027697859351,1,0.5,1,0.7388129861083115
RW14,9,0.6585988334150349,1,0.5,1,0.6782025288575666
RW14,10,0.6253776891267986,1,0.5,1,0.6533258198906233
RW14,11,0.5924706416874056,1,0.5,1,0.6400516847392979
RW14,12,0.57601843109804,1,0.5,1,0.632903071794744
RW14,13,0.5535409217390064,1,0.5,1,0.6096592727130805
RW14,14,0.5387222453480347,1,0.5,1,0.579420476217276
RW14,15,0.552867285851326,1,0.5,1,0.5744695234272749
RW14,16,0.5036045429058008,1,0.5,1,0.5417277281064438
RW14,17,0.47883058910976284,1,0.5,1,0.5395878138156988
RW14,18,0.4728937060347926,1,0.5,1,0.5364123400233203
RW14,19,0.45854169582917254,1,0.5,1,0.5043687781138992
RW14,20,0.4518166502306318,1,0.5,1,0.50247980564319
RW14,21,0.432531360836441,1,0.5,1,0.4872002684307139
RW14,22,0.4200841979206751,1,0.5,1,0.4869069668557927
RW14,23,0.4157935443883638,1,0.5,1,0.46187143188695734
RW18,0,1.0,1,0.5,1,1.003310574575595
RW18,1,0.9977330149235677,1,0.5,1,1.003310574575595
RW18,2,0.9213655815556884,1,0.5,1,0.9427977330516737
RW18,3,0.8925716791703614,1,0.5,1,0.891639775961504
RW18,4,0.8718443394852413,1,0.5,1,0.8851052665075981
RW18,5,0.8419174377110581,1,0.5,1,0.8563824128282241
RW18,6,0.813365853114081,1,0.5,1,0.835570813967113
RW18,7,0.7961193757129356,1,0.5,1,0.7892604742854965
RW18,8,0.7800851421665592,1,0.5,1,0.7660043820713593
RW18,9,0.75369280553753,1,0.5,1,0.7669179572631464
RW18,10,0.7376318600570141,1,0.5,1,0.7059509459785508
RW18,11,0.7056274349360556,1,0.5,1,0.680162820632494
RW18,12,0.6816641704071746,1,0.5,1,0.6651629359976836
RW18,13,0.6705293405758124,1,0.5,1,0.651725465259212
RW18,14,0.65689339822108,1,0.5,1,0.6167352954322544
RW18,15,0.6375308971062369,1,0.5,1,0.6070715292526022
RW18,16,0.6343281547363112,1,0.5,1,0.6004178977590123
RW18,17,0.609856009753373,1,0.5,1,0.5306143454020977
RW18,18,0.5902016486507977,1,0.5,1,0.5628134785242236
RW18,19,0.5830172536826165,1,0.5,1,0.5579237548486075
RW18,20,0.5810826408538371,1,0.5,1,0.5582996216152364
RW18,21,0.5687453908621404,1,0.5,1,0.521391206650294
RW18,22,0.5542246611230017,1,0.5,1,0.5247909161437886
RW18,23,0.5442080853160498,1,0.5,1,0.5243968377630605
RW18,24,0.5344692122433156,1,0.5,1,0.5070356645077378
RW18,25,0.518855432805061,1,0.5,1,0.5083734402999186
RW18,26,0.5265886448180515,1,0.5,1,0.4871137514683723
RW2,0,1.0,1,0.5,1,1.0089139497565927
RW2,1,0.964138506194284,1,0.5,1,0.9888788021848942
RW2,2,0.9249040871235984,1,0.5,1,0.9366759299027334
RW2,3,0.8830402696076977,1,0.5,1,0.9444383528203727
RW2,4,0.8564110608744848,1,0.5,1,0.9097749708987585
RW2,5,0.833163794491935,1,0.5,1,0.8394372359527433
RW2,6,0.8231850244197494,1,0.5,1,0.7970865352827795
RW2,7,0.8057852033709737,1,0.5,1,0.7870040322931318
RW2,8,0.7938715366638514,1,0.5,1,0.7570843000152921
RW2,9,0.7860956497952659,1,0.5,1,0.7479889120857254
RW2,10,0.766804449532973,1,0.5,1,0.7277590318362784
RW2,11,0.750728888947808,1,0.5,1,0.7714893082561417
RW2,12,0.7623324166830754,1,0.5,1,0.7568947147107301
RW2,13,0.7296788762480323,1,0.5,1,0.761266252284368
RW2,14,0.7184708582425151,1,0.5,1,0.7581915423767451
RW2,15,0.7036508460351927,1,0.5,1,0.756347495168161
RW2,16,0.6757157785547322,1,0.5,1,0.7264234657229198
RW2,17,0.6541025835422499,1,0.5,1,0.6944549867020574
RW2,18,0.6504949003103174,1,0.5,1,0.6720319962696872
RW2,19,0.652906214483479,1,0.5,1,0.6588754203453984
RW2,20,0.6626729647795675,1,0.5,1,0.6600066331618298
RW2,21,0.6576724393157618,1,0.5,1,0.6512642476332938
RW2,22,0.6308359860989354,1,0.5,1,0.6142433197172485
RW2,23,0.5883539180772349,1,0.5,1,0.5631567393528468
RW2,24,0.5714726928240693,1,0.5,1,0.562879703812912
RW22,0,1.0,1,0.5,1,1.001110763285161
RW22,1,0.9739365032865775,1,0.5,1,0.9728261434872962
RW22,2,0.9553948808841696,1,0.5,1,0.9474254774047339
RW22,3,0.9149809498639752,1,0.5,1,0.8997009515515507
RW22,4,0.8618174981582503,1,0.5,1,0.8778620984677263
RW22,5,0.8104095048251577,1,0.5,1,0.8466716186425761
RW22,6,0.765116336467881,1,0.5,1,0.8168937206596826
RW22,7,0.7463736626802354,1,0.5,1,0.8090861270695586
RW22,8,0.6843131991933246,1,0.5,1,0.7794531525853728
RW22,9,0.6666096162214906,1,0.5,1,0.7729773317686532
RW26,0,1.0,1,0.5,1,1.001520394020046
RW26,1,0.9695503888019508,1,0.5,1,0.9777309334640853
RW26,2,0.9530525699746794,1,0.5,1,0.949588126101184
RW26,3,0.9382100312250065,1,0.5,1,0.9342701559342573
RW26,4,0.9249710248364101,1,0.5,1,0.8934791398857307
RW26,5,0.9129597330190223,1,0.5,1,0.8940858844025221
RW26,6,0.9039473720808919,1,0.5,1,0.8781545440895239
RW26,7,0.8938493013611533,1,0.5,1,0.86487317910231
RW26,8,0.8838201049114417,1,0.5,1,0.8725997836037112
RW26,9,0.8776749057612828,1,0.5,1,0.8619539416650353
RW26,10,0.8664005053062743,1,0.5,1,0.8415170799397148
RW26,11,0.8577843772790714,1,0.5,1,0.8344555097089339
RW26,12,0.8512266479212676,1,0.5,1,0.8433001949282775
RW26,13,0.8442312363783513,1,0.5,1,0.7766524377643034
RW4,0,1.0,1,0.5,1,1.004407740252682
RW4,1,0.952908142031966,1,0.5,1,0.969371273857654
RW4,2,0.9169005743143264,1,0.5,1,0.9374366561730287
RW4,3,0.8861547650375892,1,0.5,1,0.9223159014499501
RW4,4,0.8653798883913402,1,0.5,1,0.8768058619318814
RW4,5,0.8452071267530786,1,0.5,1,0.8776237565293663
RW4,6,0.8228878119106672,1,0.5,1,0.8481952276307814
RW4,7,0.8034885437099676,1,0.5,1,0.8298451357814384
RW4,8,0.8175568100222665,1,0.5,1,0.8170334096829982
RW4,9,0.781835479764987,1,0.5,1,0.7725887837279414
RW4,10,0.7670246260000682,1,0.5,1,0.768117680692252
RW4,11,0.7443543078487312,1,0.5,1,0.7536989309923349
RW4,12,0.7150665405639625,1,0.5,1,0.7024232609791506
RW4,13,0.6809715885638455,1,0.5,1,0.7007998211359209
RW4,14,0.6735233411679066,1,0.5,1,0.6735450913905092
RW4,15,0.6479957823508535,1,0.5,1,0.6518253509933292
RW4,16,0.6288981200103804,1,0.5,1,0.6324459666536237
RW4,17,0.6134212256861231,1,0.5,1,0.6049985647140564
RW4,18,0.5741659696180692,1,0.5,1,0.5694497373243239
RW10,0,1.0,1,0.5,2,0.9976349715787652
RW10,1,0.9784479629888402,1,0.5,2,0.9788960033722857
RW10,2,0.9453971298202616,1,0.5,2,0.9734040265228582
RW10,3,0.9117019022865598,1,0.5,2,0.9435648809054914
RW10,4,0.8914739157881061,1,0.5,2,0.9092882841035819
RW10,5,0.8372321175180194,1,0.5,2,0.8636127388549912
RW10,6,0.8164482337318268,1,0.5,2,0.7972929598240452
RW10,7,0.789437652957632,1,0.5,2,0.773595175862218
RW10,8,0.7647575279451165,1,0.5,2,0.7662869232153898
RW10,9,0.7300635744525175,1,0.5,2,0.7194065217841344
RW10,10,0.7075228861352875,1,0.5,2,0.7147780682985342
RW10,11,0.6871342988910181,1,0.5,2,0.7043808944102478
RW10,12,0.6697217219754731,1,0.5,2,0.6846498912096026
RW10,13,0.7116492649368324,1,0.5,2,0.7116501981945086
RW10,14,0.66327010566779,1,0.5,2,0.6495065102589275
RW10,15,0.647631852731416,1,0.5,2,0.6425403059488645
RW10,16,0.6309658064312244,1,0.5,2,0.6469316201081278
RW10,17,0.6208612914817577,1,0.5,2,0.6448432446040328
RW10,18,0.6112498733264151,1,0.5,2,0.6110224242633044
RW10,19,0.6095624344801577,1,0.5,2,0.6029100891086527
RW10,20,0.6033896649944029,1,0.5,2,0.5881426214025074
RW10,21,0.5971527839004813,1,0.5,2,0.5820482748877728
RW10,22,0.5886394830051586,1,0.5,2,0.5804629922882198
RW10,23,0.581456358011487,1,0.5,2,0.5768435200060417
RW10,24,0.5695013029658712,1,0.5,2,0.5767785716552831
RW10,25,0.5557961266569272,1,0.5,2,0.5666568741421496
RW10,26,0.5474051567570081,1,0.5,2,0.5590342045952452
RW10,27,0.55125687415375,1,0.5,2,0.5537576083085876
RW10,28,0.5453048889853013,1,0.5,2,0.549365046237252
RW10,29,0.5460438670105365,1,0.5,2,0.5396994419348736
RW10,30,0.5345542267638814,1,0.5,2,0.5267949631735962
RW10,31,0.5489933336557506,1,0.5,2,0.5260428106702874
RW10,32,0.522382773482141,1,0.5,2,0.5377554672004758
RW10,33,0.5016148874153187,1,0.5,2,0.4969697213374141
RW10,34,0.45709804855548364,1,0.5,2,0.4617210901996035
RW10,35,0.44563736559742767,1,0.5,2,0.42043868086935887
RW10,36,0.4211045686596346,1,0.5,2,0.406085170517976
RW10,37,0.4077546171475978,1,0.5,2,0.3943856291896076
RW10,38,0.4021701914678571,1,0.5,2,0.3913544055164322
RW14,0,1.0,1,0.5,2,1.0000104897194615
RW14,1,0.9644332069664016,1,0.5,2,0.967241924312231
RW14,2,0.9213533384370284,1,0.5,2,0.8988629442568997
RW14,3,0.8707123594457894,1,0.5,2,0.8868818297577008
RW14,4,0.8348278945661182,1,0.5,2,0.8491989126739539
RW14,5,0.8004024718366409,1,0.5,2,0.8128656251981315
RW14,6,0.7430047115117226,1,0.5,2,0.7660221752703394
RW14,7,0.709476468046898,1,0.5,2,0.7709993243172283
RW14,8,0.6823027697859351,1,0.5,2,0.6861119212279787
RW14,9,0.6585988334150349,1,0.5,2,0.680187266906707
RW14,10,0.6253776891267986,1,0.5,2,0.6626320634490979
RW14,11,0.5924706416874056,1,0.5,2,0.6205607481549467
RW14,12,0.57601843109804,1,0.5,2,0.6135389764290549
RW14,13,0.5535409217390064,1,0.5,2,0.6000420416563664
RW14,14,0.5387222453480347,1,0.5,2,0.5649850761620415
RW14,15,0.552867285851326,1,0.5,2,0.5629684279596054
RW14,16,0.5036045429058008,1,0.5,2,0.560914138244701
RW14,17,0.47883058910976284,1,0.5,2,0.563466757099214
RW14,18,0.4728937060347926,1,0.5,2,0.5314600509017624
RW14,19,0.45854169582917254,1,0.5,2,0.5323130093494365
RW14,20,0.4518166502306318,1,0.5,2,0.5114368609290081
RW14,21,0.432531360836441,1,0.5,2,0.5080232853724244
RW14,22,0.4200841979206751,1,0.5,2,0.49845088141063176
RW14,23,0.4157935443883638,1,0.5,2,0.46841381485353195
RW18,0,1.0,1,0.5,2,1.0010302508444204
RW18,1,0.9977330149235677,1,0.5,2,1.0007743525413568
RW18,2,0.9213655815556884,1,0.5,2,0.9388600790333398
RW18,3,0.8925716791703614,1,0.5,2,0.9070910534285828
RW18,4,0.8718443394852413,1,0.5,2,0.8853006974481572
RW18,5,0.8419174377110581,1,0.5,2,0.8643984549322652
RW18,6,0.813365853114081,1,0.5,2,0.8383983871483449
RW18,7,0.7961193757129356,1,0.5,2,0.8053363045404648
RW18,8,0.7800851421665592,1,0.5,2,0.7968246013341982
RW18,9,0.75369280553753,1,0.5,2,0.7418779280480275
RW18,10,0.7376318600570141,1,0.5,2,0.7280210120968874
RW18,11,0.7056274349360556,1,0.5,2,0.6904870058486415
RW18,12,0.6816641704071746,1,0.5,2,0.6583116665457461
RW18,13,0.6705293405758124,1,0.5,2,0.6435477912839851
RW18,14,0.65689339822108,1,0.5,2,0.6401651883969428
RW18,15,0.6375308971062369,1,0.5,2,0.6069031525178529
RW18,16,0.6343281547363112,1,0.5,2,0.6066876502153511
RW18,17,0.609856009753373,1,0.5,2,0.5797633478200838
RW18,18,0.5902016486507977,1,0.5,2,0.5760733585303744
RW18,19,0.5830172536826165,1,0.5,2,0.5665762294012472
RW18,20,0.5810826408538371,1,0.5,2,0.5598389632651023
RW18,21,0.5687453908621404,1,0.5,2,0.5392237142803163
RW18,22,0.5542246611230017,1,0.5,2,0.5391454669580219
RW18,23,0.5442080853160498,1,0.5,2,0.5185149989426546
RW18,24,0.5344692122433156,1,0.5,2,0.5128179741307022
RW18,25,0.518855432805061,1,0.5,2,0.5066012587451293
RW18,26,0.5265886448180515,1,0.5,2,0.48152581314550985
RW2,0,1.0,1,0.5,2,1.020009298436798
RW2,1,0.964138506194284,1,0.5,2,1.0083431079110892
RW2,2,0.9249040871235984,1,0.5,2,0.9525003867458395
RW2,3,0.8830402696076977,1,0.5,2,0.9473835909775359
RW2,4,0.8564110608744848,1,0.5,2,0.8719637855826484
RW2,5,0.833163794491935,1,0.5,2,0.8681545689830006
RW2,6,0.8231850244197494,1,0.5,2,0.8340122440266454
RW2,7,0.8057852033709737,1,0.5,2,0.8027005948394095
RW2,8,0.7938715366638514,1,0.5,2,0.7815294834389305
RW2,9,0.7860956497952659,1,0.5,2,0.7441018512215059
RW2,10,0.766804449532973,1,0.5,2,0.747109276965417
RW2,11,0.750728888947808,1,0.5,2,0.7808966535379661
RW2,12,0.7623324166830754,1,0.5,2,0.780028494957827
RW2,13,0.7296788762480323,1,0.5,2,0.7776697663676447
RW2,14,0.7184708582425151,1,0.5,2,0.7648928574743921
RW2,15,0.7036508460351927,1,0.5,2,0.7314911753112902
RW2,16,0.6757157785547322,1,0.5,2,0.7213412476718694
RW2,17,0.6541025835422499,1,0.5,2,0.7164601099296491
RW2,18,0.6504949003103174,1,0.5,2,0.7015890097880072
RW2,19,0.652906214483479,1,0.5,2,0.6758830269414834
RW2,20,0.6626729647795675,1,0.5,2,0.6659903729362833
RW2,21,0.6576724393157618,1,0.5,2,0.6505746719175027
RW2,22,0.6308359860989354,1,0.5,2,0.5991361099822313
RW2,23,0.5883539180772349,1,0.5,2,0.5834402450724178
RW2,24,0.5714726928240693,1,0.5,2,0.5655087137593765
RW22,0,1.0,1,0.5,2,1.0018206070651952
RW22,1,0.9739365032865775,1,0.5,2,0.9723848571325739
RW22,2,0.9553948808841696,1,0.5,2,0.9434069743083807
RW22,3,0.9149809498639752,1,0.5,2,0.9026127898462998
RW22,4,0.8618174981582503,1,0.5,2,0.8692146887628386
RW22,5,0.8104095048251577,1,0.5,2,0.8562354914976211
RW22,6,0.765116336467881,1,0.5,2,0.8260559450576823
RW22,7,0.7463736626802354,1,0.5,2,0.77671253909949
RW22,8,0.6843131991933246,1,0.5,2,0.7796166879411214
RW22,9,0.6666096162214906,1,0.5,2,0.7642859313748774
RW26,0,1.0,1,0.5,2,1.0003921703333511
RW26,1,0.9695503888019508,1,0.5,2,0.9706942259000821
RW26,2,0.9530525699746794,1,0.5,2,0.941522281927866
RW26,3,0.9382100312250065,1,0.5,2,0.9095129879260494
RW26,4,0.9249710248364101,1,0.5,2,0.9009948774046721
RW26,5,0.9129597330190223,1,0.5,2,0.8940408709477524
RW26,6,0.9039473720808919,1,0.5,2,0.8676695095598377
RW26,7,0.8938493013611533,1,0.5,2,0.8611649112930482
RW26,8,0.8838201049114417,1,0.5,2,0.859096863264315
RW26,9,0.8776749057612828,1,0.5,2,0.8687562295206799
RW26,10,0.8664005053062743,1,0.5,2,0.8594417145354838
RW26,11,0.8577843772790714,1,0.5,2,0.8381870830087296
RW26,12,0.8512266479212676,1,0.5,2,0.835802766042586
RW26,13,0.8442312363783513,1,0.5,2,0.8087593954353282
RW4,0,1.0,1,0.5,2,1.0105995271723487
RW4,1,0.952908142031966,1,0.5,2,0.9818118494807159
RW4,2,0.9169005743143264,1,0.5,2,0.9353036361838404
RW4,3,0.8861547650375892,1,0.5,2,0.9156525170079002
RW4,4,0.8653798883913402,1,0.5,2,0.8966586260752901
RW4,5,0.8452071267530786,1,0.5,2,0.8728496304206693
RW4,6,0.8228878119106672,1,0.5,2,0.8477411181349205
RW4,7,0.8034885437099676,1,0.5,2,0.8381763498089645
RW4,8,0.8175568100222665,1,0.5,2,0.8119226464515119
RW4,9,0.781835479764987,1,0.5,2,0.8047868680511047
RW4,10,0.7670246260000682,1,0.5,2,0.7636335418687777
RW4,11,0.7443543078487312,1,0.5,2,0.7250183318224301
RW4,12,0.7150665405639625,1,0.5,2,0.7118235716582328
RW4,13,0.6809715885638455,1,0.5,2,0.6875281622328029
RW4,14,0.6735233411679066,1,0.5,2,0.6626296853405087
RW4,15,0.6479957823508535,1,0.5,2,0.6546310961085221
RW4,16,0.6288981200103804,1,0.5,2,0.6337931703548065
RW4,17,0.6134212256861231,1,0.5,2,0.5928654077736816
RW4,18,0.5741659696180692,1,0.5,2,0.579620670496653
RW10,0,1.0,1,0.5,3,0.995539159080506
RW10,1,0.9784479629888402,1,0.5,3,0.9580097668744967
RW10,2,0.9453971298202616,1,0.5,3,0.9421110415534268
RW10,3,0.9117019022865598,1,0.5,3,0.9191621340504291
RW10,4,0.8914739157881061,1,0.5,3,0.8826953703410026
RW10,5,0.8372321175180194,1,0.5,3,0.8518743321838671
RW10,6,0.8164482337318268,1,0.5,3,0.8132558963252846
RW10,7,0.789437652957632,1,0.5,3,0.7647092199779385
RW10,8,0.7647575279451165,1,0.5,3,0.7499014318941074
RW10,9,0.7300635744525175,1,0.5,3,0.7281824577626201
RW10,10,0.7075228861352875,1,0.5,3,0.7268554621821911
RW10,11,0.6871342988910181,1,0.5,3,0.6967460514048088
RW10,12,0.6697217219754731,1,0.5,3,0.6802069150443865
RW10,13,0.7116492649368324,1,0.5,3,0.6864112035741868
RW10,14,0.66327010566779,1,0.5,3,0.6574227137012941
RW10,15,0.647631852731416,1,0.5,3,0.6661430306726571
RW10,16,0.6309658064312244,1,0.5,3,0.6040440524903997
RW10,17,0.6208612914817577,1,0.5,3,0.6110447419431162
RW10,18,0.6112498733264151,1,0.5,3,0.6105126904135155
RW10,19,0.6095624344801577,1,0.5,3,0.6039357952510142
RW10,20,0.6033896649944029,1,0.5,3,0.591555256097645
RW10,21,0.5971527839004813,1,0.5,3,0.5934249877025731
RW10,22,0.5886394830051586,1,0.5,3,0.5781298281899162
RW10,23,0.581456358011487,1,0.5,3,0.5774896929356602
RW10,24,0.5695013029658712,1,0.5,3,0.575314667393419
RW10,25,0.5557961266569272,1,0.5,3,0.5634481364412759
RW10,26,0.5474051567570081,1,0.5,3,0.5471666485523347
RW10,27,0.55125687415375,1,0.5,3,0.5408944031097571
RW10,28,0.5453048889853013,1,0.5,3,0.517468268038244
RW10,29,0.5460438670105365,1,0.5,3,0.5206952563661562
RW10,30,0.5345542267638814,1,0.5,3,0.5176955264547383
RW10,31,0.5489933336557506,1,0.5,3,0.5083557552714173
RW10,32,0.522382773482141,1,0.5,3,0.5039295639908601
RW10,33,0.5016148874153187,1,0.5,3,0.4567914262530277
RW10,34,0.45709804855548364,1,0.5,3,0.44216809906076565
RW10,35,0.44563736559742767,1,0.5,3,0.41570291108212254
RW10,36,0.4211045686596346,1,0.5,3,0.390746563180643
RW10,37,0.4077546171475978,1,0.5,3,0.36650456917284446
RW10,38,0.4021701914678571,1,0.5,3,0.36482458944265583
RW14,0,1.0,1,0.5,3,0.9968664234644709
RW14,1,0.9644332069664016,1,0.5,3,0.9553630467459893
RW14,2,0.9213533384370284,1,0.5,3,0.8969628273354345
RW14,3,0.8707123594457894,1,0.5,3,0.8826820930134847
RW14,4,0.8348278945661182,1,0.5,3,0.8273505738966397
RW14,5,0.8004024718366409,1,0.5,3,0.8123614277052038
RW14,6,0.7430047115117226,1,0.5,3,0.7558742306300484
RW14,7,0.709476468046898,1,0.5,3,0.7193215292380609
RW14,8,0.6823027697859351,1,0.5,3,0.7128044033544729
RW14,9,0.6585988334150349,1,0.5,3,0.6737506295279069
RW14,10,0.6253776891267986,1,0.5,3,0.6539054475043597
RW14,11,0.5924706416874056,1,0.5,3,0.6492968505628958
RW14,12,0.57601843109804,1,0.5,3,0.6182950865518031
RW14,13,0.5535409217390064,1,0.5,3,0.6006070457254736
RW14,14,0.5387222453480347,1,0.5,3,0.5884352887086873
RW14,15,0.552867285851326,1,0.5,3,0.5531808683919599
RW14,16,0.5036045429058008,1,0.5,3,0.5581830017441695
RW14,17,0.47883058910976284,1,0.5,3,0.5621702095262744
RW14,18,0.4728937060347926,1,0.5,3,0.5589820256417528
RW14,19,0.45854169582917254,1,0.5,3,0.541537293168325
RW14,20,0.4518166502306318,1,0.5,3,0.5276776068995045
RW14,21,0.432531360836441,1,0.5,3,0.5221767270765044
RW14,22,0.4200841979206751,1,0.5,3,0.5121273731178079
RW14,23,0.4157935443883638,1,0.5,3,0.4980072836526594
RW18,0,1.0,1,0.5,3,1.0011309235667116
RW18,1,0.9977330149235677,1,0.5,3,1.0011309235667116
RW18,2,0.9213655815556884,1,0.5,3,0.9345741703079786
RW18,3,0.8925716791703614,1,0.5,3,0.904778332561116
RW18,4,0.8718443394852413,1,0.5,3,0.8877154098803756
RW18,5,0.8419174377110581,1,0.5,3,0.8612622078644746
RW18,6,0.813365853114081,1,0.5,3,0.8352405304195909
RW18,7,0.7961193757129356,1,0.5,3,0.7985251422324804
RW18,8,0.7800851421665592,1,0.5,3,0.7614923275711818
RW18,9,0.75369280553753,1,0.5,3,0.7518112146660032
RW18,10,0.7376318600570141,1,0.5,3,0.7117418734704642
RW18,11,0.7056274349360556,1,0.5,3,0.6726565849671061
RW18,12,0.6816641704071746,1,0.5,3,0.6679107651675787
RW18,13,0.6705293405758124,1,0.5,3,0.6409356562638703
RW18,14,0.65689339822108,1,0.5,3,0.617330126295254
RW18,15,0.6375308971062369,1,0.5,3,0.5983618054988695
RW18,16,0.6343281547363112,1,0.5,3,0.6075471230176892
RW18,17,0.609856009753373,1,0.5,3,0.5812061375558766
RW18,18,0.5902016486507977,1,0.5,3,0.5760011017237213
RW18,19,0.5830172536826165,1,0.5,3,0.557376760610182
RW18,20,0.5810826408538371,1,0.5,3,0.5508169366505031
RW18,21,0.5687453908621404,1,0.5,3,0.5480332214556011
RW18,22,0.5542246611230017,1,0.5,3,0.5230574822043157
RW18,23,0.5442080853160498,1,0.5,3,0.5186163486283211
RW18,24,0.5344692122433156,1,0.5,3,0.5124842818005693
RW18,25,0.518855432805061,1,0.5,3,0.5059564574554779
RW18,26,0.5265886448180515,1,0.5,3,0.49263961495709746
RW2,0,1.0,1,0.5,3,1.0115112331484468
RW2,1,0.964138506194284,1,0.5,3,0.990992769015759
RW2,2,0.9249040871235984,1,0.5,3,0.9454428658099074
RW2,3,0.8830402696076977,1,0.5,3,0.949057555466002
RW2,4,0.8564110608744848,1,0.5,3,0.9246408501236437
RW2,5,0.833163794491935,1,0.5,3,0.8169693864894367
RW2,6,0.8231850244197494,1,0.5,3,0.8070567854736357
RW2,7,0.8057852033709737,1,0.5,3,0.7807271126659777
RW2,8,0.7938715366638514,1,0.5,3,0.7564182766398155
RW2,9,0.7860956497952659,1,0.5,3,0.7342787949939582
RW2,10,0.766804449532973,1,0.5,3,0.7546451196250797
RW2,11,0.750728888947808,1,0.5,3,0.7662589362911804
RW2,12,0.7623324166830754,1,0.5,3,0.7656380001561701
RW2,13,0.7296788762480323,1,0.5,3,0.7696739504401522
RW2,14,0.7184708582425151,1,0.5,3,0.7701208266435194
RW2,15,0.7036508460351927,1,0.5,3,0.7561327933907968
RW2,16,0.6757157785547322,1,0.5,3,0.7275385819763159
RW2,17,0.6541025835422499,1,0.5,3,0.7119208110918067
RW2,18,0.6504949003103174,1,0.5,3,0.6872075745166554
RW2,19,0.652906214483479,1,0.5,3,0.6598802014265641
RW2,20,0.6626729647795675,1,0.5,3,0.6373902741212824
RW2,21,0.6576724393157618,1,0.5,3,0.6337047922258303
RW2,22,0.6308359860989354,1,0.5,3,0.5988944812769406
RW2,23,0.5883539180772349,1,0.5,3,0.5778787186412597
RW2,24,0.5714726928240693,1,0.5,3,0.564462522808349
RW22,0,1.0,1,0.5,3,1.000749529970764
RW22,1,0.9739365032865775,1,0.5,3,0.9813734727891372
RW22,2,0.9553948808841696,1,0.5,3,0.9338169865151206
RW22,3,0.9149809498639752,1,0.5,3,0.9072862547798602
RW22,4,0.8618174981582503,1,0.5,3,0.8621701714668981
RW22,5,0.8104095048251577,1,0.5,3,0.8475992549952083
RW22,6,0.765116336467881,1,0.5,3,0.8271534925359568
RW22,7,0.7463736626802354,1,0.5,3,0.8062985613616118
RW22,8,0.6843131991933246,1,0.5,3,0.7957089200281873
RW22,9,0.6666096162214906,1,0.5,3,0.7785177813705111
RW26,0,1.0,1,0.5,3,1.0014254303995351
RW26,1,0.9695503888019508,1,0.5,3,0.9726138512870757
RW26,2,0.9530525699746794,1,0.5,3,0.9525916520461183
RW26,3,0.9382100312250065,1,0.5,3,0.9254872216075954
RW26,4,0.9249710248364101,1,0.5,3,0.9005511579955908
RW26,5,0.9129597330190223,1,0.5,3,0.8969033350944836
RW26,6,0.9039473720808919,1,0.5,3,0.8835199932149237
RW26,7,0.8938493013611533,1,0.5,3,0.8766246487025874
RW26,8,0.8838201049114417,1,0.5,3,0.8786098274257766
RW26,9,0.8776749057612828,1,0.5,3,0.8399704609917658
RW26,10,0.8664005053062743,1,0.5,3,0.8336613787358308
RW26,11,0.8577843772790714,1,0.5,3,0.8384629771791363
RW26,12,0.8512266479212676,1,0.5,3,0.838579154950272
RW26,13,0.8442312363783513,1,0.5,3,0.7832641547280002
RW4,0,1.0,1,0.5,3,1.0056045427289637
RW4,1,0.952908142031966,1,0.5,3,0.9588219566994342
RW4,2,0.9169005743143264,1,0.5,3,0.9447244684338506
RW4,3,0.8861547650375892,1,0.5,3,0.9027669565224297
RW4,4,0.8653798883913402,1,0.5,3,0.887128521926312
RW4,5,0.8452071267530786,1,0.5,3,0.8748737008351773
RW4,6,0.8228878119106672,1,0.5,3,0.8434540091507644
RW4,7,0.8034885437099676,1,0.5,3,0.8331505799926929
RW4,8,0.8175568100222665,1,0.5,3,0.8220933679379206
RW4,9,0.781835479764987,1,0.5,3,0.7648287154447951
RW4,10,0.7670246260000682,1,0.5,3,0.7656037397184031
RW4,11,0.7443543078487312,1,0.5,3,0.7533155546333701
RW4,12,0.7150665405639625,1,0.5,3,0.7133227173312977
RW4,13,0.6809715885638455,1,0.5,3,0.6865448230044965
RW4,14,0.6735233411679066,1,0.5,3,0.6761703033873073
RW4,15,0.6479957823508535,1,0.5,3,0.6415056782286367
RW4,16,0.6288981200103804,1,0.5,3,0.6206681379058722
RW4,17,0.6134212256861231,1,0.5,3,0.5948641251313809
RW4,18,0.5741659696180692,1,0.5,3,0.5656206316333386
RW10,0,1.0,1,0.5,4,0.9899211974325333
RW10,1,0.9784479629888402,1,0.5,4,0.9641284269061732
RW10,2,0.9453971298202616,1,0.5,4,0.9533410712964411
RW10,3,0.9117019022865598,1,0.5,4,0.921548748267109
RW10,4,0.8914739157881061,1,0.5,4,0.8920883155201282
RW10,5,0.8372321175180194,1,0.5,4,0.8641275670638975
RW10,6,0.8164482337318268,1,0.5,4,0.825269934152662
RW10,7,0.789437652957632,1,0.5,4,0.7722406659976396
RW10,8,0.7647575279451165,1,0.5,4,0.7599824221710108
RW10,9,0.7300635744525175,1,0.5,4,0.7431192039236283
RW10,10,0.7075228861352875,1,0.5,4,0.7097342653067086
RW10,11,0.6871342988910181,1,0.5,4,0.6918551610614364
RW10,12,0.6697217219754731,1,0.5,4,0.6782951060265717
RW10,13,0.7116492649368324,1,0.5,4,0.6857358287062254
RW10,14,0.66327010566779,1,0.5,4,0.6491284846331675
RW10,15,0.647631852731416,1,0.5,4,0.6331728034588705
RW10,16,0.6309658064312244,1,0.5,4,0.6196693471508379
RW10,17,0.6208612914817577,1,0.5,4,0.5999377157034979
RW10,18,0.6112498733264151,1,0.5,4,0.6023726310583793
RW10,19,0.6095624344801577,1,0.5,4,0.6033641068225228
RW10,20,0.6033896649944029,1,0.5,4,0.5856700107043784
RW10,21,0.5971527839004813,1,0.5,4,0.5796118531197462
RW10,22,0.5886394830051586,1,0.5,4,0.577796743493434
RW10,23,0.581456358011487,1,0.5,4,0.5744482065586863
RW10,24,0.5695013029658712,1,0.5,4,0.5549065958072563
RW10,25,0.5557961266569272,1,0.5,4,0.5545912965210201
RW10,26,0.5474051567570081,1,0.5,4,0.5537628787026821
RW10,27,0.55125687415375,1,0.5,4,0.5369739581141867
RW10,28,0.5453048889853013,1,0.5,4,0.5283493041929977
RW10,29,0.5460438670105365,1,0.5,4,0.5222397082482643
RW10,30,0.5345542267638814,1,0.5,4,0.5113721932800097
RW10,31,0.5489933336557506,1,0.5,4,0.5040695971174589
RW10,32,0.522382773482141,1,0.5,4,0.5115735037320007
RW10,33,0.5016148874153187,1,0.5,4,0.45611967834073963
RW10,34,0.45709804855548364,1,0.5,4,0.4408571959101521
RW10,35,0.44563736559742767,1,0.5,4,0.42438966089189634
RW10,36,0.4211045686596346,1,0.5,4,0.42044593188789603
RW10,37,0.4077546171475978,1,0.5,4,0.4172844737230236
RW10,38,0.4021701914678571,1,0.5,4,0.3965599282375239
RW14,0,1.0,1,0.5,4,0.9984085188304106
RW14,1,0.9644332069664016,1,0.5,4,0.9637465520906145
RW14,2,0.9213533384370284,1,0.5,4,0.8969361448918692
RW14,3,0.8707123594457894,1,0.5,4,0.8793291717426694
RW14,4,0.8348278945661182,1,0.5,4,0.8191117063946954
RW14,5,0.8004024718366409,1,0.5,4,0.791949949225252
RW14,6,0.7430047115117226,1,0.5,4,0.7557602977220755
RW14,7,0.709476468046898,1,0.5,4,0.7314193176796789
RW14,8,0.6823027697859351,1,0.5,4,0.6983063444676012
RW14,9,0.6585988334150349,1,0.5,4,0.6847966043968561
RW14,10,0.6253776891267986,1,0.5,4,0.6546859881036649
RW14,11,0.5924706416874056,1,0.5,4,0.6493147975109587
RW14,12,0.57601843109804,1,0.5,4,0.622451628541961
RW14,13,0.5535409217390064,1,0.5,4,0.6074918500784986
RW14,14,0.5387222453480347,1,0.5,4,0.5978018245462662
RW14,15,0.552867285851326,1,0.5,4,0.5975857294084161
RW14,16,0.5036045429058008,1,0.5,4,0.5456890021963331
RW14,17,0.47883058910976284,1,0.5,4,0.5616766855057822
RW14,18,0.4728937060347926,1,0.5,4,0.5579168579831643
RW14,19,0.45854169582917254,1,0.5,4,0.5313147226880671
RW14,20,0.4518166502306318,1,0.5,4,0.5151887843076094
RW14,21,0.432531360836441,1,0.5,4,0.5096071392289541
RW14,22,0.4200841979206751,1,0.5,4,0.4964612561420033
RW14,23,0.4157935443883638,1,0.5,4,0.48286084328005374
RW18,0,1.0,1,0.5,4,1.001119424030673
RW18,1,0.9977330149235677,1,0.5,4,1.001119424030673
RW18,2,0.9213655815556884,1,0.5,4,0.9370963466821972
RW18,3,0.8925716791703614,1,0.5,4,0.9122784563258958
RW18,4,0.8718443394852413,1,0.5,4,0.8862908895238437
RW18,5,0.8419174377110581,1,0.5,4,0.8554161839857874
RW18,6,0.813365853114081,1,0.5,4,0.8358921943832502
RW18,7,0.7961193757129356,1,0.5,4,0.8022292976772586
RW18,8,0.7800851421665592,1,0.5,4,0.7740329039382771
RW18,9,0.75369280553753,1,0.5,4,0.7439273683679074
RW18,10,0.7376318600570141,1,0.5,4,0.7171425283373593
RW18,11,0.7056274349360556,1,0.5,4,0.691063866141148
RW18,12,0.6816641704071746,1,0.5,4,0.6721139996874423
RW18,13,0.6705293405758124,1,0.5,4,0.6290211075245871
RW18,14,0.65689339822108,1,0.5,4,0.6158157159047577
RW18,15,0.6375308971062369,1,0.5,4,0.6139731159395587
RW18,16,0.6343281547363112,1,0.5,4,0.6142518041730811
RW18,17,0.609856009753373,1,0.5,4,0.571396369184081
RW18,18,0.5902016486507977,1,0.5,4,0.5592203052077453
RW18,19,0.5830172536826165,1,0.5,4,0.556046236987568
RW18,20,0.5810826408538371,1,0.5,4,0.555932529346702
RW18,21,0.5687453908621404,1,0.5,4,0.5543930062749698
RW18,22,0.5542246611230017,1,0.5,4,0.530000719540469
RW18,23,0.5442080853160498,1,0.5,4,0.5165441425246334
RW18,24,0.5344692122433156,1,0.5,4,0.5084707908032378
RW18,25,0.518855432805061,1,0.5,4,0.5005311802055987
RW18,26,0.5265886448180515,1,0.5,4,0.49044099140773895
RW2,0,1.0,1,0.5,4,1.0066137157901003
RW2,1,0.964138506194284,1,0.5,4,0.9823363372815455
RW2,2,0.9249040871235984,1,0.5,4,0.949527064341938
RW2,3,0.8830402696076977,1,0.5,4,0.946348207433342
RW2,4,0.8564110608744848,1,0.5,4,0.882342268796556
RW2,5,0.833163794491935,1,0.5,4,0.8547245585926849
RW2,6,0.8231850244197494,1,0.5,4,0.8051050183133711
RW2,7,0.8057852033709737,1,0.5,4,0.7846169759889923
RW2,8,0.7938715366638514,1,0.5,4,0.7608029994631925
RW2,9,0.7860956497952659,1,0.5,4,0.7579209007962425
RW2,10,0.766804449532973,1,0.5,4,0.7484946741044618
RW2,11,0.750728888947808,1,0.5,4,0.7847118755290278
RW2,12,0.7623324166830754,1,0.5,4,0.7671934254139174
RW2,13,0.7296788762480323,1,0.5,4,0.7780468116196094
RW2,14,0.7184708582425151,1,0.5,4,0.7833031635082915
RW2,15,0.7036508460351927,1,0.5,4,0.7664833472001743
RW2,16,0.6757157785547322,1,0.5,4,0.7432442690173228
RW2,17,0.6541025835422499,1,0.5,4,0.6958707337868721
RW2,18,0.6504949003103174,1,0.5,4,0.6914603263211809
RW2,19,0.652906214483479,1,0.5,4,0.6688196836667605
RW2,20,0.6626729647795675,1,0.5,4,0.6490132148047809
RW2,21,0.6576724393157618,1,0.5,4,0.6366576664031738
RW2,22,0.6308359860989354,1,0.5,4,0.6097982250977872
RW2,23,0.5883539180772349,1,0.5,4,0.5757982004764692
RW2,24,0.5714726928240693,1,0.5,4,0.5552561563661005
RW22,0,1.0,1,0.5,4,1.0029058399227622
RW22,1,0.9739365032865775,1,0.5,4,0.9763542195634927
RW22,2,0.9553948808841696,1,0.5,4,0.9474968220788188
RW22,3,0.9149809498639752,1,0.5,4,0.9020464464754662
RW22,4,0.8618174981582503,1,0.5,4,0.8621791971189025
RW22,5,0.8104095048251577,1,0.5,4,0.837980764849511
RW22,6,0.765116336467881,1,0.5,4,0.813689147940916
RW22,7,0.7463736626802354,1,0.5,4,0.7998684382932278
RW22,8,0.6843131991933246,1,0.5,4,0.7828968150337656
RW22,9,0.6666096162214906,1,0.5,4,0.7684715099324773
RW26,0,1.0,1,0.5,4,1.000095662594841
RW26,1,0.9695503888019508,1,0.5,4,0.9662896915082683
RW26,2,0.9530525699746794,1,0.5,4,0.944360387563516
RW26,3,0.9382100312250065,1,0.5,4,0.9143174124732093
RW26,4,0.9249710248364101,1,0.5,4,0.9045420562423532
RW26,5,0.9129597330190223,1,0.5,4,0.8957949453128735
RW26,6,0.9039473720808919,1,0.5,4,0.8864472920533325
RW26,7,0.8938493013611533,1,0.5,4,0.8742642745483445
RW26,8,0.8838201049114417,1,0.5,4,0.8735436981760998
RW26,9,0.8776749057612828,1,0.5,4,0.871693434676235
RW26,10,0.8664005053062743,1,0.5,4,0.8577569780098612
RW26,11,0.8577843772790714,1,0.5,4,0.8369398279680033
RW26,12,0.8512266479212676,1,0.5,4,0.8350231860454767
RW26,13,0.8442312363783513,1,0.5,4,0.8109289432483883
RW4,0,1.0,1,0.5,4,1.002606071299731
RW4,1,0.952908142031966,1,0.5,4,0.9628964835489929
RW4,2,0.9169005743143264,1,0.5,4,0.9471838056373537
RW4,3,0.8861547650375892,1,0.5,4,0.9080418987107248
RW4,4,0.8653798883913402,1,0.5,4,0.8948066875277616
RW4,5,0.8452071267530786,1,0.5,4,0.868982097455423
RW4,6,0.8228878119106672,1,0.5,4,0.8494933362218464
RW4,7,0.8034885437099676,1,0.5,4,0.8223428528161455
RW4,8,0.8175568100222665,1,0.5,4,0.8138238594345766
RW4,9,0.781835479764987,1,0.5,4,0.767013900836593
RW4,10,0.7670246260000682,1,0.5,4,0.7669271736141355
RW4,11,0.7443543078487312,1,0.5,4,0.7274589494420072
RW4,12,0.7150665405639625,1,0.5,4,0.6838086865748216
RW4,13,0.6809715885638455,1,0.5,4,0.6877435310362201
RW4,14,0.6735233411679066,1,0.5,4,0.6724697974255455
RW4,15,0.6479957823508535,1,0.5,4,0.6460520334866924
RW4,16,0.6288981200103804,1,0.5,4,0.6358481065319166
RW4,17,0.6134212256861231,1,0.5,4,0.6166351533873266
RW4,18,0.5741659696180692,1,0.5,4,0.5626007238887875
RW10,0,1.0,1,0.25,0,0.9983738405345643
RW10,1,0.9784479629888402,1,0.25,0,0.9671207000448545
RW10,2,0.9453971298202616,1,0.25,0,0.9353553260469456
RW10,3,0.9117019022865598,1,0.25,0,0.9244627769773818
RW10,4,0.8914739157881061,1,0.25,0,0.9072238278452212
RW10,5,0.8372321175180194,1,0.25,0,0.8548108155318233
RW10,6,0.8164482337318268,1,0.25,0,0.8302001529212595
RW10,7,0.789437652957632,1,0.25,0,0.7667218005030388
RW10,8,0.7647575279451165,1,0.25,0,0.7532321587329355
RW10,9,0.7300635744525175,1,0.25,0,0.7437664849640543
RW10,10,0.7075228861352875,1,0.25,0,0.7290688953020751
RW10,11,0.6871342988910181,1,0.25,0,0.7258002716640026
RW10,12,0.6697217219754731,1,0.25,0,0.685534499765535
RW10,13,0.7116492649368324,1,0.25,0,0.6893108431428121
RW10,14,0.66327010566779,1,0.25,0,0.6723625603939466
RW10,15,0.647631852731416,1,0.25,0,0.7042485788109322
RW10,16,0.6309658064312244,1,0.25,0,0.7026228620570437
RW10,17,0.6208612914817577,1,0.25,0,0.6646323872088822
RW10,18,0.6112498733264151,1,0.25,0,0.6153812408340962
RW10,19,0.6095624344801577,1,0.25,0,0.616338206362449
RW10,20,0.6033896649944029,1,0.25,0,0.6122212558869019
RW10,21,0.5971527839004813,1,0.25,0,0.6186815416515811
RW10,22,0.5886394830051586,1,0.25,0,0.6186815416515811
RW10,23,0.581456358011487,1,0.25,0,0.5931174431608074
RW10,24,0.5695013029658712,1,0.25,0,0.5711199649742867
RW10,25,0.5557961266569272,1,0.25,0,0.5708772539399789
RW10,26,0.5474051567570081,1,0.25,0,0.5687047075928843
RW10,27,0.55125687415375,1,0.25,0,0.5715308803931485
RW10,28,0.5453048889853013,1,0.25,0,0.5742806202380502
RW10,29,0.5460438670105365,1,0.25,0,0.5511005378060686
RW10,30,0.5345542267638814,1,0.25,0,0.5277571072343881
RW10,31,0.5489933336557506,1,0.25,0,0.5175956836082893
RW10,32,0.522382773482141,1,0.25,0,0.5111566006554904
RW10,33,0.5016148874153187,1,0.25,0,0.5029295198469029
RW10,34,0.45709804855548364,1,0.25,0,0.5028582974020752
RW10,35,0.44563736559742767,1,0.25,0,0.43197736138713594
RW10,36,0.4211045686596346,1,0.25,0,0.43319779692645277
RW10,37,0.4077546171475978,1,0.25,0,0.4495648430723579
RW10,38,0.4021701914678571,1,0.25,0,0.4335987449218133
RW14,0,1.0,1,0.25,0,0.9998552385541349
RW14,1,0.9644332069664016,1,0.25,0,0.9757434839576986
RW14,2,0.9213533384370284,1,0.25,0,0.9191214989114782
RW14,3,0.8707123594457894,1,0.25,0,0.8824724328936104
RW14,4,0.8348278945661182,1,0.25,0,0.843891445697774
RW14,5,0.8004024718366409,1,0.25,0,0.7994184376670089
RW14,6,0.7430047115117226,1,0.25,0,0.7946914842589712
RW14,7,0.709476468046898,1,0.25,0,0.7828523103704396
RW14,8,0.6823027697859351,1,0.25,0,0.7457478060965854
RW14,9,0.6585988334150349,1,0.25,0,0.737489991673892
RW14,10,0.6253776891267986,1,0.25,0,0.6821651799569315
RW14,11,0.5924706416874056,1,0.25,0,0.6489677551663892
RW14,12,0.57601843109804,1,0.25,0,0.6252118593580467
RW14,13,0.5535409217390064,1,0.25,0,0.629902954231886
RW14,14,0.5387222453480347,1,0.25,0,0.6008404016738346
RW14,15,0.552867285851326,1,0.25,0,0.6023351235770665
RW14,16,0.5036045429058008,1,0.25,0,0.5492860902275493
RW14,17,0.47883058910976284,1,0.25,0,0.5485619272351896
RW14,18,0.4728937060347926,1,0.25,0,0.5451369797596751
RW14,19,0.45854169582917254,1,0.25,0,0.5488417203952286
RW14,20,0.4518166502306318,1,0.25,0,0.5099529896445116
RW14,21,0.432531360836441,1,0.25,0,0.5088046771162922
RW14,22,0.4200841979206751,1,0.25,0,0.5087563142422675
RW14,23,0.4157935443883638,1,0.25,0,0.48502749952300045
RW18,0,1.0,1,0.25,0,1.0008394416174113
RW18,1,0.9977330149235677,1,0.25,0,1.001055444407792
RW18,2,0.9213655815556884,1,0.25,0,0.9443647939011087
RW18,3,0.8925716791703614,1,0.25,0,0.9202061158881314
RW18,4,0.8718443394852413,1,0.25,0,0.8767647481991434
RW18,5,0.8419174377110581,1,0.25,0,0.8577371834083748
RW18,6,0.813365853114081,1,0.25,0,0.8201980721643127
RW18,7,0.7961193757129356,1,0.25,0,0.815064788726989
RW18,8,0.7800851421665592,1,0.25,0,0.7755629081608776
RW18,9,0.75369280553753,1,0.25,0,0.7558497393816954
RW18,10,0.7376318600570141,1,0.25,0,0.7500505118887718
RW18,11,0.7056274349360556,1,0.25,0,0.6636723861742497
RW18,12,0.6816641704071746,1,0.25,0,0.6784400690722608
RW18,13,0.6705293405758124,1,0.25,0,0.6484620457717178
RW18,14,0.65689339822108,1,0.25,0,0.6156115098417881
RW18,15,0.6375308971062369,1,0.25,0,0.6216006748328554
RW18,16,0.6343281547363112,1,0.25,0,0.6089160479367982
RW18,17,0.609856009753373,1,0.25,0,0.5590093197505571
RW18,18,0.5902016486507977,1,0.25,0,0.5614637830084347
RW18,19,0.5830172536826165,1,0.25,0,0.5495168511510017
RW18,20,0.5810826408538371,1,0.25,0,0.5494355724400669
RW18,21,0.5687453908621404,1,0.25,0,0.5491722738049729
RW18,22,0.5542246611230017,1,0.25,0,0.5488285198984585
RW18,23,0.5442080853160498,1,0.25,0,0.5138391262354796
RW18,24,0.5344692122433156,1,0.25,0,0.5138391262354796
RW18,25,0.518855432805061,1,0.25,0,0.5169105852752859
RW18,26,0.5265886448180515,1,0.25,0,0.49496578176873934
RW2,0,1.0,1,0.25,0,0.9993622542620201
RW2,1,0.964138506194284,1,0.25,0,0.9722589712502406
RW2,2,0.9249040871235984,1,0.25,0,0.9551458259320927
RW2,3,0.8830402696076977,1,0.25,0,0.9128124928542225
RW2,4,0.8564110608744848,1,0.25,0,0.8637746592034498
RW2,5,0.833163794491935,1,0.25,0,0.8510609011191798
RW2,6,0.8231850244197494,1,0.25,0,0.7941057727062775
RW2,7,0.8057852033709737,1,0.25,0,0.7857942192757277
RW2,8,0.7938715366638514,1,0.25,0,0.7664853920860961
RW2,9,0.7860956497952659,1,0.25,0,0.7521333556446933
RW2,10,0.766804449532973,1,0.25,0,0.738672427594239
RW2,11,0.750728888947808,1,0.25,0,0.7487069133113569
RW2,12,0.7623324166830754,1,0.25,0,0.7578517158861785
RW2,13,0.7296788762480323,1,0.25,0,0.7805040981692534
RW2,14,0.7184708582425151,1,0.25,0,0.7345210000359175
RW2,15,0.7036508460351927,1,0.25,0,0.7299388809861806
RW2,16,0.6757157785547322,1,0.25,0,0.7204126790813629
RW2,17,0.6541025835422499,1,0.25,0,0.6867590265413898
RW2,18,0.6504949003103174,1,0.25,0,0.6809698063401447
RW2,19,0.652906214483479,1,0.25,0,0.6854597806907183
RW2,20,0.6626729647795675,1,0.25,0,0.6599151504792139
RW2,21,0.6576724393157618,1,0.25,0,0.6385071840164204
RW2,22,0.6308359860989354,1,0.25,0,0.6049877058193733
RW2,23,0.5883539180772349,1,0.25,0,0.5680979905609624
RW2,24,0.5714726928240693,1,0.25,0,0.5690576947462622
RW22,0,1.0,1,0.25,0,0.9993039389939778
RW22,1,0.9739365032865775,1,0.25,0,0.9774742682623825
RW22,2,0.9553948808841696,1,0.25,0,0.9486262845889953
RW22,3,0.9149809498639752,1,0.25,0,0.9010867898683341
RW22,4,0.8618174981582503,1,0.25,0,0.8863430601457263
RW22,5,0.8104095048251577,1,0.25,0,0.8349012180437089
RW22,6,0.765116336467881,1,0.25,0,0.8196737323293669
RW22,7,0.7463736626802354,1,0.25,0,0.8063534847080934
RW22,8,0.6843131991933246,1,0.25,0,0.7503438459260222
RW22,9,0.6666096162214906,1,0.25,0,0.7353551716461191
RW26,0,1.0,1,0.25,0,1.0012129479434353
RW26,1,0.9695503888019508,1,0.25,0,0.9746697813960062
RW26,2,0.9530525699746794,1,0.25,0,0.9591683025713382
RW26,3,0.9382100312250065,1,0.25,0,0.9305699178318643
RW26,4,0.9249710248364101,1,0.25,0,0.9203716770395526
RW26,5,0.9129597330190223,1,0.25,0,0.8923858090503943
RW26,6,0.9039473720808919,1,0.25,0,0.8814544144576238
RW26,7,0.8938493013611533,1,0.25,0,0.8667847725651031
RW26,8,0.8838201049114417,1,0.25,0,0.8664749820455917
RW26,9,0.8776749057612828,1,0.25,0,0.8639757462050315
RW26,10,0.8664005053062743,1,0.25,0,0.8576256853842916
RW26,11,0.8577843772790714,1,0.25,0,0.8203034424083708
RW26,12,0.8512266479212676,1,0.25,0,0.8244433333612189
RW26,13,0.8442312363783513,1,0.25,0,0.8114412884606216
RW4,0,1.0,1,0.25,0,0.9993950287146177
RW4,1,0.952908142031966,1,0.25,0,0.9668210045243486
RW4,2,0.9169005743143264,1,0.25,0,0.9561129032276849
RW4,3,0.8861547650375892,1,0.25,0,0.9144352308510058
RW4,4,0.8653798883913402,1,0.25,0,0.8860577399805121
RW4,5,0.8452071267530786,1,0.25,0,0.8699391856320021
RW4,6,0.8228878119106672,1,0.25,0,0.852880420161278
RW4,7,0.8034885437099676,1,0.25,0,0.8188763026313417
RW4,8,0.8175568100222665,1,0.25,0,0.8076635147662578
RW4,9,0.781835479764987,1,0.25,0,0.8097939869197708
RW4,10,0.7670246260000682,1,0.25,0,0.7736788658758629
RW4,11,0.7443543078487312,1,0.25,0,0.7247101134242396
RW4,12,0.7150665405639625,1,0.25,0,0.6973331978785484
RW4,13,0.6809715885638455,1,0.25,0,0.6921520994945645
RW4,14,0.6735233411679066,1,0.25,0,0.6680221370353332
RW4,15,0.6479957823508535,1,0.25,0,0.6270667537910232
RW4,16,0.6288981200103804,1,0.25,0,0.632924750635304
RW4,17,0.6134212256861231,1,0.25,0,0.6075770627944248
RW4,18,0.5741659696180692,1,0.25,0,0.566233479608438
RW10,0,1.0,1,0.25,1,0.9974313808720883
RW10,1,0.9784479629888402,1,0.25,1,0.9702982241128246
RW10,2,0.9453971298202616,1,0.25,1,0.9392150306812024
RW10,3,0.9117019022865598,1,0.25,1,0.8970344014506582
RW10,4,0.8914739157881061,1,0.25,1,0.8834475360980135
RW10,5,0.8372321175180194,1,0.25,1,0.8597605335130895
RW10,6,0.8164482337318268,1,0.25,1,0.797692673277086
RW10,7,0.789437652957632,1,0.25,1,0.7552773330469075
RW10,8,0.7647575279451165,1,0.25,1,0.7538158397476923
RW10,9,0.7300635744525175,1,0.25,1,0.7432222302303202
RW10,10,0.7075228861352875,1,0.25,1,0.7354915670845211
RW10,11,0.6871342988910181,1,0.25,1,0.721961360294492
RW10,12,0.6697217219754731,1,0.25,1,0.6675528853578888
RW10,13,0.7116492649368324,1,0.25,1,0.6852025461313958
RW10,14,0.66327010566779,1,0.25,1,0.6526139441534343
RW10,15,0.647631852731416,1,0.25,1,0.6559446598225191
RW10,16,0.6309658064312244,1,0.25,1,0.6343946789965288
RW10,17,0.6208612914817577,1,0.25,1,0.6194398129841268
RW10,18,0.6112498733264151,1,0.25,1,0.6292343583118456
RW10,19,0.6095624344801577,1,0.25,1,0.6257991851782532
RW10,20,0.6033896649944029,1,0.25,1,0.6258099353426845
RW10,21,0.5971527839004813,1,0.25,1,0.6181707184784005
RW10,22,0.5886394830051586,1,0.25,1,0.5712001302533939
RW10,23,0.581456358011487,1,0.25,1,0.5602775393882071
RW10,24,0.5695013029658712,1,0.25,1,0.551686845276144
RW10,25,0.5557961266569272,1,0.25,1,0.5398064866760377
RW10,26,0.5474051567570081,1,0.25,1,0.5481829898403268
RW10,27,0.55125687415375,1,0.25,1,0.5402824515770188
RW10,28,0.5453048889853013,1,0.25,1,0.5411852664759645
RW10,29,0.5460438670105365,1,0.25,1,0.5417000370537594
RW10,30,0.5345542267638814,1,0.25,1,0.5230327643485688
RW10,31,0.5489933336557506,1,0.25,1,0.5145925383771152
RW10,32,0.522382773482141,1,0.25,1,0.5189385233548041
RW10,33,0.5016148874153187,1,0.25,1,0.4945487781986318
RW10,34,0.45709804855548364,1,0.25,1,0.4342567907690413
RW10,35,0.44563736559742767,1,0.25,1,0.43134396564729455
RW10,36,0.4211045686596346,1,0.25,1,0.4003147453540577
RW10,37,0.4077546171475978,1,0.25,1,0.38775304530094906
RW10,38,0.4021701914678571,1,0.25,1,0.3880834473353823
RW14,0,1.0,1,0.25,1,0.9990512692268122
RW14,1,0.9644332069664016,1,0.25,1,0.9457404137960951
RW14,2,0.9213533384370284,1,0.25,1,0.9123256553809537
RW14,3,0.8707123594457894,1,0.25,1,0.8849070538648164
RW14,4,0.8348278945661182,1,0.25,1,0.822821644566763
RW14,5,0.8004024718366409,1,0.25,1,0.8069573736137355
RW14,6,0.7430047115117226,1,0.25,1,0.8053637528808738
RW14,7,0.709476468046898,1,0.25,1,0.7677045624853565
RW14,8,0.6823027697859351,1,0.25,1,0.7385736267328432
RW14,9,0.6585988334150349,1,0.25,1,0.6886335117148051
RW14,10,0.6253776891267986,1,0.25,1,0.6613078179721378
RW14,11,0.5924706416874056,1,0.25,1,0.6482007211372944
RW14,12,0.57601843109804,1,0.25,1,0.645307963292964
RW14,13,0.5535409217390064,1,0.25,1,0.6163171323678163
RW14,14,0.5387222453480347,1,0.25,1,0.5750848599920634
RW14,15,0.552867285851326,1,0.25,1,0.5648378514296736
RW14,16,0.5036045429058008,1,0.25,1,0.5781286950739077
RW14,17,0.47883058910976284,1,0.25,1,0.5727909903219851
RW14,18,0.4728937060347926,1,0.25,1,0.5383803828021011
RW14,19,0.45854169582917254,1,0.25,1,0.5333319558099731
RW14,20,0.4518166502306318,1,0.25,1,0.5230837267986437
RW14,21,0.432531360836441,1,0.25,1,0.4991403111031859
RW14,22,0.4200841979206751,1,0.25,1,0.49763700849798825
RW14,23,0.4157935443883638,1,0.25,1,0.4972844713081435
RW18,0,1.0,1,0.25,1,0.9996135984325102
RW18,1,0.9977330149235677,1,0.25,1,1.0007328931973514
RW18,2,0.9213655815556884,1,0.25,1,0.944776006768405
RW18,3,0.8925716791703614,1,0.25,1,0.9211056281358463
RW18,4,0.8718443394852413,1,0.25,1,0.9085746230600639
RW18,5,0.8419174377110581,1,0.25,1,0.8359500611071139
RW18,6,0.813365853114081,1,0.25,1,0.8329900748757729
RW18,7,0.7961193757129356,1,0.25,1,0.8279784125061687
RW18,8,0.7800851421665592,1,0.25,1,0.7971429498183457
RW18,9,0.75369280553753,1,0.25,1,0.7694225376938625
RW18,10,0.7376318600570141,1,0.25,1,0.6962363184407603
RW18,11,0.7056274349360556,1,0.25,1,0.6950182216384223
RW18,12,0.6816641704071746,1,0.25,1,0.6628394356164244
RW18,13,0.6705293405758124,1,0.25,1,0.6608817749621335
RW18,14,0.65689339822108,1,0.25,1,0.6265413884698665
RW18,15,0.6375308971062369,1,0.25,1,0.5812128855322827
RW18,16,0.6343281547363112,1,0.25,1,0.5848123419508933
RW18,17,0.609856009753373,1,0.25,1,0.5740282086527076
RW18,18,0.5902016486507977,1,0.25,1,0.5719176714153517
RW18,19,0.5830172536826165,1,0.25,1,0.5698019053286741
RW18,20,0.5810826408538371,1,0.25,1,0.5615734882111381
RW18,21,0.5687453908621404,1,0.25,1,0.5362116672041591
RW18,22,0.5542246611230017,1,0.25,1,0.5315893862428053
RW18,23,0.5442080853160498,1,0.25,1,0.5243160758263877
RW18,24,0.5344692122433156,1,0.25,1,0.5022542216790212
RW18,25,0.518855432805061,1,0.25,1,0.5052993910580277
RW18,26,0.5265886448180515,1,0.25,1,0.5016912487598565
RW2,0,1.0,1,0.25,1,1.011259695096546
RW2,1,0.964138506194284,1,0.25,1,0.9798465645832181
RW2,2,0.9249040871235984,1,0.25,1,0.9395712767107788
RW2,3,0.8830402696076977,1,0.25,1,0.9411039416220351
RW2,4,0.8564110608744848,1,0.25,1,0.8712347992206663
RW2,5,0.833163794491935,1,0.25,1,0.8455792106412325
RW2,6,0.8231850244197494,1,0.25,1,0.8373121442716768
RW2,7,0.8057852033709737,1,0.25,1,0.8219713162411636
RW2,8,0.7938715366638514,1,0.25,1,0.7698206317074151
RW2,9,0.7860956497952659,1,0.25,1,0.756907340178733
RW2,10,0.766804449532973,1,0.25,1,0.7233623214917669
RW2,11,0.750728888947808,1,0.25,1,0.7727860722963885
RW2,12,0.7623324166830754,1,0.25,1,0.7675319457521949
RW2,13,0.7296788762480323,1,0.25,1,0.7573261302610979
RW2,14,0.7184708582425151,1,0.25,1,0.7480328061760083
RW2,15,0.7036508460351927,1,0.25,1,0.7510898637543222
RW2,16,0.6757157785547322,1,0.25,1,0.7236335626709268
RW2,17,0.6541025835422499,1,0.25,1,0.725455941922933
RW2,18,0.6504949003103174,1,0.25,1,0.68472967316261
RW2,19,0.652906214483479,1,0.25,1,0.6847538758727931
RW2,20,0.6626729647795675,1,0.25,1,0.6824833717656975
RW2,21,0.6576724393157618,1,0.25,1,0.6581204139272419
RW2,22,0.6308359860989354,1,0.25,1,0.5906792499778237
RW2,23,0.5883539180772349,1,0.25,1,0.5707854856074257
RW2,24,0.5714726928240693,1,0.25,1,0.5667691736421352
RW22,0,1.0,1,0.25,1,1.0012559385645747
RW22,1,0.9739365032865775,1,0.25,1,0.9585000901968531
RW22,2,0.9553948808841696,1,0.25,1,0.9425303843378713
RW22,3,0.9149809498639752,1,0.25,1,0.8846710929134441
RW22,4,0.8618174981582503,1,0.25,1,0.8511546132807062
RW22,5,0.8104095048251577,1,0.25,1,0.8118744248902383
RW22,6,0.765116336467881,1,0.25,1,0.8057140062604862
RW22,7,0.7463736626802354,1,0.25,1,0.7806103310510696
RW22,8,0.6843131991933246,1,0.25,1,0.7604750420438882
RW22,9,0.6666096162214906,1,0.25,1,0.7192703444985812
RW26,0,1.0,1,0.25,1,1.0006232724860997
RW26,1,0.9695503888019508,1,0.25,1,0.9777277527258947
RW26,2,0.9530525699746794,1,0.25,1,0.9487690825911052
RW26,3,0.9382100312250065,1,0.25,1,0.92956784617983
RW26,4,0.9249710248364101,1,0.25,1,0.9236175306898187
RW26,5,0.9129597330190223,1,0.25,1,0.9157642995496389
RW26,6,0.9039473720808919,1,0.25,1,0.8619730048327403
RW26,7,0.8938493013611533,1,0.25,1,0.8529556198569047
RW26,8,0.8838201049114417,1,0.25,1,0.8538761049913441
RW26,9,0.8776749057612828,1,0.25,1,0.8446061867800779
RW26,10,0.8664005053062743,1,0.25,1,0.839350471522427
RW26,11,0.8577843772790714,1,0.25,1,0.8079127299464307
RW26,12,0.8512266479212676,1,0.25,1,0.8174658020996739
RW26,13,0.8442312363783513,1,0.25,1,0.7447851783015164
RW4,0,1.0,1,0.25,1,1.005702582347606
RW4,1,0.952908142031966,1,0.25,1,0.9585661683053226
RW4,2,0.9169005743143264,1,0.25,1,0.9375013888012329
RW4,3,0.8861547650375892,1,0.25,1,0.920580138337363
RW4,4,0.8653798883913402,1,0.25,1,0.8767252586643561
RW4,5,0.8452071267530786,1,0.25,1,0.8677219584436098
RW4,6,0.8228878119106672,1,0.25,1,0.8331917853014715
RW4,7,0.8034885437099676,1,0.25,1,0.820721485293995
RW4,8,0.8175568100222665,1,0.25,1,0.8187105840578376
RW4,9,0.781835479764987,1,0.25,1,0.792351074628599
RW4,10,0.7670246260000682,1,0.25,1,0.7492603845446949
RW4,11,0.7443543078487312,1,0.25,1,0.761563215717894
RW4,12,0.7150665405639625,1,0.25,1,0.7119394996495945
RW4,13,0.6809715885638455,1,0.25,1,0.6702195594829641
RW4,14,0.6735233411679066,1,0.25,1,0.6769547678795836
RW4,15,0.6479957823508535,1,0.25,1,0.6595506517398607
RW4,16,0.6288981200103804,1,0.25,1,0.6427385882024012
RW4,17,0.6134212256861231,1,0.25,1,0.5879234929587266
RW4,18,0.5741659696180692,1,0.25,1,0.5810127586333607
RW10,0,1.0,1,0.25,2,0.9975398873748328
RW10,1,0.9784479629888402,1,0.25,2,0.9720827926271557
RW10,2,0.9453971298202616,1,0.25,2,0.9506037459365436
RW10,3,0.9117019022865598,1,0.25,2,0.9359492549810841
RW10,4,0.8914739157881061,1,0.25,2,0.9285884262717947
RW10,5,0.8372321175180194,1,0.25,2,0.8466315922822238
RW10,6,0.8164482337318268,1,0.25,2,0.8145337387974707
RW10,7,0.789437652957632,1,0.25,2,0.8031547887184731
RW10,8,0.7647575279451165,1,0.25,2,0.7713441625167857
RW10,9,0.7300635744525175,1,0.25,2,0.7404208668001051
RW10,10,0.7075228861352875,1,0.25,2,0.7132934645132878
RW10,11,0.6871342988910181,1,0.25,2,0.7466973578565622
RW10,12,0.6697217219754731,1,0.25,2,0.7490010583539982
RW10,13,0.7116492649368324,1,0.25,2,0.7332783423685111
RW10,14,0.66327010566779,1,0.25,2,0.6896463181487794
RW10,15,0.647631852731416,1,0.25,2,0.66546557749751
RW10,16,0.6309658064312244,1,0.25,2,0.634110586236339
RW10,17,0.6208612914817577,1,0.25,2,0.6296048636756294
RW10,18,0.6112498733264151,1,0.25,2,0.640923491137217
RW10,19,0.6095624344801577,1,0.25,2,0.6447984854714449
RW10,20,0.6033896649944029,1,0.25,2,0.6000006770525084
RW10,21,0.5971527839004813,1,0.25,2,0.5977933220994195
RW10,22,0.5886394830051586,1,0.25,2,0.5831045722141003
RW10,23,0.581456358011487,1,0.25,2,0.5831045722141003
RW10,24,0.5695013029658712,1,0.25,2,0.5845284987496563
RW10,25,0.5557961266569272,1,0.25,2,0.5841900803157478
RW10,26,0.5474051567570081,1,0.25,2,0.5653729368056443
RW10,27,0.55125687415375,1,0.25,2,0.5658051967815982
RW10,28,0.5453048889853013,1,0.25,2,0.5506950898584969
RW10,29,0.5460438670105365,1,0.25,2,0.5464094373486172
RW10,30,0.5345542267638814,1,0.25,2,0.5437256967076288
RW10,31,0.5489933336557506,1,0.25,2,0.5421900864626177
RW10,32,0.522382773482141,1,0.25,2,0.5093053627425312
RW10,33,0.5016148874153187,1,0.25,2,0.4894226701558335
RW10,34,0.45709804855548364,1,0.25,2,0.44500117049985805
RW10,35,0.44563736559742767,1,0.25,2,0.44619600791809005
RW10,36,0.4211045686596346,1,0.25,2,0.44907515512482193
RW10,37,0.4077546171475978,1,0.25,2,0.434768736220962
RW10,38,0.4021701914678571,1,0.25,2,0.39094237683519756
RW14,0,1.0,1,0.25,2,1.0004076848962118
RW14,1,0.9644332069664016,1,0.25,2,0.9637440715284964
RW14,2,0.9213533384370284,1,0.25,2,0.8905091932482916
RW14,3,0.8707123594457894,1,0.25,2,0.8801707051874458
RW14,4,0.8348278945661182,1,0.25,2,0.8218335561159217
RW14,5,0.8004024718366409,1,0.25,2,0.7986671337568356
RW14,6,0.7430047115117226,1,0.25,2,0.765055186451783
RW14,7,0.709476468046898,1,0.25,2,0.7234946339621651
RW14,8,0.6823027697859351,1,0.25,2,0.7362859448645397
RW14,9,0.6585988334150349,1,0.25,2,0.7049298674170804
RW14,10,0.6253776891267986,1,0.25,2,0.6585907086359127
RW14,11,0.5924706416874056,1,0.25,2,0.6427348038957517
RW14,12,0.57601843109804,1,0.25,2,0.6472051490849989
RW14,13,0.5535409217390064,1,0.25,2,0.6476987328589633
RW14,14,0.5387222453480347,1,0.25,2,0.5993396562112777
RW14,15,0.552867285851326,1,0.25,2,0.5997348894323017
RW14,16,0.5036045429058008,1,0.25,2,0.5451355377484149
RW14,17,0.47883058910976284,1,0.25,2,0.5473837649082774
RW14,18,0.4728937060347926,1,0.25,2,0.5472752627252953
RW14,19,0.45854169582917254,1,0.25,2,0.5468368000773279
RW14,20,0.4518166502306318,1,0.25,2,0.5279775676768029
RW14,21,0.432531360836441,1,0.25,2,0.4877376449786382
RW14,22,0.4200841979206751,1,0.25,2,0.4849736215570233
RW14,23,0.4157935443883638,1,0.25,2,0.4682610892207351
RW18,0,1.0,1,0.25,2,0.9994571490183138
RW18,1,0.9977330149235677,1,0.25,2,0.9998682928071729
RW18,2,0.9213655815556884,1,0.25,2,0.9445821808410912
RW18,3,0.8925716791703614,1,0.25,2,0.8838730830695375
RW18,4,0.8718443394852413,1,0.25,2,0.8745410869954335
RW18,5,0.8419174377110581,1,0.25,2,0.839540045592683
RW18,6,0.813365853114081,1,0.25,2,0.8233991245282125
RW18,7,0.7961193757129356,1,0.25,2,0.8014483652670724
RW18,8,0.7800851421665592,1,0.25,2,0.7539635523516994
RW18,9,0.75369280553753,1,0.25,2,0.7475778114463505
RW18,10,0.7376318600570141,1,0.25,2,0.6989990261940732
RW18,11,0.7056274349360556,1,0.25,2,0.6693331560859984
RW18,12,0.6816641704071746,1,0.25,2,0.6552189776160392
RW18,13,0.6705293405758124,1,0.25,2,0.6553997644926691
RW18,14,0.65689339822108,1,0.25,2,0.6436058246227903
RW18,15,0.6375308971062369,1,0.25,2,0.5869303467385424
RW18,16,0.6343281547363112,1,0.25,2,0.596233277679783
RW18,17,0.609856009753373,1,0.25,2,0.5423231290042017
RW18,18,0.5902016486507977,1,0.25,2,0.5489591853503566
RW18,19,0.5830172536826165,1,0.25,2,0.5518874090668365
RW18,20,0.5810826408538371,1,0.25,2,0.5524101596275526
RW18,21,0.5687453908621404,1,0.25,2,0.5542092810160505
RW18,22,0.5542246611230017,1,0.25,2,0.5339064227740061
RW18,23,0.5442080853160498,1,0.25,2,0.531842030200827
RW18,24,0.5344692122433156,1,0.25,2,0.5005152688424659
RW18,25,0.518855432805061,1,0.25,2,0.49723673530725415
RW18,26,0.5265886448180515,1,0.25,2,0.47216440083266015
RW2,0,1.0,1,0.25,2,1.0060614349746622
RW2,1,0.964138506194284,1,0.25,2,0.9748648211041008
RW2,2,0.9249040871235984,1,0.25,2,0.9337961314092038
RW2,3,0.8830402696076977,1,0.25,2,0.9395560017811455
RW2,4,0.8564110608744848,1,0.25,2,0.8776358251279002
RW2,5,0.833163794491935,1,0.25,2,0.8532830678862983
RW2,6,0.8231850244197494,1,0.25,2,0.8347341399045324
RW2,7,0.8057852033709737,1,0.25,2,0.7963636712443661
RW2,8,0.7938715366638514,1,0.25,2,0.7648744346612026
RW2,9,0.7860956497952659,1,0.25,2,0.7506530532018045
RW2,10,0.766804449532973,1,0.25,2,0.7293303270789253
RW2,11,0.750728888947808,1,0.25,2,0.7586351178335342
RW2,12,0.7623324166830754,1,0.25,2,0.7606910376731337
RW2,13,0.7296788762480323,1,0.25,2,0.7460876424747398
RW2,14,0.7184708582425151,1,0.25,2,0.7486353226851795
RW2,15,0.7036508460351927,1,0.25,2,0.7484171068263799
RW2,16,0.6757157785547322,1,0.25,2,0.7164783744717157
RW2,17,0.6541025835422499,1,0.25,2,0.7036094971407615
RW2,18,0.6504949003103174,1,0.25,2,0.68083471093296
RW2,19,0.652906214483479,1,0.25,2,0.6611595534797702
RW2,20,0.6626729647795675,1,0.25,2,0.6633472748312197
RW2,21,0.6576724393157618,1,0.25,2,0.6619397251136214
RW2,22,0.6308359860989354,1,0.25,2,0.6163657073142423
RW2,23,0.5883539180772349,1,0.25,2,0.5554153522151969
RW2,24,0.5714726928240693,1,0.25,2,0.5580206982716855
RW22,0,1.0,1,0.25,2,1.0008948064455123
RW22,1,0.9739365032865775,1,0.25,2,0.974450824896855
RW22,2,0.9553948808841696,1,0.25,2,0.9489253377925093
RW22,3,0.9149809498639752,1,0.25,2,0.8844527025374981
RW22,4,0.8618174981582503,1,0.25,2,0.8705691530261199
RW22,5,0.8104095048251577,1,0.25,2,0.8298861605605438
RW22,6,0.765116336467881,1,0.25,2,0.8123245954636773
RW22,7,0.7463736626802354,1,0.25,2,0.7814706234725581
RW22,8,0.6843131991933246,1,0.25,2,0.7703574650025226
RW22,9,0.6666096162214906,1,0.25,2,0.7498475530297489
RW26,0,1.0,1,0.25,2,1.0008386407372507
RW26,1,0.9695503888019508,1,0.25,2,0.9676210535427733
RW26,2,0.9530525699746794,1,0.25,2,0.9536977114422722
RW26,3,0.9382100312250065,1,0.25,2,0.910071385181587
RW26,4,0.9249710248364101,1,0.25,2,0.8982246662999106
RW26,5,0.9129597330190223,1,0.25,2,0.8985583109422212
RW26,6,0.9039473720808919,1,0.25,2,0.8752611724113648
RW26,7,0.8938493013611533,1,0.25,2,0.8665441636471488
RW26,8,0.8838201049114417,1,0.25,2,0.8673095426872909
RW26,9,0.8776749057612828,1,0.25,2,0.8637049974859357
RW26,10,0.8664005053062743,1,0.25,2,0.8220355444802657
RW26,11,0.8577843772790714,1,0.25,2,0.8197312088298419
RW26,12,0.8512266479212676,1,0.25,2,0.8043368763835986
RW26,13,0.8442312363783513,1,0.25,2,0.7888820396979498
RW4,0,1.0,1,0.25,2,1.0026830036073318
RW4,1,0.952908142031966,1,0.25,2,0.9668089830486848
RW4,2,0.9169005743143264,1,0.25,2,0.9371970249453767
RW4,3,0.8861547650375892,1,0.25,2,0.9009521258511493
RW4,4,0.8653798883913402,1,0.25,2,0.8751132815419652
RW4,5,0.8452071267530786,1,0.25,2,0.8770928358803626
RW4,6,0.8228878119106672,1,0.25,2,0.8353907631507324
RW4,7,0.8034885437099676,1,0.25,2,0.8177111450742804
RW4,8,0.8175568100222665,1,0.25,2,0.8030339588554075
RW4,9,0.781835479764987,1,0.25,2,0.7773181316220399
RW4,10,0.7670246260000682,1,0.25,2,0.7571254869634351
RW4,11,0.7443543078487312,1,0.25,2,0.739188947814749
RW4,12,0.7150665405639625,1,0.25,2,0.7197533233341717
RW4,13,0.6809715885638455,1,0.25,2,0.6896167126907219
RW4,14,0.6735233411679066,1,0.25,2,0.6699099689745508
RW4,15,0.6479957823508535,1,0.25,2,0.6673239220367212
RW4,16,0.6288981200103804,1,0.25,2,0.6722001688909928
RW4,17,0.6134212256861231,1,0.25,2,0.6137638309759446
RW4,18,0.5741659696180692,1,0.25,2,0.5535275176334636
RW10,0,1.0,1,0.25,3,0.9965932776034453
RW10,1,0.9784479629888402,1,0.25,3,0.96816270338149
RW10,2,0.9453971298202616,1,0.25,3,0.9383104602231385
RW10,3,0.9117019022865598,1,0.25,3,0.9227673461562225
RW10,4,0.8914739157881061,1,0.25,3,0.9061394144320292
RW10,5,0.8372321175180194,1,0.25,3,0.8561133416445578
RW10,6,0.8164482337318268,1,0.25,3,0.8407837657593052
RW10,7,0.789437652957632,1,0.25,3,0.8086297675265016
RW10,8,0.7647575279451165,1,0.25,3,0.7811436837132011
RW10,9,0.7300635744525175,1,0.25,3,0.7800271547853475
RW10,10,0.7075228861352875,1,0.25,3,0.7056785241757291
RW10,11,0.6871342988910181,1,0.25,3,0.7302226879637226
RW10,12,0.6697217219754731,1,0.25,3,0.6879756520766711
RW10,13,0.7116492649368324,1,0.25,3,0.6993016262475008
RW10,14,0.66327010566779,1,0.25,3,0.6538612566149852
RW10,15,0.647631852731416,1,0.25,3,0.6538612566149852
RW10,16,0.6309658064312244,1,0.25,3,0.6448363525260606
RW10,17,0.6208612914817577,1,0.25,3,0.6416366410582856
RW10,18,0.6112498733264151,1,0.25,3,0.6241286632543136
RW10,19,0.6095624344801577,1,0.25,3,0.590465332822864
RW10,20,0.6033896649944029,1,0.25,3,0.6092709122620358
RW10,21,0.5971527839004813,1,0.25,3,0.6111912338159392
RW10,22,0.5886394830051586,1,0.25,3,0.6069564078212255
RW10,23,0.581456358011487,1,0.25,3,0.5581835003925233
RW10,24,0.5695013029658712,1,0.25,3,0.5572121385918236
RW10,25,0.5557961266569272,1,0.25,3,0.5634554299949667
RW10,26,0.5474051567570081,1,0.25,3,0.5630862306730575
RW10,27,0.55125687415375,1,0.25,3,0.5576031668486212
RW10,28,0.5453048889853013,1,0.25,3,0.5491314184301422
RW10,29,0.5460438670105365,1,0.25,3,0.5375319018387988
RW10,30,0.5345542267638814,1,0.25,3,0.5121282188738795
RW10,31,0.5489933336557506,1,0.25,3,0.5118678074240827
RW10,32,0.522382773482141,1,0.25,3,0.5251708155058356
RW10,33,0.5016148874153187,1,0.25,3,0.4880592170938573
RW10,34,0.45709804855548364,1,0.25,3,0.4293769846468849
RW10,35,0.44563736559742767,1,0.25,3,0.4192793884131829
RW10,36,0.4211045686596346,1,0.25,3,0.41542367094932997
RW10,37,0.4077546171475978,1,0.25,3,0.3847263799473908
RW10,38,0.4021701914678571,1,0.25,3,0.3813499156950706
RW14,0,1.0,1,0.25,3,1.0009309085692266
RW14,1,0.9644332069664016,1,0.25,3,0.9501909577590575
RW14,2,0.9213533384370284,1,0.25,3,0.9088364053162852
RW14,3,0.8707123594457894,1,0.25,3,0.877573424460232
RW14,4,0.8348278945661182,1,0.25,3,0.8360146415960941
RW14,5,0.8004024718366409,1,0.25,3,0.8199030003073118
RW14,6,0.7430047115117226,1,0.25,3,0.7950686321440069
RW14,7,0.709476468046898,1,0.25,3,0.7272049759824243
RW14,8,0.6823027697859351,1,0.25,3,0.7189617882292789
RW14,9,0.6585988334150349,1,0.25,3,0.6826837186194684
RW14,10,0.6253776891267986,1,0.25,3,0.6862449044761277
RW14,11,0.5924706416874056,1,0.25,3,0.6611429376721594
RW14,12,0.57601843109804,1,0.25,3,0.6087412369385883
RW14,13,0.5535409217390064,1,0.25,3,0.6230529733120801
RW14,14,0.5387222453480347,1,0.25,3,0.5658270546266846
RW14,15,0.552867285851326,1,0.25,3,0.5658270546266846
RW14,16,0.5036045429058008,1,0.25,3,0.585862805957505
RW14,17,0.47883058910976284,1,0.25,3,0.5724876957463653
RW14,18,0.4728937060347926,1,0.25,3,0.557529560684724
RW14,19,0.45854169582917254,1,0.25,3,0.5314409602365109
RW14,20,0.4518166502306318,1,0.25,3,0.5214210194708145
RW14,21,0.432531360836441,1,0.25,3,0.518463323352372
RW14,22,0.4200841979206751,1,0.25,3,0.5102860935704516
RW14,23,0.4157935443883638,1,0.25,3,0.5097475301050004
RW18,0,1.0,1,0.25,3,1.0023644834734988
RW18,1,0.9977330149235677,1,0.25,3,1.0023644834734988
RW18,2,0.9213655815556884,1,0.25,3,0.9643314442324296
RW18,3,0.8925716791703614,1,0.25,3,0.9213327259696851
RW18,4,0.8718443394852413,1,0.25,3,0.8937706667119417
RW18,5,0.8419174377110581,1,0.25,3,0.8600567649343906
RW18,6,0.813365853114081,1,0.25,3,0.8336437593747019
RW18,7,0.7961193757129356,1,0.25,3,0.8171432653460363
RW18,8,0.7800851421665592,1,0.25,3,0.7402578242150853
RW18,9,0.75369280553753,1,0.25,3,0.7363942632841823
RW18,10,0.7376318600570141,1,0.25,3,0.6881696823149593
RW18,11,0.7056274349360556,1,0.25,3,0.7025435344279601
RW18,12,0.6816641704071746,1,0.25,3,0.6558499360663441
RW18,13,0.6705293405758124,1,0.25,3,0.626403273826194
RW18,14,0.65689339822108,1,0.25,3,0.6150784982738283
RW18,15,0.6375308971062369,1,0.25,3,0.5828041520568861
RW18,16,0.6343281547363112,1,0.25,3,0.5829111753570112
RW18,17,0.609856009753373,1,0.25,3,0.583217551250064
RW18,18,0.5902016486507977,1,0.25,3,0.5861129795301847
RW18,19,0.5830172536826165,1,0.25,3,0.5562699243550708
RW18,20,0.5810826408538371,1,0.25,3,0.5583280369538473
RW18,21,0.5687453908621404,1,0.25,3,0.5440664503876004
RW18,22,0.5542246611230017,1,0.25,3,0.5265398508908015
RW18,23,0.5442080853160498,1,0.25,3,0.5199019240356675
RW18,24,0.5344692122433156,1,0.25,3,0.5166226203512311
RW18,25,0.518855432805061,1,0.25,3,0.5052717887142604
RW18,26,0.5265886448180515,1,0.25,3,0.5071084182476417
RW2,0,1.0,1,0.25,3,1.0054666461423116
RW2,1,0.964138506194284,1,0.25,3,0.9819783520266174
RW2,2,0.9249040871235984,1,0.25,3,0.9424570710665915
RW2,3,0.8830402696076977,1,0.25,3,0.9423934600157303
RW2,4,0.8564110608744848,1,0.25,3,0.8938446002119853
RW2,5,0.833163794491935,1,0.25,3,0.8792212163890665
RW2,6,0.8231850244197494,1,0.25,3,0.8388843445197105
RW2,7,0.8057852033709737,1,0.25,3,0.820445971483746
RW2,8,0.7938715366638514,1,0.25,3,0.7586264283579893
RW2,9,0.7860956497952659,1,0.25,3,0.7645679253461465
RW2,10,0.766804449532973,1,0.25,3,0.7535142950017486
RW2,11,0.750728888947808,1,0.25,3,0.7982630650325282
RW2,12,0.7623324166830754,1,0.25,3,0.8073309410966324
RW2,13,0.7296788762480323,1,0.25,3,0.7912202783276873
RW2,14,0.7184708582425151,1,0.25,3,0.7457143607514283
RW2,15,0.7036508460351927,1,0.25,3,0.7503596364595645
RW2,16,0.6757157785547322,1,0.25,3,0.7083819804461123
RW2,17,0.6541025835422499,1,0.25,3,0.7096736605761299
RW2,18,0.6504949003103174,1,0.25,3,0.7054599795016206
RW2,19,0.652906214483479,1,0.25,3,0.6640067358676197
RW2,20,0.6626729647795675,1,0.25,3,0.6380992143561597
RW2,21,0.6576724393157618,1,0.25,3,0.6144798749076988
RW2,22,0.6308359860989354,1,0.25,3,0.5732768486771462
RW2,23,0.5883539180772349,1,0.25,3,0.568870624938955
RW2,24,0.5714726928240693,1,0.25,3,0.5654741769274801
RW22,0,1.0,1,0.25,3,1.0001800444232445
RW22,1,0.9739365032865775,1,0.25,3,0.9583535851595856
RW22,2,0.9553948808841696,1,0.25,3,0.9532503030246406
RW22,3,0.9149809498639752,1,0.25,3,0.9080223844616601
RW22,4,0.8618174981582503,1,0.25,3,0.8776498669403763
RW22,5,0.8104095048251577,1,0.25,3,0.8438502702634
RW22,6,0.765116336467881,1,0.25,3,0.819925950627056
RW22,7,0.7463736626802354,1,0.25,3,0.8202180112505175
RW22,8,0.6843131991933246,1,0.25,3,0.7818505782554499
RW22,9,0.6666096162214906,1,0.25,3,0.7744714049454899
RW26,0,1.0,1,0.25,3,1.0001800444232445
RW26,1,0.9695503888019508,1,0.25,3,0.9688399464919167
RW26,2,0.9530525699746794,1,0.25,3,0.9515232873591674
RW26,3,0.9382100312250065,1,0.25,3,0.9242862958252337
RW26,4,0.9249710248364101,1,0.25,3,0.9149670248203507
RW26,5,0.9129597330190223,1,0.25,3,0.8935067321324515
RW26,6,0.9039473720808919,1,0.25,3,0.8762085437917313
RW26,7,0.8938493013611533,1,0.25,3,0.8675348916912581
RW26,8,0.8838201049114417,1,0.25,3,0.8679540018183554
RW26,9,0.8776749057612828,1,0.25,3,0.8639011952438883
RW26,10,0.8664005053062743,1,0.25,3,0.8295502524837992
RW26,11,0.8577843772790714,1,0.25,3,0.8172887633631037
RW26,12,0.8512266479212676,1,0.25,3,0.8213200448205982
RW26,13,0.8442312363783513,1,0.25,3,0.7728966011629251
RW4,0,1.0,1,0.25,3,1.0032839449182955
RW4,1,0.952908142031966,1,0.25,3,0.9697910915268295
RW4,2,0.9169005743143264,1,0.25,3,0.9523330093940712
RW4,3,0.8861547650375892,1,0.25,3,0.9105663534129413
RW4,4,0.8653798883913402,1,0.25,3,0.8964121494284227
RW4,5,0.8452071267530786,1,0.25,3,0.8698817053125643
RW4,6,0.8228878119106672,1,0.25,3,0.8287830195040358
RW4,7,0.8034885437099676,1,0.25,3,0.8300086391171442
RW4,8,0.8175568100222665,1,0.25,3,0.8194951176127137
RW4,9,0.781835479764987,1,0.25,3,0.804498208669377
RW4,10,0.7670246260000682,1,0.25,3,0.745225707501196
RW4,11,0.7443543078487312,1,0.25,3,0.7541940154064373
RW4,12,0.7150665405639625,1,0.25,3,0.6930055956008524
RW4,13,0.6809715885638455,1,0.25,3,0.685386512112716
RW4,14,0.6735233411679066,1,0.25,3,0.6317957260330344
RW4,15,0.6479957823508535,1,0.25,3,0.6170215655719177
RW4,16,0.6288981200103804,1,0.25,3,0.6356049305571877
RW4,17,0.6134212256861231,1,0.25,3,0.5773828377538711
RW4,18,0.5741659696180692,1,0.25,3,0.5776975578374081
RW10,0,1.0,1,0.25,4,0.9999020472387053
RW10,1,0.9784479629888402,1,0.25,4,0.9680279286426774
RW10,2,0.9453971298202616,1,0.25,4,0.9598312739047911
RW10,3,0.9117019022865598,1,0.25,4,0.9165560865778154
RW10,4,0.8914739157881061,1,0.25,4,0.903529173645272
RW10,5,0.8372321175180194,1,0.25,4,0.877340981748234
RW10,6,0.8164482337318268,1,0.25,4,0.8117152687594964
RW10,7,0.789437652957632,1,0.25,4,0.7634470243350623
RW10,8,0.7647575279451165,1,0.25,4,0.740203535541227
RW10,9,0.7300635744525175,1,0.25,4,0.737974706894223
RW10,10,0.7075228861352875,1,0.25,4,0.7371067817070707
RW10,11,0.6871342988910181,1,0.25,4,0.7396814464319404
RW10,12,0.6697217219754731,1,0.25,4,0.6724328424203038
RW10,13,0.7116492649368324,1,0.25,4,0.6894562108282264
RW10,14,0.66327010566779,1,0.25,4,0.6934628618948405
RW10,15,0.647631852731416,1,0.25,4,0.6565183429058602
RW10,16,0.6309658064312244,1,0.25,4,0.6726614085583729
RW10,17,0.6208612914817577,1,0.25,4,0.6204931198963952
RW10,18,0.6112498733264151,1,0.25,4,0.621227130053666
RW10,19,0.6095624344801577,1,0.25,4,0.620448329989765
RW10,20,0.6033896649944029,1,0.25,4,0.6144169143894632
RW10,21,0.5971527839004813,1,0.25,4,0.6142634624798491
RW10,22,0.5886394830051586,1,0.25,4,0.6191221816532493
RW10,23,0.581456358011487,1,0.25,4,0.6146173748743371
RW10,24,0.5695013029658712,1,0.25,4,0.6155578288074511
RW10,25,0.5557961266569272,1,0.25,4,0.5916016298069073
RW10,26,0.5474051567570081,1,0.25,4,0.5625184032144516
RW10,27,0.55125687415375,1,0.25,4,0.5620221276699924
RW10,28,0.5453048889853013,1,0.25,4,0.5624403564575509
RW10,29,0.5460438670105365,1,0.25,4,0.5440888495218679
RW10,30,0.5345542267638814,1,0.25,4,0.5336942453818443
RW10,31,0.5489933336557506,1,0.25,4,0.5184935775700988
RW10,32,0.522382773482141,1,0.25,4,0.5114527988312745
RW10,33,0.5016148874153187,1,0.25,4,0.49179836622607187
RW10,34,0.45709804855548364,1,0.25,4,0.498034026970815
RW10,35,0.44563736559742767,1,0.25,4,0.42884029937666135
RW10,36,0.4211045686596346,1,0.25,4,0.4205927053362848
RW10,37,0.4077546171475978,1,0.25,4,0.37439812296244557
RW10,38,0.4021701914678571,1,0.25,4,0.37331600853605906
RW14,0,1.0,1,0.25,4,0.9989119870575809
RW14,1,0.9644332069664016,1,0.25,4,0.9664174923741838
RW14,2,0.9213533384370284,1,0.25,4,0.9025654703049266
RW14,3,0.8707123594457894,1,0.25,4,0.8721720291609912
RW14,4,0.8348278945661182,1,0.25,4,0.8488439712675245
RW14,5,0.8004024718366409,1,0.25,4,0.8354564039765229
RW14,6,0.7430047115117226,1,0.25,4,0.8094437064796736
RW14,7,0.709476468046898,1,0.25,4,0.7615855819683522
RW14,8,0.6823027697859351,1,0.25,4,0.6943510392827439
RW14,9,0.6585988334150349,1,0.25,4,0.7232864730868988
RW14,10,0.6253776891267986,1,0.25,4,0.6738411698364405
RW14,11,0.5924706416874056,1,0.25,4,0.6783598575928199
RW14,12,0.57601843109804,1,0.25,4,0.6484893846085098
RW14,13,0.5535409217390064,1,0.25,4,0.6238003757638064
RW14,14,0.5387222453480347,1,0.25,4,0.5952282057990755
RW14,15,0.552867285851326,1,0.25,4,0.5756460406498064
RW14,16,0.5036045429058008,1,0.25,4,0.5550095688471368
RW14,17,0.47883058910976284,1,0.25,4,0.5614670239525902
RW14,18,0.4728937060347926,1,0.25,4,0.5578345400334531
RW14,19,0.45854169582917254,1,0.25,4,0.5172767412147667
RW14,20,0.4518166502306318,1,0.25,4,0.5239784666137455
RW14,21,0.432531360836441,1,0.25,4,0.4896316986250651
RW14,22,0.4200841979206751,1,0.25,4,0.4814056757293255
RW14,23,0.4157935443883638,1,0.25,4,0.4742845034735915
RW18,0,1.0,1,0.25,4,1.0011381105943005
RW18,1,0.9977330149235677,1,0.25,4,1.0011381105943005
RW18,2,0.9213655815556884,1,0.25,4,0.9419111786226256
RW18,3,0.8925716791703614,1,0.25,4,0.9137617570329157
RW18,4,0.8718443394852413,1,0.25,4,0.8999809734831551
RW18,5,0.8419174377110581,1,0.25,4,0.8637708418280878
RW18,6,0.813365853114081,1,0.25,4,0.8320697958901676
RW18,7,0.7961193757129356,1,0.25,4,0.8169311703748806
RW18,8,0.7800851421665592,1,0.25,4,0.7856637067995598
RW18,9,0.75369280553753,1,0.25,4,0.7023404075139807
RW18,10,0.7376318600570141,1,0.25,4,0.7260161244367928
RW18,11,0.7056274349360556,1,0.25,4,0.6913569736136073
RW18,12,0.6816641704071746,1,0.25,4,0.6525217115215801
RW18,13,0.6705293405758124,1,0.25,4,0.6367408263688268
RW18,14,0.65689339822108,1,0.25,4,0.6352642737604769
RW18,15,0.6375308971062369,1,0.25,4,0.6075786016272637
RW18,16,0.6343281547363112,1,0.25,4,0.603811585640325
RW18,17,0.609856009753373,1,0.25,4,0.5549340703405403
RW18,18,0.5902016486507977,1,0.25,4,0.563373943928505
RW18,19,0.5830172536826165,1,0.25,4,0.5533570079259623
RW18,20,0.5810826408538371,1,0.25,4,0.5559398389234833
RW18,21,0.5687453908621404,1,0.25,4,0.5220895642749271
RW18,22,0.5542246611230017,1,0.25,4,0.5216467593052379
RW18,23,0.5442080853160498,1,0.25,4,0.531522439886923
RW18,24,0.5344692122433156,1,0.25,4,0.506804125090547
RW18,25,0.518855432805061,1,0.25,4,0.5021337924801447
RW18,26,0.5265886448180515,1,0.25,4,0.5010325142542263
RW2,0,1.0,1,0.25,4,1.0055528795366682
RW2,1,0.964138506194284,1,0.25,4,0.9837290765345024
RW2,2,0.9249040871235984,1,0.25,4,0.9568591921132463
RW2,3,0.8830402696076977,1,0.25,4,0.9500523129741371
RW2,4,0.8564110608744848,1,0.25,4,0.863179463329919
RW2,5,0.833163794491935,1,0.25,4,0.8449535880543928
RW2,6,0.8231850244197494,1,0.25,4,0.8312902831376446
RW2,7,0.8057852033709737,1,0.25,4,0.8294932301012219
RW2,8,0.7938715366638514,1,0.25,4,0.8069510619116225
RW2,9,0.7860956497952659,1,0.25,4,0.7705824030695966
RW2,10,0.766804449532973,1,0.25,4,0.7780286895898896
RW2,11,0.750728888947808,1,0.25,4,0.7762630527699588
RW2,12,0.7623324166830754,1,0.25,4,0.7633956596452898
RW2,13,0.7296788762480323,1,0.25,4,0.7467416108225842
RW2,14,0.7184708582425151,1,0.25,4,0.749604412666032
RW2,15,0.7036508460351927,1,0.25,4,0.7302919392999804
RW2,16,0.6757157785547322,1,0.25,4,0.7269513513288752
RW2,17,0.6541025835422499,1,0.25,4,0.7005604642591956
RW2,18,0.6504949003103174,1,0.25,4,0.6837288534468265
RW2,19,0.652906214483479,1,0.25,4,0.6773856198304044
RW2,20,0.6626729647795675,1,0.25,4,0.6615577399588118
RW2,21,0.6576724393157618,1,0.25,4,0.6475505268580364
RW2,22,0.6308359860989354,1,0.25,4,0.5965828350138972
RW2,23,0.5883539180772349,1,0.25,4,0.545901078072973
RW2,24,0.5714726928240693,1,0.25,4,0.5479692487032993
RW22,0,1.0,1,0.25,4,0.9985819412324161
RW22,1,0.9739365032865775,1,0.25,4,0.9728266487845258
RW22,2,0.9553948808841696,1,0.25,4,0.9450467087424302
RW22,3,0.9149809498639752,1,0.25,4,0.8753421167517801
RW22,4,0.8618174981582503,1,0.25,4,0.861813134535708
RW22,5,0.8104095048251577,1,0.25,4,0.8566112153616813
RW22,6,0.765116336467881,1,0.25,4,0.8256517811912323
RW22,7,0.7463736626802354,1,0.25,4,0.796719416875519
RW22,8,0.6843131991933246,1,0.25,4,0.7935776513285682
RW22,9,0.6666096162214906,1,0.25,4,0.7635658181101739
RW26,0,1.0,1,0.25,4,0.9998331228934001
RW26,1,0.9695503888019508,1,0.25,4,0.968804767218307
RW26,2,0.9530525699746794,1,0.25,4,0.9468257256837005
RW26,3,0.9382100312250065,1,0.25,4,0.9308676597434155
RW26,4,0.9249710248364101,1,0.25,4,0.913356097396374
RW26,5,0.9129597330190223,1,0.25,4,0.9135314327038155
RW26,6,0.9039473720808919,1,0.25,4,0.8872517496013007
RW26,7,0.8938493013611533,1,0.25,4,0.8718282833061651
RW26,8,0.8838201049114417,1,0.25,4,0.8646215201300249
RW26,9,0.8776749057612828,1,0.25,4,0.8457907387691511
RW26,10,0.8664005053062743,1,0.25,4,0.8395797723189472
RW26,11,0.8577843772790714,1,0.25,4,0.8238873584048367
RW26,12,0.8512266479212676,1,0.25,4,0.8077793833446658
RW26,13,0.8442312363783513,1,0.25,4,0.809431563302601
RW4,0,1.0,1,0.25,4,1.0018262896409742
RW4,1,0.952908142031966,1,0.25,4,0.9599330521012592
RW4,2,0.9169005743143264,1,0.25,4,0.9458308581954524
RW4,3,0.8861547650375892,1,0.25,4,0.9196949169612533
RW4,4,0.8653798883913402,1,0.25,4,0.8740770875767235
RW4,5,0.8452071267530786,1,0.25,4,0.8679700725446293
RW4,6,0.8228878119106672,1,0.25,4,0.8565304795298126
RW4,7,0.8034885437099676,1,0.25,4,0.8518383327592256
RW4,8,0.8175568100222665,1,0.25,4,0.8327974202400729
RW4,9,0.781835479764987,1,0.25,4,0.8076697909239824
RW4,10,0.7670246260000682,1,0.25,4,0.7768124859259176
RW4,11,0.7443543078487312,1,0.25,4,0.7431652561031984
RW4,12,0.7150665405639625,1,0.25,4,0.7220286940946911
RW4,13,0.6809715885638455,1,0.25,4,0.6859649723759829
RW4,14,0.6735233411679066,1,0.25,4,0.6667479542014242
RW4,15,0.6479957823508535,1,0.25,4,0.6457541259925729
RW4,16,0.6288981200103804,1,0.25,4,0.6310018564988723
RW4,17,0.6134212256861231,1,0.25,4,0.5981809900835374
RW4,18,0.5741659696180692,1,0.25,4,0.5618490466755497
RW10,0,1.0,1,0.1,0,0.9969837160209186
RW10,1,0.9784479629888402,1,0.1,0,0.9850013231980578
RW10,2,0.9453971298202616,1,0.1,0,0.9716610056491042
RW10,3,0.9117019022865598,1,0.1,0,0.9588803040483881
RW10,4,0.8914739157881061,1,0.1,0,0.8940044663813475
RW10,5,0.8372321175180194,1,0.1,0,0.8116195149940431
RW10,6,0.8164482337318268,1,0.1,0,0.7848005998667615
RW10,7,0.789437652957632,1,0.1,0,0.7644388664010859
RW10,8,0.7647575279451165,1,0.1,0,0.747512380975603
RW10,9,0.7300635744525175,1,0.1,0,0.7320555379586233
RW10,10,0.7075228861352875,1,0.1,0,0.7291249132712219
RW10,11,0.6871342988910181,1,0.1,0,0.7478155686859067
RW10,12,0.6697217219754731,1,0.1,0,0.6985489458317602
RW10,13,0.7116492649368324,1,0.1,0,0.6976193930280677
RW10,14,0.66327010566779,1,0.1,0,0.7152036990086708
RW10,15,0.647631852731416,1,0.1,0,0.7131018772555674
RW10,16,0.6309658064312244,1,0.1,0,0.7131018772555674
RW10,17,0.6208612914817577,1,0.1,0,0.713131363708311
RW10,18,0.6112498733264151,1,0.1,0,0.673537468999747
RW10,19,0.6095624344801577,1,0.1,0,0.6669653512726023
RW10,20,0.6033896649944029,1,0.1,0,0.6557834428704602
RW10,21,0.5971527839004813,1,0.1,0,0.6249583199433307
RW10,22,0.5886394830051586,1,0.1,0,0.5671895002208758
RW10,23,0.581456358011487,1,0.1,0,0.5733327682624091
RW10,24,0.5695013029658712,1,0.1,0,0.5736200173762452
RW10,25,0.5557961266569272,1,0.1,0,0.5764174407853785
RW10,26,0.5474051567570081,1,0.1,0,0.578053586103613
RW10,27,0.55125687415375,1,0.1,0,0.573982218118417
RW10,28,0.5453048889853013,1,0.1,0,0.5741389824883868
RW10,29,0.5460438670105365,1,0.1,0,0.5394168974669042
RW10,30,0.5345542267638814,1,0.1,0,0.5327033239956747
RW10,31,0.5489933336557506,1,0.1,0,0.4915308683225433
RW10,32,0.522382773482141,1,0.1,0,0.473758887467861
RW10,33,0.5016148874153187,1,0.1,0,0.47546249588777884
RW10,34,0.45709804855548364,1,0.1,0,0.4217628529200233
RW10,35,0.44563736559742767,1,0.1,0,0.42256848196735314
RW10,36,0.4211045686596346,1,0.1,0,0.43012772200810173
RW10,37,0.4077546171475978,1,0.1,0,0.42998986501210673
RW10,38,0.4021701914678571,1,0.1,0,0.4306551268145741
RW14,0,1.0,1,0.1,0,0.9992669923407297
RW14,1,0.9644332069664016,1,0.1,0,0.9734361705297093
RW14,2,0.9213533384370284,1,0.1,0,0.9266639203834781
RW14,3,0.8707123594457894,1,0.1,0,0.873917907867192
RW14,4,0.8348278945661182,1,0.1,0,0.8514433720037115
RW14,5,0.8004024718366409,1,0.1,0,0.8061997747770233
RW14,6,0.7430047115117226,1,0.1,0,0.8196709806741904
RW14,7,0.709476468046898,1,0.1,0,0.798775320301312
RW14,8,0.6823027697859351,1,0.1,0,0.7353089104239137
RW14,9,0.6585988334150349,1,0.1,0,0.7275187236405559
RW14,10,0.6253776891267986,1,0.1,0,0.7123577675143099
RW14,11,0.5924706416874056,1,0.1,0,0.6431029302100237
RW14,12,0.57601843109804,1,0.1,0,0.5987078668715013
RW14,13,0.5535409217390064,1,0.1,0,0.5768573470237724
RW14,14,0.5387222453480347,1,0.1,0,0.5840205829297375
RW14,15,0.552867285851326,1,0.1,0,0.5840205829297375
RW14,16,0.5036045429058008,1,0.1,0,0.5802362266070552
RW14,17,0.47883058910976284,1,0.1,0,0.5755951472261884
RW14,18,0.4728937060347926,1,0.1,0,0.5493354852351406
RW14,19,0.45854169582917254,1,0.1,0,0.5493354852351406
RW14,20,0.4518166502306318,1,0.1,0,0.5436112265752047
RW14,21,0.432531360836441,1,0.1,0,0.5288382871254426
RW14,22,0.4200841979206751,1,0.1,0,0.5291688461241628
RW14,23,0.4157935443883638,1,0.1,0,0.5291688461241628
RW18,0,1.0,1,0.1,0,1.000404904885701
RW18,1,0.9977330149235677,1,0.1,0,1.000170985309325
RW18,2,0.9213655815556884,1,0.1,0,0.9395033033901647
RW18,3,0.8925716791703614,1,0.1,0,0.9184974689061937
RW18,4,0.8718443394852413,1,0.1,0,0.872003004964955
RW18,5,0.8419174377110581,1,0.1,0,0.8625374352032933
RW18,6,0.813365853114081,1,0.1,0,0.8324039488664756
RW18,7,0.7961193757129356,1,0.1,0,0.8383593944946168
RW18,8,0.7800851421665592,1,0.1,0,0.7610413098236427
RW18,9,0.75369280553753,1,0.1,0,0.7478044453900683
RW18,10,0.7376318600570141,1,0.1,0,0.743142533400318
RW18,11,0.7056274349360556,1,0.1,0,0.6875344595544738
RW18,12,0.6816641704071746,1,0.1,0,0.6653552403529649
RW18,13,0.6705293405758124,1,0.1,0,0.6363539991051161
RW18,14,0.65689339822108,1,0.1,0,0.5820961543642834
RW18,15,0.6375308971062369,1,0.1,0,0.5750356014815021
RW18,16,0.6343281547363112,1,0.1,0,0.5877184417441281
RW18,17,0.609856009753373,1,0.1,0,0.5869643278020427
RW18,18,0.5902016486507977,1,0.1,0,0.5860294150696579
RW18,19,0.5830172536826165,1,0.1,0,0.5457810032247639
RW18,20,0.5810826408538371,1,0.1,0,0.5474016023086021
RW18,21,0.5687453908621404,1,0.1,0,0.5472351205199639
RW18,22,0.5542246611230017,1,0.1,0,0.5441685987297414
RW18,23,0.5442080853160498,1,0.1,0,0.5417628296309409
RW18,24,0.5344692122433156,1,0.1,0,0.522716755850237
RW18,25,0.518855432805061,1,0.1,0,0.5256580516111858
RW18,26,0.5265886448180515,1,0.1,0,0.5330531218329757
RW2,0,1.0,1,0.1,0,1.0014448644298517
RW2,1,0.964138506194284,1,0.1,0,0.9733571401109989
RW2,2,0.9249040871235984,1,0.1,0,0.9510977585131982
RW2,3,0.8830402696076977,1,0.1,0,0.9410539648850421
RW2,4,0.8564110608744848,1,0.1,0,0.8972145107479356
RW2,5,0.833163794491935,1,0.1,0,0.8870124119356589
RW2,6,0.8231850244197494,1,0.1,0,0.7873114781099102
RW2,7,0.8057852033709737,1,0.1,0,0.7765232156605181
RW2,8,0.7938715366638514,1,0.1,0,0.7334502661972128
RW2,9,0.7860956497952659,1,0.1,0,0.749444969364457
RW2,10,0.766804449532973,1,0.1,0,0.7422679995643636
RW2,11,0.750728888947808,1,0.1,0,0.7879810711722003
RW2,12,0.7623324166830754,1,0.1,0,0.7767549628397565
RW2,13,0.7296788762480323,1,0.1,0,0.7804671538059972
RW2,14,0.7184708582425151,1,0.1,0,0.7519399561595239
RW2,15,0.7036508460351927,1,0.1,0,0.7001077224010082
RW2,16,0.6757157785547322,1,0.1,0,0.7066172258888829
RW2,17,0.6541025835422499,1,0.1,0,0.6872455292660611
RW2,18,0.6504949003103174,1,0.1,0,0.6852417177158716
RW2,19,0.652906214483479,1,0.1,0,0.6403741959841319
RW2,20,0.6626729647795675,1,0.1,0,0.6293508157369
RW2,21,0.6576724393157618,1,0.1,0,0.5804195581145408
RW2,22,0.6308359860989354,1,0.1,0,0.5769477023268564
RW2,23,0.5883539180772349,1,0.1,0,0.5775557965556526
RW2,24,0.5714726928240693,1,0.1,0,0.5793503958541365
RW22,0,1.0,1,0.1,0,1.0000822120021162
RW22,1,0.9739365032865775,1,0.1,0,0.969463079350195
RW22,2,0.9553948808841696,1,0.1,0,0.9405337905356406
RW22,3,0.9149809498639752,1,0.1,0,0.9135720410111199
RW22,4,0.8618174981582503,1,0.1,0,0.8692552676036621
RW22,5,0.8104095048251577,1,0.1,0,0.8437056019496444
RW22,6,0.765116336467881,1,0.1,0,0.8189433403630126
RW22,7,0.7463736626802354,1,0.1,0,0.8099648621924338
RW22,8,0.6843131991933246,1,0.1,0,0.7901444256719218
RW22,9,0.6666096162214906,1,0.1,0,0.755784683689747
RW26,0,1.0,1,0.1,0,0.9996300153375407
RW26,1,0.9695503888019508,1,0.1,0,0.9676000000091917
RW26,2,0.9530525699746794,1,0.1,0,0.9656057411888239
RW26,3,0.9382100312250065,1,0.1,0,0.9267281731951991
RW26,4,0.9249710248364101,1,0.1,0,0.9190799104088718
RW26,5,0.9129597330190223,1,0.1,0,0.8814172656929322
RW26,6,0.9039473720808919,1,0.1,0,0.8801058056882146
RW26,7,0.8938493013611533,1,0.1,0,0.8666704747984469
RW26,8,0.8838201049114417,1,0.1,0,0.8741820658770332
RW26,9,0.8776749057612828,1,0.1,0,0.8713249306190642
RW26,10,0.8664005053062743,1,0.1,0,0.8680568719106265
RW26,11,0.8577843772790714,1,0.1,0,0.8141806498419917
RW26,12,0.8512266479212676,1,0.1,0,0.8029168883534393
RW26,13,0.8442312363783513,1,0.1,0,0.8204913713187951
RW4,0,1.0,1,0.1,0,0.9996666090399875
RW4,1,0.952908142031966,1,0.1,0,0.9754185275311565
RW4,2,0.9169005743143264,1,0.1,0,0.9675650327689003
RW4,3,0.8861547650375892,1,0.1,0,0.9327484630117727
RW4,4,0.8653798883913402,1,0.1,0,0.9227452698305727
RW4,5,0.8452071267530786,1,0.1,0,0.8633176798439424
RW4,6,0.8228878119106672,1,0.1,0,0.8578438392287538
RW4,7,0.8034885437099676,1,0.1,0,0.8396482491014944
RW4,8,0.8175568100222665,1,0.1,0,0.8350198041817333
RW4,9,0.781835479764987,1,0.1,0,0.8155276598190773
RW4,10,0.7670246260000682,1,0.1,0,0.764549376690425
RW4,11,0.7443543078487312,1,0.1,0,0.7134597125246532
RW4,12,0.7150665405639625,1,0.1,0,0.7056867417658652
RW4,13,0.6809715885638455,1,0.1,0,0.7024601403147374
RW4,14,0.6735233411679066,1,0.1,0,0.6463237876573305
RW4,15,0.6479957823508535,1,0.1,0,0.5775468833639859
RW4,16,0.6288981200103804,1,0.1,0,0.566918759972442
RW4,17,0.6134212256861231,1,0.1,0,0.5737828986379018
RW4,18,0.5741659696180692,1,0.1,0,0.574088188037981
RW10,0,1.0,1,0.1,1,0.9981778027305808
RW10,1,0.9784479629888402,1,0.1,1,0.9746384109712224
RW10,2,0.9453971298202616,1,0.1,1,0.9504196278213932
RW10,3,0.9117019022865598,1,0.1,1,0.9001455767320923
RW10,4,0.8914739157881061,1,0.1,1,0.8849636879010946
RW10,5,0.8372321175180194,1,0.1,1,0.8842038356878981
RW10,6,0.8164482337318268,1,0.1,1,0.8726108702476224
RW10,7,0.789437652957632,1,0.1,1,0.7929714859930109
RW10,8,0.7647575279451165,1,0.1,1,0.7484639414576345
RW10,9,0.7300635744525175,1,0.1,1,0.7378784037012158
RW10,10,0.7075228861352875,1,0.1,1,0.7193233642690384
RW10,11,0.6871342988910181,1,0.1,1,0.674613881875487
RW10,12,0.6697217219754731,1,0.1,1,0.6742402527651681
RW10,13,0.7116492649368324,1,0.1,1,0.6560537385397186
RW10,14,0.66327010566779,1,0.1,1,0.6577611967036182
RW10,15,0.647631852731416,1,0.1,1,0.637311657489667
RW10,16,0.6309658064312244,1,0.1,1,0.6448946469681157
RW10,17,0.6208612914817577,1,0.1,1,0.6489976790809499
RW10,18,0.6112498733264151,1,0.1,1,0.6505267537141924
RW10,19,0.6095624344801577,1,0.1,1,0.6537824880616502
RW10,20,0.6033896649944029,1,0.1,1,0.6538687734515237
RW10,21,0.5971527839004813,1,0.1,1,0.6562518864512387
RW10,22,0.5886394830051586,1,0.1,1,0.656875668216262
RW10,23,0.581456358011487,1,0.1,1,0.6531720614244951
RW10,24,0.5695013029658712,1,0.1,1,0.6436393804253122
RW10,25,0.5557961266569272,1,0.1,1,0.6089598098170425
RW10,26,0.5474051567570081,1,0.1,1,0.5999384470760606
RW10,27,0.55125687415375,1,0.1,1,0.5989627629958174
RW10,28,0.5453048889853013,1,0.1,1,0.5598248277595328
RW10,29,0.5460438670105365,1,0.1,1,0.5601216757504519
RW10,30,0.5345542267638814,1,0.1,1,0.560426551661337
RW10,31,0.5489933336557506,1,0.1,1,0.5244764992309222
RW10,32,0.522382773482141,1,0.1,1,0.5214481683867381
RW10,33,0.5016148874153187,1,0.1,1,0.5198210352932734
RW10,34,0.45709804855548364,1,0.1,1,0.5184235084316834
RW10,35,0.44563736559742767,1,0.1,1,0.5191974257802269
RW10,36,0.4211045686596346,1,0.1,1,0.5145606299434379
RW10,37,0.4077546171475978,1,0.1,1,0.5145606299434379
RW10,38,0.4021701914678571,1,0.1,1,0.5100173306246164
RW14,0,1.0,1,0.1,1,0.9998318232354534
RW14,1,0.9644332069664016,1,0.1,1,0.9779695684322214
RW14,2,0.9213533384370284,1,0.1,1,0.9294913803358803
RW14,3,0.8707123594457894,1,0.1,1,0.9008980698711104
RW14,4,0.8348278945661182,1,0.1,1,0.8271945553934703
RW14,5,0.8004024718366409,1,0.1,1,0.795850974767117
RW14,6,0.7430047115117226,1,0.1,1,0.7935312504074651
RW14,7,0.709476468046898,1,0.1,1,0.7933938787722882
RW14,8,0.6823027697859351,1,0.1,1,0.7965299468315198
RW14,9,0.6585988334150349,1,0.1,1,0.8032615857819894
RW14,10,0.6253776891267986,1,0.1,1,0.7079216159027805
RW14,11,0.5924706416874056,1,0.1,1,0.712998482647576
RW14,12,0.57601843109804,1,0.1,1,0.7136910742197841
RW14,13,0.5535409217390064,1,0.1,1,0.6640286252801862
RW14,14,0.5387222453480347,1,0.1,1,0.6426120018998638
RW14,15,0.552867285851326,1,0.1,1,0.6310509877307141
RW14,16,0.5036045429058008,1,0.1,1,0.6231471467542667
RW14,17,0.47883058910976284,1,0.1,1,0.6107617821929493
RW14,18,0.4728937060347926,1,0.1,1,0.5379408214638739
RW14,19,0.45854169582917254,1,0.1,1,0.5163248154403415
RW14,20,0.4518166502306318,1,0.1,1,0.5182534269171903
RW14,21,0.432531360836441,1,0.1,1,0.48771061503936813
RW14,22,0.4200841979206751,1,0.1,1,0.47380699077435434
RW14,23,0.4157935443883638,1,0.1,1,0.444755508079757
RW18,0,1.0,1,0.1,1,1.000371899879198
RW18,1,0.9977330149235677,1,0.1,1,1.000371899879198
RW18,2,0.9213655815556884,1,0.1,1,0.9455824552980553
RW18,3,0.8925716791703614,1,0.1,1,0.9227349462734019
RW18,4,0.8718443394852413,1,0.1,1,0.880849099736679
RW18,5,0.8419174377110581,1,0.1,1,0.8325146512880229
RW18,6,0.813365853114081,1,0.1,1,0.8084434112155543
RW18,7,0.7961193757129356,1,0.1,1,0.7865718907363425
RW18,8,0.7800851421665592,1,0.1,1,0.7922520327348626
RW18,9,0.75369280553753,1,0.1,1,0.7931206024227423
RW18,10,0.7376318600570141,1,0.1,1,0.7496072923652993
RW18,11,0.7056274349360556,1,0.1,1,0.6828415290011023
RW18,12,0.6816641704071746,1,0.1,1,0.6702790045940205
RW18,13,0.6705293405758124,1,0.1,1,0.6361015493792314
RW18,14,0.65689339822108,1,0.1,1,0.5960570969080488
RW18,15,0.6375308971062369,1,0.1,1,0.595631755766174
RW18,16,0.6343281547363112,1,0.1,1,0.5998891507611256
RW18,17,0.609856009753373,1,0.1,1,0.5982998295862574
RW18,18,0.5902016486507977,1,0.1,1,0.5947695197762013
RW18,19,0.5830172536826165,1,0.1,1,0.5953127755217389
RW18,20,0.5810826408538371,1,0.1,1,0.5340760346869394
RW18,21,0.5687453908621404,1,0.1,1,0.5233910401129869
RW18,22,0.5542246611230017,1,0.1,1,0.5274689973827137
RW18,23,0.5442080853160498,1,0.1,1,0.5263236342722165
RW18,24,0.5344692122433156,1,0.1,1,0.4975642464618577
RW18,25,0.518855432805061,1,0.1,1,0.4925998686618841
RW18,26,0.5265886448180515,1,0.1,1,0.46549887323933226
RW2,0,1.0,1,0.1,1,1.0006943032386104
RW2,1,0.964138506194284,1,0.1,1,0.9781344367799889
RW2,2,0.9249040871235984,1,0.1,1,0.9398712427521613
RW2,3,0.8830402696076977,1,0.1,1,0.9364639822294648
RW2,4,0.8564110608744848,1,0.1,1,0.9205672571002846
RW2,5,0.833163794491935,1,0.1,1,0.8989979057332668
RW2,6,0.8231850244197494,1,0.1,1,0.8683164651029414
RW2,7,0.8057852033709737,1,0.1,1,0.8595832657295613
RW2,8,0.7938715366638514,1,0.1,1,0.8270615411330378
RW2,9,0.7860956497952659,1,0.1,1,0.8291204723885675
RW2,10,0.766804449532973,1,0.1,1,0.7726238418131579
RW2,11,0.750728888947808,1,0.1,1,0.7768587614193663
RW2,12,0.7623324166830754,1,0.1,1,0.7405197618660503
RW2,13,0.7296788762480323,1,0.1,1,0.7155753014217239
RW2,14,0.7184708582425151,1,0.1,1,0.7208687821871748
RW2,15,0.7036508460351927,1,0.1,1,0.7237753066066007
RW2,16,0.6757157785547322,1,0.1,1,0.7219500354752733
RW2,17,0.6541025835422499,1,0.1,1,0.6611077163193214
RW2,18,0.6504949003103174,1,0.1,1,0.6485928351680931
RW2,19,0.652906214483479,1,0.1,1,0.6449652597976678
RW2,20,0.6626729647795675,1,0.1,1,0.6410808145203551
RW2,21,0.6576724393157618,1,0.1,1,0.6307703763134238
RW2,22,0.6308359860989354,1,0.1,1,0.626196962789828
RW2,23,0.5883539180772349,1,0.1,1,0.6263224584017332
RW2,24,0.5714726928240693,1,0.1,1,0.6265067273672754
RW22,0,1.0,1,0.1,1,1.0003710369446557
RW22,1,0.9739365032865775,1,0.1,1,0.9832344425578516
RW22,2,0.9553948808841696,1,0.1,1,0.9378122222684834
RW22,3,0.9149809498639752,1,0.1,1,0.9115575677944265
RW22,4,0.8618174981582503,1,0.1,1,0.8564223509716693
RW22,5,0.8104095048251577,1,0.1,1,0.8360937159045836
RW22,6,0.765116336467881,1,0.1,1,0.8116043928361614
RW22,7,0.7463736626802354,1,0.1,1,0.8063430733231227
RW22,8,0.6843131991933246,1,0.1,1,0.7629152773053007
RW22,9,0.6666096162214906,1,0.1,1,0.7659372663117145
RW26,0,1.0,1,0.1,1,0.9996260505357075
RW26,1,0.9695503888019508,1,0.1,1,0.9775296088465022
RW26,2,0.9530525699746794,1,0.1,1,0.9620585048157401
RW26,3,0.9382100312250065,1,0.1,1,0.9393533008725158
RW26,4,0.9249710248364101,1,0.1,1,0.9112662579717251
RW26,5,0.9129597330190223,1,0.1,1,0.8984384142436533
RW26,6,0.9039473720808919,1,0.1,1,0.8745400991702054
RW26,7,0.8938493013611533,1,0.1,1,0.8563603822020073
RW26,8,0.8838201049114417,1,0.1,1,0.8286920299736932
RW26,9,0.8776749057612828,1,0.1,1,0.8267025994198319
RW26,10,0.8664005053062743,1,0.1,1,0.8321359500776524
RW26,11,0.8577843772790714,1,0.1,1,0.8225747431366047
RW26,12,0.8512266479212676,1,0.1,1,0.8231012776244271
RW26,13,0.8442312363783513,1,0.1,1,0.8199935846877905
RW4,0,1.0,1,0.1,1,1.0006943032386104
RW4,1,0.952908142031966,1,0.1,1,0.9696177152919141
RW4,2,0.9169005743143264,1,0.1,1,0.9449040488134101
RW4,3,0.8861547650375892,1,0.1,1,0.9251694833619203
RW4,4,0.8653798883913402,1,0.1,1,0.9178923963839415
RW4,5,0.8452071267530786,1,0.1,1,0.864023662245676
RW4,6,0.8228878119106672,1,0.1,1,0.828028818080982
RW4,7,0.8034885437099676,1,0.1,1,0.8166308748890907
RW4,8,0.8175568100222665,1,0.1,1,0.793515201032843
RW4,9,0.781835479764987,1,0.1,1,0.791955989154148
RW4,10,0.7670246260000682,1,0.1,1,0.797984146880982
RW4,11,0.7443543078487312,1,0.1,1,0.7554421175427417
RW4,12,0.7150665405639625,1,0.1,1,0.7259406611334699
RW4,13,0.6809715885638455,1,0.1,1,0.6577900005887346
RW4,14,0.6735233411679066,1,0.1,1,0.6595914349843186
RW4,15,0.6479957823508535,1,0.1,1,0.6402731453210788
RW4,16,0.6288981200103804,1,0.1,1,0.6322741414993047
RW4,17,0.6134212256861231,1,0.1,1,0.6308137065210225
RW4,18,0.5741659696180692,1,0.1,1,0.6346702193127929
RW10,0,1.0,1,0.1,2,0.9990182237288452
RW10,1,0.9784479629888402,1,0.1,2,0.9763374578008488
RW10,2,0.9453971298202616,1,0.1,2,0.969770978642632
RW10,3,0.9117019022865598,1,0.1,2,0.9507000276467502
RW10,4,0.8914739157881061,1,0.1,2,0.9007884821736437
RW10,5,0.8372321175180194,1,0.1,2,0.8650220911584472
RW10,6,0.8164482337318268,1,0.1,2,0.818924770127591
RW10,7,0.789437652957632,1,0.1,2,0.7893380750868065
RW10,8,0.7647575279451165,1,0.1,2,0.7991740024634951
RW10,9,0.7300635744525175,1,0.1,2,0.8031818466225947
RW10,10,0.7075228861352875,1,0.1,2,0.8057662918167801
RW10,11,0.6871342988910181,1,0.1,2,0.8072421070568774
RW10,12,0.6697217219754731,1,0.1,2,0.8110179807356835
RW10,13,0.7116492649368324,1,0.1,2,0.805582668835338
RW10,14,0.66327010566779,1,0.1,2,0.7076765785788396
RW10,15,0.647631852731416,1,0.1,2,0.6462698015141306
RW10,16,0.6309658064312244,1,0.1,2,0.6343881167192522
RW10,17,0.6208612914817577,1,0.1,2,0.6346213552502993
RW10,18,0.6112498733264151,1,0.1,2,0.646728183717721
RW10,19,0.6095624344801577,1,0.1,2,0.6404953934882391
RW10,20,0.6033896649944029,1,0.1,2,0.6428701980556306
RW10,21,0.5971527839004813,1,0.1,2,0.6428701980556306
RW10,22,0.5886394830051586,1,0.1,2,0.6622896161344101
RW10,23,0.581456358011487,1,0.1,2,0.6784155529509024
RW10,24,0.5695013029658712,1,0.1,2,0.6777030195011473
RW10,25,0.5557961266569272,1,0.1,2,0.6287530843867022
RW10,26,0.5474051567570081,1,0.1,2,0.619485211827107
RW10,27,0.55125687415375,1,0.1,2,0.531399194481714
RW10,28,0.5453048889853013,1,0.1,2,0.5279561992362276
RW10,29,0.5460438670105365,1,0.1,2,0.5161307629496863
RW10,30,0.5345542267638814,1,0.1,2,0.5082754557635367
RW10,31,0.5489933336557506,1,0.1,2,0.5123946280905243
RW10,32,0.522382773482141,1,0.1,2,0.5070195251416405
RW10,33,0.5016148874153187,1,0.1,2,0.43796211150765696
RW10,34,0.45709804855548364,1,0.1,2,0.43738722855891327
RW10,35,0.44563736559742767,1,0.1,2,0.47134461822170126
RW10,36,0.4211045686596346,1,0.1,2,0.4838203804904062
RW10,37,0.4077546171475978,1,0.1,2,0.4904384806811303
RW10,38,0.4021701914678571,1,0.1,2,0.48945013779753793
RW14,0,1.0,1,0.1,2,0.9998712450215302
RW14,1,0.9644332069664016,1,0.1,2,0.9754362914071285
RW14,2,0.9213533384370284,1,0.1,2,0.939004326343086
RW14,3,0.8707123594457894,1,0.1,2,0.890825739005515
RW14,4,0.8348278945661182,1,0.1,2,0.8809824875482474
RW14,5,0.8004024718366409,1,0.1,2,0.8324656643350243
RW14,6,0.7430047115117226,1,0.1,2,0.7574679896721199
RW14,7,0.709476468046898,1,0.1,2,0.6976594172663406
RW14,8,0.6823027697859351,1,0.1,2,0.6835963865003958
RW14,9,0.6585988334150349,1,0.1,2,0.6985153089644104
RW14,10,0.6253776891267986,1,0.1,2,0.6831059873675798
RW14,11,0.5924706416874056,1,0.1,2,0.6042347383888862
RW14,12,0.57601843109804,1,0.1,2,0.6153895036549092
RW14,13,0.5535409217390064,1,0.1,2,0.5433831256210794
RW14,14,0.5387222453480347,1,0.1,2,0.5861827414900607
RW14,15,0.552867285851326,1,0.1,2,0.5856409254448252
RW14,16,0.5036045429058008,1,0.1,2,0.5417088804925233
RW14,17,0.47883058910976284,1,0.1,2,0.531614009194667
RW14,18,0.4728937060347926,1,0.1,2,0.5363068183225091
RW14,19,0.45854169582917254,1,0.1,2,0.5398328983797541
RW14,20,0.4518166502306318,1,0.1,2,0.5339685570766458
RW14,21,0.432531360836441,1,0.1,2,0.4808784600087768
RW14,22,0.4200841979206751,1,0.1,2,0.48078871334229667
RW14,23,0.4157935443883638,1,0.1,2,0.48732367197967097
RW18,0,1.0,1,0.1,2,1.0015020931751644
RW18,1,0.9977330149235677,1,0.1,2,1.0019659090094055
RW18,2,0.9213655815556884,1,0.1,2,0.9434100300767728
RW18,3,0.8925716791703614,1,0.1,2,0.9297874544164089
RW18,4,0.8718443394852413,1,0.1,2,0.8907703812725773
RW18,5,0.8419174377110581,1,0.1,2,0.8905653242200624
RW18,6,0.813365853114081,1,0.1,2,0.8770106344965495
RW18,7,0.7961193757129356,1,0.1,2,0.786415753228952
RW18,8,0.7800851421665592,1,0.1,2,0.7265384616767533
RW18,9,0.75369280553753,1,0.1,2,0.7161124073340435
RW18,10,0.7376318600570141,1,0.1,2,0.7292880599226504
RW18,11,0.7056274349360556,1,0.1,2,0.7057029121951525
RW18,12,0.6816641704071746,1,0.1,2,0.6244654797069699
RW18,13,0.6705293405758124,1,0.1,2,0.6161580587445468
RW18,14,0.65689339822108,1,0.1,2,0.6222503012815452
RW18,15,0.6375308971062369,1,0.1,2,0.5713068121760145
RW18,16,0.6343281547363112,1,0.1,2,0.5793469846777857
RW18,17,0.609856009753373,1,0.1,2,0.5778228064384597
RW18,18,0.5902016486507977,1,0.1,2,0.5474141876765111
RW18,19,0.5830172536826165,1,0.1,2,0.5432753161938125
RW18,20,0.5810826408538371,1,0.1,2,0.5458779724671439
RW18,21,0.5687453908621404,1,0.1,2,0.5453939142309551
RW18,22,0.5542246611230017,1,0.1,2,0.5499496315686566
RW18,23,0.5442080853160498,1,0.1,2,0.5470533762078152
RW18,24,0.5344692122433156,1,0.1,2,0.4962816549092201
RW18,25,0.518855432805061,1,0.1,2,0.4917859726107752
RW18,26,0.5265886448180515,1,0.1,2,0.49610034640346257
RW2,0,1.0,1,0.1,2,1.004026173679845
RW2,1,0.964138506194284,1,0.1,2,0.9811383293886519
RW2,2,0.9249040871235984,1,0.1,2,0.9131867996262948
RW2,3,0.8830402696076977,1,0.1,2,0.9511925581423541
RW2,4,0.8564110608744848,1,0.1,2,0.8935911174357742
RW2,5,0.833163794491935,1,0.1,2,0.8831309312511066
RW2,6,0.8231850244197494,1,0.1,2,0.776449903623563
RW2,7,0.8057852033709737,1,0.1,2,0.7686764402773772
RW2,8,0.7938715366638514,1,0.1,2,0.7137286073573706
RW2,9,0.7860956497952659,1,0.1,2,0.7630458798013604
RW2,10,0.766804449532973,1,0.1,2,0.7643597840466073
RW2,11,0.750728888947808,1,0.1,2,0.7774359066435547
RW2,12,0.7623324166830754,1,0.1,2,0.6918257809898044
RW2,13,0.7296788762480323,1,0.1,2,0.7142355060338063
RW2,14,0.7184708582425151,1,0.1,2,0.7242590169704644
RW2,15,0.7036508460351927,1,0.1,2,0.7250709952125358
RW2,16,0.6757157785547322,1,0.1,2,0.7368082626300587
RW2,17,0.6541025835422499,1,0.1,2,0.7256985091451412
RW2,18,0.6504949003103174,1,0.1,2,0.6561825794550995
RW2,19,0.652906214483479,1,0.1,2,0.6553515810174839
RW2,20,0.6626729647795675,1,0.1,2,0.6566690851025087
RW2,21,0.6576724393157618,1,0.1,2,0.6579541283102961
RW2,22,0.6308359860989354,1,0.1,2,0.6075415365391947
RW2,23,0.5883539180772349,1,0.1,2,0.6041068861870323
RW2,24,0.5714726928240693,1,0.1,2,0.5803103247179026
RW22,0,1.0,1,0.1,2,0.9995587035858762
RW22,1,0.9739365032865775,1,0.1,2,0.9739147030742533
RW22,2,0.9553948808841696,1,0.1,2,0.9413958229040933
RW22,3,0.9149809498639752,1,0.1,2,0.930692952053108
RW22,4,0.8618174981582503,1,0.1,2,0.8812759105369493
RW22,5,0.8104095048251577,1,0.1,2,0.8456573339203496
RW22,6,0.765116336467881,1,0.1,2,0.7617065234153039
RW22,7,0.7463736626802354,1,0.1,2,0.7034460335924992
RW22,8,0.6843131991933246,1,0.1,2,0.6908794967108741
RW22,9,0.6666096162214906,1,0.1,2,0.6813832111631986
RW26,0,1.0,1,0.1,2,1.0000585727966342
RW26,1,0.9695503888019508,1,0.1,2,0.9704256590608721
RW26,2,0.9530525699746794,1,0.1,2,0.9469667354321648
RW26,3,0.9382100312250065,1,0.1,2,0.9409016320372554
RW26,4,0.9249710248364101,1,0.1,2,0.9265848853982603
RW26,5,0.9129597330190223,1,0.1,2,0.8961384016023728
RW26,6,0.9039473720808919,1,0.1,2,0.8970227493194483
RW26,7,0.8938493013611533,1,0.1,2,0.8975409657944853
RW26,8,0.8838201049114417,1,0.1,2,0.8811770054245862
RW26,9,0.8776749057612828,1,0.1,2,0.8320892538850273
RW26,10,0.8664005053062743,1,0.1,2,0.8265047619585295
RW26,11,0.8577843772790714,1,0.1,2,0.8041889163087136
RW26,12,0.8512266479212676,1,0.1,2,0.8059402573199589
RW26,13,0.8442312363783513,1,0.1,2,0.8140564371923201
RW4,0,1.0,1,0.1,2,1.000672071793063
RW4,1,0.952908142031966,1,0.1,2,0.9785713998643187
RW4,2,0.9169005743143264,1,0.1,2,0.9519788275032448
RW4,3,0.8861547650375892,1,0.1,2,0.9396067469555481
RW4,4,0.8653798883913402,1,0.1,2,0.9247624476081074
RW4,5,0.8452071267530786,1,0.1,2,0.8782624678219447
RW4,6,0.8228878119106672,1,0.1,2,0.8668852107895246
RW4,7,0.8034885437099676,1,0.1,2,0.8308845542656859
RW4,8,0.8175568100222665,1,0.1,2,0.7777080608631165
RW4,9,0.781835479764987,1,0.1,2,0.718078671802198
RW4,10,0.7670246260000682,1,0.1,2,0.7224007542222224
RW4,11,0.7443543078487312,1,0.1,2,0.7056917703180339
RW4,12,0.7150665405639625,1,0.1,2,0.7210916276382914
RW4,13,0.6809715885638455,1,0.1,2,0.6484382230688203
RW4,14,0.6735233411679066,1,0.1,2,0.6490554705061982
RW4,15,0.6479957823508535,1,0.1,2,0.6524283810876479
RW4,16,0.6288981200103804,1,0.1,2,0.5698001910740051
RW4,17,0.6134212256861231,1,0.1,2,0.606847349287728
RW4,18,0.5741659696180692,1,0.1,2,0.5704983238873776
RW10,0,1.0,1,0.1,3,0.9990340384440204
RW10,1,0.9784479629888402,1,0.1,3,0.9689415879869568
RW10,2,0.9453971298202616,1,0.1,3,0.9597905402424902
RW10,3,0.9117019022865598,1,0.1,3,0.9488018439947482
RW10,4,0.8914739157881061,1,0.1,3,0.927130218048832
RW10,5,0.8372321175180194,1,0.1,3,0.8506713390319998
RW10,6,0.8164482337318268,1,0.1,3,0.8013802156909081
RW10,7,0.789437652957632,1,0.1,3,0.7842996880088215
RW10,8,0.7647575279451165,1,0.1,3,0.7718755300550703
RW10,9,0.7300635744525175,1,0.1,3,0.760114840513972
RW10,10,0.7075228861352875,1,0.1,3,0.7562966889501577
RW10,11,0.6871342988910181,1,0.1,3,0.7491394465720977
RW10,12,0.6697217219754731,1,0.1,3,0.7438638364205178
RW10,13,0.7116492649368324,1,0.1,3,0.7218137811118391
RW10,14,0.66327010566779,1,0.1,3,0.7198106580582673
RW10,15,0.647631852731416,1,0.1,3,0.7263794313072087
RW10,16,0.6309658064312244,1,0.1,3,0.7027708674827673
RW10,17,0.6208612914817577,1,0.1,3,0.7027708674827673
RW10,18,0.6112498733264151,1,0.1,3,0.6298194170654405
RW10,19,0.6095624344801577,1,0.1,3,0.6306668116988807
RW10,20,0.6033896649944029,1,0.1,3,0.6117546181227695
RW10,21,0.5971527839004813,1,0.1,3,0.625926466761549
RW10,22,0.5886394830051586,1,0.1,3,0.6396900143431363
RW10,23,0.581456358011487,1,0.1,3,0.6408381223179573
RW10,24,0.5695013029658712,1,0.1,3,0.6419325600537206
RW10,25,0.5557961266569272,1,0.1,3,0.632675364280589
RW10,26,0.5474051567570081,1,0.1,3,0.5987486596573676
RW10,27,0.55125687415375,1,0.1,3,0.5987486596573676
RW10,28,0.5453048889853013,1,0.1,3,0.5302871352439148
RW10,29,0.5460438670105365,1,0.1,3,0.4979753160548523
RW10,30,0.5345542267638814,1,0.1,3,0.4979753160548523
RW10,31,0.5489933336557506,1,0.1,3,0.48748577644023044
RW10,32,0.522382773482141,1,0.1,3,0.4347414666308116
RW10,33,0.5016148874153187,1,0.1,3,0.4249359970399366
RW10,34,0.45709804855548364,1,0.1,3,0.4153387616342991
RW10,35,0.44563736559742767,1,0.1,3,0.42010225322632705
RW10,36,0.4211045686596346,1,0.1,3,0.43267225246060775
RW10,37,0.4077546171475978,1,0.1,3,0.4324377766932464
RW10,38,0.4021701914678571,1,0.1,3,0.4324377766932464
RW14,0,1.0,1,0.1,3,0.9999964243106433
RW14,1,0.9644332069664016,1,0.1,3,0.9568569956854555
RW14,2,0.9213533384370284,1,0.1,3,0.9084253250016958
RW14,3,0.8707123594457894,1,0.1,3,0.8817616776134717
RW14,4,0.8348278945661182,1,0.1,3,0.8727545529452423
RW14,5,0.8004024718366409,1,0.1,3,0.8461737993910233
RW14,6,0.7430047115117226,1,0.1,3,0.7961707370441978
RW14,7,0.709476468046898,1,0.1,3,0.7806277893273186
RW14,8,0.6823027697859351,1,0.1,3,0.7276027032689816
RW14,9,0.6585988334150349,1,0.1,3,0.7470673369822999
RW14,10,0.6253776891267986,1,0.1,3,0.7069539907083828
RW14,11,0.5924706416874056,1,0.1,3,0.5912552675175519
RW14,12,0.57601843109804,1,0.1,3,0.5812585931771114
RW14,13,0.5535409217390064,1,0.1,3,0.574002764641289
RW14,14,0.5387222453480347,1,0.1,3,0.5855778290312496
RW14,15,0.552867285851326,1,0.1,3,0.5855778290312496
RW14,16,0.5036045429058008,1,0.1,3,0.5747940848630014
RW14,17,0.47883058910976284,1,0.1,3,0.5755084204227158
RW14,18,0.4728937060347926,1,0.1,3,0.5708300708247366
RW14,19,0.45854169582917254,1,0.1,3,0.5679662912402335
RW14,20,0.4518166502306318,1,0.1,3,0.4829924141540915
RW14,21,0.432531360836441,1,0.1,3,0.48630757893851967
RW14,22,0.4200841979206751,1,0.1,3,0.48905531711447864
RW14,23,0.4157935443883638,1,0.1,3,0.4652798648815087
RW18,0,1.0,1,0.1,3,1.0002616835173563
RW18,1,0.9977330149235677,1,0.1,3,1.0014156242814078
RW18,2,0.9213655815556884,1,0.1,3,0.9391150829549131
RW18,3,0.8925716791703614,1,0.1,3,0.896137437893647
RW18,4,0.8718443394852413,1,0.1,3,0.8895299332371585
RW18,5,0.8419174377110581,1,0.1,3,0.8799734942820422
RW18,6,0.813365853114081,1,0.1,3,0.8494911384526881
RW18,7,0.7961193757129356,1,0.1,3,0.8029330175394371
RW18,8,0.7800851421665592,1,0.1,3,0.7831309538230928
RW18,9,0.75369280553753,1,0.1,3,0.7225062272731902
RW18,10,0.7376318600570141,1,0.1,3,0.7349783421581811
RW18,11,0.7056274349360556,1,0.1,3,0.6964865325455198
RW18,12,0.6816641704071746,1,0.1,3,0.6236017557500171
RW18,13,0.6705293405758124,1,0.1,3,0.5984263310682575
RW18,14,0.65689339822108,1,0.1,3,0.5808276194594435
RW18,15,0.6375308971062369,1,0.1,3,0.5777997128455058
RW18,16,0.6343281547363112,1,0.1,3,0.5840593408410679
RW18,17,0.609856009753373,1,0.1,3,0.5863638549371131
RW18,18,0.5902016486507977,1,0.1,3,0.5851186075383629
RW18,19,0.5830172536826165,1,0.1,3,0.5880554312428372
RW18,20,0.5810826408538371,1,0.1,3,0.5881623369258897
RW18,21,0.5687453908621404,1,0.1,3,0.5881210132822084
RW18,22,0.5542246611230017,1,0.1,3,0.5365819539225254
RW18,23,0.5442080853160498,1,0.1,3,0.5088844585315823
RW18,24,0.5344692122433156,1,0.1,3,0.5090630167981233
RW18,25,0.518855432805061,1,0.1,3,0.5040530852008295
RW18,26,0.5265886448180515,1,0.1,3,0.48264215574434416
RW2,0,1.0,1,0.1,3,1.0009688230077376
RW2,1,0.964138506194284,1,0.1,3,0.9664523426335362
RW2,2,0.9249040871235984,1,0.1,3,0.9468682860388979
RW2,3,0.8830402696076977,1,0.1,3,0.9339743774196277
RW2,4,0.8564110608744848,1,0.1,3,0.9088215475698765
RW2,5,0.833163794491935,1,0.1,3,0.8788720471866456
RW2,6,0.8231850244197494,1,0.1,3,0.8562324532367782
RW2,7,0.8057852033709737,1,0.1,3,0.8087709194132722
RW2,8,0.7938715366638514,1,0.1,3,0.8004592839366071
RW2,9,0.7860956497952659,1,0.1,3,0.757522222593096
RW2,10,0.766804449532973,1,0.1,3,0.7475415017650736
RW2,11,0.750728888947808,1,0.1,3,0.749385933888568
RW2,12,0.7623324166830754,1,0.1,3,0.7500087712038094
RW2,13,0.7296788762480323,1,0.1,3,0.7591740907768303
RW2,14,0.7184708582425151,1,0.1,3,0.7708167054238919
RW2,15,0.7036508460351927,1,0.1,3,0.7160796731091678
RW2,16,0.6757157785547322,1,0.1,3,0.7270961837101366
RW2,17,0.6541025835422499,1,0.1,3,0.7208109553729287
RW2,18,0.6504949003103174,1,0.1,3,0.6877285340848893
RW2,19,0.652906214483479,1,0.1,3,0.5996835024939573
RW2,20,0.6626729647795675,1,0.1,3,0.5742305913130541
RW2,21,0.6576724393157618,1,0.1,3,0.5628449377614931
RW2,22,0.6308359860989354,1,0.1,3,0.5656193052711095
RW2,23,0.5883539180772349,1,0.1,3,0.5649028716747818
RW2,24,0.5714726928240693,1,0.1,3,0.5594547247357766
RW22,0,1.0,1,0.1,3,1.0000688408331417
RW22,1,0.9739365032865775,1,0.1,3,0.9679121793030616
RW22,2,0.9553948808841696,1,0.1,3,0.9337341697231009
RW22,3,0.9149809498639752,1,0.1,3,0.8908367400149207
RW22,4,0.8618174981582503,1,0.1,3,0.879819538832476
RW22,5,0.8104095048251577,1,0.1,3,0.8270422405779534
RW22,6,0.765116336467881,1,0.1,3,0.8222696450325759
RW22,7,0.7463736626802354,1,0.1,3,0.7957551668541339
RW22,8,0.6843131991933246,1,0.1,3,0.7912460576403789
RW22,9,0.6666096162214906,1,0.1,3,0.7760693978910822
RW26,0,1.0,1,0.1,3,1.0000688408331417
RW26,1,0.9695503888019508,1,0.1,3,0.9674994549577082
RW26,2,0.9530525699746794,1,0.1,3,0.9360791821304196
RW26,3,0.9382100312250065,1,0.1,3,0.9151319613297001
RW26,4,0.9249710248364101,1,0.1,3,0.8929590933639948
RW26,5,0.9129597330190223,1,0.1,3,0.8887314090416665
RW26,6,0.9039473720808919,1,0.1,3,0.8785307445000818
RW26,7,0.8938493013611533,1,0.1,3,0.8594418820332075
RW26,8,0.8838201049114417,1,0.1,3,0.8538768525373935
RW26,9,0.8776749057612828,1,0.1,3,0.8543968086174797
RW26,10,0.8664005053062743,1,0.1,3,0.827271274288632
RW26,11,0.8577843772790714,1,0.1,3,0.8192784675632501
RW26,12,0.8512266479212676,1,0.1,3,0.7784019285348251
RW26,13,0.8442312363783513,1,0.1,3,0.7773035123255516
RW4,0,1.0,1,0.1,3,1.0005968658926365
RW4,1,0.952908142031966,1,0.1,3,0.9655236570084857
RW4,2,0.9169005743143264,1,0.1,3,0.9246003673925702
RW4,3,0.8861547650375892,1,0.1,3,0.9124153594634581
RW4,4,0.8653798883913402,1,0.1,3,0.8847764400831025
RW4,5,0.8452071267530786,1,0.1,3,0.8815392748570589
RW4,6,0.8228878119106672,1,0.1,3,0.8708114856821503
RW4,7,0.8034885437099676,1,0.1,3,0.803718918512608
RW4,8,0.8175568100222665,1,0.1,3,0.7989511815977343
RW4,9,0.781835479764987,1,0.1,3,0.7543050398786049
RW4,10,0.7670246260000682,1,0.1,3,0.7655684360379671
RW4,11,0.7443543078487312,1,0.1,3,0.7354532584833513
RW4,12,0.7150665405639625,1,0.1,3,0.7354763753356618
RW4,13,0.6809715885638455,1,0.1,3,0.6902155142745092
RW4,14,0.6735233411679066,1,0.1,3,0.5742665246666444
RW4,15,0.6479957823508535,1,0.1,3,0.5619696424895793
RW4,16,0.6288981200103804,1,0.1,3,0.5586084006205213
RW4,17,0.6134212256861231,1,0.1,3,0.556426432622321
RW4,18,0.5741659696180692,1,0.1,3,0.5484471856368558
RW10,0,1.0,1,0.1,4,0.9996099420991549
RW10,1,0.9784479629888402,1,0.1,4,0.9556045700424977
RW10,2,0.9453971298202616,1,0.1,4,0.9321116645906072
RW10,3,0.9117019022865598,1,0.1,4,0.9017918816737516
RW10,4,0.8914739157881061,1,0.1,4,0.8875447994109327
RW10,5,0.8372321175180194,1,0.1,4,0.8522826691139785
RW10,6,0.8164482337318268,1,0.1,4,0.8056616122414428
RW10,7,0.789437652957632,1,0.1,4,0.8101547011615315
RW10,8,0.7647575279451165,1,0.1,4,0.804777285954969
RW10,9,0.7300635744525175,1,0.1,4,0.7757491140525808
RW10,10,0.7075228861352875,1,0.1,4,0.6900492549761827
RW10,11,0.6871342988910181,1,0.1,4,0.6900634047334059
RW10,12,0.6697217219754731,1,0.1,4,0.670142204773513
RW10,13,0.7116492649368324,1,0.1,4,0.6628665957758036
RW10,14,0.66327010566779,1,0.1,4,0.6653370741675989
RW10,15,0.647631852731416,1,0.1,4,0.644544699034057
RW10,16,0.6309658064312244,1,0.1,4,0.6515936258762012
RW10,17,0.6208612914817577,1,0.1,4,0.641660460250728
RW10,18,0.6112498733264151,1,0.1,4,0.7012707957524286
RW10,19,0.6095624344801577,1,0.1,4,0.706734032699238
RW10,20,0.6033896649944029,1,0.1,4,0.7068391767241033
RW10,21,0.5971527839004813,1,0.1,4,0.7068391767241033
RW10,22,0.5886394830051586,1,0.1,4,0.6308866032789724
RW10,23,0.581456358011487,1,0.1,4,0.6182077053706763
RW10,24,0.5695013029658712,1,0.1,4,0.6132747663451295
RW10,25,0.5557961266569272,1,0.1,4,0.6133966328661291
RW10,26,0.5474051567570081,1,0.1,4,0.6169653844133453
RW10,27,0.55125687415375,1,0.1,4,0.6149983164498583
RW10,28,0.5453048889853013,1,0.1,4,0.5639750397267946
RW10,29,0.5460438670105365,1,0.1,4,0.53178622800249
RW10,30,0.5345542267638814,1,0.1,4,0.5250716966797135
RW10,31,0.5489933336557506,1,0.1,4,0.5248104636656679
RW10,32,0.522382773482141,1,0.1,4,0.494571142203281
RW10,33,0.5016148874153187,1,0.1,4,0.4497419517867016
RW10,34,0.45709804855548364,1,0.1,4,0.42531210453749535
RW10,35,0.44563736559742767,1,0.1,4,0.41442708332483197
RW10,36,0.4211045686596346,1,0.1,4,0.4108240187602484
RW10,37,0.4077546171475978,1,0.1,4,0.4108240187602484
RW10,38,0.4021701914678571,1,0.1,4,0.4108240187602484
RW14,0,1.0,1,0.1,4,0.9998986068094387
RW14,1,0.9644332069664016,1,0.1,4,0.9646918721817193
RW14,2,0.9213533384370284,1,0.1,4,0.9122892114891692
RW14,3,0.8707123594457894,1,0.1,4,0.8708398478748657
RW14,4,0.8348278945661182,1,0.1,4,0.8510065135017327
RW14,5,0.8004024718366409,1,0.1,4,0.831025444397201
RW14,6,0.7430047115117226,1,0.1,4,0.7787145567261491
RW14,7,0.709476468046898,1,0.1,4,0.7993159022458057
RW14,8,0.6823027697859351,1,0.1,4,0.7511791378530426
RW14,9,0.6585988334150349,1,0.1,4,0.6898865449850049
RW14,10,0.6253776891267986,1,0.1,4,0.703601504797732
RW14,11,0.5924706416874056,1,0.1,4,0.6474962963562507
RW14,12,0.57601843109804,1,0.1,4,0.6482918155811919
RW14,13,0.5535409217390064,1,0.1,4,0.5919951103712421
RW14,14,0.5387222453480347,1,0.1,4,0.5897624069203484
RW14,15,0.552867285851326,1,0.1,4,0.5906505374152395
RW14,16,0.5036045429058008,1,0.1,4,0.590310441480562
RW14,17,0.47883058910976284,1,0.1,4,0.5896096864804028
RW14,18,0.4728937060347926,1,0.1,4,0.5895319940051492
RW14,19,0.45854169582917254,1,0.1,4,0.5902990238475224
RW14,20,0.4518166502306318,1,0.1,4,0.5879425643520609
RW14,21,0.432531360836441,1,0.1,4,0.5845655270598634
RW14,22,0.4200841979206751,1,0.1,4,0.5873187376735703
RW14,23,0.4157935443883638,1,0.1,4,0.5859638616717394
RW18,0,1.0,1,0.1,4,1.000169737206883
RW18,1,0.9977330149235677,1,0.1,4,1.0002100988707927
RW18,2,0.9213655815556884,1,0.1,4,0.9429225623238523
RW18,3,0.8925716791703614,1,0.1,4,0.9228148021673255
RW18,4,0.8718443394852413,1,0.1,4,0.9012595364697074
RW18,5,0.8419174377110581,1,0.1,4,0.8696619210664979
RW18,6,0.813365853114081,1,0.1,4,0.8330836174624328
RW18,7,0.7961193757129356,1,0.1,4,0.7726057460896517
RW18,8,0.7800851421665592,1,0.1,4,0.7992024335277056
RW18,9,0.75369280553753,1,0.1,4,0.7533130021944253
RW18,10,0.7376318600570141,1,0.1,4,0.6576297783514506
RW18,11,0.7056274349360556,1,0.1,4,0.6708882335277112
RW18,12,0.6816641704071746,1,0.1,4,0.5776577998397914
RW18,13,0.6705293405758124,1,0.1,4,0.5968112608086311
RW18,14,0.65689339822108,1,0.1,4,0.5549183200949812
RW18,15,0.6375308971062369,1,0.1,4,0.5522307936906916
RW18,16,0.6343281547363112,1,0.1,4,0.5430192726836263
RW18,17,0.609856009753373,1,0.1,4,0.5465889459328729
RW18,18,0.5902016486507977,1,0.1,4,0.5490778197556315
RW18,19,0.5830172536826165,1,0.1,4,0.5539949260058917
RW18,20,0.5810826408538371,1,0.1,4,0.5543719777636749
RW18,21,0.5687453908621404,1,0.1,4,0.5546329518864521
RW18,22,0.5542246611230017,1,0.1,4,0.5551698340457603
RW18,23,0.5442080853160498,1,0.1,4,0.5528959369781574
RW18,24,0.5344692122433156,1,0.1,4,0.5529736143996917
RW18,25,0.518855432805061,1,0.1,4,0.5558625534342896
RW18,26,0.5265886448180515,1,0.1,4,0.5529364356848472
RW2,0,1.0,1,0.1,4,0.9996837030079249
RW2,1,0.964138506194284,1,0.1,4,0.9599366825307394
RW2,2,0.9249040871235984,1,0.1,4,0.9203288313207861
RW2,3,0.8830402696076977,1,0.1,4,0.9144575162100328
RW2,4,0.8564110608744848,1,0.1,4,0.8992439627834377
RW2,5,0.833163794491935,1,0.1,4,0.8847125442695408
RW2,6,0.8231850244197494,1,0.1,4,0.8482182543554042
RW2,7,0.8057852033709737,1,0.1,4,0.7785702300851174
RW2,8,0.7938715366638514,1,0.1,4,0.778531294200145
RW2,9,0.7860956497952659,1,0.1,4,0.7051118074786064
RW2,10,0.766804449532973,1,0.1,4,0.7104382552712096
RW2,11,0.750728888947808,1,0.1,4,0.7252015465648107
RW2,12,0.7623324166830754,1,0.1,4,0.7109019006680959
RW2,13,0.7296788762480323,1,0.1,4,0.7549366886690209
RW2,14,0.7184708582425151,1,0.1,4,0.7796239707767576
RW2,15,0.7036508460351927,1,0.1,4,0.7724249480678893
RW2,16,0.6757157785547322,1,0.1,4,0.7015817714242731
RW2,17,0.6541025835422499,1,0.1,4,0.6926048916031354
RW2,18,0.6504949003103174,1,0.1,4,0.6916625726631153
RW2,19,0.652906214483479,1,0.1,4,0.6452308377550212
RW2,20,0.6626729647795675,1,0.1,4,0.6416549294810494
RW2,21,0.6576724393157618,1,0.1,4,0.6010673005555154
RW2,22,0.6308359860989354,1,0.1,4,0.5578018400137598
RW2,23,0.5883539180772349,1,0.1,4,0.5542626033829123
RW2,24,0.5714726928240693,1,0.1,4,0.5537159797524167
RW22,0,1.0,1,0.1,4,0.999880355333574
RW22,1,0.9739365032865775,1,0.1,4,0.9735410874226575
RW22,2,0.9553948808841696,1,0.1,4,0.9287364944607271
RW22,3,0.9149809498639752,1,0.1,4,0.9074849115623259
RW22,4,0.8618174981582503,1,0.1,4,0.8605225826973236
RW22,5,0.8104095048251577,1,0.1,4,0.8202624871096961
RW22,6,0.765116336467881,1,0.1,4,0.8217668910165339
RW22,7,0.7463736626802354,1,0.1,4,0.7608945083367503
RW22,8,0.6843131991933246,1,0.1,4,0.7896793135512437
RW22,9,0.6666096162214906,1,0.1,4,0.7903429061023162
RW26,0,1.0,1,0.1,4,1.0000243982208388
RW26,1,0.9695503888019508,1,0.1,4,0.9744567321302521
RW26,2,0.9530525699746794,1,0.1,4,0.9396200848528268
RW26,3,0.9382100312250065,1,0.1,4,0.9245490508903337
RW26,4,0.9249710248364101,1,0.1,4,0.9162019729402413
RW26,5,0.9129597330190223,1,0.1,4,0.8873931942649242
RW26,6,0.9039473720808919,1,0.1,4,0.882654199194268
RW26,7,0.8938493013611533,1,0.1,4,0.8772497571802533
RW26,8,0.8838201049114417,1,0.1,4,0.8772497571802533
RW26,9,0.8776749057612828,1,0.1,4,0.8459562118343011
RW26,10,0.8664005053062743,1,0.1,4,0.8585354194097805
RW26,11,0.8577843772790714,1,0.1,4,0.8657921118181026
RW26,12,0.8512266479212676,1,0.1,4,0.8127392710953377
RW26,13,0.8442312363783513,1,0.1,4,0.7376238551417811
RW4,0,1.0,1,0.1,4,0.9997993007208877
RW4,1,0.952908142031966,1,0.1,4,0.9579436845373329
RW4,2,0.9169005743143264,1,0.1,4,0.9254959884487081
RW4,3,0.8861547650375892,1,0.1,4,0.9146436507519015
RW4,4,0.8653798883913402,1,0.1,4,0.9054598415086004
RW4,5,0.8452071267530786,1,0.1,4,0.8737170738586255
RW4,6,0.8228878119106672,1,0.1,4,0.8443577272221509
RW4,7,0.8034885437099676,1,0.1,4,0.8131558043575337
RW4,8,0.8175568100222665,1,0.1,4,0.8052622584443316
RW4,9,0.781835479764987,1,0.1,4,0.7799162844656763
RW4,10,0.7670246260000682,1,0.1,4,0.7690709809746663
RW4,11,0.7443543078487312,1,0.1,4,0.7772857632182977
RW4,12,0.7150665405639625,1,0.1,4,0.7045274226779791
RW4,13,0.6809715885638455,1,0.1,4,0.705695896345573
RW4,14,0.6735233411679066,1,0.1,4,0.6510880065713046
RW4,15,0.6479957823508535,1,0.1,4,0.6104739264279975
RW4,16,0.6288981200103804,1,0.1,4,0.5750305739388444
RW4,17,0.6134212256861231,1,0.1,4,0.5706724040162953
RW4,18,0.5741659696180692,1,0.1,4,0.5704655013372012
RW11,0,1.0,2,1.0,0,1.000841657445012
RW11,1,0.9812509775303251,2,1.0,0,0.9789510940521461
RW11,2,0.9650137068435085,2,1.0,0,0.9610256323318367
RW11,3,0.9351362403953054,2,1.0,0,0.9152303316349896
RW11,4,0.90714425616019,2,1.0,0,0.9031955269821413
RW11,5,0.8457053142903532,2,1.0,0,0.8807558382113706
RW11,6,0.8020972922814096,2,1.0,0,0.8433422669875676
RW11,7,0.7484325203829727,2,1.0,0,0.8447170688866128
RW11,8,0.7189787689899965,2,1.0,0,0.8302640682274965
RW11,9,0.6910853284576837,2,1.0,0,0.8230408771919849
RW11,10,0.6761559111900426,2,1.0,0,0.8157759621761237
RW11,11,0.6550657321125852,2,1.0,0,0.8109980235437312
RW11,12,0.6425313612904104,2,1.0,0,0.7951864288898821
RW11,13,0.6909619595729768,2,1.0,0,0.8024388310865045
RW11,14,0.6373488207077248,2,1.0,0,0.7816308263650291
RW11,15,0.6236460344632558,2,1.0,0,0.7718462071811927
RW11,16,0.6096063869507001,2,1.0,0,0.7577608052037443
RW11,17,0.6095592595614534,2,1.0,0,0.7468424081835557
RW11,18,0.6117111890811565,2,1.0,0,0.727760692434491
RW11,19,0.6132328800421039,2,1.0,0,0.717836688970486
RW11,20,0.6177338702955617,2,1.0,0,0.7049474199365574
RW11,21,0.6151726925016363,2,1.0,0,0.6977838759909458
RW11,22,0.6150917110526547,2,1.0,0,0.689931176230748
RW11,23,0.6084443675781239,2,1.0,0,0.6864775214819105
RW11,24,0.6108413236784053,2,1.0,0,0.6659729194573066
RW11,25,0.604457872674917,2,1.0,0,0.6658468785081536
RW11,26,0.6029517287743232,2,1.0,0,0.6499440468186577
RW11,27,0.605157402435204,2,1.0,0,0.6499440468186577
RW11,28,0.5960453588974413,2,1.0,0,0.6468517114699767
RW11,29,0.5898473993066765,2,1.0,0,0.6390947455631165
RW11,30,0.5639353004202469,2,1.0,0,0.62820674000071
RW11,31,0.5833093037578585,2,1.0,0,0.6259995754857519
RW11,32,0.5385993504613933,2,1.0,0,0.6050443738755144
RW11,33,0.5270290981610593,2,1.0,0,0.5642111427069302
RW11,34,0.4838174078709938,2,1.0,0,0.5478448749855693
RW11,35,0.4668435392432821,2,1.0,0,0.5233281580529812
RW11,36,0.4539967259442097,2,1.0,0,0.4748227975289074
RW15,0,1.0,2,1.0,0,0.9989031521879516
RW15,1,0.9650574510743339,2,1.0,0,0.9587179306020267
RW15,2,0.9225952378299382,2,1.0,0,0.9285513819336398
RW15,3,0.8654685977166434,2,1.0,0,0.8845128670727521
RW15,4,0.8331123466557073,2,1.0,0,0.8405103681032073
RW15,5,0.7854218267547517,2,1.0,0,0.8027797201398109
RW15,6,0.7308801736607424,2,1.0,0,0.7560183403674812
RW15,7,0.7033432455088411,2,1.0,0,0.7688475001627877
RW15,8,0.6798891483633692,2,1.0,0,0.7525273317442759
RW15,9,0.6595524905078265,2,1.0,0,0.7302088241311134
RW15,10,0.6385049022337113,2,1.0,0,0.694301408168202
RW15,11,0.6188055183968584,2,1.0,0,0.6800993540081562
RW15,12,0.5978706628223552,2,1.0,0,0.6464669132277366
RW15,13,0.564108530129482,2,1.0,0,0.618931416081561
RW15,14,0.5618221733421094,2,1.0,0,0.6187007040882061
RW15,15,0.5683340400975069,2,1.0,0,0.6152538691825784
RW15,16,0.5328255192748415,2,1.0,0,0.5474854284971737
RW15,17,0.525805629163202,2,1.0,0,0.5623969347167294
RW15,18,0.5037113308815376,2,1.0,0,0.5521907925272683
RW15,19,0.4878101214299047,2,1.0,0,0.5212888935899328
RW15,20,0.4857842099501362,2,1.0,0,0.5339594670881158
RW15,21,0.4823497951477415,2,1.0,0,0.5471076320984976
RW15,22,0.469053235395845,2,1.0,0,0.5539771826784778
RW15,23,0.44283042970152153,2,1.0,0,0.5557499472058266
RW19,0,1.0,2,1.0,0,0.9989031521879516
RW19,1,0.9396235436975541,2,1.0,0,0.9322238882216364
RW19,2,0.9120786188350108,2,1.0,0,0.9188941621189283
RW19,3,0.8847986908586808,2,1.0,0,0.8836273751972517
RW19,4,0.8571370872127337,2,1.0,0,0.8467168881126651
RW19,5,0.8354199075992986,2,1.0,0,0.8213037821728644
RW19,6,0.8073309568665201,2,1.0,0,0.7843810499357926
RW19,7,0.7857199625811689,2,1.0,0,0.754582874715506
RW19,8,0.7666372214100013,2,1.0,0,0.7349485231025404
RW19,9,0.7513987910506147,2,1.0,0,0.7051018214734325
RW19,10,0.7203267622205394,2,1.0,0,0.6715188190569606
RW19,11,0.7081063051935211,2,1.0,0,0.6575169250624628
RW19,12,0.6723114265835748,2,1.0,0,0.6531894380068074
RW19,13,0.6639607922077001,2,1.0,0,0.6384882052607707
RW19,14,0.6507704833452281,2,1.0,0,0.618108656907736
RW19,15,0.6454719449243604,2,1.0,0,0.618108656907736
RW19,16,0.6196235547721438,2,1.0,0,0.5875384873179169
RW19,17,0.5838720772978139,2,1.0,0,0.5711771005645184
RW19,18,0.5755212201280766,2,1.0,0,0.562959835007671
RW19,19,0.5607907745146146,2,1.0,0,0.5628479014681033
RW19,20,0.5604943676173099,2,1.0,0,0.5507043918424499
RW19,21,0.5388293035023539,2,1.0,0,0.5402715800981056
RW19,22,0.5241299200287287,2,1.0,0,0.5350446950546583
RW19,23,0.5173999584381129,2,1.0,0,0.5324512399801259
RW19,24,0.5070395009418225,2,1.0,0,0.522697489962114
RW19,25,0.5041861774066588,2,1.0,0,0.5235839986121754
RW23,0,1.0,2,1.0,0,1.0018106370087614
RW23,1,0.968874030176613,2,1.0,0,0.9815398856914455
RW23,2,0.93116690709189,2,1.0,0,0.9537346800509355
RW23,3,0.9041203685654416,2,1.0,0,0.922837687472184
RW23,4,0.8752754662299709,2,1.0,0,0.8881978646646091
RW23,5,0.8465547714660063,2,1.0,0,0.861323698547088
RW23,6,0.8208981506750966,2,1.0,0,0.831870121951892
RW23,7,0.7998940829401381,2,1.0,0,0.8236529753223177
RW23,8,0.7892510429257036,2,1.0,0,0.7839043359655569
RW23,9,0.7631753024809578,2,1.0,0,0.7885574271354674
RW23,10,0.7401984489323145,2,1.0,0,0.7858995681209224
RW27,0,1.0,2,1.0,0,1.0017947199051291
RW27,1,0.9681570193735269,2,1.0,0,0.9777785282194444
RW27,2,0.9437661592431005,2,1.0,0,0.9565370771266941
RW27,3,0.9188104975387007,2,1.0,0,0.9304426144134913
RW27,4,0.899349484660793,2,1.0,0,0.915951462111889
RW27,5,0.8814742779331408,2,1.0,0,0.8886259920882205
RW27,6,0.8663787550926042,2,1.0,0,0.8702675402343903
RW27,7,0.8547311284111835,2,1.0,0,0.8564235177814805
RW27,8,0.8431959746161813,2,1.0,0,0.8365047071036105
RW27,9,0.8351597805140608,2,1.0,0,0.8248685027381135
RW27,10,0.8233026207413151,2,1.0,0,0.8084907821821334
RW27,11,0.8176967306120008,2,1.0,0,0.7599788506974142
RW5,0,1.0,2,1.0,0,0.997722723844521
RW5,1,0.960825991745598,2,1.0,0,0.9728319160530239
RW5,2,0.9266800602747612,2,1.0,0,0.9460802421168006
RW5,3,0.9011293220077173,2,1.0,0,0.909666097704355
RW5,4,0.8764709808493428,2,1.0,0,0.8918807797824501
RW5,5,0.8526426940151302,2,1.0,0,0.8664987319421434
RW5,6,0.839370527729129,2,1.0,0,0.8313926249376453
RW5,7,0.8159574870069374,2,1.0,0,0.8035720769416164
RW5,8,0.8004750971060514,2,1.0,0,0.7850174469825273
RW5,9,0.8228279206228818,2,1.0,0,0.776740271301616
RW5,10,0.7867656223348591,2,1.0,0,0.7683016572136325
RW5,11,0.7661099188154834,2,1.0,0,0.7262709509017519
RW5,12,0.7429108814178095,2,1.0,0,0.705726387905495
RW5,13,0.7091745980062312,2,1.0,0,0.6755649714531728
RW5,14,0.6857713337470273,2,1.0,0,0.6512545142098364
RW5,15,0.6672427863976763,2,1.0,0,0.6335222909126229
RW5,16,0.6687356247963866,2,1.0,0,0.6417814596324003
RW5,17,0.636480784151189,2,1.0,0,0.6324952594480766
RW5,18,0.6183718679139446,2,1.0,0,0.6005564094830069
RW5,19,0.5752173546693329,2,1.0,0,0.55876280643151
RW5,20,0.5747937898766532,2,1.0,0,0.557552834747916
RW7,0,1.0,2,1.0,0,0.9968479820822095
RW7,1,0.9737384788654111,2,1.0,0,0.9450368524536747
RW7,2,0.9447337319243664,2,1.0,0,0.9245927949952619
RW7,3,0.9146274603726349,2,1.0,0,0.8968737619088251
RW7,4,0.8871149443826014,2,1.0,0,0.8728113126164422
RW7,5,0.8607953281423645,2,1.0,0,0.8604734540110167
RW7,6,0.8253218854282387,2,1.0,0,0.840131861100032
RW7,7,0.8256203114571893,2,1.0,0,0.8008400109275564
RW7,8,0.8174379654477165,2,1.0,0,0.7886619955687247
RW7,9,0.8035643430201168,2,1.0,0,0.7596009357480248
RW7,10,0.7896346635150358,2,1.0,0,0.7418687510237046
RW7,11,0.7718959267241481,2,1.0,0,0.7443714710042447
RW7,12,0.7860019167130227,2,1.0,0,0.7386782737569563
RW7,13,0.7507796857619143,2,1.0,0,0.7169007592629304
RW7,14,0.7327447163515879,2,1.0,0,0.6961792787645461
RW7,15,0.7074586345939947,2,1.0,0,0.6703135928468763
RW7,16,0.6825198136819158,2,1.0,0,0.6506615785388999
RW7,17,0.662699874860957,2,1.0,0,0.6319868441695771
RW7,18,0.6262446211067287,2,1.0,0,0.6174274865911332
RW7,19,0.6075826021968548,2,1.0,0,0.5905726480209709
RW7,20,0.6170093927279642,2,1.0,0,0.6064241252574457
RW7,21,0.6466135984427249,2,1.0,0,0.6090420359629756
RW7,22,0.5740413094410772,2,1.0,0,0.5641652838281482
RW7,23,0.5335005770298783,2,1.0,0,0.5375965792383502
RW7,24,0.52059510567296,2,1.0,0,0.514572702974519
RW11,0,1.0,2,1.0,1,1.0005883941687344
RW11,1,0.9812509775303251,2,1.0,1,0.9800326090445042
RW11,2,0.9650137068435085,2,1.0,1,0.9669087818732385
RW11,3,0.9351362403953054,2,1.0,1,0.9197288915889092
RW11,4,0.90714425616019,2,1.0,1,0.9028355574434723
RW11,5,0.8457053142903532,2,1.0,1,0.8735392651559178
RW11,6,0.8020972922814096,2,1.0,1,0.8353984738207099
RW11,7,0.7484325203829727,2,1.0,1,0.8409516016409126
RW11,8,0.7189787689899965,2,1.0,1,0.8201179809039303
RW11,9,0.6910853284576837,2,1.0,1,0.8162929021083039
RW11,10,0.6761559111900426,2,1.0,1,0.8078093957330149
RW11,11,0.6550657321125852,2,1.0,1,0.8044551848423445
RW11,12,0.6425313612904104,2,1.0,1,0.7941684234918572
RW11,13,0.6909619595729768,2,1.0,1,0.7972486811453758
RW11,14,0.6373488207077248,2,1.0,1,0.7844812427299556
RW11,15,0.6236460344632558,2,1.0,1,0.7803969377915815
RW11,16,0.6096063869507001,2,1.0,1,0.7670512372870589
RW11,17,0.6095592595614534,2,1.0,1,0.7562517529097628
RW11,18,0.6117111890811565,2,1.0,1,0.7312957471100958
RW11,19,0.6132328800421039,2,1.0,1,0.7229807758842597
RW11,20,0.6177338702955617,2,1.0,1,0.7175390687922046
RW11,21,0.6151726925016363,2,1.0,1,0.7009018181581078
RW11,22,0.6150917110526547,2,1.0,1,0.6942059341150706
RW11,23,0.6084443675781239,2,1.0,1,0.6894125318721163
RW11,24,0.6108413236784053,2,1.0,1,0.6699533423378454
RW11,25,0.604457872674917,2,1.0,1,0.6689747293519474
RW11,26,0.6029517287743232,2,1.0,1,0.6453064612235976
RW11,27,0.605157402435204,2,1.0,1,0.6453064612235976
RW11,28,0.5960453588974413,2,1.0,1,0.6403109636362005
RW11,29,0.5898473993066765,2,1.0,1,0.623274256145719
RW11,30,0.5639353004202469,2,1.0,1,0.6088429859689753
RW11,31,0.5833093037578585,2,1.0,1,0.6091198862995645
RW11,32,0.5385993504613933,2,1.0,1,0.5991736298891811
RW11,33,0.5270290981610593,2,1.0,1,0.5687175710047555
RW11,34,0.4838174078709938,2,1.0,1,0.5559881892835388
RW11,35,0.4668435392432821,2,1.0,1,0.5490333248890773
RW11,36,0.4539967259442097,2,1.0,1,0.4688348339135832
RW15,0,1.0,2,1.0,1,0.9980770198460591
RW15,1,0.9650574510743339,2,1.0,1,0.9614101482510925
RW15,2,0.9225952378299382,2,1.0,1,0.9276695037283462
RW15,3,0.8654685977166434,2,1.0,1,0.8800530075956331
RW15,4,0.8331123466557073,2,1.0,1,0.8402826855174096
RW15,5,0.7854218267547517,2,1.0,1,0.7966552717714248
RW15,6,0.7308801736607424,2,1.0,1,0.7557609412342567
RW15,7,0.7033432455088411,2,1.0,1,0.774647297202032
RW15,8,0.6798891483633692,2,1.0,1,0.7485710004454007
RW15,9,0.6595524905078265,2,1.0,1,0.7303354276801431
RW15,10,0.6385049022337113,2,1.0,1,0.7002502078255506
RW15,11,0.6188055183968584,2,1.0,1,0.6793656428110397
RW15,12,0.5978706628223552,2,1.0,1,0.642673069376664
RW15,13,0.564108530129482,2,1.0,1,0.6227730615958943
RW15,14,0.5618221733421094,2,1.0,1,0.6175806825276775
RW15,15,0.5683340400975069,2,1.0,1,0.6177844778409557
RW15,16,0.5328255192748415,2,1.0,1,0.5507752402976434
RW15,17,0.525805629163202,2,1.0,1,0.5695622575718355
RW15,18,0.5037113308815376,2,1.0,1,0.557830856227892
RW15,19,0.4878101214299047,2,1.0,1,0.5192841219184184
RW15,20,0.4857842099501362,2,1.0,1,0.5344937502534324
RW15,21,0.4823497951477415,2,1.0,1,0.538655145185109
RW15,22,0.469053235395845,2,1.0,1,0.5527439817534561
RW15,23,0.44283042970152153,2,1.0,1,0.5509893410025447
RW19,0,1.0,2,1.0,1,0.9980770198460591
RW19,1,0.9396235436975541,2,1.0,1,0.930722910435369
RW19,2,0.9120786188350108,2,1.0,1,0.9140667502163782
RW19,3,0.8847986908586808,2,1.0,1,0.8807363725220103
RW19,4,0.8571370872127337,2,1.0,1,0.8455329738676071
RW19,5,0.8354199075992986,2,1.0,1,0.8234249806215309
RW19,6,0.8073309568665201,2,1.0,1,0.7862809314251266
RW19,7,0.7857199625811689,2,1.0,1,0.7598090298745208
RW19,8,0.7666372214100013,2,1.0,1,0.7391426783460295
RW19,9,0.7513987910506147,2,1.0,1,0.7128694128425587
RW19,10,0.7203267622205394,2,1.0,1,0.686191142272763
RW19,11,0.7081063051935211,2,1.0,1,0.6612238490116104
RW19,12,0.6723114265835748,2,1.0,1,0.6461243790178922
RW19,13,0.6639607922077001,2,1.0,1,0.6360659905594696
RW19,14,0.6507704833452281,2,1.0,1,0.616079709277117
RW19,15,0.6454719449243604,2,1.0,1,0.6168530838106632
RW19,16,0.6196235547721438,2,1.0,1,0.5827380325591341
RW19,17,0.5838720772978139,2,1.0,1,0.5714341850664334
RW19,18,0.5755212201280766,2,1.0,1,0.5615858246042883
RW19,19,0.5607907745146146,2,1.0,1,0.5600540253643735
RW19,20,0.5604943676173099,2,1.0,1,0.5476294705344664
RW19,21,0.5388293035023539,2,1.0,1,0.5367547626451833
RW19,22,0.5241299200287287,2,1.0,1,0.5328887312453147
RW19,23,0.5173999584381129,2,1.0,1,0.532502944899895
RW19,24,0.5070395009418225,2,1.0,1,0.5244832633018175
RW19,25,0.5041861774066588,2,1.0,1,0.5233310070458005
RW23,0,1.0,2,1.0,1,1.0013612777157896
RW23,1,0.968874030176613,2,1.0,1,0.9818951006407922
RW23,2,0.93116690709189,2,1.0,1,0.9500350482137287
RW23,3,0.9041203685654416,2,1.0,1,0.9208967845149926
RW23,4,0.8752754662299709,2,1.0,1,0.8889161841180114
RW23,5,0.8465547714660063,2,1.0,1,0.8604395396306647
RW23,6,0.8208981506750966,2,1.0,1,0.8395684551848597
RW23,7,0.7998940829401381,2,1.0,1,0.8045793455042742
RW23,8,0.7892510429257036,2,1.0,1,0.7811379433270265
RW23,9,0.7631753024809578,2,1.0,1,0.7905571223484157
RW23,10,0.7401984489323145,2,1.0,1,0.7849569286068115
RW27,0,1.0,2,1.0,1,1.0013612777157896
RW27,1,0.9681570193735269,2,1.0,1,0.9761029797065353
RW27,2,0.9437661592431005,2,1.0,1,0.9560251675153081
RW27,3,0.9188104975387007,2,1.0,1,0.9285936786332033
RW27,4,0.899349484660793,2,1.0,1,0.9154317072946188
RW27,5,0.8814742779331408,2,1.0,1,0.8868595098680362
RW27,6,0.8663787550926042,2,1.0,1,0.8737320358685022
RW27,7,0.8547311284111835,2,1.0,1,0.8555668987822491
RW27,8,0.8431959746161813,2,1.0,1,0.845663001319535
RW27,9,0.8351597805140608,2,1.0,1,0.8261302996599006
RW27,10,0.8233026207413151,2,1.0,1,0.7982825593918725
RW27,11,0.8176967306120008,2,1.0,1,0.7510998446121423
RW5,0,1.0,2,1.0,1,0.9985667384396653
RW5,1,0.960825991745598,2,1.0,1,0.9805124874496369
RW5,2,0.9266800602747612,2,1.0,1,0.9452741824488772
RW5,3,0.9011293220077173,2,1.0,1,0.9164149712188246
RW5,4,0.8764709808493428,2,1.0,1,0.8937420557541411
RW5,5,0.8526426940151302,2,1.0,1,0.8646938714814514
RW5,6,0.839370527729129,2,1.0,1,0.8366324078018895
RW5,7,0.8159574870069374,2,1.0,1,0.8037209004365398
RW5,8,0.8004750971060514,2,1.0,1,0.7820897372241802
RW5,9,0.8228279206228818,2,1.0,1,0.7785881288178963
RW5,10,0.7867656223348591,2,1.0,1,0.7703959450761942
RW5,11,0.7661099188154834,2,1.0,1,0.7262454353238084
RW5,12,0.7429108814178095,2,1.0,1,0.6939268214968702
RW5,13,0.7091745980062312,2,1.0,1,0.6737599526826158
RW5,14,0.6857713337470273,2,1.0,1,0.653949985314487
RW5,15,0.6672427863976763,2,1.0,1,0.6257058682075598
RW5,16,0.6687356247963866,2,1.0,1,0.6373490260064529
RW5,17,0.636480784151189,2,1.0,1,0.6300264537941819
RW5,18,0.6183718679139446,2,1.0,1,0.5981231078278519
RW5,19,0.5752173546693329,2,1.0,1,0.5624101227628584
RW5,20,0.5747937898766532,2,1.0,1,0.5591300396762017
RW7,0,1.0,2,1.0,1,0.9966022232237746
RW7,1,0.9737384788654111,2,1.0,1,0.9487119178525304
RW7,2,0.9447337319243664,2,1.0,1,0.9241467515396252
RW7,3,0.9146274603726349,2,1.0,1,0.8991213386665867
RW7,4,0.8871149443826014,2,1.0,1,0.8784918460040274
RW7,5,0.8607953281423645,2,1.0,1,0.8616913546142462
RW7,6,0.8253218854282387,2,1.0,1,0.8388962133652678
RW7,7,0.8256203114571893,2,1.0,1,0.8084370364426948
RW7,8,0.8174379654477165,2,1.0,1,0.7928826783969789
RW7,9,0.8035643430201168,2,1.0,1,0.7702432841235469
RW7,10,0.7896346635150358,2,1.0,1,0.7435647548979989
RW7,11,0.7718959267241481,2,1.0,1,0.7499044422305755
RW7,12,0.7860019167130227,2,1.0,1,0.7385545127769354
RW7,13,0.7507796857619143,2,1.0,1,0.720549013429737
RW7,14,0.7327447163515879,2,1.0,1,0.7024951330582655
RW7,15,0.7074586345939947,2,1.0,1,0.6730432039879761
RW7,16,0.6825198136819158,2,1.0,1,0.6590442727517032
RW7,17,0.662699874860957,2,1.0,1,0.6498779085258335
RW7,18,0.6262446211067287,2,1.0,1,0.6317089128886892
RW7,19,0.6075826021968548,2,1.0,1,0.6119259396378234
RW7,20,0.6170093927279642,2,1.0,1,0.6177932217890307
RW7,21,0.6466135984427249,2,1.0,1,0.6185213755598931
RW7,22,0.5740413094410772,2,1.0,1,0.5692033191440311
RW7,23,0.5335005770298783,2,1.0,1,0.5347321996629751
RW7,24,0.52059510567296,2,1.0,1,0.5184832686270338
RW11,0,1.0,2,1.0,2,0.9989471981367011
RW11,1,0.9812509775303251,2,1.0,2,0.9778008901445188
RW11,2,0.9650137068435085,2,1.0,2,0.9645186002583906
RW11,3,0.9351362403953054,2,1.0,2,0.9241894459697225
RW11,4,0.90714425616019,2,1.0,2,0.9022442799592214
RW11,5,0.8457053142903532,2,1.0,2,0.8826389627599324
RW11,6,0.8020972922814096,2,1.0,2,0.8390523135376593
RW11,7,0.7484325203829727,2,1.0,2,0.8373094456514061
RW11,8,0.7189787689899965,2,1.0,2,0.8220991959169874
RW11,9,0.6910853284576837,2,1.0,2,0.8165462277562725
RW11,10,0.6761559111900426,2,1.0,2,0.8043777012420281
RW11,11,0.6550657321125852,2,1.0,2,0.8005337584583266
RW11,12,0.6425313612904104,2,1.0,2,0.7848835021221303
RW11,13,0.6909619595729768,2,1.0,2,0.7922382096481982
RW11,14,0.6373488207077248,2,1.0,2,0.7801748535483182
RW11,15,0.6236460344632558,2,1.0,2,0.7752473848102599
RW11,16,0.6096063869507001,2,1.0,2,0.7649052587042364
RW11,17,0.6095592595614534,2,1.0,2,0.7542703436201112
RW11,18,0.6117111890811565,2,1.0,2,0.7382350705372793
RW11,19,0.6132328800421039,2,1.0,2,0.7264505228171406
RW11,20,0.6177338702955617,2,1.0,2,0.7213539864332786
RW11,21,0.6151726925016363,2,1.0,2,0.7150986120547508
RW11,22,0.6150917110526547,2,1.0,2,0.7032582658546676
RW11,23,0.6084443675781239,2,1.0,2,0.7004395906616337
RW11,24,0.6108413236784053,2,1.0,2,0.6801985505243275
RW11,25,0.604457872674917,2,1.0,2,0.6772879674693268
RW11,26,0.6029517287743232,2,1.0,2,0.6496793050704762
RW11,27,0.605157402435204,2,1.0,2,0.649751105177122
RW11,28,0.5960453588974413,2,1.0,2,0.6490129922124714
RW11,29,0.5898473993066765,2,1.0,2,0.6308778777160653
RW11,30,0.5639353004202469,2,1.0,2,0.6281488387172526
RW11,31,0.5833093037578585,2,1.0,2,0.628893727536483
RW11,32,0.5385993504613933,2,1.0,2,0.6078054059965055
RW11,33,0.5270290981610593,2,1.0,2,0.577284197231771
RW11,34,0.4838174078709938,2,1.0,2,0.5497037000505048
RW11,35,0.4668435392432821,2,1.0,2,0.5427508855928949
RW11,36,0.4539967259442097,2,1.0,2,0.48630672551439547
RW15,0,1.0,2,1.0,2,0.9995590023695651
RW15,1,0.9650574510743339,2,1.0,2,0.9564551063010939
RW15,2,0.9225952378299382,2,1.0,2,0.9298560117588949
RW15,3,0.8654685977166434,2,1.0,2,0.8869784211524083
RW15,4,0.8331123466557073,2,1.0,2,0.8382874211264477
RW15,5,0.7854218267547517,2,1.0,2,0.7962198078180889
RW15,6,0.7308801736607424,2,1.0,2,0.7553606584677625
RW15,7,0.7033432455088411,2,1.0,2,0.7728242490854839
RW15,8,0.6798891483633692,2,1.0,2,0.7486481896892897
RW15,9,0.6595524905078265,2,1.0,2,0.730535349883814
RW15,10,0.6385049022337113,2,1.0,2,0.6910746121038072
RW15,11,0.6188055183968584,2,1.0,2,0.672808634872603
RW15,12,0.5978706628223552,2,1.0,2,0.6409443979639121
RW15,13,0.564108530129482,2,1.0,2,0.6170629031168696
RW15,14,0.5618221733421094,2,1.0,2,0.6114611787960402
RW15,15,0.5683340400975069,2,1.0,2,0.6170558111430655
RW15,16,0.5328255192748415,2,1.0,2,0.5550216020539948
RW15,17,0.525805629163202,2,1.0,2,0.5709104230407414
RW15,18,0.5037113308815376,2,1.0,2,0.5525717114414139
RW15,19,0.4878101214299047,2,1.0,2,0.5243092645505794
RW15,20,0.4857842099501362,2,1.0,2,0.5301181198335938
RW15,21,0.4823497951477415,2,1.0,2,0.5374936496037942
RW15,22,0.469053235395845,2,1.0,2,0.5491353835707528
RW15,23,0.44283042970152153,2,1.0,2,0.5498596765366218
RW19,0,1.0,2,1.0,2,0.9995590023695651
RW19,1,0.9396235436975541,2,1.0,2,0.9273913566842793
RW19,2,0.9120786188350108,2,1.0,2,0.9193463522592304
RW19,3,0.8847986908586808,2,1.0,2,0.8831513398387121
RW19,4,0.8571370872127337,2,1.0,2,0.8491630559531658
RW19,5,0.8354199075992986,2,1.0,2,0.8207431850822698
RW19,6,0.8073309568665201,2,1.0,2,0.7865500668369811
RW19,7,0.7857199625811689,2,1.0,2,0.7555063951133331
RW19,8,0.7666372214100013,2,1.0,2,0.7412116118084525
RW19,9,0.7513987910506147,2,1.0,2,0.7174767927238657
RW19,10,0.7203267622205394,2,1.0,2,0.6743331773063292
RW19,11,0.7081063051935211,2,1.0,2,0.6634730780702023
RW19,12,0.6723114265835748,2,1.0,2,0.6613076984854344
RW19,13,0.6639607922077001,2,1.0,2,0.6402743728828513
RW19,14,0.6507704833452281,2,1.0,2,0.6205950908894571
RW19,15,0.6454719449243604,2,1.0,2,0.6204205752701172
RW19,16,0.6196235547721438,2,1.0,2,0.5841302643400341
RW19,17,0.5838720772978139,2,1.0,2,0.574382129233344
RW19,18,0.5755212201280766,2,1.0,2,0.5661658631844253
RW19,19,0.5607907745146146,2,1.0,2,0.5649864065083104
RW19,20,0.5604943676173099,2,1.0,2,0.5552017922607335
RW19,21,0.5388293035023539,2,1.0,2,0.5432804258390782
RW19,22,0.5241299200287287,2,1.0,2,0.5371120813130653
RW19,23,0.5173999584381129,2,1.0,2,0.5341940331399391
RW19,24,0.5070395009418225,2,1.0,2,0.5232658416935164
RW19,25,0.5041861774066588,2,1.0,2,0.5244516612586005
RW23,0,1.0,2,1.0,2,1.001728118013929
RW23,1,0.968874030176613,2,1.0,2,0.9836926410854234
RW23,2,0.93116690709189,2,1.0,2,0.951164121352388
RW23,3,0.9041203685654416,2,1.0,2,0.9225412779348419
RW23,4,0.8752754662299709,2,1.0,2,0.8888216595980869
RW23,5,0.8465547714660063,2,1.0,2,0.8639798296613777
RW23,6,0.8208981506750966,2,1.0,2,0.8320225694296215
RW23,7,0.7998940829401381,2,1.0,2,0.8166744222715775
RW23,8,0.7892510429257036,2,1.0,2,0.7829850861147862
RW23,9,0.7631753024809578,2,1.0,2,0.7958066567121368
RW23,10,0.7401984489323145,2,1.0,2,0.7713983286439786
RW27,0,1.0,2,1.0,2,1.0015312933316676
RW27,1,0.9681570193735269,2,1.0,2,0.976747595886057
RW27,2,0.9437661592431005,2,1.0,2,0.9592600854698502
RW27,3,0.9188104975387007,2,1.0,2,0.9293046874611662
RW27,4,0.899349484660793,2,1.0,2,0.9129547645867852
RW27,5,0.8814742779331408,2,1.0,2,0.8903350590625939
RW27,6,0.8663787550926042,2,1.0,2,0.8712601096320778
RW27,7,0.8547311284111835,2,1.0,2,0.855627238382266
RW27,8,0.8431959746161813,2,1.0,2,0.8395366974503824
RW27,9,0.8351597805140608,2,1.0,2,0.8315514322857754
RW27,10,0.8233026207413151,2,1.0,2,0.8061889644392967
RW27,11,0.8176967306120008,2,1.0,2,0.7492681854131076
RW5,0,1.0,2,1.0,2,0.994159094332036
RW5,1,0.960825991745598,2,1.0,2,0.980235879631328
RW5,2,0.9266800602747612,2,1.0,2,0.9479871113777644
RW5,3,0.9011293220077173,2,1.0,2,0.9226310184494128
RW5,4,0.8764709808493428,2,1.0,2,0.9002667901395515
RW5,5,0.8526426940151302,2,1.0,2,0.8731984997322754
RW5,6,0.839370527729129,2,1.0,2,0.8302466633726088
RW5,7,0.8159574870069374,2,1.0,2,0.8037275503223169
RW5,8,0.8004750971060514,2,1.0,2,0.7816650784360611
RW5,9,0.8228279206228818,2,1.0,2,0.7793258738432522
RW5,10,0.7867656223348591,2,1.0,2,0.7680473285238361
RW5,11,0.7661099188154834,2,1.0,2,0.7269571784362318
RW5,12,0.7429108814178095,2,1.0,2,0.705005608962763
RW5,13,0.7091745980062312,2,1.0,2,0.6718446208523648
RW5,14,0.6857713337470273,2,1.0,2,0.6494625921727997
RW5,15,0.6672427863976763,2,1.0,2,0.6326875857533678
RW5,16,0.6687356247963866,2,1.0,2,0.6427297851480348
RW5,17,0.636480784151189,2,1.0,2,0.6243418279542146
RW5,18,0.6183718679139446,2,1.0,2,0.5987266880406795
RW5,19,0.5752173546693329,2,1.0,2,0.5614233628155335
RW5,20,0.5747937898766532,2,1.0,2,0.559575495425735
RW7,0,1.0,2,1.0,2,0.9976890127182534
RW7,1,0.9737384788654111,2,1.0,2,0.9465803045222648
RW7,2,0.9447337319243664,2,1.0,2,0.9252340726879602
RW7,3,0.9146274603726349,2,1.0,2,0.8946137810633434
RW7,4,0.8871149443826014,2,1.0,2,0.8797866762959613
RW7,5,0.8607953281423645,2,1.0,2,0.8562040885785123
RW7,6,0.8253218854282387,2,1.0,2,0.8360364567508
RW7,7,0.8256203114571893,2,1.0,2,0.8011339113268783
RW7,8,0.8174379654477165,2,1.0,2,0.7875832198418314
RW7,9,0.8035643430201168,2,1.0,2,0.7643981452755855
RW7,10,0.7896346635150358,2,1.0,2,0.7316734078028321
RW7,11,0.7718959267241481,2,1.0,2,0.7445181961815245
RW7,12,0.7860019167130227,2,1.0,2,0.7350882629557927
RW7,13,0.7507796857619143,2,1.0,2,0.7147387621360605
RW7,14,0.7327447163515879,2,1.0,2,0.6934531492509964
RW7,15,0.7074586345939947,2,1.0,2,0.6740179601020923
RW7,16,0.6825198136819158,2,1.0,2,0.6362028369154493
RW7,17,0.662699874860957,2,1.0,2,0.6306860311335689
RW7,18,0.6262446211067287,2,1.0,2,0.6193205036393581
RW7,19,0.6075826021968548,2,1.0,2,0.5936240945360689
RW7,20,0.6170093927279642,2,1.0,2,0.6077652590247823
RW7,21,0.6466135984427249,2,1.0,2,0.5946618118943808
RW7,22,0.5740413094410772,2,1.0,2,0.5590701749846759
RW7,23,0.5335005770298783,2,1.0,2,0.5215555221031999
RW7,24,0.52059510567296,2,1.0,2,0.4954335214183112
RW11,0,1.0,2,1.0,3,0.9986203256299364
RW11,1,0.9812509775303251,2,1.0,3,0.9787774672991143
RW11,2,0.9650137068435085,2,1.0,3,0.9624928523773008
RW11,3,0.9351362403953054,2,1.0,3,0.9123131511217009
RW11,4,0.90714425616019,2,1.0,3,0.9038786890821991
RW11,5,0.8457053142903532,2,1.0,3,0.8816989278427938
RW11,6,0.8020972922814096,2,1.0,3,0.8363206714769948
RW11,7,0.7484325203829727,2,1.0,3,0.8318072761326974
RW11,8,0.7189787689899965,2,1.0,3,0.8177796749544276
RW11,9,0.6910853284576837,2,1.0,3,0.8154777115053119
RW11,10,0.6761559111900426,2,1.0,3,0.810242643032433
RW11,11,0.6550657321125852,2,1.0,3,0.8050833235991636
RW11,12,0.6425313612904104,2,1.0,3,0.8007250142029108
RW11,13,0.6909619595729768,2,1.0,3,0.8085491843062822
RW11,14,0.6373488207077248,2,1.0,3,0.7954303559094911
RW11,15,0.6236460344632558,2,1.0,3,0.7859130831141901
RW11,16,0.6096063869507001,2,1.0,3,0.7645320927579737
RW11,17,0.6095592595614534,2,1.0,3,0.760848299184848
RW11,18,0.6117111890811565,2,1.0,3,0.7354898094310411
RW11,19,0.6132328800421039,2,1.0,3,0.7185160614366466
RW11,20,0.6177338702955617,2,1.0,3,0.7087152988368485
RW11,21,0.6151726925016363,2,1.0,3,0.6965185225133266
RW11,22,0.6150917110526547,2,1.0,3,0.6950206110724598
RW11,23,0.6084443675781239,2,1.0,3,0.6882809564477036
RW11,24,0.6108413236784053,2,1.0,3,0.6730396910408556
RW11,25,0.604457872674917,2,1.0,3,0.6721069915871166
RW11,26,0.6029517287743232,2,1.0,3,0.6458885636183896
RW11,27,0.605157402435204,2,1.0,3,0.6458885636183896
RW11,28,0.5960453588974413,2,1.0,3,0.6440386733866024
RW11,29,0.5898473993066765,2,1.0,3,0.633042907413909
RW11,30,0.5639353004202469,2,1.0,3,0.6172079372141224
RW11,31,0.5833093037578585,2,1.0,3,0.6170376780064822
RW11,32,0.5385993504613933,2,1.0,3,0.6021595467836026
RW11,33,0.5270290981610593,2,1.0,3,0.5701640447887558
RW11,34,0.4838174078709938,2,1.0,3,0.5441826079517078
RW11,35,0.4668435392432821,2,1.0,3,0.542634159056712
RW11,36,0.4539967259442097,2,1.0,3,0.47314750460641836
RW15,0,1.0,2,1.0,3,0.9986417364526362
RW15,1,0.9650574510743339,2,1.0,3,0.9594800845152055
RW15,2,0.9225952378299382,2,1.0,3,0.9284792615615916
RW15,3,0.8654685977166434,2,1.0,3,0.8816789531653927
RW15,4,0.8331123466557073,2,1.0,3,0.8395400235793932
RW15,5,0.7854218267547517,2,1.0,3,0.8005535470875149
RW15,6,0.7308801736607424,2,1.0,3,0.7529954018273862
RW15,7,0.7033432455088411,2,1.0,3,0.766262677448632
RW15,8,0.6798891483633692,2,1.0,3,0.7467598091657487
RW15,9,0.6595524905078265,2,1.0,3,0.7309588449038252
RW15,10,0.6385049022337113,2,1.0,3,0.6968754375945383
RW15,11,0.6188055183968584,2,1.0,3,0.6808258982305939
RW15,12,0.5978706628223552,2,1.0,3,0.6502959287083383
RW15,13,0.564108530129482,2,1.0,3,0.6260710793844522
RW15,14,0.5618221733421094,2,1.0,3,0.6204721166729099
RW15,15,0.5683340400975069,2,1.0,3,0.6055380475250889
RW15,16,0.5328255192748415,2,1.0,3,0.5475407335892338
RW15,17,0.525805629163202,2,1.0,3,0.5661379140239752
RW15,18,0.5037113308815376,2,1.0,3,0.555562035703814
RW15,19,0.4878101214299047,2,1.0,3,0.5166598997850276
RW15,20,0.4857842099501362,2,1.0,3,0.5412973225346849
RW15,21,0.4823497951477415,2,1.0,3,0.5375982259661751
RW15,22,0.469053235395845,2,1.0,3,0.5446902159478008
RW15,23,0.44283042970152153,2,1.0,3,0.5477473317161581
RW19,0,1.0,2,1.0,3,0.9986417364526362
RW19,1,0.9396235436975541,2,1.0,3,0.9301039252035047
RW19,2,0.9120786188350108,2,1.0,3,0.9193359970084201
RW19,3,0.8847986908586808,2,1.0,3,0.8828090069343629
RW19,4,0.8571370872127337,2,1.0,3,0.8510809532873026
RW19,5,0.8354199075992986,2,1.0,3,0.8228417123874933
RW19,6,0.8073309568665201,2,1.0,3,0.7824248920884521
RW19,7,0.7857199625811689,2,1.0,3,0.7548882838860036
RW19,8,0.7666372214100013,2,1.0,3,0.736349618578403
RW19,9,0.7513987910506147,2,1.0,3,0.7146143422451217
RW19,10,0.7203267622205394,2,1.0,3,0.6789301227830448
RW19,11,0.7081063051935211,2,1.0,3,0.653776492024303
RW19,12,0.6723114265835748,2,1.0,3,0.6494509055311534
RW19,13,0.6639607922077001,2,1.0,3,0.6330521992671962
RW19,14,0.6507704833452281,2,1.0,3,0.6187262385859261
RW19,15,0.6454719449243604,2,1.0,3,0.618254551650348
RW19,16,0.6196235547721438,2,1.0,3,0.5788801537276818
RW19,17,0.5838720772978139,2,1.0,3,0.5718559628674735
RW19,18,0.5755212201280766,2,1.0,3,0.562964812031049
RW19,19,0.5607907745146146,2,1.0,3,0.5607970722491037
RW19,20,0.5604943676173099,2,1.0,3,0.5488357916622467
RW19,21,0.5388293035023539,2,1.0,3,0.5389894074872997
RW19,22,0.5241299200287287,2,1.0,3,0.5325399473657925
RW19,23,0.5173999584381129,2,1.0,3,0.5305869288072057
RW19,24,0.5070395009418225,2,1.0,3,0.5236161022911764
RW19,25,0.5041861774066588,2,1.0,3,0.5237729556149165
RW23,0,1.0,2,1.0,3,1.0015885086595595
RW23,1,0.968874030176613,2,1.0,3,0.9817068045094459
RW23,2,0.93116690709189,2,1.0,3,0.9486921164849106
RW23,3,0.9041203685654416,2,1.0,3,0.9187998869180409
RW23,4,0.8752754662299709,2,1.0,3,0.8865810972106581
RW23,5,0.8465547714660063,2,1.0,3,0.8674628465824992
RW23,6,0.8208981506750966,2,1.0,3,0.8283984528304986
RW23,7,0.7998940829401381,2,1.0,3,0.8093718536083134
RW23,8,0.7892510429257036,2,1.0,3,0.779929198886693
RW23,9,0.7631753024809578,2,1.0,3,0.7970909688818436
RW23,10,0.7401984489323145,2,1.0,3,0.777917683853435
RW27,0,1.0,2,1.0,3,1.0015885086595595
RW27,1,0.9681570193735269,2,1.0,3,0.9802908304888269
RW27,2,0.9437661592431005,2,1.0,3,0.9575023103047394
RW27,3,0.9188104975387007,2,1.0,3,0.9302774760339254
RW27,4,0.899349484660793,2,1.0,3,0.912545589568395
RW27,5,0.8814742779331408,2,1.0,3,0.8888389296899573
RW27,6,0.8663787550926042,2,1.0,3,0.8709048290315577
RW27,7,0.8547311284111835,2,1.0,3,0.8593373826236723
RW27,8,0.8431959746161813,2,1.0,3,0.8340779586212531
RW27,9,0.8351597805140608,2,1.0,3,0.8287422941021128
RW27,10,0.8233026207413151,2,1.0,3,0.8050007671224341
RW27,11,0.8176967306120008,2,1.0,3,0.755756445639414
RW5,0,1.0,2,1.0,3,0.9971703964117453
RW5,1,0.960825991745598,2,1.0,3,0.9785511945829442
RW5,2,0.9266800602747612,2,1.0,3,0.9441457030678757
RW5,3,0.9011293220077173,2,1.0,3,0.9208788533641352
RW5,4,0.8764709808493428,2,1.0,3,0.8973750471195111
RW5,5,0.8526426940151302,2,1.0,3,0.8700711250080161
RW5,6,0.839370527729129,2,1.0,3,0.8334565978513113
RW5,7,0.8159574870069374,2,1.0,3,0.8029494821769886
RW5,8,0.8004750971060514,2,1.0,3,0.7779258501903502
RW5,9,0.8228279206228818,2,1.0,3,0.7764101408085949
RW5,10,0.7867656223348591,2,1.0,3,0.76485128726683
RW5,11,0.7661099188154834,2,1.0,3,0.7254488460202771
RW5,12,0.7429108814178095,2,1.0,3,0.7038190371730234
RW5,13,0.7091745980062312,2,1.0,3,0.6750899151326728
RW5,14,0.6857713337470273,2,1.0,3,0.6468023105381273
RW5,15,0.6672427863976763,2,1.0,3,0.6336017799392952
RW5,16,0.6687356247963866,2,1.0,3,0.6401682722766272
RW5,17,0.636480784151189,2,1.0,3,0.6296527972515752
RW5,18,0.6183718679139446,2,1.0,3,0.6016502905178042
RW5,19,0.5752173546693329,2,1.0,3,0.5627097587953921
RW5,20,0.5747937898766532,2,1.0,3,0.559030912861323
RW7,0,1.0,2,1.0,3,0.9970302287975926
RW7,1,0.9737384788654111,2,1.0,3,0.9496674619514546
RW7,2,0.9447337319243664,2,1.0,3,0.9256224329286099
RW7,3,0.9146274603726349,2,1.0,3,0.9021038793153785
RW7,4,0.8871149443826014,2,1.0,3,0.8804662773508598
RW7,5,0.8607953281423645,2,1.0,3,0.8596756779435074
RW7,6,0.8253218854282387,2,1.0,3,0.8379358577115867
RW7,7,0.8256203114571893,2,1.0,3,0.8019232922986171
RW7,8,0.8174379654477165,2,1.0,3,0.793330717777431
RW7,9,0.8035643430201168,2,1.0,3,0.765363184314678
RW7,10,0.7896346635150358,2,1.0,3,0.7398889722927573
RW7,11,0.7718959267241481,2,1.0,3,0.7422470882107683
RW7,12,0.7860019167130227,2,1.0,3,0.7383918978547398
RW7,13,0.7507796857619143,2,1.0,3,0.7063872996429893
RW7,14,0.7327447163515879,2,1.0,3,0.6944061622653316
RW7,15,0.7074586345939947,2,1.0,3,0.6751327996964946
RW7,16,0.6825198136819158,2,1.0,3,0.648106530861234
RW7,17,0.662699874860957,2,1.0,3,0.6332365347799782
RW7,18,0.6262446211067287,2,1.0,3,0.6213873262095211
RW7,19,0.6075826021968548,2,1.0,3,0.6074654622705825
RW7,20,0.6170093927279642,2,1.0,3,0.608000927968906
RW7,21,0.6466135984427249,2,1.0,3,0.6124875638067687
RW7,22,0.5740413094410772,2,1.0,3,0.5671897042750333
RW7,23,0.5335005770298783,2,1.0,3,0.5233123690144897
RW7,24,0.52059510567296,2,1.0,3,0.4995748083745625
RW11,0,1.0,2,1.0,4,0.9977352613097868
RW11,1,0.9812509775303251,2,1.0,4,0.9783160616212653
RW11,2,0.9650137068435085,2,1.0,4,0.9611375794855317
RW11,3,0.9351362403953054,2,1.0,4,0.9119372431749688
RW11,4,0.90714425616019,2,1.0,4,0.8971348937892661
RW11,5,0.8457053142903532,2,1.0,4,0.8756520769419205
RW11,6,0.8020972922814096,2,1.0,4,0.8434145433148048
RW11,7,0.7484325203829727,2,1.0,4,0.8365036537627545
RW11,8,0.7189787689899965,2,1.0,4,0.8222581265394487
RW11,9,0.6910853284576837,2,1.0,4,0.8205974154794596
RW11,10,0.6761559111900426,2,1.0,4,0.7985283598330695
RW11,11,0.6550657321125852,2,1.0,4,0.7930755080499804
RW11,12,0.6425313612904104,2,1.0,4,0.785069318380666
RW11,13,0.6909619595729768,2,1.0,4,0.792711139207446
RW11,14,0.6373488207077248,2,1.0,4,0.7834754589650957
RW11,15,0.6236460344632558,2,1.0,4,0.7671514126776559
RW11,16,0.6096063869507001,2,1.0,4,0.7544864501185174
RW11,17,0.6095592595614534,2,1.0,4,0.7453107999793489
RW11,18,0.6117111890811565,2,1.0,4,0.7306329108045858
RW11,19,0.6132328800421039,2,1.0,4,0.7236072498828277
RW11,20,0.6177338702955617,2,1.0,4,0.713235067607816
RW11,21,0.6151726925016363,2,1.0,4,0.6943934142892361
RW11,22,0.6150917110526547,2,1.0,4,0.6843424023762583
RW11,23,0.6084443675781239,2,1.0,4,0.6755282376685637
RW11,24,0.6108413236784053,2,1.0,4,0.6662037745584575
RW11,25,0.604457872674917,2,1.0,4,0.6641377279648002
RW11,26,0.6029517287743232,2,1.0,4,0.6495415050264051
RW11,27,0.605157402435204,2,1.0,4,0.6450000725016015
RW11,28,0.5960453588974413,2,1.0,4,0.6454382377609733
RW11,29,0.5898473993066765,2,1.0,4,0.6293728811213417
RW11,30,0.5639353004202469,2,1.0,4,0.611928898190885
RW11,31,0.5833093037578585,2,1.0,4,0.6078517899176294
RW11,32,0.5385993504613933,2,1.0,4,0.586062483899526
RW11,33,0.5270290981610593,2,1.0,4,0.5659712787403416
RW11,34,0.4838174078709938,2,1.0,4,0.5499693867970394
RW11,35,0.4668435392432821,2,1.0,4,0.5358811250958428
RW11,36,0.4539967259442097,2,1.0,4,0.480233636053369
RW15,0,1.0,2,1.0,4,0.9984826700865045
RW15,1,0.9650574510743339,2,1.0,4,0.9557885760999736
RW15,2,0.9225952378299382,2,1.0,4,0.9292342386391985
RW15,3,0.8654685977166434,2,1.0,4,0.88217349998566
RW15,4,0.8331123466557073,2,1.0,4,0.8393505003861195
RW15,5,0.7854218267547517,2,1.0,4,0.7983930619069827
RW15,6,0.7308801736607424,2,1.0,4,0.7518850016119141
RW15,7,0.7033432455088411,2,1.0,4,0.768942657258475
RW15,8,0.6798891483633692,2,1.0,4,0.7532557573219443
RW15,9,0.6595524905078265,2,1.0,4,0.734540890725893
RW15,10,0.6385049022337113,2,1.0,4,0.6891560347644378
RW15,11,0.6188055183968584,2,1.0,4,0.6736429087438061
RW15,12,0.5978706628223552,2,1.0,4,0.640532022333946
RW15,13,0.564108530129482,2,1.0,4,0.6194637765777196
RW15,14,0.5618221733421094,2,1.0,4,0.6118886659209483
RW15,15,0.5683340400975069,2,1.0,4,0.6079313887984855
RW15,16,0.5328255192748415,2,1.0,4,0.5497784684377801
RW15,17,0.525805629163202,2,1.0,4,0.564173201359502
RW15,18,0.5037113308815376,2,1.0,4,0.5462213170342246
RW15,19,0.4878101214299047,2,1.0,4,0.5221461436960279
RW15,20,0.4857842099501362,2,1.0,4,0.5313216069221794
RW15,21,0.4823497951477415,2,1.0,4,0.532178317576161
RW15,22,0.469053235395845,2,1.0,4,0.5434726727533259
RW15,23,0.44283042970152153,2,1.0,4,0.5455123350857586
RW19,0,1.0,2,1.0,4,0.9984826700865045
RW19,1,0.9396235436975541,2,1.0,4,0.9295920821005573
RW19,2,0.9120786188350108,2,1.0,4,0.917587055590738
RW19,3,0.8847986908586808,2,1.0,4,0.8822454250301149
RW19,4,0.8571370872127337,2,1.0,4,0.8518146213405072
RW19,5,0.8354199075992986,2,1.0,4,0.8276274009381236
RW19,6,0.8073309568665201,2,1.0,4,0.7841621681802985
RW19,7,0.7857199625811689,2,1.0,4,0.7482964206102464
RW19,8,0.7666372214100013,2,1.0,4,0.7381192354181999
RW19,9,0.7513987910506147,2,1.0,4,0.7085284272390211
RW19,10,0.7203267622205394,2,1.0,4,0.6732747339463105
RW19,11,0.7081063051935211,2,1.0,4,0.6693408811684328
RW19,12,0.6723114265835748,2,1.0,4,0.6527553403138467
RW19,13,0.6639607922077001,2,1.0,4,0.6362966038859229
RW19,14,0.6507704833452281,2,1.0,4,0.6228408287710517
RW19,15,0.6454719449243604,2,1.0,4,0.618596837949362
RW19,16,0.6196235547721438,2,1.0,4,0.5804789504885502
RW19,17,0.5838720772978139,2,1.0,4,0.5726900295805322
RW19,18,0.5755212201280766,2,1.0,4,0.5645992379905661
RW19,19,0.5607907745146146,2,1.0,4,0.5619822962469873
RW19,20,0.5604943676173099,2,1.0,4,0.549147761408845
RW19,21,0.5388293035023539,2,1.0,4,0.5430873182180397
RW19,22,0.5241299200287287,2,1.0,4,0.5378876525172278
RW19,23,0.5173999584381129,2,1.0,4,0.5336650485377387
RW19,24,0.5070395009418225,2,1.0,4,0.5284643372906292
RW19,25,0.5041861774066588,2,1.0,4,0.5237245280750467
RW23,0,1.0,2,1.0,4,1.0014543089353294
RW23,1,0.968874030176613,2,1.0,4,0.9821712487146761
RW23,2,0.93116690709189,2,1.0,4,0.9489461835136729
RW23,3,0.9041203685654416,2,1.0,4,0.9189870694319452
RW23,4,0.8752754662299709,2,1.0,4,0.8885944955706112
RW23,5,0.8465547714660063,2,1.0,4,0.8614957601206388
RW23,6,0.8208981506750966,2,1.0,4,0.8288738329101077
RW23,7,0.7998940829401381,2,1.0,4,0.8129548265728664
RW23,8,0.7892510429257036,2,1.0,4,0.7807472745379284
RW23,9,0.7631753024809578,2,1.0,4,0.7890730118890811
RW23,10,0.7401984489323145,2,1.0,4,0.7764075315317674
RW27,0,1.0,2,1.0,4,1.0014543089353294
RW27,1,0.9681570193735269,2,1.0,4,0.9782751136997647
RW27,2,0.9437661592431005,2,1.0,4,0.9563457313912572
RW27,3,0.9188104975387007,2,1.0,4,0.9304269617980575
RW27,4,0.899349484660793,2,1.0,4,0.9121696305029389
RW27,5,0.8814742779331408,2,1.0,4,0.8918171012958732
RW27,6,0.8663787550926042,2,1.0,4,0.8755894517993701
RW27,7,0.8547311284111835,2,1.0,4,0.8597990822712909
RW27,8,0.8431959746161813,2,1.0,4,0.8409368725352423
RW27,9,0.8351597805140608,2,1.0,4,0.8274419193538306
RW27,10,0.8233026207413151,2,1.0,4,0.7968220268358562
RW27,11,0.8176967306120008,2,1.0,4,0.750223562085414
RW5,0,1.0,2,1.0,4,0.996293605155411
RW5,1,0.960825991745598,2,1.0,4,0.9768759283057291
RW5,2,0.9266800602747612,2,1.0,4,0.9471811061891273
RW5,3,0.9011293220077173,2,1.0,4,0.9212920301397067
RW5,4,0.8764709808493428,2,1.0,4,0.9035254618345365
RW5,5,0.8526426940151302,2,1.0,4,0.872289576818432
RW5,6,0.839370527729129,2,1.0,4,0.833384833938225
RW5,7,0.8159574870069374,2,1.0,4,0.809481514725287
RW5,8,0.8004750971060514,2,1.0,4,0.7843977815799249
RW5,9,0.8228279206228818,2,1.0,4,0.7804100099400152
RW5,10,0.7867656223348591,2,1.0,4,0.762696530302171
RW5,11,0.7661099188154834,2,1.0,4,0.7199823056759103
RW5,12,0.7429108814178095,2,1.0,4,0.7093504972496757
RW5,13,0.7091745980062312,2,1.0,4,0.6796844470068328
RW5,14,0.6857713337470273,2,1.0,4,0.6517238071401124
RW5,15,0.6672427863976763,2,1.0,4,0.6386520722437564
RW5,16,0.6687356247963866,2,1.0,4,0.6325378095033137
RW5,17,0.636480784151189,2,1.0,4,0.6288649893026557
RW5,18,0.6183718679139446,2,1.0,4,0.5997099568232935
RW5,19,0.5752173546693329,2,1.0,4,0.559240539037823
RW5,20,0.5747937898766532,2,1.0,4,0.5557138511883968
RW7,0,1.0,2,1.0,4,0.9938021681612272
RW7,1,0.9737384788654111,2,1.0,4,0.9441369048502537
RW7,2,0.9447337319243664,2,1.0,4,0.9214418691294403
RW7,3,0.9146274603726349,2,1.0,4,0.9001500032049196
RW7,4,0.8871149443826014,2,1.0,4,0.8807233491081352
RW7,5,0.8607953281423645,2,1.0,4,0.8570597221609976
RW7,6,0.8253218854282387,2,1.0,4,0.8382061452328851
RW7,7,0.8256203114571893,2,1.0,4,0.8117668178071797
RW7,8,0.8174379654477165,2,1.0,4,0.7846084590704077
RW7,9,0.8035643430201168,2,1.0,4,0.7592086016636882
RW7,10,0.7896346635150358,2,1.0,4,0.7404689943393077
RW7,11,0.7718959267241481,2,1.0,4,0.739357652372894
RW7,12,0.7860019167130227,2,1.0,4,0.7363948287127406
RW7,13,0.7507796857619143,2,1.0,4,0.7076460077082275
RW7,14,0.7327447163515879,2,1.0,4,0.6927977690889973
RW7,15,0.7074586345939947,2,1.0,4,0.6774701720701642
RW7,16,0.6825198136819158,2,1.0,4,0.6478891472002273
RW7,17,0.662699874860957,2,1.0,4,0.6296744056637953
RW7,18,0.6262446211067287,2,1.0,4,0.607346844736905
RW7,19,0.6075826021968548,2,1.0,4,0.598317035044922
RW7,20,0.6170093927279642,2,1.0,4,0.5973765384904071
RW7,21,0.6466135984427249,2,1.0,4,0.5906088213936498
RW7,22,0.5740413094410772,2,1.0,4,0.5507500231472667
RW7,23,0.5335005770298783,2,1.0,4,0.513443968789579
RW7,24,0.52059510567296,2,1.0,4,0.4877528186166672
RW11,0,1.0,2,0.5,0,0.9955134440913495
RW11,1,0.9812509775303251,2,0.5,0,0.9803986746562612
RW11,2,0.9650137068435085,2,0.5,0,0.9381801708498653
RW11,3,0.9351362403953054,2,0.5,0,0.8874887868359698
RW11,4,0.90714425616019,2,0.5,0,0.8874582734225142
RW11,5,0.8457053142903532,2,0.5,0,0.8730278886727761
RW11,6,0.8020972922814096,2,0.5,0,0.8309359704216994
RW11,7,0.7484325203829727,2,0.5,0,0.8288146526761838
RW11,8,0.7189787689899965,2,0.5,0,0.8010150090792724
RW11,9,0.6910853284576837,2,0.5,0,0.8017627712235629
RW11,10,0.6761559111900426,2,0.5,0,0.7744842887247325
RW11,11,0.6550657321125852,2,0.5,0,0.7792754806961912
RW11,12,0.6425313612904104,2,0.5,0,0.778787708753263
RW11,13,0.6909619595729768,2,0.5,0,0.7920912233078736
RW11,14,0.6373488207077248,2,0.5,0,0.7900253630616315
RW11,15,0.6236460344632558,2,0.5,0,0.7639018543977074
RW11,16,0.6096063869507001,2,0.5,0,0.7563742290596075
RW11,17,0.6095592595614534,2,0.5,0,0.7598288690175384
RW11,18,0.6117111890811565,2,0.5,0,0.7344025515986251
RW11,19,0.6132328800421039,2,0.5,0,0.7330429988593611
RW11,20,0.6177338702955617,2,0.5,0,0.6887693858195946
RW11,21,0.6151726925016363,2,0.5,0,0.6835273827717115
RW11,22,0.6150917110526547,2,0.5,0,0.6835273827717115
RW11,23,0.6084443675781239,2,0.5,0,0.6840007159381585
RW11,24,0.6108413236784053,2,0.5,0,0.6637064843058397
RW11,25,0.604457872674917,2,0.5,0,0.662335906711176
RW11,26,0.6029517287743232,2,0.5,0,0.6403284745047518
RW11,27,0.605157402435204,2,0.5,0,0.6381912033042055
RW11,28,0.5960453588974413,2,0.5,0,0.6319383447729467
RW11,29,0.5898473993066765,2,0.5,0,0.6191161422939434
RW11,30,0.5639353004202469,2,0.5,0,0.5904641870080253
RW11,31,0.5833093037578585,2,0.5,0,0.5892777983468974
RW11,32,0.5385993504613933,2,0.5,0,0.5875601320330428
RW11,33,0.5270290981610593,2,0.5,0,0.5341910372072011
RW11,34,0.4838174078709938,2,0.5,0,0.5297141774751021
RW11,35,0.4668435392432821,2,0.5,0,0.5155676983187327
RW11,36,0.4539967259442097,2,0.5,0,0.46318516056074543
RW15,0,1.0,2,0.5,0,1.0000255526278916
RW15,1,0.9650574510743339,2,0.5,0,0.9584707225040572
RW15,2,0.9225952378299382,2,0.5,0,0.9350495883417036
RW15,3,0.8654685977166434,2,0.5,0,0.8784196745499016
RW15,4,0.8331123466557073,2,0.5,0,0.8372606667565964
RW15,5,0.7854218267547517,2,0.5,0,0.7977472718901204
RW15,6,0.7308801736607424,2,0.5,0,0.7667582311831661
RW15,7,0.7033432455088411,2,0.5,0,0.7643104990888716
RW15,8,0.6798891483633692,2,0.5,0,0.7496639709607131
RW15,9,0.6595524905078265,2,0.5,0,0.7507011966524328
RW15,10,0.6385049022337113,2,0.5,0,0.7172221972034054
RW15,11,0.6188055183968584,2,0.5,0,0.6859182908671444
RW15,12,0.5978706628223552,2,0.5,0,0.6625265618609948
RW15,13,0.564108530129482,2,0.5,0,0.6114151152727132
RW15,14,0.5618221733421094,2,0.5,0,0.6245601469697232
RW15,15,0.5683340400975069,2,0.5,0,0.6142077817279556
RW15,16,0.5328255192748415,2,0.5,0,0.5637302108041731
RW15,17,0.525805629163202,2,0.5,0,0.564365747360439
RW15,18,0.5037113308815376,2,0.5,0,0.5623368910183109
RW15,19,0.4878101214299047,2,0.5,0,0.5361036114528601
RW15,20,0.4857842099501362,2,0.5,0,0.5315025635890919
RW15,21,0.4823497951477415,2,0.5,0,0.525846527809229
RW15,22,0.469053235395845,2,0.5,0,0.5381054846160386
RW15,23,0.44283042970152153,2,0.5,0,0.5312352217792928
RW19,0,1.0,2,0.5,0,1.0000255526278916
RW19,1,0.9396235436975541,2,0.5,0,0.9281513322889562
RW19,2,0.9120786188350108,2,0.5,0,0.9207490936518782
RW19,3,0.8847986908586808,2,0.5,0,0.8843782530043693
RW19,4,0.8571370872127337,2,0.5,0,0.851267755512399
RW19,5,0.8354199075992986,2,0.5,0,0.8123265552507691
RW19,6,0.8073309568665201,2,0.5,0,0.7641672883976162
RW19,7,0.7857199625811689,2,0.5,0,0.7498281729852393
RW19,8,0.7666372214100013,2,0.5,0,0.7296358378780414
RW19,9,0.7513987910506147,2,0.5,0,0.7061038042982305
RW19,10,0.7203267622205394,2,0.5,0,0.6882837103613905
RW19,11,0.7081063051935211,2,0.5,0,0.6722741793254265
RW19,12,0.6723114265835748,2,0.5,0,0.6482882168446836
RW19,13,0.6639607922077001,2,0.5,0,0.6203201276742611
RW19,14,0.6507704833452281,2,0.5,0,0.607320366853025
RW19,15,0.6454719449243604,2,0.5,0,0.6094599419764898
RW19,16,0.6196235547721438,2,0.5,0,0.5673041880912242
RW19,17,0.5838720772978139,2,0.5,0,0.5709698847173031
RW19,18,0.5755212201280766,2,0.5,0,0.5566191606676901
RW19,19,0.5607907745146146,2,0.5,0,0.5569878382873393
RW19,20,0.5604943676173099,2,0.5,0,0.5560402851656375
RW19,21,0.5388293035023539,2,0.5,0,0.5500250167772529
RW19,22,0.5241299200287287,2,0.5,0,0.5371792463562737
RW19,23,0.5173999584381129,2,0.5,0,0.5273564814666449
RW19,24,0.5070395009418225,2,0.5,0,0.5255635489094926
RW19,25,0.5041861774066588,2,0.5,0,0.5222257214762732
RW23,0,1.0,2,0.5,0,1.0016557308277454
RW23,1,0.968874030176613,2,0.5,0,0.9801338896204002
RW23,2,0.93116690709189,2,0.5,0,0.9515188009531621
RW23,3,0.9041203685654416,2,0.5,0,0.9170569034762427
RW23,4,0.8752754662299709,2,0.5,0,0.8725490127660203
RW23,5,0.8465547714660063,2,0.5,0,0.8594124529810984
RW23,6,0.8208981506750966,2,0.5,0,0.8194592879697914
RW23,7,0.7998940829401381,2,0.5,0,0.818747655337785
RW23,8,0.7892510429257036,2,0.5,0,0.7669701902910852
RW23,9,0.7631753024809578,2,0.5,0,0.7670387989066205
RW23,10,0.7401984489323145,2,0.5,0,0.7872344818188732
RW27,0,1.0,2,0.5,0,1.0016557308277454
RW27,1,0.9681570193735269,2,0.5,0,0.9716740590970165
RW27,2,0.9437661592431005,2,0.5,0,0.9555784751641588
RW27,3,0.9188104975387007,2,0.5,0,0.9360755103758565
RW27,4,0.899349484660793,2,0.5,0,0.9174308447633157
RW27,5,0.8814742779331408,2,0.5,0,0.8967548377986273
RW27,6,0.8663787550926042,2,0.5,0,0.8561006184071547
RW27,7,0.8547311284111835,2,0.5,0,0.8417766385370005
RW27,8,0.8431959746161813,2,0.5,0,0.8315131003563757
RW27,9,0.8351597805140608,2,0.5,0,0.8236079041753895
RW27,10,0.8233026207413151,2,0.5,0,0.8117718590583738
RW27,11,0.8176967306120008,2,0.5,0,0.7631344445630696
RW5,0,1.0,2,0.5,0,0.9937948186813085
RW5,1,0.960825991745598,2,0.5,0,0.9680333302607714
RW5,2,0.9266800602747612,2,0.5,0,0.9541979292968299
RW5,3,0.9011293220077173,2,0.5,0,0.9357225810807911
RW5,4,0.8764709808493428,2,0.5,0,0.8900704736513675
RW5,5,0.8526426940151302,2,0.5,0,0.8652762190084894
RW5,6,0.839370527729129,2,0.5,0,0.8262679988263255
RW5,7,0.8159574870069374,2,0.5,0,0.8078983398474803
RW5,8,0.8004750971060514,2,0.5,0,0.7816125695318376
RW5,9,0.8228279206228818,2,0.5,0,0.7823251833005842
RW5,10,0.7867656223348591,2,0.5,0,0.757755688094712
RW5,11,0.7661099188154834,2,0.5,0,0.7435613586230145
RW5,12,0.7429108814178095,2,0.5,0,0.7088065111497611
RW5,13,0.7091745980062312,2,0.5,0,0.690250122071969
RW5,14,0.6857713337470273,2,0.5,0,0.6591195456939666
RW5,15,0.6672427863976763,2,0.5,0,0.6444241143521839
RW5,16,0.6687356247963866,2,0.5,0,0.6295642491557659
RW5,17,0.636480784151189,2,0.5,0,0.5920819199005422
RW5,18,0.6183718679139446,2,0.5,0,0.6055046457889354
RW5,19,0.5752173546693329,2,0.5,0,0.5495746375074589
RW5,20,0.5747937898766532,2,0.5,0,0.5506142365414952
RW7,0,1.0,2,0.5,0,0.9970035251985094
RW7,1,0.9737384788654111,2,0.5,0,0.9453621297294836
RW7,2,0.9447337319243664,2,0.5,0,0.9301439718499005
RW7,3,0.9146274603726349,2,0.5,0,0.8932742540656563
RW7,4,0.8871149443826014,2,0.5,0,0.8753315390075396
RW7,5,0.8607953281423645,2,0.5,0,0.8427916614003101
RW7,6,0.8253218854282387,2,0.5,0,0.816870151875706
RW7,7,0.8256203114571893,2,0.5,0,0.7965804938749672
RW7,8,0.8174379654477165,2,0.5,0,0.8003533715915143
RW7,9,0.8035643430201168,2,0.5,0,0.7916715491816341
RW7,10,0.7896346635150358,2,0.5,0,0.7399354140623181
RW7,11,0.7718959267241481,2,0.5,0,0.7484756379102127
RW7,12,0.7860019167130227,2,0.5,0,0.7315976209989034
RW7,13,0.7507796857619143,2,0.5,0,0.6980828919830402
RW7,14,0.7327447163515879,2,0.5,0,0.6894519264411234
RW7,15,0.7074586345939947,2,0.5,0,0.6655868461092493
RW7,16,0.6825198136819158,2,0.5,0,0.6627758508352745
RW7,17,0.662699874860957,2,0.5,0,0.6231119541989995
RW7,18,0.6262446211067287,2,0.5,0,0.6021033011521512
RW7,19,0.6075826021968548,2,0.5,0,0.5819889503557492
RW7,20,0.6170093927279642,2,0.5,0,0.586226434267699
RW7,21,0.6466135984427249,2,0.5,0,0.5593883220030862
RW7,22,0.5740413094410772,2,0.5,0,0.5595856255973304
RW7,23,0.5335005770298783,2,0.5,0,0.5040341657865061
RW7,24,0.52059510567296,2,0.5,0,0.5030211879400205
RW11,0,1.0,2,0.5,1,0.999164223132572
RW11,1,0.9812509775303251,2,0.5,1,0.981562529961013
RW11,2,0.9650137068435085,2,0.5,1,0.9608806806414237
RW11,3,0.9351362403953054,2,0.5,1,0.9027123280038729
RW11,4,0.90714425616019,2,0.5,1,0.9022642646245483
RW11,5,0.8457053142903532,2,0.5,1,0.8662060440103816
RW11,6,0.8020972922814096,2,0.5,1,0.8328190913725272
RW11,7,0.7484325203829727,2,0.5,1,0.8453880973082116
RW11,8,0.7189787689899965,2,0.5,1,0.8215749982783688
RW11,9,0.6910853284576837,2,0.5,1,0.8059225356662759
RW11,10,0.6761559111900426,2,0.5,1,0.8039697811990695
RW11,11,0.6550657321125852,2,0.5,1,0.8102900208372876
RW11,12,0.6425313612904104,2,0.5,1,0.801153421945352
RW11,13,0.6909619595729768,2,0.5,1,0.7959134673169317
RW11,14,0.6373488207077248,2,0.5,1,0.7913915442455681
RW11,15,0.6236460344632558,2,0.5,1,0.7949152055525183
RW11,16,0.6096063869507001,2,0.5,1,0.7616055508740455
RW11,17,0.6095592595614534,2,0.5,1,0.7504451378321821
RW11,18,0.6117111890811565,2,0.5,1,0.7497016297524508
RW11,19,0.6132328800421039,2,0.5,1,0.7498977128961594
RW11,20,0.6177338702955617,2,0.5,1,0.7332082355427306
RW11,21,0.6151726925016363,2,0.5,1,0.7287076937367858
RW11,22,0.6150917110526547,2,0.5,1,0.7112608304429767
RW11,23,0.6084443675781239,2,0.5,1,0.7064068679210559
RW11,24,0.6108413236784053,2,0.5,1,0.6927599299593507
RW11,25,0.604457872674917,2,0.5,1,0.6833860366724651
RW11,26,0.6029517287743232,2,0.5,1,0.6664775167215143
RW11,27,0.605157402435204,2,0.5,1,0.6651857227678992
RW11,28,0.5960453588974413,2,0.5,1,0.6573174848926419
RW11,29,0.5898473993066765,2,0.5,1,0.651177504032373
RW11,30,0.5639353004202469,2,0.5,1,0.6514831084112579
RW11,31,0.5833093037578585,2,0.5,1,0.6423833691489106
RW11,32,0.5385993504613933,2,0.5,1,0.6259706923225364
RW11,33,0.5270290981610593,2,0.5,1,0.5906356396978242
RW11,34,0.4838174078709938,2,0.5,1,0.5716380954432243
RW11,35,0.4668435392432821,2,0.5,1,0.5491622359304112
RW11,36,0.4539967259442097,2,0.5,1,0.5033000985515861
RW15,0,1.0,2,0.5,1,1.0001183251140267
RW15,1,0.9650574510743339,2,0.5,1,0.9708331060039962
RW15,2,0.9225952378299382,2,0.5,1,0.9245818954936735
RW15,3,0.8654685977166434,2,0.5,1,0.8955195811095781
RW15,4,0.8331123466557073,2,0.5,1,0.8343864152619698
RW15,5,0.7854218267547517,2,0.5,1,0.7978287972198224
RW15,6,0.7308801736607424,2,0.5,1,0.7778381049344929
RW15,7,0.7033432455088411,2,0.5,1,0.7734729659148045
RW15,8,0.6798891483633692,2,0.5,1,0.7625703951805717
RW15,9,0.6595524905078265,2,0.5,1,0.7440108976001956
RW15,10,0.6385049022337113,2,0.5,1,0.6932184912243728
RW15,11,0.6188055183968584,2,0.5,1,0.6876491707587821
RW15,12,0.5978706628223552,2,0.5,1,0.6577179148630146
RW15,13,0.564108530129482,2,0.5,1,0.6338777365085713
RW15,14,0.5618221733421094,2,0.5,1,0.5931279981713138
RW15,15,0.5683340400975069,2,0.5,1,0.5932781490472913
RW15,16,0.5328255192748415,2,0.5,1,0.5542204262019342
RW15,17,0.525805629163202,2,0.5,1,0.5846948265113538
RW15,18,0.5037113308815376,2,0.5,1,0.5640599022935805
RW15,19,0.4878101214299047,2,0.5,1,0.5188016785537823
RW15,20,0.4857842099501362,2,0.5,1,0.5293526653776015
RW15,21,0.4823497951477415,2,0.5,1,0.5425215679212504
RW15,22,0.469053235395845,2,0.5,1,0.5354196013033915
RW15,23,0.44283042970152153,2,0.5,1,0.5263099112052522
RW19,0,1.0,2,0.5,1,1.0001183251140267
RW19,1,0.9396235436975541,2,0.5,1,0.921387584640777
RW19,2,0.9120786188350108,2,0.5,1,0.9277920865765814
RW19,3,0.8847986908586808,2,0.5,1,0.8761545753743523
RW19,4,0.8571370872127337,2,0.5,1,0.8382956896352198
RW19,5,0.8354199075992986,2,0.5,1,0.8208710714654543
RW19,6,0.8073309568665201,2,0.5,1,0.8013163148992806
RW19,7,0.7857199625811689,2,0.5,1,0.7605616403891751
RW19,8,0.7666372214100013,2,0.5,1,0.7523303322223694
RW19,9,0.7513987910506147,2,0.5,1,0.6938733073550472
RW19,10,0.7203267622205394,2,0.5,1,0.6768167737220193
RW19,11,0.7081063051935211,2,0.5,1,0.6733719620324965
RW19,12,0.6723114265835748,2,0.5,1,0.6685665942587063
RW19,13,0.6639607922077001,2,0.5,1,0.6424071728174675
RW19,14,0.6507704833452281,2,0.5,1,0.6302853031203154
RW19,15,0.6454719449243604,2,0.5,1,0.6121002641169598
RW19,16,0.6196235547721438,2,0.5,1,0.5784421584859499
RW19,17,0.5838720772978139,2,0.5,1,0.5798911133463691
RW19,18,0.5755212201280766,2,0.5,1,0.5628338948593442
RW19,19,0.5607907745146146,2,0.5,1,0.566213591522295
RW19,20,0.5604943676173099,2,0.5,1,0.5554220151436949
RW19,21,0.5388293035023539,2,0.5,1,0.5409496448208585
RW19,22,0.5241299200287287,2,0.5,1,0.5298987518992935
RW19,23,0.5173999584381129,2,0.5,1,0.5283047221898348
RW19,24,0.5070395009418225,2,0.5,1,0.5194658835437161
RW19,25,0.5041861774066588,2,0.5,1,0.509913817348447
RW23,0,1.0,2,0.5,1,1.0009681286000098
RW23,1,0.968874030176613,2,0.5,1,0.9858603473157379
RW23,2,0.93116690709189,2,0.5,1,0.9538776765890727
RW23,3,0.9041203685654416,2,0.5,1,0.932431111554994
RW23,4,0.8752754662299709,2,0.5,1,0.871374318850053
RW23,5,0.8465547714660063,2,0.5,1,0.8599629344414756
RW23,6,0.8208981506750966,2,0.5,1,0.8270651728696446
RW23,7,0.7998940829401381,2,0.5,1,0.8399167819521771
RW23,8,0.7892510429257036,2,0.5,1,0.7835104743842763
RW23,9,0.7631753024809578,2,0.5,1,0.8007353229806086
RW23,10,0.7401984489323145,2,0.5,1,0.7476277135820119
RW27,0,1.0,2,0.5,1,1.001792767064073
RW27,1,0.9681570193735269,2,0.5,1,0.9768437199218615
RW27,2,0.9437661592431005,2,0.5,1,0.9514872445835848
RW27,3,0.9188104975387007,2,0.5,1,0.9342425577076475
RW27,4,0.899349484660793,2,0.5,1,0.9150833125194442
RW27,5,0.8814742779331408,2,0.5,1,0.8884967845287204
RW27,6,0.8663787550926042,2,0.5,1,0.8633596587170634
RW27,7,0.8547311284111835,2,0.5,1,0.850599567693627
RW27,8,0.8431959746161813,2,0.5,1,0.8457361370588697
RW27,9,0.8351597805140608,2,0.5,1,0.8159918885660247
RW27,10,0.8233026207413151,2,0.5,1,0.8173984321698796
RW27,11,0.8176967306120008,2,0.5,1,0.7345806891744764
RW5,0,1.0,2,0.5,1,0.999164223132572
RW5,1,0.960825991745598,2,0.5,1,0.9778096480634634
RW5,2,0.9266800602747612,2,0.5,1,0.953513476820522
RW5,3,0.9011293220077173,2,0.5,1,0.9128810850660336
RW5,4,0.8764709808493428,2,0.5,1,0.9058294928903046
RW5,5,0.8526426940151302,2,0.5,1,0.8518358121552148
RW5,6,0.839370527729129,2,0.5,1,0.8253144278724486
RW5,7,0.8159574870069374,2,0.5,1,0.8084402488172048
RW5,8,0.8004750971060514,2,0.5,1,0.7917804201484714
RW5,9,0.8228279206228818,2,0.5,1,0.7915708476632866
RW5,10,0.7867656223348591,2,0.5,1,0.778508113408794
RW5,11,0.7661099188154834,2,0.5,1,0.7296011318975792
RW5,12,0.7429108814178095,2,0.5,1,0.7045485721297573
RW5,13,0.7091745980062312,2,0.5,1,0.679869834461877
RW5,14,0.6857713337470273,2,0.5,1,0.655546789825954
RW5,15,0.6672427863976763,2,0.5,1,0.645515013960539
RW5,16,0.6687356247963866,2,0.5,1,0.6326642769069991
RW5,17,0.636480784151189,2,0.5,1,0.6227991790072156
RW5,18,0.6183718679139446,2,0.5,1,0.5804243072194004
RW5,19,0.5752173546693329,2,0.5,1,0.5672815127204974
RW5,20,0.5747937898766532,2,0.5,1,0.5607402654961593
RW7,0,1.0,2,0.5,1,0.9949988327584665
RW7,1,0.9737384788654111,2,0.5,1,0.947140780639878
RW7,2,0.9447337319243664,2,0.5,1,0.9329953790514837
RW7,3,0.9146274603726349,2,0.5,1,0.8883200649171986
RW7,4,0.8871149443826014,2,0.5,1,0.8811134099343532
RW7,5,0.8607953281423645,2,0.5,1,0.8423313561965157
RW7,6,0.8253218854282387,2,0.5,1,0.8260358089028096
RW7,7,0.8256203114571893,2,0.5,1,0.8039441031586972
RW7,8,0.8174379654477165,2,0.5,1,0.7914067327088095
RW7,9,0.8035643430201168,2,0.5,1,0.7642193576601065
RW7,10,0.7896346635150358,2,0.5,1,0.7297331175169895
RW7,11,0.7718959267241481,2,0.5,1,0.7352181063057575
RW7,12,0.7860019167130227,2,0.5,1,0.7268086765277985
RW7,13,0.7507796857619143,2,0.5,1,0.7089928938890201
RW7,14,0.7327447163515879,2,0.5,1,0.7019478589354493
RW7,15,0.7074586345939947,2,0.5,1,0.665082806011627
RW7,16,0.6825198136819158,2,0.5,1,0.6290545630185805
RW7,17,0.662699874860957,2,0.5,1,0.6088589592875214
RW7,18,0.6262446211067287,2,0.5,1,0.6036555828651163
RW7,19,0.6075826021968548,2,0.5,1,0.5993787926970187
RW7,20,0.6170093927279642,2,0.5,1,0.5810464490811003
RW7,21,0.6466135984427249,2,0.5,1,0.5768373343756577
RW7,22,0.5740413094410772,2,0.5,1,0.5391451084552696
RW7,23,0.5335005770298783,2,0.5,1,0.4995489755831501
RW7,24,0.52059510567296,2,0.5,1,0.47910882895804374
RW11,0,1.0,2,0.5,2,0.9971916268615177
RW11,1,0.9812509775303251,2,0.5,2,0.9758383747161141
RW11,2,0.9650137068435085,2,0.5,2,0.9495005509943166
RW11,3,0.9351362403953054,2,0.5,2,0.9101096909779794
RW11,4,0.90714425616019,2,0.5,2,0.9029424178066066
RW11,5,0.8457053142903532,2,0.5,2,0.8687631458354261
RW11,6,0.8020972922814096,2,0.5,2,0.8392926830285753
RW11,7,0.7484325203829727,2,0.5,2,0.8268974305776079
RW11,8,0.7189787689899965,2,0.5,2,0.8221008303903387
RW11,9,0.6910853284576837,2,0.5,2,0.8084571296300166
RW11,10,0.6761559111900426,2,0.5,2,0.797504161808009
RW11,11,0.6550657321125852,2,0.5,2,0.7917632085236752
RW11,12,0.6425313612904104,2,0.5,2,0.7829706275051936
RW11,13,0.6909619595729768,2,0.5,2,0.7878203919620039
RW11,14,0.6373488207077248,2,0.5,2,0.7885838188762373
RW11,15,0.6236460344632558,2,0.5,2,0.7565800420894149
RW11,16,0.6096063869507001,2,0.5,2,0.7507067718246483
RW11,17,0.6095592595614534,2,0.5,2,0.7476558725550937
RW11,18,0.6117111890811565,2,0.5,2,0.727901924828052
RW11,19,0.6132328800421039,2,0.5,2,0.7282195406690726
RW11,20,0.6177338702955617,2,0.5,2,0.7015321701134283
RW11,21,0.6151726925016363,2,0.5,2,0.7010067372943442
RW11,22,0.6150917110526547,2,0.5,2,0.7010067372943442
RW11,23,0.6084443675781239,2,0.5,2,0.6900020037857506
RW11,24,0.6108413236784053,2,0.5,2,0.6676646864033814
RW11,25,0.604457872674917,2,0.5,2,0.668246852501636
RW11,26,0.6029517287743232,2,0.5,2,0.6628775615360455
RW11,27,0.605157402435204,2,0.5,2,0.6353288705763586
RW11,28,0.5960453588974413,2,0.5,2,0.6248623993737642
RW11,29,0.5898473993066765,2,0.5,2,0.6171721046290533
RW11,30,0.5639353004202469,2,0.5,2,0.618200455297903
RW11,31,0.5833093037578585,2,0.5,2,0.6154432444166295
RW11,32,0.5385993504613933,2,0.5,2,0.6042557126362255
RW11,33,0.5270290981610593,2,0.5,2,0.5807028633947294
RW11,34,0.4838174078709938,2,0.5,2,0.5839262904596874
RW11,35,0.4668435392432821,2,0.5,2,0.5324159490952161
RW11,36,0.4539967259442097,2,0.5,2,0.4877863969421943
RW15,0,1.0,2,0.5,2,1.0001139400658279
RW15,1,0.9650574510743339,2,0.5,2,0.959541884983955
RW15,2,0.9225952378299382,2,0.5,2,0.9131763024067387
RW15,3,0.8654685977166434,2,0.5,2,0.8980398874868311
RW15,4,0.8331123466557073,2,0.5,2,0.8374275228731355
RW15,5,0.7854218267547517,2,0.5,2,0.7955073765643539
RW15,6,0.7308801736607424,2,0.5,2,0.7580319017683822
RW15,7,0.7033432455088411,2,0.5,2,0.7800397287916511
RW15,8,0.6798891483633692,2,0.5,2,0.7656667716451442
RW15,9,0.6595524905078265,2,0.5,2,0.7374262228306773
RW15,10,0.6385049022337113,2,0.5,2,0.6973477293492305
RW15,11,0.6188055183968584,2,0.5,2,0.6765195216570877
RW15,12,0.5978706628223552,2,0.5,2,0.652915755699569
RW15,13,0.564108530129482,2,0.5,2,0.6182332292784618
RW15,14,0.5618221733421094,2,0.5,2,0.603328512237373
RW15,15,0.5683340400975069,2,0.5,2,0.6028746289262625
RW15,16,0.5328255192748415,2,0.5,2,0.5610015250704852
RW15,17,0.525805629163202,2,0.5,2,0.5769824475004538
RW15,18,0.5037113308815376,2,0.5,2,0.5297908931087837
RW15,19,0.4878101214299047,2,0.5,2,0.5132452871270197
RW15,20,0.4857842099501362,2,0.5,2,0.5053633746878995
RW15,21,0.4823497951477415,2,0.5,2,0.5221544055180886
RW15,22,0.469053235395845,2,0.5,2,0.5196233038758764
RW15,23,0.44283042970152153,2,0.5,2,0.5221003212119425
RW19,0,1.0,2,0.5,2,1.0001139400658279
RW19,1,0.9396235436975541,2,0.5,2,0.9257837677699786
RW19,2,0.9120786188350108,2,0.5,2,0.911837842771633
RW19,3,0.8847986908586808,2,0.5,2,0.8883282728920586
RW19,4,0.8571370872127337,2,0.5,2,0.8494796465452413
RW19,5,0.8354199075992986,2,0.5,2,0.8110615452131413
RW19,6,0.8073309568665201,2,0.5,2,0.7878691410592558
RW19,7,0.7857199625811689,2,0.5,2,0.7430508582945217
RW19,8,0.7666372214100013,2,0.5,2,0.7311797657040349
RW19,9,0.7513987910506147,2,0.5,2,0.6981505013233681
RW19,10,0.7203267622205394,2,0.5,2,0.6902712874198346
RW19,11,0.7081063051935211,2,0.5,2,0.6634042431120285
RW19,12,0.6723114265835748,2,0.5,2,0.6615087797350625
RW19,13,0.6639607922077001,2,0.5,2,0.6431469999223194
RW19,14,0.6507704833452281,2,0.5,2,0.6383399626452956
RW19,15,0.6454719449243604,2,0.5,2,0.615545058244023
RW19,16,0.6196235547721438,2,0.5,2,0.5804881238688597
RW19,17,0.5838720772978139,2,0.5,2,0.5784951296719624
RW19,18,0.5755212201280766,2,0.5,2,0.5749401694970563
RW19,19,0.5607907745146146,2,0.5,2,0.5478148514673779
RW19,20,0.5604943676173099,2,0.5,2,0.5465332781267788
RW19,21,0.5388293035023539,2,0.5,2,0.5383720928216276
RW19,22,0.5241299200287287,2,0.5,2,0.5354531453401384
RW19,23,0.5173999584381129,2,0.5,2,0.5294841753365085
RW19,24,0.5070395009418225,2,0.5,2,0.5254464925224142
RW19,25,0.5041861774066588,2,0.5,2,0.5273761918717133
RW23,0,1.0,2,0.5,2,1.0012461664421217
RW23,1,0.968874030176613,2,0.5,2,0.9816842704869477
RW23,2,0.93116690709189,2,0.5,2,0.9391768367937846
RW23,3,0.9041203685654416,2,0.5,2,0.9097200581533897
RW23,4,0.8752754662299709,2,0.5,2,0.8909867280115683
RW23,5,0.8465547714660063,2,0.5,2,0.8619672907006825
RW23,6,0.8208981506750966,2,0.5,2,0.8320460594336879
RW23,7,0.7998940829401381,2,0.5,2,0.8164513890773758
RW23,8,0.7892510429257036,2,0.5,2,0.7707945716172021
RW23,9,0.7631753024809578,2,0.5,2,0.7919876604089172
RW23,10,0.7401984489323145,2,0.5,2,0.7390909530927436
RW27,0,1.0,2,0.5,2,1.0012461664421217
RW27,1,0.9681570193735269,2,0.5,2,0.9780170074108003
RW27,2,0.9437661592431005,2,0.5,2,0.9649686973168118
RW27,3,0.9188104975387007,2,0.5,2,0.9275455526324137
RW27,4,0.899349484660793,2,0.5,2,0.9158151541576057
RW27,5,0.8814742779331408,2,0.5,2,0.8928122918827561
RW27,6,0.8663787550926042,2,0.5,2,0.8677372636237577
RW27,7,0.8547311284111835,2,0.5,2,0.850865991782212
RW27,8,0.8431959746161813,2,0.5,2,0.8386313475941963
RW27,9,0.8351597805140608,2,0.5,2,0.8255301868773071
RW27,10,0.8233026207413151,2,0.5,2,0.7860806106536816
RW27,11,0.8176967306120008,2,0.5,2,0.7769476086604867
RW5,0,1.0,2,0.5,2,0.9953207537293879
RW5,1,0.960825991745598,2,0.5,2,0.9805000757147001
RW5,2,0.9266800602747612,2,0.5,2,0.9605916110283876
RW5,3,0.9011293220077173,2,0.5,2,0.9146534749164899
RW5,4,0.8764709808493428,2,0.5,2,0.9070517949701737
RW5,5,0.8526426940151302,2,0.5,2,0.8706067637049015
RW5,6,0.839370527729129,2,0.5,2,0.8305526332310066
RW5,7,0.8159574870069374,2,0.5,2,0.8088425507131866
RW5,8,0.8004750971060514,2,0.5,2,0.7934154774707162
RW5,9,0.8228279206228818,2,0.5,2,0.7907427443481712
RW5,10,0.7867656223348591,2,0.5,2,0.7863789515393046
RW5,11,0.7661099188154834,2,0.5,2,0.7214565646505852
RW5,12,0.7429108814178095,2,0.5,2,0.7243271502866861
RW5,13,0.7091745980062312,2,0.5,2,0.6696089386121805
RW5,14,0.6857713337470273,2,0.5,2,0.6514316698181055
RW5,15,0.6672427863976763,2,0.5,2,0.6297383014585668
RW5,16,0.6687356247963866,2,0.5,2,0.6412753205430126
RW5,17,0.636480784151189,2,0.5,2,0.6307020888249676
RW5,18,0.6183718679139446,2,0.5,2,0.6074818065660215
RW5,19,0.5752173546693329,2,0.5,2,0.5646166313332149
RW5,20,0.5747937898766532,2,0.5,2,0.5570097228626446
RW7,0,1.0,2,0.5,2,0.9952153870543541
RW7,1,0.9737384788654111,2,0.5,2,0.9530618245085796
RW7,2,0.9447337319243664,2,0.5,2,0.933899540067205
RW7,3,0.9146274603726349,2,0.5,2,0.8942404186632392
RW7,4,0.8871149443826014,2,0.5,2,0.8875867332822808
RW7,5,0.8607953281423645,2,0.5,2,0.8530065721342139
RW7,6,0.8253218854282387,2,0.5,2,0.8313803336921701
RW7,7,0.8256203114571893,2,0.5,2,0.8141321605311003
RW7,8,0.8174379654477165,2,0.5,2,0.7953138402271975
RW7,9,0.8035643430201168,2,0.5,2,0.7463463441119128
RW7,10,0.7896346635150358,2,0.5,2,0.737633648104985
RW7,11,0.7718959267241481,2,0.5,2,0.7301429465773414
RW7,12,0.7860019167130227,2,0.5,2,0.7274943198315701
RW7,13,0.7507796857619143,2,0.5,2,0.7163769515784714
RW7,14,0.7327447163515879,2,0.5,2,0.695318096213725
RW7,15,0.7074586345939947,2,0.5,2,0.6726507447789938
RW7,16,0.6825198136819158,2,0.5,2,0.6473757742399174
RW7,17,0.662699874860957,2,0.5,2,0.6353435678756316
RW7,18,0.6262446211067287,2,0.5,2,0.6036540953418277
RW7,19,0.6075826021968548,2,0.5,2,0.59723989090514
RW7,20,0.6170093927279642,2,0.5,2,0.6108705087628262
RW7,21,0.6466135984427249,2,0.5,2,0.6069210138316746
RW7,22,0.5740413094410772,2,0.5,2,0.5586336236485866
RW7,23,0.5335005770298783,2,0.5,2,0.5237464079964133
RW7,24,0.52059510567296,2,0.5,2,0.5160321304415757
RW11,0,1.0,2,0.5,3,1.0006666204138885
RW11,1,0.9812509775303251,2,0.5,3,0.9881495042291099
RW11,2,0.9650137068435085,2,0.5,3,0.9708796074588406
RW11,3,0.9351362403953054,2,0.5,3,0.9353571818243477
RW11,4,0.90714425616019,2,0.5,3,0.9209619868498563
RW11,5,0.8457053142903532,2,0.5,3,0.8795031429681605
RW11,6,0.8020972922814096,2,0.5,3,0.8362027129801533
RW11,7,0.7484325203829727,2,0.5,3,0.8372610870062218
RW11,8,0.7189787689899965,2,0.5,3,0.8217440280181306
RW11,9,0.6910853284576837,2,0.5,3,0.8155214455107758
RW11,10,0.6761559111900426,2,0.5,3,0.8017581438196005
RW11,11,0.6550657321125852,2,0.5,3,0.8021624612735064
RW11,12,0.6425313612904104,2,0.5,3,0.8006719142927671
RW11,13,0.6909619595729768,2,0.5,3,0.8057704519198435
RW11,14,0.6373488207077248,2,0.5,3,0.7721511421207573
RW11,15,0.6236460344632558,2,0.5,3,0.7717389940709695
RW11,16,0.6096063869507001,2,0.5,3,0.7514277672271812
RW11,17,0.6095592595614534,2,0.5,3,0.7512035273479386
RW11,18,0.6117111890811565,2,0.5,3,0.7426949027323799
RW11,19,0.6132328800421039,2,0.5,3,0.7431719520890774
RW11,20,0.6177338702955617,2,0.5,3,0.7061303486388426
RW11,21,0.6151726925016363,2,0.5,3,0.7015341828708632
RW11,22,0.6150917110526547,2,0.5,3,0.6906317531100196
RW11,23,0.6084443675781239,2,0.5,3,0.6930328041225223
RW11,24,0.6108413236784053,2,0.5,3,0.697924928480108
RW11,25,0.604457872674917,2,0.5,3,0.6789294403316756
RW11,26,0.6029517287743232,2,0.5,3,0.6536299581352126
RW11,27,0.605157402435204,2,0.5,3,0.6492639915348538
RW11,28,0.5960453588974413,2,0.5,3,0.629896204022509
RW11,29,0.5898473993066765,2,0.5,3,0.6248777177722332
RW11,30,0.5639353004202469,2,0.5,3,0.6243120093722462
RW11,31,0.5833093037578585,2,0.5,3,0.6114502184565782
RW11,32,0.5385993504613933,2,0.5,3,0.6029545043670734
RW11,33,0.5270290981610593,2,0.5,3,0.5874111520971078
RW11,34,0.4838174078709938,2,0.5,3,0.564452278754234
RW11,35,0.4668435392432821,2,0.5,3,0.5464680718891121
RW11,36,0.4539967259442097,2,0.5,3,0.5015898392723739
RW15,0,1.0,2,0.5,3,1.0005363813677297
RW15,1,0.9650574510743339,2,0.5,3,0.9693367936736877
RW15,2,0.9225952378299382,2,0.5,3,0.93477746930841
RW15,3,0.8654685977166434,2,0.5,3,0.895458814797535
RW15,4,0.8331123466557073,2,0.5,3,0.8454860939095614
RW15,5,0.7854218267547517,2,0.5,3,0.8157597032094588
RW15,6,0.7308801736607424,2,0.5,3,0.7747394925030738
RW15,7,0.7033432455088411,2,0.5,3,0.778071531605193
RW15,8,0.6798891483633692,2,0.5,3,0.7390539577760769
RW15,9,0.6595524905078265,2,0.5,3,0.7476139981207857
RW15,10,0.6385049022337113,2,0.5,3,0.6865121996678993
RW15,11,0.6188055183968584,2,0.5,3,0.6788710063307897
RW15,12,0.5978706628223552,2,0.5,3,0.6501666942332895
RW15,13,0.564108530129482,2,0.5,3,0.642160032994613
RW15,14,0.5618221733421094,2,0.5,3,0.6325648635452303
RW15,15,0.5683340400975069,2,0.5,3,0.6097698704643373
RW15,16,0.5328255192748415,2,0.5,3,0.5639263137455036
RW15,17,0.525805629163202,2,0.5,3,0.5778296112347906
RW15,18,0.5037113308815376,2,0.5,3,0.5450481771174083
RW15,19,0.4878101214299047,2,0.5,3,0.5317489820612525
RW15,20,0.4857842099501362,2,0.5,3,0.5328160313643203
RW15,21,0.4823497951477415,2,0.5,3,0.5275786626441785
RW15,22,0.469053235395845,2,0.5,3,0.525135016543297
RW15,23,0.44283042970152153,2,0.5,3,0.5305317092493133
RW19,0,1.0,2,0.5,3,1.0005363813677297
RW19,1,0.9396235436975541,2,0.5,3,0.9295501224715408
RW19,2,0.9120786188350108,2,0.5,3,0.9102097979860834
RW19,3,0.8847986908586808,2,0.5,3,0.8808886520959527
RW19,4,0.8571370872127337,2,0.5,3,0.8482673813027405
RW19,5,0.8354199075992986,2,0.5,3,0.8352997255337833
RW19,6,0.8073309568665201,2,0.5,3,0.8001196781222871
RW19,7,0.7857199625811689,2,0.5,3,0.762513610973232
RW19,8,0.7666372214100013,2,0.5,3,0.7459011065837451
RW19,9,0.7513987910506147,2,0.5,3,0.722278153626148
RW19,10,0.7203267622205394,2,0.5,3,0.6761262365968109
RW19,11,0.7081063051935211,2,0.5,3,0.6633964523262671
RW19,12,0.6723114265835748,2,0.5,3,0.6710983889659364
RW19,13,0.6639607922077001,2,0.5,3,0.6400067403141168
RW19,14,0.6507704833452281,2,0.5,3,0.6231154996259713
RW19,15,0.6454719449243604,2,0.5,3,0.6204610770501489
RW19,16,0.6196235547721438,2,0.5,3,0.5849051091943606
RW19,17,0.5838720772978139,2,0.5,3,0.5730201537565178
RW19,18,0.5755212201280766,2,0.5,3,0.5742370807315472
RW19,19,0.5607907745146146,2,0.5,3,0.5668894069312252
RW19,20,0.5604943676173099,2,0.5,3,0.543797785076376
RW19,21,0.5388293035023539,2,0.5,3,0.5432923075299624
RW19,22,0.5241299200287287,2,0.5,3,0.5371085280988429
RW19,23,0.5173999584381129,2,0.5,3,0.5271072923910259
RW19,24,0.5070395009418225,2,0.5,3,0.5210786760188685
RW19,25,0.5041861774066588,2,0.5,3,0.5201717696954785
RW23,0,1.0,2,0.5,3,1.0014510253030544
RW23,1,0.968874030176613,2,0.5,3,0.9820505440803736
RW23,2,0.93116690709189,2,0.5,3,0.9588606962406977
RW23,3,0.9041203685654416,2,0.5,3,0.9183563397850794
RW23,4,0.8752754662299709,2,0.5,3,0.8831713059633179
RW23,5,0.8465547714660063,2,0.5,3,0.8493426947806428
RW23,6,0.8208981506750966,2,0.5,3,0.8200610663306883
RW23,7,0.7998940829401381,2,0.5,3,0.8110871951145843
RW23,8,0.7892510429257036,2,0.5,3,0.762855389546889
RW23,9,0.7631753024809578,2,0.5,3,0.773825320068054
RW23,10,0.7401984489323145,2,0.5,3,0.7731149425972597
RW27,0,1.0,2,0.5,3,1.0014510253030544
RW27,1,0.9681570193735269,2,0.5,3,0.9770148856861067
RW27,2,0.9437661592431005,2,0.5,3,0.9554178390977728
RW27,3,0.9188104975387007,2,0.5,3,0.9318764552475611
RW27,4,0.899349484660793,2,0.5,3,0.9203881361704362
RW27,5,0.8814742779331408,2,0.5,3,0.8818027772609193
RW27,6,0.8663787550926042,2,0.5,3,0.8727775466504526
RW27,7,0.8547311284111835,2,0.5,3,0.8446271352602811
RW27,8,0.8431959746161813,2,0.5,3,0.8294630951959631
RW27,9,0.8351597805140608,2,0.5,3,0.8221120234172632
RW27,10,0.8233026207413151,2,0.5,3,0.804702677536713
RW27,11,0.8176967306120008,2,0.5,3,0.7534511683818819
RW5,0,1.0,2,0.5,3,1.0006666204138885
RW5,1,0.960825991745598,2,0.5,3,0.981936210457634
RW5,2,0.9266800602747612,2,0.5,3,0.9430245378780696
RW5,3,0.9011293220077173,2,0.5,3,0.9214106127458669
RW5,4,0.8764709808493428,2,0.5,3,0.8885100442540813
RW5,5,0.8526426940151302,2,0.5,3,0.868507752491859
RW5,6,0.839370527729129,2,0.5,3,0.838941441777412
RW5,7,0.8159574870069374,2,0.5,3,0.7931648770759367
RW5,8,0.8004750971060514,2,0.5,3,0.78281720101413
RW5,9,0.8228279206228818,2,0.5,3,0.7742409443782933
RW5,10,0.7867656223348591,2,0.5,3,0.774056060738529
RW5,11,0.7661099188154834,2,0.5,3,0.7176964867675414
RW5,12,0.7429108814178095,2,0.5,3,0.7069977854850765
RW5,13,0.7091745980062312,2,0.5,3,0.7031717625004428
RW5,14,0.6857713337470273,2,0.5,3,0.6543655794798772
RW5,15,0.6672427863976763,2,0.5,3,0.6435910554145431
RW5,16,0.6687356247963866,2,0.5,3,0.6356371553348871
RW5,17,0.636480784151189,2,0.5,3,0.6336197731350466
RW5,18,0.6183718679139446,2,0.5,3,0.6204076062728245
RW5,19,0.5752173546693329,2,0.5,3,0.5551952159046364
RW5,20,0.5747937898766532,2,0.5,3,0.5543081738829877
RW7,0,1.0,2,0.5,3,0.9958249108504046
RW7,1,0.9737384788654111,2,0.5,3,0.9443410935069319
RW7,2,0.9447337319243664,2,0.5,3,0.9235569664415555
RW7,3,0.9146274603726349,2,0.5,3,0.9162250712014319
RW7,4,0.8871149443826014,2,0.5,3,0.8702026947562123
RW7,5,0.8607953281423645,2,0.5,3,0.8667102212068372
RW7,6,0.8253218854282387,2,0.5,3,0.8259650478673913
RW7,7,0.8256203114571893,2,0.5,3,0.7935738201609959
RW7,8,0.8174379654477165,2,0.5,3,0.7870552605638814
RW7,9,0.8035643430201168,2,0.5,3,0.7433323885059363
RW7,10,0.7896346635150358,2,0.5,3,0.7340926665339592
RW7,11,0.7718959267241481,2,0.5,3,0.7303577483065521
RW7,12,0.7860019167130227,2,0.5,3,0.7267699712144412
RW7,13,0.7507796857619143,2,0.5,3,0.710678700223955
RW7,14,0.7327447163515879,2,0.5,3,0.6987110942400343
RW7,15,0.7074586345939947,2,0.5,3,0.6807177980460785
RW7,16,0.6825198136819158,2,0.5,3,0.6753079800429762
RW7,17,0.662699874860957,2,0.5,3,0.6055457719241715
RW7,18,0.6262446211067287,2,0.5,3,0.5975599379794013
RW7,19,0.6075826021968548,2,0.5,3,0.5965883401651113
RW7,20,0.6170093927279642,2,0.5,3,0.5961708954278182
RW7,21,0.6466135984427249,2,0.5,3,0.5795373290029242
RW7,22,0.5740413094410772,2,0.5,3,0.5603382956171846
RW7,23,0.5335005770298783,2,0.5,3,0.5131024947711152
RW7,24,0.52059510567296,2,0.5,3,0.49734150650578496
RW11,0,1.0,2,0.5,4,1.000482036082442
RW11,1,0.9812509775303251,2,0.5,4,0.9831733663509753
RW11,2,0.9650137068435085,2,0.5,4,0.9532316329973386
RW11,3,0.9351362403953054,2,0.5,4,0.9184426717235551
RW11,4,0.90714425616019,2,0.5,4,0.9126340435030847
RW11,5,0.8457053142903532,2,0.5,4,0.8770659882389283
RW11,6,0.8020972922814096,2,0.5,4,0.8375320284765722
RW11,7,0.7484325203829727,2,0.5,4,0.8429243739567189
RW11,8,0.7189787689899965,2,0.5,4,0.8246195120370559
RW11,9,0.6910853284576837,2,0.5,4,0.8131202428440831
RW11,10,0.6761559111900426,2,0.5,4,0.7885264193842229
RW11,11,0.6550657321125852,2,0.5,4,0.7839262407202467
RW11,12,0.6425313612904104,2,0.5,4,0.781338724729745
RW11,13,0.6909619595729768,2,0.5,4,0.7900156912509728
RW11,14,0.6373488207077248,2,0.5,4,0.7701154077762921
RW11,15,0.6236460344632558,2,0.5,4,0.7505976173840149
RW11,16,0.6096063869507001,2,0.5,4,0.7546407789480677
RW11,17,0.6095592595614534,2,0.5,4,0.7378649411797019
RW11,18,0.6117111890811565,2,0.5,4,0.7330606846422876
RW11,19,0.6132328800421039,2,0.5,4,0.7233543412420832
RW11,20,0.6177338702955617,2,0.5,4,0.7181636022110442
RW11,21,0.6151726925016363,2,0.5,4,0.7001501875516762
RW11,22,0.6150917110526547,2,0.5,4,0.6941421342330067
RW11,23,0.6084443675781239,2,0.5,4,0.693916098399882
RW11,24,0.6108413236784053,2,0.5,4,0.6901437971156499
RW11,25,0.604457872674917,2,0.5,4,0.687029236732363
RW11,26,0.6029517287743232,2,0.5,4,0.6584917675587115
RW11,27,0.605157402435204,2,0.5,4,0.6469134623887397
RW11,28,0.5960453588974413,2,0.5,4,0.6439808684413285
RW11,29,0.5898473993066765,2,0.5,4,0.6354746934756178
RW11,30,0.5639353004202469,2,0.5,4,0.6086538737178518
RW11,31,0.5833093037578585,2,0.5,4,0.6129242292722163
RW11,32,0.5385993504613933,2,0.5,4,0.6095215086907947
RW11,33,0.5270290981610593,2,0.5,4,0.5953487325448837
RW11,34,0.4838174078709938,2,0.5,4,0.57270252158835
RW11,35,0.4668435392432821,2,0.5,4,0.5620510062635785
RW11,36,0.4539967259442097,2,0.5,4,0.5001021854514701
RW15,0,1.0,2,0.5,4,0.99198045572106
RW15,1,0.9650574510743339,2,0.5,4,0.9555887382274425
RW15,2,0.9225952378299382,2,0.5,4,0.9150813477996601
RW15,3,0.8654685977166434,2,0.5,4,0.9037816377644695
RW15,4,0.8331123466557073,2,0.5,4,0.8465487410837762
RW15,5,0.7854218267547517,2,0.5,4,0.7935235471798804
RW15,6,0.7308801736607424,2,0.5,4,0.7702647880583944
RW15,7,0.7033432455088411,2,0.5,4,0.7706290533859401
RW15,8,0.6798891483633692,2,0.5,4,0.7526673977417576
RW15,9,0.6595524905078265,2,0.5,4,0.7263624640594866
RW15,10,0.6385049022337113,2,0.5,4,0.6753905246876369
RW15,11,0.6188055183968584,2,0.5,4,0.6714083468319437
RW15,12,0.5978706628223552,2,0.5,4,0.6282888238360721
RW15,13,0.564108530129482,2,0.5,4,0.6232051228235228
RW15,14,0.5618221733421094,2,0.5,4,0.6152348310921062
RW15,15,0.5683340400975069,2,0.5,4,0.6070243804144618
RW15,16,0.5328255192748415,2,0.5,4,0.5478297884262483
RW15,17,0.525805629163202,2,0.5,4,0.5656236381689319
RW15,18,0.5037113308815376,2,0.5,4,0.5406112419991274
RW15,19,0.4878101214299047,2,0.5,4,0.523371754373329
RW15,20,0.4857842099501362,2,0.5,4,0.5228722257504024
RW15,21,0.4823497951477415,2,0.5,4,0.5209714137746497
RW15,22,0.469053235395845,2,0.5,4,0.5080466716281548
RW15,23,0.44283042970152153,2,0.5,4,0.48840004496243605
RW19,0,1.0,2,0.5,4,0.99198045572106
RW19,1,0.9396235436975541,2,0.5,4,0.9317468241207063
RW19,2,0.9120786188350108,2,0.5,4,0.9161569193018547
RW19,3,0.8847986908586808,2,0.5,4,0.8829131706837741
RW19,4,0.8571370872127337,2,0.5,4,0.8463154617646224
RW19,5,0.8354199075992986,2,0.5,4,0.8218039604533475
RW19,6,0.8073309568665201,2,0.5,4,0.7886031451965432
RW19,7,0.7857199625811689,2,0.5,4,0.7452615848410767
RW19,8,0.7666372214100013,2,0.5,4,0.7359268068645876
RW19,9,0.7513987910506147,2,0.5,4,0.7021674951653719
RW19,10,0.7203267622205394,2,0.5,4,0.6762984063197623
RW19,11,0.7081063051935211,2,0.5,4,0.6507367697196453
RW19,12,0.6723114265835748,2,0.5,4,0.6309766423698573
RW19,13,0.6639607922077001,2,0.5,4,0.6284070477114694
RW19,14,0.6507704833452281,2,0.5,4,0.6195687573269044
RW19,15,0.6454719449243604,2,0.5,4,0.6233336237442316
RW19,16,0.6196235547721438,2,0.5,4,0.5764845624530194
RW19,17,0.5838720772978139,2,0.5,4,0.5698777387657543
RW19,18,0.5755212201280766,2,0.5,4,0.5694445743804641
RW19,19,0.5607907745146146,2,0.5,4,0.5576090118403804
RW19,20,0.5604943676173099,2,0.5,4,0.5454558495577977
RW19,21,0.5388293035023539,2,0.5,4,0.538025327769472
RW19,22,0.5241299200287287,2,0.5,4,0.534585722728428
RW19,23,0.5173999584381129,2,0.5,4,0.5291740694697
RW19,24,0.5070395009418225,2,0.5,4,0.5153129896022248
RW19,25,0.5041861774066588,2,0.5,4,0.5059486603263394
RW23,0,1.0,2,0.5,4,1.0012896494170385
RW23,1,0.968874030176613,2,0.5,4,0.9810704001508345
RW23,2,0.93116690709189,2,0.5,4,0.9427435422714822
RW23,3,0.9041203685654416,2,0.5,4,0.9256910196817412
RW23,4,0.8752754662299709,2,0.5,4,0.8895560799339273
RW23,5,0.8465547714660063,2,0.5,4,0.8627578302547779
RW23,6,0.8208981506750966,2,0.5,4,0.8305503933058836
RW23,7,0.7998940829401381,2,0.5,4,0.8168954223964393
RW23,8,0.7892510429257036,2,0.5,4,0.7744207642855176
RW23,9,0.7631753024809578,2,0.5,4,0.7851403449882884
RW23,10,0.7401984489323145,2,0.5,4,0.774503692273226
RW27,0,1.0,2,0.5,4,1.0012896494170385
RW27,1,0.9681570193735269,2,0.5,4,0.984981982651822
RW27,2,0.9437661592431005,2,0.5,4,0.9525710516311907
RW27,3,0.9188104975387007,2,0.5,4,0.9248379556738483
RW27,4,0.899349484660793,2,0.5,4,0.9236033782458981
RW27,5,0.8814742779331408,2,0.5,4,0.8895632326776751
RW27,6,0.8663787550926042,2,0.5,4,0.8806515734150294
RW27,7,0.8547311284111835,2,0.5,4,0.8507305069103591
RW27,8,0.8431959746161813,2,0.5,4,0.8415761071112775
RW27,9,0.8351597805140608,2,0.5,4,0.8196820375212195
RW27,10,0.8233026207413151,2,0.5,4,0.806172658091806
RW27,11,0.8176967306120008,2,0.5,4,0.7624799851434002
RW5,0,1.0,2,0.5,4,0.9940444371786172
RW5,1,0.960825991745598,2,0.5,4,0.9893324900372841
RW5,2,0.9266800602747612,2,0.5,4,0.9472626247026223
RW5,3,0.9011293220077173,2,0.5,4,0.9046654132335179
RW5,4,0.8764709808493428,2,0.5,4,0.8995215284749467
RW5,5,0.8526426940151302,2,0.5,4,0.8686275031818971
RW5,6,0.839370527729129,2,0.5,4,0.8245303675573293
RW5,7,0.8159574870069374,2,0.5,4,0.8041891075775813
RW5,8,0.8004750971060514,2,0.5,4,0.7890050309215642
RW5,9,0.8228279206228818,2,0.5,4,0.7833538366273506
RW5,10,0.7867656223348591,2,0.5,4,0.7735887448361043
RW5,11,0.7661099188154834,2,0.5,4,0.7313990677098006
RW5,12,0.7429108814178095,2,0.5,4,0.7077951746773037
RW5,13,0.7091745980062312,2,0.5,4,0.6871345559511699
RW5,14,0.6857713337470273,2,0.5,4,0.6408804718585385
RW5,15,0.6672427863976763,2,0.5,4,0.6330747902364179
RW5,16,0.6687356247963866,2,0.5,4,0.6201737840964593
RW5,17,0.636480784151189,2,0.5,4,0.6273972249121449
RW5,18,0.6183718679139446,2,0.5,4,0.5943088502374353
RW5,19,0.5752173546693329,2,0.5,4,0.5610378898372083
RW5,20,0.5747937898766532,2,0.5,4,0.5501279703309028
RW7,0,1.0,2,0.5,4,0.9962783022699173
RW7,1,0.9737384788654111,2,0.5,4,0.9455365875688703
RW7,2,0.9447337319243664,2,0.5,4,0.9098838812557066
RW7,3,0.9146274603726349,2,0.5,4,0.8929359451126998
RW7,4,0.8871149443826014,2,0.5,4,0.8862002853982556
RW7,5,0.8607953281423645,2,0.5,4,0.8731083735951969
RW7,6,0.8253218854282387,2,0.5,4,0.8302180880289849
RW7,7,0.8256203114571893,2,0.5,4,0.7964605634197496
RW7,8,0.8174379654477165,2,0.5,4,0.7841737389259463
RW7,9,0.8035643430201168,2,0.5,4,0.7830551019744222
RW7,10,0.7896346635150358,2,0.5,4,0.7446351890781262
RW7,11,0.7718959267241481,2,0.5,4,0.7483655417205912
RW7,12,0.7860019167130227,2,0.5,4,0.7371413321643387
RW7,13,0.7507796857619143,2,0.5,4,0.7131457718293595
RW7,14,0.7327447163515879,2,0.5,4,0.6958227385837016
RW7,15,0.7074586345939947,2,0.5,4,0.6821568191722126
RW7,16,0.6825198136819158,2,0.5,4,0.651527343974725
RW7,17,0.662699874860957,2,0.5,4,0.6396234104146715
RW7,18,0.6262446211067287,2,0.5,4,0.5947084717387198
RW7,19,0.6075826021968548,2,0.5,4,0.5887675254124598
RW7,20,0.6170093927279642,2,0.5,4,0.5669683661333499
RW7,21,0.6466135984427249,2,0.5,4,0.5749931261038755
RW7,22,0.5740413094410772,2,0.5,4,0.5657498302789008
RW7,23,0.5335005770298783,2,0.5,4,0.5217862461139066
RW7,24,0.52059510567296,2,0.5,4,0.5103073670881723
RW11,0,1.0,2,0.25,0,1.0007236211236796
RW11,1,0.9812509775303251,2,0.25,0,0.9788820382633155
RW11,2,0.9650137068435085,2,0.25,0,0.959376959692407
RW11,3,0.9351362403953054,2,0.25,0,0.9019447857533848
RW11,4,0.90714425616019,2,0.25,0,0.8968648062650459
RW11,5,0.8457053142903532,2,0.25,0,0.850526531217507
RW11,6,0.8020972922814096,2,0.25,0,0.8268629973842173
RW11,7,0.7484325203829727,2,0.25,0,0.8220429310113482
RW11,8,0.7189787689899965,2,0.25,0,0.816470972029053
RW11,9,0.6910853284576837,2,0.25,0,0.8016183574039764
RW11,10,0.6761559111900426,2,0.25,0,0.7873381120832342
RW11,11,0.6550657321125852,2,0.25,0,0.7872791240651281
RW11,12,0.6425313612904104,2,0.25,0,0.7896989690906159
RW11,13,0.6909619595729768,2,0.25,0,0.7915548989694994
RW11,14,0.6373488207077248,2,0.25,0,0.7905527843877733
RW11,15,0.6236460344632558,2,0.25,0,0.7730424494910891
RW11,16,0.6096063869507001,2,0.25,0,0.7363125566207117
RW11,17,0.6095592595614534,2,0.25,0,0.7395988248861731
RW11,18,0.6117111890811565,2,0.25,0,0.7203241484785853
RW11,19,0.6132328800421039,2,0.25,0,0.701487084465078
RW11,20,0.6177338702955617,2,0.25,0,0.6999249798529344
RW11,21,0.6151726925016363,2,0.25,0,0.6967744666297395
RW11,22,0.6150917110526547,2,0.25,0,0.6975688752694879
RW11,23,0.6084443675781239,2,0.25,0,0.6590911489108933
RW11,24,0.6108413236784053,2,0.25,0,0.6505529078610741
RW11,25,0.604457872674917,2,0.25,0,0.6480909873262494
RW11,26,0.6029517287743232,2,0.25,0,0.6434136327309329
RW11,27,0.605157402435204,2,0.25,0,0.6419125035089512
RW11,28,0.5960453588974413,2,0.25,0,0.6367823333078011
RW11,29,0.5898473993066765,2,0.25,0,0.6357882796873078
RW11,30,0.5639353004202469,2,0.25,0,0.6178708677126292
RW11,31,0.5833093037578585,2,0.25,0,0.6011203854429127
RW11,32,0.5385993504613933,2,0.25,0,0.5891980146071922
RW11,33,0.5270290981610593,2,0.25,0,0.5856247221123594
RW11,34,0.4838174078709938,2,0.25,0,0.5727567937975142
RW11,35,0.4668435392432821,2,0.25,0,0.5697087228435406
RW11,36,0.4539967259442097,2,0.25,0,0.5082884650797596
RW15,0,1.0,2,0.25,0,0.9992611239745387
RW15,1,0.9650574510743339,2,0.25,0,0.9712572023200875
RW15,2,0.9225952378299382,2,0.25,0,0.9313842532065687
RW15,3,0.8654685977166434,2,0.25,0,0.8726776201316624
RW15,4,0.8331123466557073,2,0.25,0,0.8502871236314438
RW15,5,0.7854218267547517,2,0.25,0,0.8076723716807654
RW15,6,0.7308801736607424,2,0.25,0,0.7950788973277065
RW15,7,0.7033432455088411,2,0.25,0,0.8132612786360781
RW15,8,0.6798891483633692,2,0.25,0,0.7406607586138214
RW15,9,0.6595524905078265,2,0.25,0,0.7326566988241049
RW15,10,0.6385049022337113,2,0.25,0,0.7039792260227985
RW15,11,0.6188055183968584,2,0.25,0,0.6796181292982933
RW15,12,0.5978706628223552,2,0.25,0,0.6689667850587684
RW15,13,0.564108530129482,2,0.25,0,0.6408230127547867
RW15,14,0.5618221733421094,2,0.25,0,0.634395733363092
RW15,15,0.5683340400975069,2,0.25,0,0.6081695588189892
RW15,16,0.5328255192748415,2,0.25,0,0.5658254398154806
RW15,17,0.525805629163202,2,0.25,0,0.5811913511251491
RW15,18,0.5037113308815376,2,0.25,0,0.5443671588408099
RW15,19,0.4878101214299047,2,0.25,0,0.5361063787738697
RW15,20,0.4857842099501362,2,0.25,0,0.5393617656236599
RW15,21,0.4823497951477415,2,0.25,0,0.5547997117986008
RW15,22,0.469053235395845,2,0.25,0,0.5374009709396875
RW15,23,0.44283042970152153,2,0.25,0,0.5186988701861669
RW19,0,1.0,2,0.25,0,0.9992611239745387
RW19,1,0.9396235436975541,2,0.25,0,0.9384411045830738
RW19,2,0.9120786188350108,2,0.25,0,0.9226952923342431
RW19,3,0.8847986908586808,2,0.25,0,0.8837143679063352
RW19,4,0.8571370872127337,2,0.25,0,0.8486354238356922
RW19,5,0.8354199075992986,2,0.25,0,0.814642178772587
RW19,6,0.8073309568665201,2,0.25,0,0.8084309660241921
RW19,7,0.7857199625811689,2,0.25,0,0.7496288272669827
RW19,8,0.7666372214100013,2,0.25,0,0.7139169577704702
RW19,9,0.7513987910506147,2,0.25,0,0.7027864776681919
RW19,10,0.7203267622205394,2,0.25,0,0.6822231265943746
RW19,11,0.7081063051935211,2,0.25,0,0.6548781403535425
RW19,12,0.6723114265835748,2,0.25,0,0.6482092666744761
RW19,13,0.6639607922077001,2,0.25,0,0.6268683917446286
RW19,14,0.6507704833452281,2,0.25,0,0.6190314667668575
RW19,15,0.6454719449243604,2,0.25,0,0.616771004235157
RW19,16,0.6196235547721438,2,0.25,0,0.5605742301918111
RW19,17,0.5838720772978139,2,0.25,0,0.5570660458140123
RW19,18,0.5755212201280766,2,0.25,0,0.5563647630089714
RW19,19,0.5607907745146146,2,0.25,0,0.5565801859389521
RW19,20,0.5604943676173099,2,0.25,0,0.5402236222237988
RW19,21,0.5388293035023539,2,0.25,0,0.5398354165979089
RW19,22,0.5241299200287287,2,0.25,0,0.5416286467982698
RW19,23,0.5173999584381129,2,0.25,0,0.540691749487459
RW19,24,0.5070395009418225,2,0.25,0,0.532095007199362
RW19,25,0.5041861774066588,2,0.25,0,0.5084056737555993
RW23,0,1.0,2,0.25,0,0.9999657874144738
RW23,1,0.968874030176613,2,0.25,0,0.9809519352106149
RW23,2,0.93116690709189,2,0.25,0,0.9449020138101996
RW23,3,0.9041203685654416,2,0.25,0,0.8899950332204096
RW23,4,0.8752754662299709,2,0.25,0,0.8893384791979159
RW23,5,0.8465547714660063,2,0.25,0,0.8651853235179703
RW23,6,0.8208981506750966,2,0.25,0,0.8209252634770958
RW23,7,0.7998940829401381,2,0.25,0,0.814875311529158
RW23,8,0.7892510429257036,2,0.25,0,0.7754207845787301
RW23,9,0.7631753024809578,2,0.25,0,0.7522361132992382
RW23,10,0.7401984489323145,2,0.25,0,0.7179954714078556
RW27,0,1.0,2,0.25,0,0.9999657874144738
RW27,1,0.9681570193735269,2,0.25,0,0.9698950934678745
RW27,2,0.9437661592431005,2,0.25,0,0.9414416180848222
RW27,3,0.9188104975387007,2,0.25,0,0.927370297664532
RW27,4,0.899349484660793,2,0.25,0,0.8845110498520847
RW27,5,0.8814742779331408,2,0.25,0,0.8747674909823127
RW27,6,0.8663787550926042,2,0.25,0,0.8690998748356311
RW27,7,0.8547311284111835,2,0.25,0,0.8510662274592877
RW27,8,0.8431959746161813,2,0.25,0,0.8519138076303265
RW27,9,0.8351597805140608,2,0.25,0,0.8231146352735402
RW27,10,0.8233026207413151,2,0.25,0,0.7589912791415675
RW27,11,0.8176967306120008,2,0.25,0,0.7313287281197497
RW5,0,1.0,2,0.25,0,0.9948413290346402
RW5,1,0.960825991745598,2,0.25,0,0.970764722144405
RW5,2,0.9266800602747612,2,0.25,0,0.9376988633454658
RW5,3,0.9011293220077173,2,0.25,0,0.9159538626042073
RW5,4,0.8764709808493428,2,0.25,0,0.872698153963123
RW5,5,0.8526426940151302,2,0.25,0,0.8588331459764084
RW5,6,0.839370527729129,2,0.25,0,0.8313738791881566
RW5,7,0.8159574870069374,2,0.25,0,0.8101696650969508
RW5,8,0.8004750971060514,2,0.25,0,0.7992225698103219
RW5,9,0.8228279206228818,2,0.25,0,0.7995779855877524
RW5,10,0.7867656223348591,2,0.25,0,0.7919870127917987
RW5,11,0.7661099188154834,2,0.25,0,0.7429361281833051
RW5,12,0.7429108814178095,2,0.25,0,0.7090643183852444
RW5,13,0.7091745980062312,2,0.25,0,0.6939040638967567
RW5,14,0.6857713337470273,2,0.25,0,0.6640630045801023
RW5,15,0.6672427863976763,2,0.25,0,0.6624174840787458
RW5,16,0.6687356247963866,2,0.25,0,0.6330910420091402
RW5,17,0.636480784151189,2,0.25,0,0.6387994161312955
RW5,18,0.6183718679139446,2,0.25,0,0.6151075512502953
RW5,19,0.5752173546693329,2,0.25,0,0.5557950169313142
RW5,20,0.5747937898766532,2,0.25,0,0.5410855767096643
RW7,0,1.0,2,0.25,0,0.9953985590369667
RW7,1,0.9737384788654111,2,0.25,0,0.9556589001044394
RW7,2,0.9447337319243664,2,0.25,0,0.9315483984645406
RW7,3,0.9146274603726349,2,0.25,0,0.9187831260306846
RW7,4,0.8871149443826014,2,0.25,0,0.870492746322105
RW7,5,0.8607953281423645,2,0.25,0,0.8610115783673261
RW7,6,0.8253218854282387,2,0.25,0,0.8417984839461178
RW7,7,0.8256203114571893,2,0.25,0,0.8079926977438044
RW7,8,0.8174379654477165,2,0.25,0,0.7866568540085078
RW7,9,0.8035643430201168,2,0.25,0,0.7762785109031773
RW7,10,0.7896346635150358,2,0.25,0,0.7442554629077753
RW7,11,0.7718959267241481,2,0.25,0,0.7323688110554423
RW7,12,0.7860019167130227,2,0.25,0,0.7357492799995207
RW7,13,0.7507796857619143,2,0.25,0,0.7338556004005043
RW7,14,0.7327447163515879,2,0.25,0,0.6934569848831926
RW7,15,0.7074586345939947,2,0.25,0,0.6772212974684297
RW7,16,0.6825198136819158,2,0.25,0,0.6630824987096094
RW7,17,0.662699874860957,2,0.25,0,0.653635795647119
RW7,18,0.6262446211067287,2,0.25,0,0.6286234505674133
RW7,19,0.6075826021968548,2,0.25,0,0.6239900480499253
RW7,20,0.6170093927279642,2,0.25,0,0.5807454551652356
RW7,21,0.6466135984427249,2,0.25,0,0.5967691890870035
RW7,22,0.5740413094410772,2,0.25,0,0.5515333004395486
RW7,23,0.5335005770298783,2,0.25,0,0.486211842479762
RW7,24,0.52059510567296,2,0.25,0,0.4779633577021504
RW11,0,1.0,2,0.25,1,1.0000849887945025
RW11,1,0.9812509775303251,2,0.25,1,0.9921188886679925
RW11,2,0.9650137068435085,2,0.25,1,0.9541313779414825
RW11,3,0.9351362403953054,2,0.25,1,0.9262932157708227
RW11,4,0.90714425616019,2,0.25,1,0.9127418599385579
RW11,5,0.8457053142903532,2,0.25,1,0.8961680726058293
RW11,6,0.8020972922814096,2,0.25,1,0.8215429320770492
RW11,7,0.7484325203829727,2,0.25,1,0.8200743867460742
RW11,8,0.7189787689899965,2,0.25,1,0.7946644306639169
RW11,9,0.6910853284576837,2,0.25,1,0.7955445719164964
RW11,10,0.6761559111900426,2,0.25,1,0.7866685440365432
RW11,11,0.6550657321125852,2,0.25,1,0.7770830593845791
RW11,12,0.6425313612904104,2,0.25,1,0.775525291694953
RW11,13,0.6909619595729768,2,0.25,1,0.78015223700215
RW11,14,0.6373488207077248,2,0.25,1,0.7781372874017886
RW11,15,0.6236460344632558,2,0.25,1,0.7734615229884215
RW11,16,0.6096063869507001,2,0.25,1,0.7742303883798092
RW11,17,0.6095592595614534,2,0.25,1,0.740751687740551
RW11,18,0.6117111890811565,2,0.25,1,0.7387387120533326
RW11,19,0.6132328800421039,2,0.25,1,0.7358177472821607
RW11,20,0.6177338702955617,2,0.25,1,0.7360522707033806
RW11,21,0.6151726925016363,2,0.25,1,0.7044266096097841
RW11,22,0.6150917110526547,2,0.25,1,0.6836561614947074
RW11,23,0.6084443675781239,2,0.25,1,0.6663222938931015
RW11,24,0.6108413236784053,2,0.25,1,0.6652363692347125
RW11,25,0.604457872674917,2,0.25,1,0.6683809880237355
RW11,26,0.6029517287743232,2,0.25,1,0.6672972310435689
RW11,27,0.605157402435204,2,0.25,1,0.6649724743361978
RW11,28,0.5960453588974413,2,0.25,1,0.6377764305474749
RW11,29,0.5898473993066765,2,0.25,1,0.6216408608107823
RW11,30,0.5639353004202469,2,0.25,1,0.6136440859639068
RW11,31,0.5833093037578585,2,0.25,1,0.6121649512240419
RW11,32,0.5385993504613933,2,0.25,1,0.6088006605927561
RW11,33,0.5270290981610593,2,0.25,1,0.5604556412547976
RW11,34,0.4838174078709938,2,0.25,1,0.5574218645229165
RW11,35,0.4668435392432821,2,0.25,1,0.5372033592638427
RW11,36,0.4539967259442097,2,0.25,1,0.44504374477605707
RW15,0,1.0,2,0.25,1,0.9998452675085259
RW15,1,0.9650574510743339,2,0.25,1,0.9484038865216601
RW15,2,0.9225952378299382,2,0.25,1,0.9390542817658563
RW15,3,0.8654685977166434,2,0.25,1,0.8799775421799803
RW15,4,0.8331123466557073,2,0.25,1,0.8656415235751286
RW15,5,0.7854218267547517,2,0.25,1,0.80754889681137
RW15,6,0.7308801736607424,2,0.25,1,0.761853941017567
RW15,7,0.7033432455088411,2,0.25,1,0.7541120582706802
RW15,8,0.6798891483633692,2,0.25,1,0.7772423565986873
RW15,9,0.6595524905078265,2,0.25,1,0.7256824129865812
RW15,10,0.6385049022337113,2,0.25,1,0.6725799864262897
RW15,11,0.6188055183968584,2,0.25,1,0.6211825960009124
RW15,12,0.5978706628223552,2,0.25,1,0.6246169511215484
RW15,13,0.564108530129482,2,0.25,1,0.6055508926622827
RW15,14,0.5618221733421094,2,0.25,1,0.609551324716521
RW15,15,0.5683340400975069,2,0.25,1,0.5740516988077777
RW15,16,0.5328255192748415,2,0.25,1,0.5590573491915743
RW15,17,0.525805629163202,2,0.25,1,0.5525426373888566
RW15,18,0.5037113308815376,2,0.25,1,0.5520965342125506
RW15,19,0.4878101214299047,2,0.25,1,0.5470116148653945
RW15,20,0.4857842099501362,2,0.25,1,0.5370941860528712
RW15,21,0.4823497951477415,2,0.25,1,0.4918336279157519
RW15,22,0.469053235395845,2,0.25,1,0.47886846568805186
RW15,23,0.44283042970152153,2,0.25,1,0.4744292811859703
RW19,0,1.0,2,0.25,1,0.9998452675085259
RW19,1,0.9396235436975541,2,0.25,1,0.9362906278592839
RW19,2,0.9120786188350108,2,0.25,1,0.9041350084141555
RW19,3,0.8847986908586808,2,0.25,1,0.8830485207433881
RW19,4,0.8571370872127337,2,0.25,1,0.8537103515349838
RW19,5,0.8354199075992986,2,0.25,1,0.8320357892220274
RW19,6,0.8073309568665201,2,0.25,1,0.7707404202425873
RW19,7,0.7857199625811689,2,0.25,1,0.7633967474393514
RW19,8,0.7666372214100013,2,0.25,1,0.7597050662349148
RW19,9,0.7513987910506147,2,0.25,1,0.6767504605071811
RW19,10,0.7203267622205394,2,0.25,1,0.6843037532533549
RW19,11,0.7081063051935211,2,0.25,1,0.6296130638283147
RW19,12,0.6723114265835748,2,0.25,1,0.623973707506958
RW19,13,0.6639607922077001,2,0.25,1,0.6181762325276683
RW19,14,0.6507704833452281,2,0.25,1,0.6176963201861503
RW19,15,0.6454719449243604,2,0.25,1,0.6194998357996989
RW19,16,0.6196235547721438,2,0.25,1,0.5804944085925846
RW19,17,0.5838720772978139,2,0.25,1,0.5781562773172124
RW19,18,0.5755212201280766,2,0.25,1,0.556239447484236
RW19,19,0.5607907745146146,2,0.25,1,0.5636296643802026
RW19,20,0.5604943676173099,2,0.25,1,0.552827313728429
RW19,21,0.5388293035023539,2,0.25,1,0.5531998259138843
RW19,22,0.5241299200287287,2,0.25,1,0.5528562028569344
RW19,23,0.5173999584381129,2,0.25,1,0.5282289417186128
RW19,24,0.5070395009418225,2,0.25,1,0.5200460237630475
RW19,25,0.5041861774066588,2,0.25,1,0.514234001254471
RW23,0,1.0,2,0.25,1,1.0003594375957685
RW23,1,0.968874030176613,2,0.25,1,0.976170348328415
RW23,2,0.93116690709189,2,0.25,1,0.955276635866541
RW23,3,0.9041203685654416,2,0.25,1,0.9155565159190305
RW23,4,0.8752754662299709,2,0.25,1,0.8953216697761853
RW23,5,0.8465547714660063,2,0.25,1,0.8689482678349194
RW23,6,0.8208981506750966,2,0.25,1,0.8350024290312352
RW23,7,0.7998940829401381,2,0.25,1,0.8218882061182728
RW23,8,0.7892510429257036,2,0.25,1,0.7681633321907418
RW23,9,0.7631753024809578,2,0.25,1,0.7809661244155154
RW23,10,0.7401984489323145,2,0.25,1,0.6985120471205216
RW27,0,1.0,2,0.25,1,1.0003594375957685
RW27,1,0.9681570193735269,2,0.25,1,0.9944432540385696
RW27,2,0.9437661592431005,2,0.25,1,0.9527536579273536
RW27,3,0.9188104975387007,2,0.25,1,0.9436875179901326
RW27,4,0.899349484660793,2,0.25,1,0.9056686642806998
RW27,5,0.8814742779331408,2,0.25,1,0.8919642788991179
RW27,6,0.8663787550926042,2,0.25,1,0.8768571748682983
RW27,7,0.8547311284111835,2,0.25,1,0.8582810080171728
RW27,8,0.8431959746161813,2,0.25,1,0.823306767683584
RW27,9,0.8351597805140608,2,0.25,1,0.8120319169758767
RW27,10,0.8233026207413151,2,0.25,1,0.8115437072256508
RW27,11,0.8176967306120008,2,0.25,1,0.7031780455459266
RW5,0,1.0,2,0.25,1,1.0000849887945025
RW5,1,0.960825991745598,2,0.25,1,0.9670163712274114
RW5,2,0.9266800602747612,2,0.25,1,0.9308707893436242
RW5,3,0.9011293220077173,2,0.25,1,0.9162317210423668
RW5,4,0.8764709808493428,2,0.25,1,0.8987706387406249
RW5,5,0.8526426940151302,2,0.25,1,0.8620703471534673
RW5,6,0.839370527729129,2,0.25,1,0.8373299798573353
RW5,7,0.8159574870069374,2,0.25,1,0.8119563187037115
RW5,8,0.8004750971060514,2,0.25,1,0.790403806431061
RW5,9,0.8228279206228818,2,0.25,1,0.7839897439311503
RW5,10,0.7867656223348591,2,0.25,1,0.7736602754763524
RW5,11,0.7661099188154834,2,0.25,1,0.7299135842080056
RW5,12,0.7429108814178095,2,0.25,1,0.7265372556671166
RW5,13,0.7091745980062312,2,0.25,1,0.6806392799801143
RW5,14,0.6857713337470273,2,0.25,1,0.6921564254552252
RW5,15,0.6672427863976763,2,0.25,1,0.6302339665457162
RW5,16,0.6687356247963866,2,0.25,1,0.6378342261047795
RW5,17,0.636480784151189,2,0.25,1,0.627869148254231
RW5,18,0.6183718679139446,2,0.25,1,0.6268368746771087
RW5,19,0.5752173546693329,2,0.25,1,0.571970967891139
RW5,20,0.5747937898766532,2,0.25,1,0.5702923119374277
RW7,0,1.0,2,0.25,1,0.9976417665953763
RW7,1,0.9737384788654111,2,0.25,1,0.9336581295766523
RW7,2,0.9447337319243664,2,0.25,1,0.9077522532699712
RW7,3,0.9146274603726349,2,0.25,1,0.9065715958473213
RW7,4,0.8871149443826014,2,0.25,1,0.9022748605978178
RW7,5,0.8607953281423645,2,0.25,1,0.869747660971739
RW7,6,0.8253218854282387,2,0.25,1,0.8357136164040478
RW7,7,0.8256203114571893,2,0.25,1,0.7990739095997109
RW7,8,0.8174379654477165,2,0.25,1,0.7956252359254529
RW7,9,0.8035643430201168,2,0.25,1,0.7483821068136857
RW7,10,0.7896346635150358,2,0.25,1,0.7328435029650735
RW7,11,0.7718959267241481,2,0.25,1,0.7191518152814508
RW7,12,0.7860019167130227,2,0.25,1,0.695262141154788
RW7,13,0.7507796857619143,2,0.25,1,0.6857585331840672
RW7,14,0.7327447163515879,2,0.25,1,0.6933567916683628
RW7,15,0.7074586345939947,2,0.25,1,0.6873799487075168
RW7,16,0.6825198136819158,2,0.25,1,0.644002823584678
RW7,17,0.662699874860957,2,0.25,1,0.638765474304402
RW7,18,0.6262446211067287,2,0.25,1,0.5921764180465297
RW7,19,0.6075826021968548,2,0.25,1,0.5751508624375458
RW7,20,0.6170093927279642,2,0.25,1,0.577877672076495
RW7,21,0.6466135984427249,2,0.25,1,0.5641730780840631
RW7,22,0.5740413094410772,2,0.25,1,0.5693891626034767
RW7,23,0.5335005770298783,2,0.25,1,0.5125878481648243
RW7,24,0.52059510567296,2,0.25,1,0.49908173361536645
RW11,0,1.0,2,0.25,2,1.0015641123928507
RW11,1,0.9812509775303251,2,0.25,2,0.9773423736470201
RW11,2,0.9650137068435085,2,0.25,2,0.959277866728768
RW11,3,0.9351362403953054,2,0.25,2,0.9129764797407679
RW11,4,0.90714425616019,2,0.25,2,0.8921498281374345
RW11,5,0.8457053142903532,2,0.25,2,0.8510850821577336
RW11,6,0.8020972922814096,2,0.25,2,0.8119923717061842
RW11,7,0.7484325203829727,2,0.25,2,0.8154281592778602
RW11,8,0.7189787689899965,2,0.25,2,0.8168197322928995
RW11,9,0.6910853284576837,2,0.25,2,0.8151443753382209
RW11,10,0.6761559111900426,2,0.25,2,0.8017097999934312
RW11,11,0.6550657321125852,2,0.25,2,0.7873989537036746
RW11,12,0.6425313612904104,2,0.25,2,0.7843141667625854
RW11,13,0.6909619595729768,2,0.25,2,0.7843631970275852
RW11,14,0.6373488207077248,2,0.25,2,0.7679504959316116
RW11,15,0.6236460344632558,2,0.25,2,0.7693514703618564
RW11,16,0.6096063869507001,2,0.25,2,0.7676093210479985
RW11,17,0.6095592595614534,2,0.25,2,0.7623282831538795
RW11,18,0.6117111890811565,2,0.25,2,0.7192282308720462
RW11,19,0.6132328800421039,2,0.25,2,0.7091465780303864
RW11,20,0.6177338702955617,2,0.25,2,0.7093212345219987
RW11,21,0.6151726925016363,2,0.25,2,0.7054232670360281
RW11,22,0.6150917110526547,2,0.25,2,0.6906476048230041
RW11,23,0.6084443675781239,2,0.25,2,0.6670212550039718
RW11,24,0.6108413236784053,2,0.25,2,0.6609300458621215
RW11,25,0.604457872674917,2,0.25,2,0.6596921531099735
RW11,26,0.6029517287743232,2,0.25,2,0.6437984960537806
RW11,27,0.605157402435204,2,0.25,2,0.6398987167191568
RW11,28,0.5960453588974413,2,0.25,2,0.6378345743880013
RW11,29,0.5898473993066765,2,0.25,2,0.6032044972970271
RW11,30,0.5639353004202469,2,0.25,2,0.6078850412437751
RW11,31,0.5833093037578585,2,0.25,2,0.607218000160551
RW11,32,0.5385993504613933,2,0.25,2,0.6058572820502492
RW11,33,0.5270290981610593,2,0.25,2,0.5871047316147286
RW11,34,0.4838174078709938,2,0.25,2,0.559872447984512
RW11,35,0.4668435392432821,2,0.25,2,0.5296314980907516
RW11,36,0.4539967259442097,2,0.25,2,0.4762820818306549
RW15,0,1.0,2,0.25,2,0.9977741160134307
RW15,1,0.9650574510743339,2,0.25,2,0.9555066276178344
RW15,2,0.9225952378299382,2,0.25,2,0.9237272821240192
RW15,3,0.8654685977166434,2,0.25,2,0.9007910356870708
RW15,4,0.8331123466557073,2,0.25,2,0.8354300524444537
RW15,5,0.7854218267547517,2,0.25,2,0.8167880924948754
RW15,6,0.7308801736607424,2,0.25,2,0.7613936692552206
RW15,7,0.7033432455088411,2,0.25,2,0.7725561718844957
RW15,8,0.6798891483633692,2,0.25,2,0.7474868719144666
RW15,9,0.6595524905078265,2,0.25,2,0.7292762489762772
RW15,10,0.6385049022337113,2,0.25,2,0.6822139697604342
RW15,11,0.6188055183968584,2,0.25,2,0.6528948871144291
RW15,12,0.5978706628223552,2,0.25,2,0.6416323833491901
RW15,13,0.564108530129482,2,0.25,2,0.6235025180206293
RW15,14,0.5618221733421094,2,0.25,2,0.58955491449215
RW15,15,0.5683340400975069,2,0.25,2,0.5888260567976066
RW15,16,0.5328255192748415,2,0.25,2,0.5685033517129959
RW15,17,0.525805629163202,2,0.25,2,0.5403027203425861
RW15,18,0.5037113308815376,2,0.25,2,0.5341071178906641
RW15,19,0.4878101214299047,2,0.25,2,0.530689738938474
RW15,20,0.4857842099501362,2,0.25,2,0.5328319363236651
RW15,21,0.4823497951477415,2,0.25,2,0.5247535671280538
RW15,22,0.469053235395845,2,0.25,2,0.507100542479114
RW15,23,0.44283042970152153,2,0.25,2,0.5165049650639205
RW19,0,1.0,2,0.25,2,0.9977741160134307
RW19,1,0.9396235436975541,2,0.25,2,0.9167366049262445
RW19,2,0.9120786188350108,2,0.25,2,0.9068818950875386
RW19,3,0.8847986908586808,2,0.25,2,0.8840025790617787
RW19,4,0.8571370872127337,2,0.25,2,0.8613464702329177
RW19,5,0.8354199075992986,2,0.25,2,0.8326775715507944
RW19,6,0.8073309568665201,2,0.25,2,0.7929135606070445
RW19,7,0.7857199625811689,2,0.25,2,0.7805612628859367
RW19,8,0.7666372214100013,2,0.25,2,0.7458685092507567
RW19,9,0.7513987910506147,2,0.25,2,0.6894823949992426
RW19,10,0.7203267622205394,2,0.25,2,0.6990981829729184
RW19,11,0.7081063051935211,2,0.25,2,0.6580975627426842
RW19,12,0.6723114265835748,2,0.25,2,0.6505092370738047
RW19,13,0.6639607922077001,2,0.25,2,0.6485683290987088
RW19,14,0.6507704833452281,2,0.25,2,0.5976927768504209
RW19,15,0.6454719449243604,2,0.25,2,0.5939845814665601
RW19,16,0.6196235547721438,2,0.25,2,0.5846535099657018
RW19,17,0.5838720772978139,2,0.25,2,0.5875277220377285
RW19,18,0.5755212201280766,2,0.25,2,0.5644581094319946
RW19,19,0.5607907745146146,2,0.25,2,0.5594015517069232
RW19,20,0.5604943676173099,2,0.25,2,0.5607264214892755
RW19,21,0.5388293035023539,2,0.25,2,0.5566407779460812
RW19,22,0.5241299200287287,2,0.25,2,0.5463816977916357
RW19,23,0.5173999584381129,2,0.25,2,0.5453868249919024
RW19,24,0.5070395009418225,2,0.25,2,0.5438735006544867
RW19,25,0.5041861774066588,2,0.25,2,0.522455340745407
RW23,0,1.0,2,0.25,2,1.0003760382440496
RW23,1,0.968874030176613,2,0.25,2,0.983414732301433
RW23,2,0.93116690709189,2,0.25,2,0.9643721186270663
RW23,3,0.9041203685654416,2,0.25,2,0.8985150829895839
RW23,4,0.8752754662299709,2,0.25,2,0.8591667505565482
RW23,5,0.8465547714660063,2,0.25,2,0.814066099489473
RW23,6,0.8208981506750966,2,0.25,2,0.8055587942489856
RW23,7,0.7998940829401381,2,0.25,2,0.7972528433890637
RW23,8,0.7892510429257036,2,0.25,2,0.7541463211748415
RW23,9,0.7631753024809578,2,0.25,2,0.7832423834918104
RW23,10,0.7401984489323145,2,0.25,2,0.728382519065907
RW27,0,1.0,2,0.25,2,1.0003760382440496
RW27,1,0.9681570193735269,2,0.25,2,0.9806497026236023
RW27,2,0.9437661592431005,2,0.25,2,0.9555332816450834
RW27,3,0.9188104975387007,2,0.25,2,0.9239596093330781
RW27,4,0.899349484660793,2,0.25,2,0.9074913630279017
RW27,5,0.8814742779331408,2,0.25,2,0.8974463957091666
RW27,6,0.8663787550926042,2,0.25,2,0.8657161238323188
RW27,7,0.8547311284111835,2,0.25,2,0.8328235705409074
RW27,8,0.8431959746161813,2,0.25,2,0.8270613925825666
RW27,9,0.8351597805140608,2,0.25,2,0.8232454835070085
RW27,10,0.8233026207413151,2,0.25,2,0.807822899873416
RW27,11,0.8176967306120008,2,0.25,2,0.7567523397343872
RW5,0,1.0,2,0.25,2,0.9914679063480545
RW5,1,0.960825991745598,2,0.25,2,0.9786117570646043
RW5,2,0.9266800602747612,2,0.25,2,0.9438182686769186
RW5,3,0.9011293220077173,2,0.25,2,0.8914999329908421
RW5,4,0.8764709808493428,2,0.25,2,0.8947190588514103
RW5,5,0.8526426940151302,2,0.25,2,0.8900683794521096
RW5,6,0.839370527729129,2,0.25,2,0.8473234214913024
RW5,7,0.8159574870069374,2,0.25,2,0.8052041481549426
RW5,8,0.8004750971060514,2,0.25,2,0.8024631713882602
RW5,9,0.8228279206228818,2,0.25,2,0.8033332396295382
RW5,10,0.7867656223348591,2,0.25,2,0.7905266760571451
RW5,11,0.7661099188154834,2,0.25,2,0.7341144065479231
RW5,12,0.7429108814178095,2,0.25,2,0.7009402781611133
RW5,13,0.7091745980062312,2,0.25,2,0.6844087972650905
RW5,14,0.6857713337470273,2,0.25,2,0.6530553235347254
RW5,15,0.6672427863976763,2,0.25,2,0.6496458579560264
RW5,16,0.6687356247963866,2,0.25,2,0.6503983733284355
RW5,17,0.636480784151189,2,0.25,2,0.6415761549430795
RW5,18,0.6183718679139446,2,0.25,2,0.6048125575325736
RW5,19,0.5752173546693329,2,0.25,2,0.5846417140101535
RW5,20,0.5747937898766532,2,0.25,2,0.581140252162417
RW7,0,1.0,2,0.25,2,0.9991966827697627
RW7,1,0.9737384788654111,2,0.25,2,0.9466915090292277
RW7,2,0.9447337319243664,2,0.25,2,0.9250331549344177
RW7,3,0.9146274603726349,2,0.25,2,0.8973194974851428
RW7,4,0.8871149443826014,2,0.25,2,0.8820775857678865
RW7,5,0.8607953281423645,2,0.25,2,0.8534236701065978
RW7,6,0.8253218854282387,2,0.25,2,0.8212191501941288
RW7,7,0.8256203114571893,2,0.25,2,0.8141299900786554
RW7,8,0.8174379654477165,2,0.25,2,0.7946134845043533
RW7,9,0.8035643430201168,2,0.25,2,0.7944813080164498
RW7,10,0.7896346635150358,2,0.25,2,0.7391281577808866
RW7,11,0.7718959267241481,2,0.25,2,0.740890768535477
RW7,12,0.7860019167130227,2,0.25,2,0.7366705243860086
RW7,13,0.7507796857619143,2,0.25,2,0.737284561870362
RW7,14,0.7327447163515879,2,0.25,2,0.6949156938583753
RW7,15,0.7074586345939947,2,0.25,2,0.6967695989366676
RW7,16,0.6825198136819158,2,0.25,2,0.6584409046983046
RW7,17,0.662699874860957,2,0.25,2,0.6372871907956432
RW7,18,0.6262446211067287,2,0.25,2,0.6173956106421965
RW7,19,0.6075826021968548,2,0.25,2,0.6276056284836207
RW7,20,0.6170093927279642,2,0.25,2,0.6076004000257207
RW7,21,0.6466135984427249,2,0.25,2,0.5526488901582832
RW7,22,0.5740413094410772,2,0.25,2,0.5533641908304399
RW7,23,0.5335005770298783,2,0.25,2,0.5313995671950202
RW7,24,0.52059510567296,2,0.25,2,0.5139459543367549
RW11,0,1.0,2,0.25,3,1.0008934629940898
RW11,1,0.9812509775303251,2,0.25,3,0.9812279563814232
RW11,2,0.9650137068435085,2,0.25,3,0.9557332581100164
RW11,3,0.9351362403953054,2,0.25,3,0.9321173995024628
RW11,4,0.90714425616019,2,0.25,3,0.936010393064214
RW11,5,0.8457053142903532,2,0.25,3,0.8643464526180562
RW11,6,0.8020972922814096,2,0.25,3,0.8008660201195894
RW11,7,0.7484325203829727,2,0.25,3,0.8127324358874335
RW11,8,0.7189787689899965,2,0.25,3,0.8096546102625105
RW11,9,0.6910853284576837,2,0.25,3,0.799949982170912
RW11,10,0.6761559111900426,2,0.25,3,0.8017135711639845
RW11,11,0.6550657321125852,2,0.25,3,0.7856640429868328
RW11,12,0.6425313612904104,2,0.25,3,0.7821895695191152
RW11,13,0.6909619595729768,2,0.25,3,0.7878551471879203
RW11,14,0.6373488207077248,2,0.25,3,0.7888365131324975
RW11,15,0.6236460344632558,2,0.25,3,0.7858298689781805
RW11,16,0.6096063869507001,2,0.25,3,0.7580213963473866
RW11,17,0.6095592595614534,2,0.25,3,0.7269594411010066
RW11,18,0.6117111890811565,2,0.25,3,0.7304020860247084
RW11,19,0.6132328800421039,2,0.25,3,0.7266418262668164
RW11,20,0.6177338702955617,2,0.25,3,0.7258749020612103
RW11,21,0.6151726925016363,2,0.25,3,0.7277646176788408
RW11,22,0.6150917110526547,2,0.25,3,0.7277646176788408
RW11,23,0.6084443675781239,2,0.25,3,0.7131776236535057
RW11,24,0.6108413236784053,2,0.25,3,0.7134933094463413
RW11,25,0.604457872674917,2,0.25,3,0.7114493640490298
RW11,26,0.6029517287743232,2,0.25,3,0.66653033469497
RW11,27,0.605157402435204,2,0.25,3,0.6590997242958978
RW11,28,0.5960453588974413,2,0.25,3,0.6573476149929729
RW11,29,0.5898473993066765,2,0.25,3,0.6526773580860811
RW11,30,0.5639353004202469,2,0.25,3,0.6305868037898696
RW11,31,0.5833093037578585,2,0.25,3,0.6287186392216988
RW11,32,0.5385993504613933,2,0.25,3,0.6271751474494344
RW11,33,0.5270290981610593,2,0.25,3,0.5701202300413873
RW11,34,0.4838174078709938,2,0.25,3,0.5698199993206295
RW11,35,0.4668435392432821,2,0.25,3,0.5129442602851217
RW11,36,0.4539967259442097,2,0.25,3,0.4602578988408926
RW15,0,1.0,2,0.25,3,1.000060402750951
RW15,1,0.9650574510743339,2,0.25,3,0.965763676889393
RW15,2,0.9225952378299382,2,0.25,3,0.932041403650857
RW15,3,0.8654685977166434,2,0.25,3,0.9038751399897142
RW15,4,0.8331123466557073,2,0.25,3,0.8388617135026946
RW15,5,0.7854218267547517,2,0.25,3,0.8096419873058499
RW15,6,0.7308801736607424,2,0.25,3,0.7863122509244738
RW15,7,0.7033432455088411,2,0.25,3,0.7648120516720522
RW15,8,0.6798891483633692,2,0.25,3,0.7352221512846495
RW15,9,0.6595524905078265,2,0.25,3,0.7354948922099332
RW15,10,0.6385049022337113,2,0.25,3,0.6847359607145933
RW15,11,0.6188055183968584,2,0.25,3,0.6508897167267383
RW15,12,0.5978706628223552,2,0.25,3,0.6492548987076514
RW15,13,0.564108530129482,2,0.25,3,0.6034236849955202
RW15,14,0.5618221733421094,2,0.25,3,0.6032403523672559
RW15,15,0.5683340400975069,2,0.25,3,0.5871662329739777
RW15,16,0.5328255192748415,2,0.25,3,0.5659489072192138
RW15,17,0.525805629163202,2,0.25,3,0.5425036017220538
RW15,18,0.5037113308815376,2,0.25,3,0.5411428880677872
RW15,19,0.4878101214299047,2,0.25,3,0.5088186875526525
RW15,20,0.4857842099501362,2,0.25,3,0.5128350541630584
RW15,21,0.4823497951477415,2,0.25,3,0.5139409622540713
RW15,22,0.469053235395845,2,0.25,3,0.5184460923005484
RW15,23,0.44283042970152153,2,0.25,3,0.5382066316532584
RW19,0,1.0,2,0.25,3,1.0000259153419535
RW19,1,0.9396235436975541,2,0.25,3,0.9478594299837441
RW19,2,0.9120786188350108,2,0.25,3,0.9071898639590016
RW19,3,0.8847986908586808,2,0.25,3,0.8908955170574158
RW19,4,0.8571370872127337,2,0.25,3,0.8485114405816595
RW19,5,0.8354199075992986,2,0.25,3,0.8276501928836179
RW19,6,0.8073309568665201,2,0.25,3,0.7907045948172791
RW19,7,0.7857199625811689,2,0.25,3,0.7632647954890861
RW19,8,0.7666372214100013,2,0.25,3,0.7559163756803758
RW19,9,0.7513987910506147,2,0.25,3,0.707195667200607
RW19,10,0.7203267622205394,2,0.25,3,0.7012781122143646
RW19,11,0.7081063051935211,2,0.25,3,0.645718295104772
RW19,12,0.6723114265835748,2,0.25,3,0.6540707972790273
RW19,13,0.6639607922077001,2,0.25,3,0.6502212486318647
RW19,14,0.6507704833452281,2,0.25,3,0.6058789684135331
RW19,15,0.6454719449243604,2,0.25,3,0.6058789684135331
RW19,16,0.6196235547721438,2,0.25,3,0.5917774742755596
RW19,17,0.5838720772978139,2,0.25,3,0.5605173340456949
RW19,18,0.5755212201280766,2,0.25,3,0.5603087197909854
RW19,19,0.5607907745146146,2,0.25,3,0.5617603456102371
RW19,20,0.5604943676173099,2,0.25,3,0.5415811904005622
RW19,21,0.5388293035023539,2,0.25,3,0.5423833796952294
RW19,22,0.5241299200287287,2,0.25,3,0.5314422611518322
RW19,23,0.5173999584381129,2,0.25,3,0.5307697732973857
RW19,24,0.5070395009418225,2,0.25,3,0.5266421865730159
RW19,25,0.5041861774066588,2,0.25,3,0.5245753464102391
RW23,0,1.0,2,0.25,3,1.000342519894868
RW23,1,0.968874030176613,2,0.25,3,0.9855516674704229
RW23,2,0.93116690709189,2,0.25,3,0.9632727359686304
RW23,3,0.9041203685654416,2,0.25,3,0.9084011927789125
RW23,4,0.8752754662299709,2,0.25,3,0.8923077201435601
RW23,5,0.8465547714660063,2,0.25,3,0.867733945095796
RW23,6,0.8208981506750966,2,0.25,3,0.8149108350350249
RW23,7,0.7998940829401381,2,0.25,3,0.8214999066233258
RW23,8,0.7892510429257036,2,0.25,3,0.7450832316524161
RW23,9,0.7631753024809578,2,0.25,3,0.7556233218338997
RW23,10,0.7401984489323145,2,0.25,3,0.7017263072829467
RW27,0,1.0,2,0.25,3,1.000342519894868
RW27,1,0.9681570193735269,2,0.25,3,0.9735326027335434
RW27,2,0.9437661592431005,2,0.25,3,0.9497572000995309
RW27,3,0.9188104975387007,2,0.25,3,0.9201164211567765
RW27,4,0.899349484660793,2,0.25,3,0.9120407793504968
RW27,5,0.8814742779331408,2,0.25,3,0.8842038105509875
RW27,6,0.8663787550926042,2,0.25,3,0.864698872885326
RW27,7,0.8547311284111835,2,0.25,3,0.8670841583423526
RW27,8,0.8431959746161813,2,0.25,3,0.8285923273286401
RW27,9,0.8351597805140608,2,0.25,3,0.8240266964762819
RW27,10,0.8233026207413151,2,0.25,3,0.7970228377255499
RW27,11,0.8176967306120008,2,0.25,3,0.7356727192140569
RW5,0,1.0,2,0.25,3,1.0008589755850923
RW5,1,0.960825991745598,2,0.25,3,0.9656388276125079
RW5,2,0.9266800602747612,2,0.25,3,0.9402950473868202
RW5,3,0.9011293220077173,2,0.25,3,0.9318137760556088
RW5,4,0.8764709808493428,2,0.25,3,0.900653251070882
RW5,5,0.8526426940151302,2,0.25,3,0.8812424975853219
RW5,6,0.839370527729129,2,0.25,3,0.839628999950086
RW5,7,0.8159574870069374,2,0.25,3,0.8229453247328868
RW5,8,0.8004750971060514,2,0.25,3,0.7816074412721036
RW5,9,0.8228279206228818,2,0.25,3,0.7803407477949559
RW5,10,0.7867656223348591,2,0.25,3,0.7687406613511306
RW5,11,0.7661099188154834,2,0.25,3,0.7159157977342634
RW5,12,0.7429108814178095,2,0.25,3,0.7202789798334591
RW5,13,0.7091745980062312,2,0.25,3,0.692771199972596
RW5,14,0.6857713337470273,2,0.25,3,0.6283213591116864
RW5,15,0.6672427863976763,2,0.25,3,0.6353492685353548
RW5,16,0.6687356247963866,2,0.25,3,0.6516814426781089
RW5,17,0.636480784151189,2,0.25,3,0.6020428287536201
RW5,18,0.6183718679139446,2,0.25,3,0.6048166038883784
RW5,19,0.5752173546693329,2,0.25,3,0.5523132530225708
RW5,20,0.5747937898766532,2,0.25,3,0.5488278604854406
RW7,0,1.0,2,0.25,3,0.998492365876493
RW7,1,0.9737384788654111,2,0.25,3,0.9566215494981714
RW7,2,0.9447337319243664,2,0.25,3,0.929582997054217
RW7,3,0.9146274603726349,2,0.25,3,0.925288548466958
RW7,4,0.8871149443826014,2,0.25,3,0.8713883943102618
RW7,5,0.8607953281423645,2,0.25,3,0.87168240201521
RW7,6,0.8253218854282387,2,0.25,3,0.8571946183810076
RW7,7,0.8256203114571893,2,0.25,3,0.7924049204624878
RW7,8,0.8174379654477165,2,0.25,3,0.7811962602554113
RW7,9,0.8035643430201168,2,0.25,3,0.7358998956611275
RW7,10,0.7896346635150358,2,0.25,3,0.7403069639463457
RW7,11,0.7718959267241481,2,0.25,3,0.7315787306645897
RW7,12,0.7860019167130227,2,0.25,3,0.737533756192943
RW7,13,0.7507796857619143,2,0.25,3,0.69864553118202
RW7,14,0.7327447163515879,2,0.25,3,0.6828884145251233
RW7,15,0.7074586345939947,2,0.25,3,0.6522315904915857
RW7,16,0.6825198136819158,2,0.25,3,0.6428696729658459
RW7,17,0.662699874860957,2,0.25,3,0.6263658252813761
RW7,18,0.6262446211067287,2,0.25,3,0.5704874091727378
RW7,19,0.6075826021968548,2,0.25,3,0.5686189342201899
RW7,20,0.6170093927279642,2,0.25,3,0.58210292509771
RW7,21,0.6466135984427249,2,0.25,3,0.5427576038013405
RW7,22,0.5740413094410772,2,0.25,3,0.5455927456795693
RW7,23,0.5335005770298783,2,0.25,3,0.533151403421355
RW7,24,0.52059510567296,2,0.25,3,0.5041868082769976
RW11,0,1.0,2,0.25,4,0.9999527809373404
RW11,1,0.9812509775303251,2,0.25,4,0.9790894860500406
RW11,2,0.9650137068435085,2,0.25,4,0.9687589182426007
RW11,3,0.9351362403953054,2,0.25,4,0.9454074302862245
RW11,4,0.90714425616019,2,0.25,4,0.9255576037106835
RW11,5,0.8457053142903532,2,0.25,4,0.878164309818687
RW11,6,0.8020972922814096,2,0.25,4,0.8190226097206993
RW11,7,0.7484325203829727,2,0.25,4,0.8186871721057847
RW11,8,0.7189787689899965,2,0.25,4,0.8113945088088761
RW11,9,0.6910853284576837,2,0.25,4,0.8159679758519407
RW11,10,0.6761559111900426,2,0.25,4,0.8196055720474887
RW11,11,0.6550657321125852,2,0.25,4,0.8245414636310248
RW11,12,0.6425313612904104,2,0.25,4,0.7878371353125536
RW11,13,0.6909619595729768,2,0.25,4,0.7881324785998723
RW11,14,0.6373488207077248,2,0.25,4,0.7531955275314601
RW11,15,0.6236460344632558,2,0.25,4,0.7508592421816171
RW11,16,0.6096063869507001,2,0.25,4,0.7433586943470731
RW11,17,0.6095592595614534,2,0.25,4,0.7434532093944917
RW11,18,0.6117111890811565,2,0.25,4,0.7446663956724799
RW11,19,0.6132328800421039,2,0.25,4,0.7234642940807696
RW11,20,0.6177338702955617,2,0.25,4,0.7120448042989389
RW11,21,0.6151726925016363,2,0.25,4,0.7115373545681476
RW11,22,0.6150917110526547,2,0.25,4,0.6952692156512241
RW11,23,0.6084443675781239,2,0.25,4,0.6823550942579293
RW11,24,0.6108413236784053,2,0.25,4,0.6675109912926418
RW11,25,0.604457872674917,2,0.25,4,0.6660297432830284
RW11,26,0.6029517287743232,2,0.25,4,0.6656842761579573
RW11,27,0.605157402435204,2,0.25,4,0.6583643570724214
RW11,28,0.5960453588974413,2,0.25,4,0.654209711385006
RW11,29,0.5898473993066765,2,0.25,4,0.6435927552300447
RW11,30,0.5639353004202469,2,0.25,4,0.6220370236881547
RW11,31,0.5833093037578585,2,0.25,4,0.6270282366272664
RW11,32,0.5385993504613933,2,0.25,4,0.6076401732710952
RW11,33,0.5270290981610593,2,0.25,4,0.60602396360726
RW11,34,0.4838174078709938,2,0.25,4,0.5757950814538307
RW11,35,0.4668435392432821,2,0.25,4,0.5135684902527902
RW11,36,0.4539967259442097,2,0.25,4,0.4318853229643665
RW15,0,1.0,2,0.25,4,0.9998200543106721
RW15,1,0.9650574510743339,2,0.25,4,0.9652352740702135
RW15,2,0.9225952378299382,2,0.25,4,0.9493065146375571
RW15,3,0.8654685977166434,2,0.25,4,0.9103213637039056
RW15,4,0.8331123466557073,2,0.25,4,0.8331466675288012
RW15,5,0.7854218267547517,2,0.25,4,0.7950261607709241
RW15,6,0.7308801736607424,2,0.25,4,0.7831373799409579
RW15,7,0.7033432455088411,2,0.25,4,0.7782902378535246
RW15,8,0.6798891483633692,2,0.25,4,0.7615282265823664
RW15,9,0.6595524905078265,2,0.25,4,0.7413350236578607
RW15,10,0.6385049022337113,2,0.25,4,0.7051657942734233
RW15,11,0.6188055183968584,2,0.25,4,0.6987573994860252
RW15,12,0.5978706628223552,2,0.25,4,0.6476494192987146
RW15,13,0.564108530129482,2,0.25,4,0.6256377722329987
RW15,14,0.5618221733421094,2,0.25,4,0.6077046856314945
RW15,15,0.5683340400975069,2,0.25,4,0.5938307054648676
RW15,16,0.5328255192748415,2,0.25,4,0.5583610537153265
RW15,17,0.525805629163202,2,0.25,4,0.5379325839924394
RW15,18,0.5037113308815376,2,0.25,4,0.5371069931475397
RW15,19,0.4878101214299047,2,0.25,4,0.5131674202210298
RW15,20,0.4857842099501362,2,0.25,4,0.5175195975554493
RW15,21,0.4823497951477415,2,0.25,4,0.5170693499477387
RW15,22,0.469053235395845,2,0.25,4,0.5063886733352517
RW15,23,0.44283042970152153,2,0.25,4,0.5317598309044868
RW19,0,1.0,2,0.25,4,0.9998200543106721
RW19,1,0.9396235436975541,2,0.25,4,0.936688543264739
RW19,2,0.9120786188350108,2,0.25,4,0.9129102006278854
RW19,3,0.8847986908586808,2,0.25,4,0.8800778520253162
RW19,4,0.8571370872127337,2,0.25,4,0.8307140298985706
RW19,5,0.8354199075992986,2,0.25,4,0.8138513238989509
RW19,6,0.8073309568665201,2,0.25,4,0.7978647411195662
RW19,7,0.7857199625811689,2,0.25,4,0.7716929243429179
RW19,8,0.7666372214100013,2,0.25,4,0.7430348691336875
RW19,9,0.7513987910506147,2,0.25,4,0.7022231354273653
RW19,10,0.7203267622205394,2,0.25,4,0.6881223805271276
RW19,11,0.7081063051935211,2,0.25,4,0.6845178901005987
RW19,12,0.6723114265835748,2,0.25,4,0.6548588022698807
RW19,13,0.6639607922077001,2,0.25,4,0.6360149484790018
RW19,14,0.6507704833452281,2,0.25,4,0.6470061861167534
RW19,15,0.6454719449243604,2,0.25,4,0.6162726986726038
RW19,16,0.6196235547721438,2,0.25,4,0.5671398104897272
RW19,17,0.5838720772978139,2,0.25,4,0.5690276178967308
RW19,18,0.5755212201280766,2,0.25,4,0.5566042729547943
RW19,19,0.5607907745146146,2,0.25,4,0.5549687588796762
RW19,20,0.5604943676173099,2,0.25,4,0.5477071910908781
RW19,21,0.5388293035023539,2,0.25,4,0.5410848948162845
RW19,22,0.5241299200287287,2,0.25,4,0.5419047552496921
RW19,23,0.5173999584381129,2,0.25,4,0.5387061328771604
RW19,24,0.5070395009418225,2,0.25,4,0.5309901073064683
RW19,25,0.5041861774066588,2,0.25,4,0.5158639000911173
RW23,0,1.0,2,0.25,4,1.0002756160658208
RW23,1,0.968874030176613,2,0.25,4,0.9782249399568016
RW23,2,0.93116690709189,2,0.25,4,0.9629946828111778
RW23,3,0.9041203685654416,2,0.25,4,0.9171445194487248
RW23,4,0.8752754662299709,2,0.25,4,0.8720333606409736
RW23,5,0.8465547714660063,2,0.25,4,0.8454590014180718
RW23,6,0.8208981506750966,2,0.25,4,0.8185880017391052
RW23,7,0.7998940829401381,2,0.25,4,0.8112345008101298
RW23,8,0.7892510429257036,2,0.25,4,0.7843570366404062
RW23,9,0.7631753024809578,2,0.25,4,0.7701908442492755
RW23,10,0.7401984489323145,2,0.25,4,0.740943208265236
RW27,0,1.0,2,0.25,4,1.0002756160658208
RW27,1,0.9681570193735269,2,0.25,4,0.974825289773814
RW27,2,0.9437661592431005,2,0.25,4,0.953986895676025
RW27,3,0.9188104975387007,2,0.25,4,0.928830524734663
RW27,4,0.899349484660793,2,0.25,4,0.9152522835003339
RW27,5,0.8814742779331408,2,0.25,4,0.872468694120223
RW27,6,0.8663787550926042,2,0.25,4,0.8449627648987387
RW27,7,0.8547311284111835,2,0.25,4,0.8466199816404777
RW27,8,0.8431959746161813,2,0.25,4,0.826689149149305
RW27,9,0.8351597805140608,2,0.25,4,0.839706871745883
RW27,10,0.8233026207413151,2,0.25,4,0.8041332893290715
RW27,11,0.8176967306120008,2,0.25,4,0.7549485254560556
RW5,0,1.0,2,0.25,4,0.9997809410835831
RW5,1,0.960825991745598,2,0.25,4,0.9732289398910917
RW5,2,0.9266800602747612,2,0.25,4,0.9509528971615296
RW5,3,0.9011293220077173,2,0.25,4,0.9275831471895138
RW5,4,0.8764709808493428,2,0.25,4,0.8995486158376365
RW5,5,0.8526426940151302,2,0.25,4,0.8567592222761211
RW5,6,0.839370527729129,2,0.25,4,0.8237580902197742
RW5,7,0.8159574870069374,2,0.25,4,0.7992837335307991
RW5,8,0.8004750971060514,2,0.25,4,0.7843841458079308
RW5,9,0.8228279206228818,2,0.25,4,0.7802608358296373
RW5,10,0.7867656223348591,2,0.25,4,0.7723087742494921
RW5,11,0.7661099188154834,2,0.25,4,0.7186939969950049
RW5,12,0.7429108814178095,2,0.25,4,0.7060051836793194
RW5,13,0.7091745980062312,2,0.25,4,0.6594194324783567
RW5,14,0.6857713337470273,2,0.25,4,0.6470772987945081
RW5,15,0.6672427863976763,2,0.25,4,0.6451151694357437
RW5,16,0.6687356247963866,2,0.25,4,0.6287404640598284
RW5,17,0.636480784151189,2,0.25,4,0.6115517830074501
RW5,18,0.6183718679139446,2,0.25,4,0.5994354257170835
RW5,19,0.5752173546693329,2,0.25,4,0.5378233603962755
RW5,20,0.5747937898766532,2,0.25,4,0.5373229229100561
RW7,0,1.0,2,0.25,4,0.9994887784203452
RW7,1,0.9737384788654111,2,0.25,4,0.9461943347680971
RW7,2,0.9447337319243664,2,0.25,4,0.9310441592753341
RW7,3,0.9146274603726349,2,0.25,4,0.9310670577822583
RW7,4,0.8871149443826014,2,0.25,4,0.8953325680033859
RW7,5,0.8607953281423645,2,0.25,4,0.8653286186972877
RW7,6,0.8253218854282387,2,0.25,4,0.8374811005899468
RW7,7,0.8256203114571893,2,0.25,4,0.7989554477924782
RW7,8,0.8174379654477165,2,0.25,4,0.7794297817752042
RW7,9,0.8035643430201168,2,0.25,4,0.7482511364296806
RW7,10,0.7896346635150358,2,0.25,4,0.7515649979450832
RW7,11,0.7718959267241481,2,0.25,4,0.7392711016033348
RW7,12,0.7860019167130227,2,0.25,4,0.7216308033591593
RW7,13,0.7507796857619143,2,0.25,4,0.6977778378917902
RW7,14,0.7327447163515879,2,0.25,4,0.67746825971254
RW7,15,0.7074586345939947,2,0.25,4,0.6616245274112356
RW7,16,0.6825198136819158,2,0.25,4,0.6223199294956552
RW7,17,0.662699874860957,2,0.25,4,0.6093545811442712
RW7,18,0.6262446211067287,2,0.25,4,0.6099706412360352
RW7,19,0.6075826021968548,2,0.25,4,0.610318730610674
RW7,20,0.6170093927279642,2,0.25,4,0.5985851130870992
RW7,21,0.6466135984427249,2,0.25,4,0.616976025395755
RW7,22,0.5740413094410772,2,0.25,4,0.571036490513855
RW7,23,0.5335005770298783,2,0.25,4,0.5265878954985415
RW7,24,0.52059510567296,2,0.25,4,0.5263727108990224
RW11,0,1.0,2,0.1,0,0.9999795369564662
RW11,1,0.9812509775303251,2,0.1,0,0.9726548146993889
RW11,2,0.9650137068435085,2,0.1,0,0.9603428398313307
RW11,3,0.9351362403953054,2,0.1,0,0.9391498257426716
RW11,4,0.90714425616019,2,0.1,0,0.8810152383524992
RW11,5,0.8457053142903532,2,0.1,0,0.771010564525341
RW11,6,0.8020972922814096,2,0.1,0,0.7715839971352253
RW11,7,0.7484325203829727,2,0.1,0,0.7515370645076853
RW11,8,0.7189787689899965,2,0.1,0,0.7551329060710983
RW11,9,0.6910853284576837,2,0.1,0,0.7409176864122687
RW11,10,0.6761559111900426,2,0.1,0,0.7414382039748745
RW11,11,0.6550657321125852,2,0.1,0,0.7430515656861888
RW11,12,0.6425313612904104,2,0.1,0,0.7480138199477576
RW11,13,0.6909619595729768,2,0.1,0,0.752263581469725
RW11,14,0.6373488207077248,2,0.1,0,0.7523674898928788
RW11,15,0.6236460344632558,2,0.1,0,0.7629338218281819
RW11,16,0.6096063869507001,2,0.1,0,0.7637633421544
RW11,17,0.6095592595614534,2,0.1,0,0.7736213251352472
RW11,18,0.6117111890811565,2,0.1,0,0.7736070259534883
RW11,19,0.6132328800421039,2,0.1,0,0.766694517097397
RW11,20,0.6177338702955617,2,0.1,0,0.7438250041510946
RW11,21,0.6151726925016363,2,0.1,0,0.6848352034808082
RW11,22,0.6150917110526547,2,0.1,0,0.6610472907678983
RW11,23,0.6084443675781239,2,0.1,0,0.6104775250243207
RW11,24,0.6108413236784053,2,0.1,0,0.6125493680476882
RW11,25,0.604457872674917,2,0.1,0,0.5925825978562126
RW11,26,0.6029517287743232,2,0.1,0,0.5895593586307032
RW11,27,0.605157402435204,2,0.1,0,0.5770448604776165
RW11,28,0.5960453588974413,2,0.1,0,0.5702019807511446
RW11,29,0.5898473993066765,2,0.1,0,0.5733895088696302
RW11,30,0.5639353004202469,2,0.1,0,0.5736197256682608
RW11,31,0.5833093037578585,2,0.1,0,0.5753102363498322
RW11,32,0.5385993504613933,2,0.1,0,0.5589463117568635
RW11,33,0.5270290981610593,2,0.1,0,0.5273399706358103
RW11,34,0.4838174078709938,2,0.1,0,0.5110871834525464
RW11,35,0.4668435392432821,2,0.1,0,0.510544438672876
RW11,36,0.4539967259442097,2,0.1,0,0.5279248097069368
RW15,0,1.0,2,0.1,0,0.9988833535061914
RW15,1,0.9650574510743339,2,0.1,0,0.9781099225251222
RW15,2,0.9225952378299382,2,0.1,0,0.9115720281470143
RW15,3,0.8654685977166434,2,0.1,0,0.9098451118717852
RW15,4,0.8331123466557073,2,0.1,0,0.8492504503987275
RW15,5,0.7854218267547517,2,0.1,0,0.8167405630561348
RW15,6,0.7308801736607424,2,0.1,0,0.7906149174326155
RW15,7,0.7033432455088411,2,0.1,0,0.8153808182184493
RW15,8,0.6798891483633692,2,0.1,0,0.7632018830269965
RW15,9,0.6595524905078265,2,0.1,0,0.7307374780110253
RW15,10,0.6385049022337113,2,0.1,0,0.7051622798972894
RW15,11,0.6188055183968584,2,0.1,0,0.6876669731753268
RW15,12,0.5978706628223552,2,0.1,0,0.6819195815361566
RW15,13,0.564108530129482,2,0.1,0,0.5620803195195433
RW15,14,0.5618221733421094,2,0.1,0,0.5350900877509566
RW15,15,0.5683340400975069,2,0.1,0,0.5349835440405437
RW15,16,0.5328255192748415,2,0.1,0,0.5443805280911859
RW15,17,0.525805629163202,2,0.1,0,0.5483519633369931
RW15,18,0.5037113308815376,2,0.1,0,0.5504898392789165
RW15,19,0.4878101214299047,2,0.1,0,0.5275524004412794
RW15,20,0.4857842099501362,2,0.1,0,0.5256756613907968
RW15,21,0.4823497951477415,2,0.1,0,0.5299563944717213
RW15,22,0.469053235395845,2,0.1,0,0.5316540871063166
RW15,23,0.44283042970152153,2,0.1,0,0.5239018418724145
RW19,0,1.0,2,0.1,0,0.9988758913320087
RW19,1,0.9396235436975541,2,0.1,0,0.8934994621360757
RW19,2,0.9120786188350108,2,0.1,0,0.8972274359533281
RW19,3,0.8847986908586808,2,0.1,0,0.8551897722912125
RW19,4,0.8571370872127337,2,0.1,0,0.8420527784359177
RW19,5,0.8354199075992986,2,0.1,0,0.8283908189355167
RW19,6,0.8073309568665201,2,0.1,0,0.8081386460029294
RW19,7,0.7857199625811689,2,0.1,0,0.7819854651588327
RW19,8,0.7666372214100013,2,0.1,0,0.7176627595012908
RW19,9,0.7513987910506147,2,0.1,0,0.7048814380174355
RW19,10,0.7203267622205394,2,0.1,0,0.6774494913513609
RW19,11,0.7081063051935211,2,0.1,0,0.651142865903921
RW19,12,0.6723114265835748,2,0.1,0,0.6569234649614306
RW19,13,0.6639607922077001,2,0.1,0,0.5919489516647453
RW19,14,0.6507704833452281,2,0.1,0,0.5314616011314616
RW19,15,0.6454719449243604,2,0.1,0,0.5442988608897743
RW19,16,0.6196235547721438,2,0.1,0,0.5459468574261265
RW19,17,0.5838720772978139,2,0.1,0,0.5459336336930516
RW19,18,0.5755212201280766,2,0.1,0,0.5409575474625594
RW19,19,0.5607907745146146,2,0.1,0,0.5460558580655233
RW19,20,0.5604943676173099,2,0.1,0,0.5460005467034168
RW19,21,0.5388293035023539,2,0.1,0,0.5261606419951915
RW19,22,0.5241299200287287,2,0.1,0,0.5256423020715573
RW19,23,0.5173999584381129,2,0.1,0,0.5253824874480162
RW19,24,0.5070395009418225,2,0.1,0,0.5261170083522994
RW19,25,0.5041861774066588,2,0.1,0,0.5256339668370117
RW23,0,1.0,2,0.1,0,1.0000061288714386
RW23,1,0.968874030176613,2,0.1,0,0.9828372885431664
RW23,2,0.93116690709189,2,0.1,0,0.9468659129139068
RW23,3,0.9041203685654416,2,0.1,0,0.9212335771669067
RW23,4,0.8752754662299709,2,0.1,0,0.8722547455122455
RW23,5,0.8465547714660063,2,0.1,0,0.8358264750703809
RW23,6,0.8208981506750966,2,0.1,0,0.8265026736145973
RW23,7,0.7998940829401381,2,0.1,0,0.7949200425266276
RW23,8,0.7892510429257036,2,0.1,0,0.7952605638549389
RW23,9,0.7631753024809578,2,0.1,0,0.7282668480957524
RW23,10,0.7401984489323145,2,0.1,0,0.6893517448212483
RW27,0,1.0,2,0.1,0,1.0000061288714386
RW27,1,0.9681570193735269,2,0.1,0,0.9521611006733882
RW27,2,0.9437661592431005,2,0.1,0,0.9249918492192756
RW27,3,0.9188104975387007,2,0.1,0,0.9002471381361661
RW27,4,0.899349484660793,2,0.1,0,0.8978905967906506
RW27,5,0.8814742779331408,2,0.1,0,0.8555781172402748
RW27,6,0.8663787550926042,2,0.1,0,0.8611822535857401
RW27,7,0.8547311284111835,2,0.1,0,0.8310951768362632
RW27,8,0.8431959746161813,2,0.1,0,0.8314897672441327
RW27,9,0.8351597805140608,2,0.1,0,0.7922517145277784
RW27,10,0.8233026207413151,2,0.1,0,0.7808940968729899
RW27,11,0.8176967306120008,2,0.1,0,0.7328416567188583
RW5,0,1.0,2,0.1,0,0.9999600060596069
RW5,1,0.960825991745598,2,0.1,0,0.9686239694905779
RW5,2,0.9266800602747612,2,0.1,0,0.9408086506196502
RW5,3,0.9011293220077173,2,0.1,0,0.9018165065349047
RW5,4,0.8764709808493428,2,0.1,0,0.8991774652189787
RW5,5,0.8526426940151302,2,0.1,0,0.8812983410444118
RW5,6,0.839370527729129,2,0.1,0,0.8437507444338548
RW5,7,0.8159574870069374,2,0.1,0,0.8042263803175214
RW5,8,0.8004750971060514,2,0.1,0,0.8053912493906346
RW5,9,0.8228279206228818,2,0.1,0,0.8053329268702473
RW5,10,0.7867656223348591,2,0.1,0,0.7583855347756111
RW5,11,0.7661099188154834,2,0.1,0,0.7644031196508304
RW5,12,0.7429108814178095,2,0.1,0,0.7168025480598105
RW5,13,0.7091745980062312,2,0.1,0,0.6864245305266536
RW5,14,0.6857713337470273,2,0.1,0,0.6626029945306382
RW5,15,0.6672427863976763,2,0.1,0,0.6639690061131768
RW5,16,0.6687356247963866,2,0.1,0,0.6603410554185997
RW5,17,0.636480784151189,2,0.1,0,0.5365010877907854
RW5,18,0.6183718679139446,2,0.1,0,0.5419062438667325
RW5,19,0.5752173546693329,2,0.1,0,0.5406430545455922
RW5,20,0.5747937898766532,2,0.1,0,0.5413394068118689
RW7,0,1.0,2,0.1,0,0.9977466939704762
RW7,1,0.9737384788654111,2,0.1,0,0.9645478200761753
RW7,2,0.9447337319243664,2,0.1,0,0.9336683402918593
RW7,3,0.9146274603726349,2,0.1,0,0.8960976185094639
RW7,4,0.8871149443826014,2,0.1,0,0.8839015214186272
RW7,5,0.8607953281423645,2,0.1,0,0.8770757848753337
RW7,6,0.8253218854282387,2,0.1,0,0.8308147452300125
RW7,7,0.8256203114571893,2,0.1,0,0.7947902668541297
RW7,8,0.8174379654477165,2,0.1,0,0.7352188014307244
RW7,9,0.8035643430201168,2,0.1,0,0.7423473866873614
RW7,10,0.7896346635150358,2,0.1,0,0.7360050251349937
RW7,11,0.7718959267241481,2,0.1,0,0.7123988779489407
RW7,12,0.7860019167130227,2,0.1,0,0.7234614042278816
RW7,13,0.7507796857619143,2,0.1,0,0.7261843600824663
RW7,14,0.7327447163515879,2,0.1,0,0.7265963307324887
RW7,15,0.7074586345939947,2,0.1,0,0.6793496077155564
RW7,16,0.6825198136819158,2,0.1,0,0.6613842731624365
RW7,17,0.662699874860957,2,0.1,0,0.6387179540466527
RW7,18,0.6262446211067287,2,0.1,0,0.6390969685604379
RW7,19,0.6075826021968548,2,0.1,0,0.6370042269714304
RW7,20,0.6170093927279642,2,0.1,0,0.6347551092949448
RW7,21,0.6466135984427249,2,0.1,0,0.4890892149442102
RW7,22,0.5740413094410772,2,0.1,0,0.5000182141365311
RW7,23,0.5335005770298783,2,0.1,0,0.5000164741070913
RW7,24,0.52059510567296,2,0.1,0,0.5000569363315563
RW11,0,1.0,2,0.1,1,1.0001470557316838
RW11,1,0.9812509775303251,2,0.1,1,0.9516056306670698
RW11,2,0.9650137068435085,2,0.1,1,0.9449435274806718
RW11,3,0.9351362403953054,2,0.1,1,0.8998746908994102
RW11,4,0.90714425616019,2,0.1,1,0.8840684286403887
RW11,5,0.8457053142903532,2,0.1,1,0.877642251482347
RW11,6,0.8020972922814096,2,0.1,1,0.8578158967673709
RW11,7,0.7484325203829727,2,0.1,1,0.806021145081756
RW11,8,0.7189787689899965,2,0.1,1,0.7842662736837758
RW11,9,0.6910853284576837,2,0.1,1,0.7794054940810347
RW11,10,0.6761559111900426,2,0.1,1,0.7719924365844691
RW11,11,0.6550657321125852,2,0.1,1,0.7716845285755652
RW11,12,0.6425313612904104,2,0.1,1,0.7587332051949088
RW11,13,0.6909619595729768,2,0.1,1,0.7568369431185568
RW11,14,0.6373488207077248,2,0.1,1,0.7565959982264858
RW11,15,0.6236460344632558,2,0.1,1,0.7594569359797534
RW11,16,0.6096063869507001,2,0.1,1,0.759942599723825
RW11,17,0.6095592595614534,2,0.1,1,0.7602153327672397
RW11,18,0.6117111890811565,2,0.1,1,0.7647423219424697
RW11,19,0.6132328800421039,2,0.1,1,0.6885528471635854
RW11,20,0.6177338702955617,2,0.1,1,0.6892987063179612
RW11,21,0.6151726925016363,2,0.1,1,0.6716478626437103
RW11,22,0.6150917110526547,2,0.1,1,0.6716478626437103
RW11,23,0.6084443675781239,2,0.1,1,0.6649367978242081
RW11,24,0.6108413236784053,2,0.1,1,0.6645106648703097
RW11,25,0.604457872674917,2,0.1,1,0.6516226401862132
RW11,26,0.6029517287743232,2,0.1,1,0.651143575997689
RW11,27,0.605157402435204,2,0.1,1,0.6494434609081113
RW11,28,0.5960453588974413,2,0.1,1,0.609846239421864
RW11,29,0.5898473993066765,2,0.1,1,0.6069177257304209
RW11,30,0.5639353004202469,2,0.1,1,0.606684601820472
RW11,31,0.5833093037578585,2,0.1,1,0.6074995884136327
RW11,32,0.5385993504613933,2,0.1,1,0.6061968952545523
RW11,33,0.5270290981610593,2,0.1,1,0.5935089148532313
RW11,34,0.4838174078709938,2,0.1,1,0.5471602657843925
RW11,35,0.4668435392432821,2,0.1,1,0.5417229814159004
RW11,36,0.4539967259442097,2,0.1,1,0.540787395428943
RW15,0,1.0,2,0.1,1,0.999980023348035
RW15,1,0.9650574510743339,2,0.1,1,0.9867158294361749
RW15,2,0.9225952378299382,2,0.1,1,0.9476170416374344
RW15,3,0.8654685977166434,2,0.1,1,0.9403573968000408
RW15,4,0.8331123466557073,2,0.1,1,0.8521166179643342
RW15,5,0.7854218267547517,2,0.1,1,0.8013990383486261
RW15,6,0.7308801736607424,2,0.1,1,0.7578098054464347
RW15,7,0.7033432455088411,2,0.1,1,0.75251104034296
RW15,8,0.6798891483633692,2,0.1,1,0.744869806994544
RW15,9,0.6595524905078265,2,0.1,1,0.7218575549155885
RW15,10,0.6385049022337113,2,0.1,1,0.7183105791690416
RW15,11,0.6188055183968584,2,0.1,1,0.6953393021923727
RW15,12,0.5978706628223552,2,0.1,1,0.6410286701655838
RW15,13,0.564108530129482,2,0.1,1,0.6286137445231403
RW15,14,0.5618221733421094,2,0.1,1,0.5492363025707896
RW15,15,0.5683340400975069,2,0.1,1,0.5466429041816614
RW15,16,0.5328255192748415,2,0.1,1,0.5384634153533354
RW15,17,0.525805629163202,2,0.1,1,0.5133245405608318
RW15,18,0.5037113308815376,2,0.1,1,0.5012885753927554
RW15,19,0.4878101214299047,2,0.1,1,0.506652644528935
RW15,20,0.4857842099501362,2,0.1,1,0.5165510472937529
RW15,21,0.4823497951477415,2,0.1,1,0.5168144377579107
RW15,22,0.469053235395845,2,0.1,1,0.5168144377579107
RW15,23,0.44283042970152153,2,0.1,1,0.5167439411618708
RW19,0,1.0,2,0.1,1,0.999980023348035
RW19,1,0.9396235436975541,2,0.1,1,0.9412842819686605
RW19,2,0.9120786188350108,2,0.1,1,0.922175904148149
RW19,3,0.8847986908586808,2,0.1,1,0.9007536003905028
RW19,4,0.8571370872127337,2,0.1,1,0.8428751646031812
RW19,5,0.8354199075992986,2,0.1,1,0.8121663406502232
RW19,6,0.8073309568665201,2,0.1,1,0.7834938078276258
RW19,7,0.7857199625811689,2,0.1,1,0.7704140940327655
RW19,8,0.7666372214100013,2,0.1,1,0.7486838488354126
RW19,9,0.7513987910506147,2,0.1,1,0.7143796232675601
RW19,10,0.7203267622205394,2,0.1,1,0.678278580228038
RW19,11,0.7081063051935211,2,0.1,1,0.6288988577012796
RW19,12,0.6723114265835748,2,0.1,1,0.6291753524399908
RW19,13,0.6639607922077001,2,0.1,1,0.6400224652423885
RW19,14,0.6507704833452281,2,0.1,1,0.5841887018707244
RW19,15,0.6454719449243604,2,0.1,1,0.5904746994975689
RW19,16,0.6196235547721438,2,0.1,1,0.5839975357143202
RW19,17,0.5838720772978139,2,0.1,1,0.580981818664666
RW19,18,0.5755212201280766,2,0.1,1,0.5514751525289396
RW19,19,0.5607907745146146,2,0.1,1,0.5406123396340343
RW19,20,0.5604943676173099,2,0.1,1,0.5433377688008445
RW19,21,0.5388293035023539,2,0.1,1,0.5459962459241483
RW19,22,0.5241299200287287,2,0.1,1,0.5459962459241483
RW19,23,0.5173999584381129,2,0.1,1,0.5468967417043684
RW19,24,0.5070395009418225,2,0.1,1,0.5464680779918614
RW19,25,0.5041861774066588,2,0.1,1,0.5492328969118087
RW23,0,1.0,2,0.1,1,1.000078416110418
RW23,1,0.968874030176613,2,0.1,1,0.9938938054889587
RW23,2,0.93116690709189,2,0.1,1,0.958642435187787
RW23,3,0.9041203685654416,2,0.1,1,0.9513854949349443
RW23,4,0.8752754662299709,2,0.1,1,0.8817719894731495
RW23,5,0.8465547714660063,2,0.1,1,0.8391986772680778
RW23,6,0.8208981506750966,2,0.1,1,0.8218647814359454
RW23,7,0.7998940829401381,2,0.1,1,0.826716327357582
RW23,8,0.7892510429257036,2,0.1,1,0.7905174516454574
RW23,9,0.7631753024809578,2,0.1,1,0.6622915692038078
RW23,10,0.7401984489323145,2,0.1,1,0.6519927479541251
RW27,0,1.0,2,0.1,1,1.000078416110418
RW27,1,0.9681570193735269,2,0.1,1,0.9662887455815231
RW27,2,0.9437661592431005,2,0.1,1,0.9309154470182653
RW27,3,0.9188104975387007,2,0.1,1,0.9265007065953768
RW27,4,0.899349484660793,2,0.1,1,0.9230723951340536
RW27,5,0.8814742779331408,2,0.1,1,0.861905758527729
RW27,6,0.8663787550926042,2,0.1,1,0.8466948698988838
RW27,7,0.8547311284111835,2,0.1,1,0.8176784941435663
RW27,8,0.8431959746161813,2,0.1,1,0.8155464034799059
RW27,9,0.8351597805140608,2,0.1,1,0.8131187828641567
RW27,10,0.8233026207413151,2,0.1,1,0.7646982693536525
RW27,11,0.8176967306120008,2,0.1,1,0.7281631718454876
RW5,0,1.0,2,0.1,1,0.999073085351492
RW5,1,0.960825991745598,2,0.1,1,0.9622735541045829
RW5,2,0.9266800602747612,2,0.1,1,0.927664002480488
RW5,3,0.9011293220077173,2,0.1,1,0.9420584839374343
RW5,4,0.8764709808493428,2,0.1,1,0.9171436753265657
RW5,5,0.8526426940151302,2,0.1,1,0.8834559542770389
RW5,6,0.839370527729129,2,0.1,1,0.8368297803665005
RW5,7,0.8159574870069374,2,0.1,1,0.7940050333989627
RW5,8,0.8004750971060514,2,0.1,1,0.7854051277312852
RW5,9,0.8228279206228818,2,0.1,1,0.7854051277312852
RW5,10,0.7867656223348591,2,0.1,1,0.7859526802022638
RW5,11,0.7661099188154834,2,0.1,1,0.7675420681325896
RW5,12,0.7429108814178095,2,0.1,1,0.7354053483283216
RW5,13,0.7091745980062312,2,0.1,1,0.7045025094413481
RW5,14,0.6857713337470273,2,0.1,1,0.691793692116673
RW5,15,0.6672427863976763,2,0.1,1,0.6499133581647709
RW5,16,0.6687356247963866,2,0.1,1,0.6484483764121819
RW5,17,0.636480784151189,2,0.1,1,0.6318950812846761
RW5,18,0.6183718679139446,2,0.1,1,0.568393204407427
RW5,19,0.5752173546693329,2,0.1,1,0.5680473780175392
RW5,20,0.5747937898766532,2,0.1,1,0.5679356940148991
RW7,0,1.0,2,0.1,1,0.9994805602696386
RW7,1,0.9737384788654111,2,0.1,1,0.9721582727635512
RW7,2,0.9447337319243664,2,0.1,1,0.9350302974655398
RW7,3,0.9146274603726349,2,0.1,1,0.9157167635043852
RW7,4,0.8871149443826014,2,0.1,1,0.8848645527507012
RW7,5,0.8607953281423645,2,0.1,1,0.8847102679591652
RW7,6,0.8253218854282387,2,0.1,1,0.8492839394402646
RW7,7,0.8256203114571893,2,0.1,1,0.8054102787162898
RW7,8,0.8174379654477165,2,0.1,1,0.8046494412457335
RW7,9,0.8035643430201168,2,0.1,1,0.7926418517338464
RW7,10,0.7896346635150358,2,0.1,1,0.7086375543699193
RW7,11,0.7718959267241481,2,0.1,1,0.7080811317610303
RW7,12,0.7860019167130227,2,0.1,1,0.6928836248690199
RW7,13,0.7507796857619143,2,0.1,1,0.6981766811291473
RW7,14,0.7327447163515879,2,0.1,1,0.6697158332208062
RW7,15,0.7074586345939947,2,0.1,1,0.6507257987437473
RW7,16,0.6825198136819158,2,0.1,1,0.6471853802916925
RW7,17,0.662699874860957,2,0.1,1,0.6452326637823879
RW7,18,0.6262446211067287,2,0.1,1,0.6321445902264283
RW7,19,0.6075826021968548,2,0.1,1,0.5911959651407998
RW7,20,0.6170093927279642,2,0.1,1,0.5873033184287366
RW7,21,0.6466135984427249,2,0.1,1,0.5862665458770522
RW7,22,0.5740413094410772,2,0.1,1,0.5376726410063315
RW7,23,0.5335005770298783,2,0.1,1,0.5389983848041493
RW7,24,0.52059510567296,2,0.1,1,0.5364355995984214
RW11,0,1.0,2,0.1,2,1.000143345084497
RW11,1,0.9812509775303251,2,0.1,2,0.9800478859396103
RW11,2,0.9650137068435085,2,0.1,2,0.9591941472285603
RW11,3,0.9351362403953054,2,0.1,2,0.9404085654722221
RW11,4,0.90714425616019,2,0.1,2,0.9374675880950682
RW11,5,0.8457053142903532,2,0.1,2,0.8625411658725113
RW11,6,0.8020972922814096,2,0.1,2,0.8198032415923043
RW11,7,0.7484325203829727,2,0.1,2,0.8226281425838765
RW11,8,0.7189787689899965,2,0.1,2,0.8216569484947495
RW11,9,0.6910853284576837,2,0.1,2,0.8224309438836612
RW11,10,0.6761559111900426,2,0.1,2,0.822304997622189
RW11,11,0.6550657321125852,2,0.1,2,0.8138175147834139
RW11,12,0.6425313612904104,2,0.1,2,0.7927107253461341
RW11,13,0.6909619595729768,2,0.1,2,0.7540328265974385
RW11,14,0.6373488207077248,2,0.1,2,0.704860557852319
RW11,15,0.6236460344632558,2,0.1,2,0.7027721462046526
RW11,16,0.6096063869507001,2,0.1,2,0.6991809553872693
RW11,17,0.6095592595614534,2,0.1,2,0.6901910023056599
RW11,18,0.6117111890811565,2,0.1,2,0.6877306677451078
RW11,19,0.6132328800421039,2,0.1,2,0.6827791553537765
RW11,20,0.6177338702955617,2,0.1,2,0.6844658555382669
RW11,21,0.6151726925016363,2,0.1,2,0.6834174107616405
RW11,22,0.6150917110526547,2,0.1,2,0.6866811284033963
RW11,23,0.6084443675781239,2,0.1,2,0.6870284483467621
RW11,24,0.6108413236784053,2,0.1,2,0.6859324743364262
RW11,25,0.604457872674917,2,0.1,2,0.6652475358046589
RW11,26,0.6029517287743232,2,0.1,2,0.6566144566819749
RW11,27,0.605157402435204,2,0.1,2,0.6544182356465428
RW11,28,0.5960453588974413,2,0.1,2,0.6542749059543084
RW11,29,0.5898473993066765,2,0.1,2,0.6540573097820843
RW11,30,0.5639353004202469,2,0.1,2,0.6538602259336654
RW11,31,0.5833093037578585,2,0.1,2,0.6412865003209667
RW11,32,0.5385993504613933,2,0.1,2,0.6318238979064852
RW11,33,0.5270290981610593,2,0.1,2,0.5928377194821205
RW11,34,0.4838174078709938,2,0.1,2,0.5795799754557944
RW11,35,0.4668435392432821,2,0.1,2,0.5760241622873046
RW11,36,0.4539967259442097,2,0.1,2,0.48949268876422336
RW15,0,1.0,2,0.1,2,0.9998952765026713
RW15,1,0.9650574510743339,2,0.1,2,0.9653981386312454
RW15,2,0.9225952378299382,2,0.1,2,0.9080923672861929
RW15,3,0.8654685977166434,2,0.1,2,0.872005978059822
RW15,4,0.8331123466557073,2,0.1,2,0.8546988403915888
RW15,5,0.7854218267547517,2,0.1,2,0.8186139733969754
RW15,6,0.7308801736607424,2,0.1,2,0.7769843348882142
RW15,7,0.7033432455088411,2,0.1,2,0.7752405874194451
RW15,8,0.6798891483633692,2,0.1,2,0.7589781098156145
RW15,9,0.6595524905078265,2,0.1,2,0.7466581433250922
RW15,10,0.6385049022337113,2,0.1,2,0.677293833304405
RW15,11,0.6188055183968584,2,0.1,2,0.6700092618144444
RW15,12,0.5978706628223552,2,0.1,2,0.6611876654718524
RW15,13,0.564108530129482,2,0.1,2,0.6152880856164802
RW15,14,0.5618221733421094,2,0.1,2,0.6076820080511874
RW15,15,0.5683340400975069,2,0.1,2,0.5331603109050167
RW15,16,0.5328255192748415,2,0.1,2,0.5112347284245856
RW15,17,0.525805629163202,2,0.1,2,0.5116510016805687
RW15,18,0.5037113308815376,2,0.1,2,0.5202669901603728
RW15,19,0.4878101214299047,2,0.1,2,0.5220612587901297
RW15,20,0.4857842099501362,2,0.1,2,0.5247028367719211
RW15,21,0.4823497951477415,2,0.1,2,0.5327649153066737
RW15,22,0.469053235395845,2,0.1,2,0.5194495257728238
RW15,23,0.44283042970152153,2,0.1,2,0.5041433190990057
RW19,0,1.0,2,0.1,2,0.9998952765026713
RW19,1,0.9396235436975541,2,0.1,2,0.9528211052643437
RW19,2,0.9120786188350108,2,0.1,2,0.9099333262194607
RW19,3,0.8847986908586808,2,0.1,2,0.8836587429238867
RW19,4,0.8571370872127337,2,0.1,2,0.8553216617287993
RW19,5,0.8354199075992986,2,0.1,2,0.8163948504115246
RW19,6,0.8073309568665201,2,0.1,2,0.7807961342686838
RW19,7,0.7857199625811689,2,0.1,2,0.7763581950152977
RW19,8,0.7666372214100013,2,0.1,2,0.7501535089985724
RW19,9,0.7513987910506147,2,0.1,2,0.6887731846764386
RW19,10,0.7203267622205394,2,0.1,2,0.6666418808852913
RW19,11,0.7081063051935211,2,0.1,2,0.6672461896641918
RW19,12,0.6723114265835748,2,0.1,2,0.6685094235583372
RW19,13,0.6639607922077001,2,0.1,2,0.6667707796293849
RW19,14,0.6507704833452281,2,0.1,2,0.6393034969874769
RW19,15,0.6454719449243604,2,0.1,2,0.6391111657770512
RW19,16,0.6196235547721438,2,0.1,2,0.5469912705430343
RW19,17,0.5838720772978139,2,0.1,2,0.5329695762644796
RW19,18,0.5755212201280766,2,0.1,2,0.523687370267769
RW19,19,0.5607907745146146,2,0.1,2,0.5334658750072744
RW19,20,0.5604943676173099,2,0.1,2,0.5335283505473051
RW19,21,0.5388293035023539,2,0.1,2,0.5332706517605532
RW19,22,0.5241299200287287,2,0.1,2,0.5338047189670783
RW19,23,0.5173999584381129,2,0.1,2,0.534467984385315
RW19,24,0.5070395009418225,2,0.1,2,0.5331849144838107
RW19,25,0.5041861774066588,2,0.1,2,0.5060678144806252
RW23,0,1.0,2,0.1,2,1.0001213119120014
RW23,1,0.968874030176613,2,0.1,2,0.9754964809151834
RW23,2,0.93116690709189,2,0.1,2,0.9721306045210243
RW23,3,0.9041203685654416,2,0.1,2,0.9365672537410993
RW23,4,0.8752754662299709,2,0.1,2,0.8994064942854073
RW23,5,0.8465547714660063,2,0.1,2,0.8787321969109169
RW23,6,0.8208981506750966,2,0.1,2,0.8339847554598987
RW23,7,0.7998940829401381,2,0.1,2,0.8114194912545881
RW23,8,0.7892510429257036,2,0.1,2,0.7054598860916137
RW23,9,0.7631753024809578,2,0.1,2,0.6446523367964397
RW23,10,0.7401984489323145,2,0.1,2,0.6408402965129394
RW27,0,1.0,2,0.1,2,1.0001213119120014
RW27,1,0.9681570193735269,2,0.1,2,0.9641375733075579
RW27,2,0.9437661592431005,2,0.1,2,0.9637857928965322
RW27,3,0.9188104975387007,2,0.1,2,0.9326182102626276
RW27,4,0.899349484660793,2,0.1,2,0.9187755750977052
RW27,5,0.8814742779331408,2,0.1,2,0.90260810738167
RW27,6,0.8663787550926042,2,0.1,2,0.8701400918317032
RW27,7,0.8547311284111835,2,0.1,2,0.8558147357115179
RW27,8,0.8431959746161813,2,0.1,2,0.8010564264132939
RW27,9,0.8351597805140608,2,0.1,2,0.7989788750859259
RW27,10,0.8233026207413151,2,0.1,2,0.7672143817019046
RW27,11,0.8176967306120008,2,0.1,2,0.6490737458742698
RW5,0,1.0,2,0.1,2,1.0004237453406977
RW5,1,0.960825991745598,2,0.1,2,0.9606820755111561
RW5,2,0.9266800602747612,2,0.1,2,0.9597169024278275
RW5,3,0.9011293220077173,2,0.1,2,0.8960659744090029
RW5,4,0.8764709808493428,2,0.1,2,0.8850483998329269
RW5,5,0.8526426940151302,2,0.1,2,0.8561760781121193
RW5,6,0.839370527729129,2,0.1,2,0.8314626702467248
RW5,7,0.8159574870069374,2,0.1,2,0.8256031808389905
RW5,8,0.8004750971060514,2,0.1,2,0.806063876865681
RW5,9,0.8228279206228818,2,0.1,2,0.79687553292841
RW5,10,0.7867656223348591,2,0.1,2,0.7794733590040636
RW5,11,0.7661099188154834,2,0.1,2,0.7618046167025293
RW5,12,0.7429108814178095,2,0.1,2,0.6962569024799308
RW5,13,0.7091745980062312,2,0.1,2,0.6813116990324947
RW5,14,0.6857713337470273,2,0.1,2,0.6676761200075555
RW5,15,0.6672427863976763,2,0.1,2,0.6707420717012221
RW5,16,0.6687356247963866,2,0.1,2,0.6713311292828721
RW5,17,0.636480784151189,2,0.1,2,0.6288109341780438
RW5,18,0.6183718679139446,2,0.1,2,0.6180771179749858
RW5,19,0.5752173546693329,2,0.1,2,0.5329510569683947
RW5,20,0.5747937898766532,2,0.1,2,0.510790488893311
RW7,0,1.0,2,0.1,2,1.0003555132226603
RW7,1,0.9737384788654111,2,0.1,2,0.9594512872528506
RW7,2,0.9447337319243664,2,0.1,2,0.9593988184644454
RW7,3,0.9146274603726349,2,0.1,2,0.9538452102253581
RW7,4,0.8871149443826014,2,0.1,2,0.8853072402234271
RW7,5,0.8607953281423645,2,0.1,2,0.8664199449282312
RW7,6,0.8253218854282387,2,0.1,2,0.8405460670155437
RW7,7,0.8256203114571893,2,0.1,2,0.827726205253979
RW7,8,0.8174379654477165,2,0.1,2,0.8308055394421718
RW7,9,0.8035643430201168,2,0.1,2,0.8132369968429002
RW7,10,0.7896346635150358,2,0.1,2,0.7606326630878738
RW7,11,0.7718959267241481,2,0.1,2,0.7334664572809942
RW7,12,0.7860019167130227,2,0.1,2,0.6977414455883295
RW7,13,0.7507796857619143,2,0.1,2,0.704725606297202
RW7,14,0.7327447163515879,2,0.1,2,0.6955257837719069
RW7,15,0.7074586345939947,2,0.1,2,0.6517276493366811
RW7,16,0.6825198136819158,2,0.1,2,0.6459197689196895
RW7,17,0.662699874860957,2,0.1,2,0.6239845955260963
RW7,18,0.6262446211067287,2,0.1,2,0.6102655584223974
RW7,19,0.6075826021968548,2,0.1,2,0.6102035819627043
RW7,20,0.6170093927279642,2,0.1,2,0.603524157066131
RW7,21,0.6466135984427249,2,0.1,2,0.5570669597739516
RW7,22,0.5740413094410772,2,0.1,2,0.5446093337778793
RW7,23,0.5335005770298783,2,0.1,2,0.440941536124035
RW7,24,0.52059510567296,2,0.1,2,0.4392683005923333
RW11,0,1.0,2,0.1,3,1.0006516037067124
RW11,1,0.9812509775303251,2,0.1,3,0.9358385737628484
RW11,2,0.9650137068435085,2,0.1,3,0.9231012305351542
RW11,3,0.9351362403953054,2,0.1,3,0.9129359994187357
RW11,4,0.90714425616019,2,0.1,3,0.9107773809902633
RW11,5,0.8457053142903532,2,0.1,3,0.828616406172124
RW11,6,0.8020972922814096,2,0.1,3,0.8197274897704012
RW11,7,0.7484325203829727,2,0.1,3,0.824471017262554
RW11,8,0.7189787689899965,2,0.1,3,0.8255680799732499
RW11,9,0.6910853284576837,2,0.1,3,0.8102693867204567
RW11,10,0.6761559111900426,2,0.1,3,0.8114424762873544
RW11,11,0.6550657321125852,2,0.1,3,0.8136133916782162
RW11,12,0.6425313612904104,2,0.1,3,0.8047239608260831
RW11,13,0.6909619595729768,2,0.1,3,0.7919706196391797
RW11,14,0.6373488207077248,2,0.1,3,0.7127051436733042
RW11,15,0.6236460344632558,2,0.1,3,0.7136715796572667
RW11,16,0.6096063869507001,2,0.1,3,0.7353807800550355
RW11,17,0.6095592595614534,2,0.1,3,0.7384851199738659
RW11,18,0.6117111890811565,2,0.1,3,0.7367780414103505
RW11,19,0.6132328800421039,2,0.1,3,0.7316289936026721
RW11,20,0.6177338702955617,2,0.1,3,0.7434769083306656
RW11,21,0.6151726925016363,2,0.1,3,0.6836947520687982
RW11,22,0.6150917110526547,2,0.1,3,0.6516348330618573
RW11,23,0.6084443675781239,2,0.1,3,0.6524193279118042
RW11,24,0.6108413236784053,2,0.1,3,0.6463644749585877
RW11,25,0.604457872674917,2,0.1,3,0.6174476854950608
RW11,26,0.6029517287743232,2,0.1,3,0.6166952577300673
RW11,27,0.605157402435204,2,0.1,3,0.6180335266974504
RW11,28,0.5960453588974413,2,0.1,3,0.6180364008695651
RW11,29,0.5898473993066765,2,0.1,3,0.5940911759248491
RW11,30,0.5639353004202469,2,0.1,3,0.5841061401180792
RW11,31,0.5833093037578585,2,0.1,3,0.5819788857527877
RW11,32,0.5385993504613933,2,0.1,3,0.5805015821342534
RW11,33,0.5270290981610593,2,0.1,3,0.5686150110933006
RW11,34,0.4838174078709938,2,0.1,3,0.5476630354827008
RW11,35,0.4668435392432821,2,0.1,3,0.5293042140348261
RW11,36,0.4539967259442097,2,0.1,3,0.4899086121040343
RW15,0,1.0,2,0.1,3,0.9961387561491064
RW15,1,0.9650574510743339,2,0.1,3,0.9680117908177795
RW15,2,0.9225952378299382,2,0.1,3,0.9517520155831917
RW15,3,0.8654685977166434,2,0.1,3,0.9186192900493747
RW15,4,0.8331123466557073,2,0.1,3,0.9122911171051065
RW15,5,0.7854218267547517,2,0.1,3,0.8902147451863216
RW15,6,0.7308801736607424,2,0.1,3,0.7512397696664718
RW15,7,0.7033432455088411,2,0.1,3,0.737124078596237
RW15,8,0.6798891483633692,2,0.1,3,0.725554453670647
RW15,9,0.6595524905078265,2,0.1,3,0.710997794894179
RW15,10,0.6385049022337113,2,0.1,3,0.6937788889823243
RW15,11,0.6188055183968584,2,0.1,3,0.6995248087940011
RW15,12,0.5978706628223552,2,0.1,3,0.6538474129868269
RW15,13,0.564108530129482,2,0.1,3,0.6621138034654144
RW15,14,0.5618221733421094,2,0.1,3,0.5963960091115835
RW15,15,0.5683340400975069,2,0.1,3,0.5874663213058047
RW15,16,0.5328255192748415,2,0.1,3,0.6000806629552703
RW15,17,0.525805629163202,2,0.1,3,0.5863827845146156
RW15,18,0.5037113308815376,2,0.1,3,0.5695179863788488
RW15,19,0.4878101214299047,2,0.1,3,0.5581790633501897
RW15,20,0.4857842099501362,2,0.1,3,0.5573712569933752
RW15,21,0.4823497951477415,2,0.1,3,0.5424738851285341
RW15,22,0.469053235395845,2,0.1,3,0.5011500427659308
RW15,23,0.44283042970152153,2,0.1,3,0.5083507934567675
RW19,0,1.0,2,0.1,3,0.9959208816117793
RW19,1,0.9396235436975541,2,0.1,3,0.9202010328763528
RW19,2,0.9120786188350108,2,0.1,3,0.9117015055285377
RW19,3,0.8847986908586808,2,0.1,3,0.9039115463746513
RW19,4,0.8571370872127337,2,0.1,3,0.8856461868354487
RW19,5,0.8354199075992986,2,0.1,3,0.851981668934636
RW19,6,0.8073309568665201,2,0.1,3,0.7777923280850215
RW19,7,0.7857199625811689,2,0.1,3,0.7456553806188534
RW19,8,0.7666372214100013,2,0.1,3,0.7340913889229116
RW19,9,0.7513987910506147,2,0.1,3,0.7099407482957866
RW19,10,0.7203267622205394,2,0.1,3,0.7082311977387772
RW19,11,0.7081063051935211,2,0.1,3,0.6811500759909049
RW19,12,0.6723114265835748,2,0.1,3,0.6291461324175892
RW19,13,0.6639607922077001,2,0.1,3,0.6311796229238191
RW19,14,0.6507704833452281,2,0.1,3,0.6135778714718642
RW19,15,0.6454719449243604,2,0.1,3,0.6155757543545851
RW19,16,0.6196235547721438,2,0.1,3,0.5765654051439443
RW19,17,0.5838720772978139,2,0.1,3,0.5669886106312213
RW19,18,0.5755212201280766,2,0.1,3,0.5680712273306374
RW19,19,0.5607907745146146,2,0.1,3,0.5498641354573776
RW19,20,0.5604943676173099,2,0.1,3,0.5419718167971734
RW19,21,0.5388293035023539,2,0.1,3,0.5449538666263327
RW19,22,0.5241299200287287,2,0.1,3,0.5465151773087443
RW19,23,0.5173999584381129,2,0.1,3,0.537602297859034
RW19,24,0.5070395009418225,2,0.1,3,0.5019706930038561
RW19,25,0.5041861774066588,2,0.1,3,0.5023157341041171
RW23,0,1.0,2,0.1,3,0.9998170046375666
RW23,1,0.968874030176613,2,0.1,3,0.9750957765815902
RW23,2,0.93116690709189,2,0.1,3,0.9557826986953569
RW23,3,0.9041203685654416,2,0.1,3,0.9182188374208397
RW23,4,0.8752754662299709,2,0.1,3,0.9134245246117749
RW23,5,0.8465547714660063,2,0.1,3,0.9010298910943146
RW23,6,0.8208981506750966,2,0.1,3,0.8553826687890942
RW23,7,0.7998940829401381,2,0.1,3,0.7718042895986316
RW23,8,0.7892510429257036,2,0.1,3,0.7451874746499614
RW23,9,0.7631753024809578,2,0.1,3,0.7514070609925482
RW23,10,0.7401984489323145,2,0.1,3,0.6970462005282555
RW27,0,1.0,2,0.1,3,0.9998170046375666
RW27,1,0.9681570193735269,2,0.1,3,0.9396608931925634
RW27,2,0.9437661592431005,2,0.1,3,0.9292853843862735
RW27,3,0.9188104975387007,2,0.1,3,0.9161560273979467
RW27,4,0.899349484660793,2,0.1,3,0.9064162101315731
RW27,5,0.8814742779331408,2,0.1,3,0.9045086208706226
RW27,6,0.8663787550926042,2,0.1,3,0.8940076713185696
RW27,7,0.8547311284111835,2,0.1,3,0.8637557492098136
RW27,8,0.8431959746161813,2,0.1,3,0.7754727915879176
RW27,9,0.8351597805140608,2,0.1,3,0.7717019315268798
RW27,10,0.8233026207413151,2,0.1,3,0.7590792841059711
RW27,11,0.8176967306120008,2,0.1,3,0.7153482319558611
RW5,0,1.0,2,0.1,3,1.0005974219488725
RW5,1,0.960825991745598,2,0.1,3,0.9391488928159903
RW5,2,0.9266800602747612,2,0.1,3,0.9265678206372046
RW5,3,0.9011293220077173,2,0.1,3,0.916272789309648
RW5,4,0.8764709808493428,2,0.1,3,0.8957564752681385
RW5,5,0.8526426940151302,2,0.1,3,0.8982065157940322
RW5,6,0.839370527729129,2,0.1,3,0.8930700864174395
RW5,7,0.8159574870069374,2,0.1,3,0.8758620207751674
RW5,8,0.8004750971060514,2,0.1,3,0.8162031409875796
RW5,9,0.8228279206228818,2,0.1,3,0.809960435977013
RW5,10,0.7867656223348591,2,0.1,3,0.758444115434892
RW5,11,0.7661099188154834,2,0.1,3,0.7377621261415681
RW5,12,0.7429108814178095,2,0.1,3,0.7286019038999626
RW5,13,0.7091745980062312,2,0.1,3,0.7121820563272381
RW5,14,0.6857713337470273,2,0.1,3,0.6801133931427369
RW5,15,0.6672427863976763,2,0.1,3,0.6483276823975781
RW5,16,0.6687356247963866,2,0.1,3,0.630339708939717
RW5,17,0.636480784151189,2,0.1,3,0.616586221028484
RW5,18,0.6183718679139446,2,0.1,3,0.6068157322510304
RW5,19,0.5752173546693329,2,0.1,3,0.5637416119838187
RW5,20,0.5747937898766532,2,0.1,3,0.5642237609855097
RW7,0,1.0,2,0.1,3,1.0015995321093136
RW7,1,0.9737384788654111,2,0.1,3,0.9282871369686125
RW7,2,0.9447337319243664,2,0.1,3,0.9182734755782802
RW7,3,0.9146274603726349,2,0.1,3,0.9106897793622764
RW7,4,0.8871149443826014,2,0.1,3,0.894734013399342
RW7,5,0.8607953281423645,2,0.1,3,0.8978107965900118
RW7,6,0.8253218854282387,2,0.1,3,0.8844791807237956
RW7,7,0.8256203114571893,2,0.1,3,0.8343733615842415
RW7,8,0.8174379654477165,2,0.1,3,0.7897259472411481
RW7,9,0.8035643430201168,2,0.1,3,0.7954331151345589
RW7,10,0.7896346635150358,2,0.1,3,0.7810094974968064
RW7,11,0.7718959267241481,2,0.1,3,0.7535820962468699
RW7,12,0.7860019167130227,2,0.1,3,0.6817629399180982
RW7,13,0.7507796857619143,2,0.1,3,0.6915808969465058
RW7,14,0.7327447163515879,2,0.1,3,0.6740582190051094
RW7,15,0.7074586345939947,2,0.1,3,0.6696205956184719
RW7,16,0.6825198136819158,2,0.1,3,0.6430137095806886
RW7,17,0.662699874860957,2,0.1,3,0.6211236134797716
RW7,18,0.6262446211067287,2,0.1,3,0.6169769170786499
RW7,19,0.6075826021968548,2,0.1,3,0.5565758056869996
RW7,20,0.6170093927279642,2,0.1,3,0.5630160416757853
RW7,21,0.6466135984427249,2,0.1,3,0.5539927591183597
RW7,22,0.5740413094410772,2,0.1,3,0.5333850346235708
RW7,23,0.5335005770298783,2,0.1,3,0.48732578877799115
RW7,24,0.52059510567296,2,0.1,3,0.4714753984960599
RW11,0,1.0,2,0.1,4,1.0008442937428537
RW11,1,0.9812509775303251,2,0.1,4,0.9808867309187743
RW11,2,0.9650137068435085,2,0.1,4,0.9541943733362129
RW11,3,0.9351362403953054,2,0.1,4,0.9106586158731652
RW11,4,0.90714425616019,2,0.1,4,0.9162164703353665
RW11,5,0.8457053142903532,2,0.1,4,0.830717637470068
RW11,6,0.8020972922814096,2,0.1,4,0.818485011076356
RW11,7,0.7484325203829727,2,0.1,4,0.8282787786799662
RW11,8,0.7189787689899965,2,0.1,4,0.8233919928282515
RW11,9,0.6910853284576837,2,0.1,4,0.8230751649422716
RW11,10,0.6761559111900426,2,0.1,4,0.8280209259538462
RW11,11,0.6550657321125852,2,0.1,4,0.7835677108642027
RW11,12,0.6425313612904104,2,0.1,4,0.7546259561775892
RW11,13,0.6909619595729768,2,0.1,4,0.755195572493172
RW11,14,0.6373488207077248,2,0.1,4,0.7559905990360423
RW11,15,0.6236460344632558,2,0.1,4,0.7574224297787264
RW11,16,0.6096063869507001,2,0.1,4,0.7583688423506971
RW11,17,0.6095592595614534,2,0.1,4,0.7585604645315338
RW11,18,0.6117111890811565,2,0.1,4,0.7562340527378721
RW11,19,0.6132328800421039,2,0.1,4,0.7315568416943903
RW11,20,0.6177338702955617,2,0.1,4,0.6897742095165095
RW11,21,0.6151726925016363,2,0.1,4,0.6839561366979334
RW11,22,0.6150917110526547,2,0.1,4,0.6935679947526141
RW11,23,0.6084443675781239,2,0.1,4,0.675204266506918
RW11,24,0.6108413236784053,2,0.1,4,0.6757025010688662
RW11,25,0.604457872674917,2,0.1,4,0.6439382076745381
RW11,26,0.6029517287743232,2,0.1,4,0.6439382076745381
RW11,27,0.605157402435204,2,0.1,4,0.6459426977850007
RW11,28,0.5960453588974413,2,0.1,4,0.6129256632092687
RW11,29,0.5898473993066765,2,0.1,4,0.6151635557181757
RW11,30,0.5639353004202469,2,0.1,4,0.6184648619239818
RW11,31,0.5833093037578585,2,0.1,4,0.6149552093918326
RW11,32,0.5385993504613933,2,0.1,4,0.6073254297392293
RW11,33,0.5270290981610593,2,0.1,4,0.5368684149728099
RW11,34,0.4838174078709938,2,0.1,4,0.5155480481738578
RW11,35,0.4668435392432821,2,0.1,4,0.5103778725081362
RW11,36,0.4539967259442097,2,0.1,4,0.49431356377899094
RW15,0,1.0,2,0.1,4,0.9998800796967192
RW15,1,0.9650574510743339,2,0.1,4,0.9727241041812043
RW15,2,0.9225952378299382,2,0.1,4,0.9189456519746063
RW15,3,0.8654685977166434,2,0.1,4,0.8971363020159278
RW15,4,0.8331123466557073,2,0.1,4,0.8655550981586276
RW15,5,0.7854218267547517,2,0.1,4,0.8367377094557488
RW15,6,0.7308801736607424,2,0.1,4,0.8049405818249458
RW15,7,0.7033432455088411,2,0.1,4,0.7921890066657464
RW15,8,0.6798891483633692,2,0.1,4,0.7237908977234784
RW15,9,0.6595524905078265,2,0.1,4,0.740031423714364
RW15,10,0.6385049022337113,2,0.1,4,0.6388036934238466
RW15,11,0.6188055183968584,2,0.1,4,0.6296603625648579
RW15,12,0.5978706628223552,2,0.1,4,0.6219092718938118
RW15,13,0.564108530129482,2,0.1,4,0.6134276151718752
RW15,14,0.5618221733421094,2,0.1,4,0.6291317286915286
RW15,15,0.5683340400975069,2,0.1,4,0.6105959257519947
RW15,16,0.5328255192748415,2,0.1,4,0.5933351154290569
RW15,17,0.525805629163202,2,0.1,4,0.5612000193800554
RW15,18,0.5037113308815376,2,0.1,4,0.5617821095726628
RW15,19,0.4878101214299047,2,0.1,4,0.5648018638421861
RW15,20,0.4857842099501362,2,0.1,4,0.5367551942133713
RW15,21,0.4823497951477415,2,0.1,4,0.5195241152996101
RW15,22,0.469053235395845,2,0.1,4,0.47202340413291266
RW15,23,0.44283042970152153,2,0.1,4,0.47857620052124333
RW19,0,1.0,2,0.1,4,0.9998800796967192
RW19,1,0.9396235436975541,2,0.1,4,0.9217957369761777
RW19,2,0.9120786188350108,2,0.1,4,0.8960770682053875
RW19,3,0.8847986908586808,2,0.1,4,0.8863189736757999
RW19,4,0.8571370872127337,2,0.1,4,0.8580672707564665
RW19,5,0.8354199075992986,2,0.1,4,0.8360326676164536
RW19,6,0.8073309568665201,2,0.1,4,0.8066248168245626
RW19,7,0.7857199625811689,2,0.1,4,0.7472446005967275
RW19,8,0.7666372214100013,2,0.1,4,0.7171681451123194
RW19,9,0.7513987910506147,2,0.1,4,0.6599324678653002
RW19,10,0.7203267622205394,2,0.1,4,0.6454674471232471
RW19,11,0.7081063051935211,2,0.1,4,0.6358590545364896
RW19,12,0.6723114265835748,2,0.1,4,0.6311554776638011
RW19,13,0.6639607922077001,2,0.1,4,0.618746799381572
RW19,14,0.6507704833452281,2,0.1,4,0.5769702922089521
RW19,15,0.6454719449243604,2,0.1,4,0.5769702922089521
RW19,16,0.6196235547721438,2,0.1,4,0.5599236740480801
RW19,17,0.5838720772978139,2,0.1,4,0.5565219758776935
RW19,18,0.5755212201280766,2,0.1,4,0.5455288120257777
RW19,19,0.5607907745146146,2,0.1,4,0.5489099229679535
RW19,20,0.5604943676173099,2,0.1,4,0.549334879071555
RW19,21,0.5388293035023539,2,0.1,4,0.5491057165891774
RW19,22,0.5241299200287287,2,0.1,4,0.5396726217205254
RW19,23,0.5173999584381129,2,0.1,4,0.5393102486610915
RW19,24,0.5070395009418225,2,0.1,4,0.5123765172236617
RW19,25,0.5041861774066588,2,0.1,4,0.5163705482666081
RW23,0,1.0,2,0.1,4,0.9999086323775059
RW23,1,0.968874030176613,2,0.1,4,0.9805913045742404
RW23,2,0.93116690709189,2,0.1,4,0.9184610191492334
RW23,3,0.9041203685654416,2,0.1,4,0.9056802869753836
RW23,4,0.8752754662299709,2,0.1,4,0.8652438056325249
RW23,5,0.8465547714660063,2,0.1,4,0.8658468241335519
RW23,6,0.8208981506750966,2,0.1,4,0.8000434448605476
RW23,7,0.7998940829401381,2,0.1,4,0.7928691202272612
RW23,8,0.7892510429257036,2,0.1,4,0.7376889766107563
RW23,9,0.7631753024809578,2,0.1,4,0.7608705553937923
RW23,10,0.7401984489323145,2,0.1,4,0.695107153968518
RW27,0,1.0,2,0.1,4,0.9999086323775059
RW27,1,0.9681570193735269,2,0.1,4,0.9718066807199922
RW27,2,0.9437661592431005,2,0.1,4,0.953333948284074
RW27,3,0.9188104975387007,2,0.1,4,0.9027654627063024
RW27,4,0.899349484660793,2,0.1,4,0.8893585749895657
RW27,5,0.8814742779331408,2,0.1,4,0.8679111327266883
RW27,6,0.8663787550926042,2,0.1,4,0.8543930437661036
RW27,7,0.8547311284111835,2,0.1,4,0.8544902057593908
RW27,8,0.8431959746161813,2,0.1,4,0.801213912641921
RW27,9,0.8351597805140608,2,0.1,4,0.7869253261630338
RW27,10,0.8233026207413151,2,0.1,4,0.76501415428231
RW27,11,0.8176967306120008,2,0.1,4,0.7494597325114454
RW5,0,1.0,2,0.1,4,0.9927545234007142
RW5,1,0.960825991745598,2,0.1,4,0.9737443875191231
RW5,2,0.9266800602747612,2,0.1,4,0.9562954642038631
RW5,3,0.9011293220077173,2,0.1,4,0.9005128550917407
RW5,4,0.8764709808493428,2,0.1,4,0.8901881171957081
RW5,5,0.8526426940151302,2,0.1,4,0.8610786757443252
RW5,6,0.839370527729129,2,0.1,4,0.8536317986731916
RW5,7,0.8159574870069374,2,0.1,4,0.8362925413033991
RW5,8,0.8004750971060514,2,0.1,4,0.794197359834332
RW5,9,0.8228279206228818,2,0.1,4,0.7931245326513395
RW5,10,0.7867656223348591,2,0.1,4,0.7873802723827942
RW5,11,0.7661099188154834,2,0.1,4,0.7464520671000768
RW5,12,0.7429108814178095,2,0.1,4,0.7190272047648896
RW5,13,0.7091745980062312,2,0.1,4,0.6980655072786549
RW5,14,0.6857713337470273,2,0.1,4,0.6742455500665886
RW5,15,0.6672427863976763,2,0.1,4,0.6612682501831364
RW5,16,0.6687356247963866,2,0.1,4,0.6461427146271221
RW5,17,0.636480784151189,2,0.1,4,0.5968671680094008
RW5,18,0.6183718679139446,2,0.1,4,0.5810365974978278
RW5,19,0.5752173546693329,2,0.1,4,0.5623196005081158
RW5,20,0.5747937898766532,2,0.1,4,0.5626165090175193
RW7,0,1.0,2,0.1,4,0.9993253846102592
RW7,1,0.9737384788654111,2,0.1,4,0.963301391692508
RW7,2,0.9447337319243664,2,0.1,4,0.9464568094121885
RW7,3,0.9146274603726349,2,0.1,4,0.8951876235995757
RW7,4,0.8871149443826014,2,0.1,4,0.872624968914575
RW7,5,0.8607953281423645,2,0.1,4,0.8535126382276805
RW7,6,0.8253218854282387,2,0.1,4,0.8562952425853143
RW7,7,0.8256203114571893,2,0.1,4,0.801401530594137
RW7,8,0.8174379654477165,2,0.1,4,0.8023845011657915
RW7,9,0.8035643430201168,2,0.1,4,0.7361041893394521
RW7,10,0.7896346635150358,2,0.1,4,0.7370248566616572
RW7,11,0.7718959267241481,2,0.1,4,0.7518143237406592
RW7,12,0.7860019167130227,2,0.1,4,0.7508355670525682
RW7,13,0.7507796857619143,2,0.1,4,0.7359141612536713
RW7,14,0.7327447163515879,2,0.1,4,0.673477745442173
RW7,15,0.7074586345939947,2,0.1,4,0.675999225400856
RW7,16,0.6825198136819158,2,0.1,4,0.6217765024982118
RW7,17,0.662699874860957,2,0.1,4,0.6013504174013946
RW7,18,0.6262446211067287,2,0.1,4,0.5993181537445186
RW7,19,0.6075826021968548,2,0.1,4,0.5889167159323391
RW7,20,0.6170093927279642,2,0.1,4,0.5724750764866057
RW7,21,0.6466135984427249,2,0.1,4,0.5496870270960124
RW7,22,0.5740413094410772,2,0.1,4,0.5364439225436096
RW7,23,0.5335005770298783,2,0.1,4,0.5187857665327539
RW7,24,0.52059510567296,2,0.1,4,0.5141354671890511
RW12,0,1.0,3,1.0,0,0.999601036729535
RW12,1,0.9894632882172221,3,1.0,0,0.978127141903415
RW12,2,0.97868692158744,3,1.0,0,0.9583466577567412
RW12,3,0.9668253675860224,3,1.0,0,0.9491219972950318
RW12,4,0.9595351332482841,3,1.0,0,0.9119523432395737
RW12,5,0.9425395856201333,3,1.0,0,0.8935347790246905
RW12,6,0.9179237200116072,3,1.0,0,0.8643728899567609
RW12,7,0.895972375242499,3,1.0,0,0.8277448119673672
RW12,8,0.8781986993638894,3,1.0,0,0.8093636469453317
RW12,9,0.8560774866359618,3,1.0,0,0.7667114802756103
RW12,10,0.8450510763252,3,1.0,0,0.7604112523587615
RW12,11,0.833609165097995,3,1.0,0,0.7262240406972981
RW12,12,0.8224867641248257,3,1.0,0,0.691337982072951
RW12,13,0.8112046941613273,3,1.0,0,0.6756839839508455
RW12,14,0.8324148707378292,3,1.0,0,0.69160575395523
RW12,15,0.8187480106932906,3,1.0,0,0.6879159310142272
RW12,16,0.8063357850884304,3,1.0,0,0.6758969413661416
RW12,17,0.795247354785992,3,1.0,0,0.6413903975505039
RW12,18,0.7786686371332949,3,1.0,0,0.6266798539196392
RW12,19,0.7683124274417916,3,1.0,0,0.6125608714372619
RW12,20,0.75692570834778,3,1.0,0,0.6143362451557106
RW12,21,0.7461680205746775,3,1.0,0,0.6067501302888157
RW12,22,0.7359515360207755,3,1.0,0,0.6017685821067709
RW12,23,0.7186921615324031,3,1.0,0,0.5931807706779728
RW12,24,0.7048109927006182,3,1.0,0,0.5858493712740281
RW12,25,0.6987524864491403,3,1.0,0,0.5819551221443809
RW12,26,0.688736379793022,3,1.0,0,0.5775172432725667
RW12,27,0.6752978487151472,3,1.0,0,0.5719407523668004
RW12,28,0.6697649501501854,3,1.0,0,0.5764497299232234
RW12,29,0.6581999973939088,3,1.0,0,0.5752411758683144
RW12,30,0.6472474633838574,3,1.0,0,0.5723837217305899
RW12,31,0.6584047219522146,3,1.0,0,0.5724250502090543
RW12,32,0.6148650912610487,3,1.0,0,0.5613839500316987
RW12,33,0.6035612126459146,3,1.0,0,0.5560147763591903
RW12,34,0.5621434198182286,3,1.0,0,0.5110145467660029
RW12,35,0.5487224937943592,3,1.0,0,0.497237371215225
RW12,36,0.5308620689275264,3,1.0,0,0.4661678888715394
RW12,37,0.5203234893585551,3,1.0,0,0.45482403359142504
RW16,0,1.0,3,1.0,0,0.9975296855319746
RW16,1,0.9425621054107856,3,1.0,0,0.9765443056041877
RW16,2,0.9122274948612392,3,1.0,0,0.9219355520826787
RW16,3,0.8594705171754466,3,1.0,0,0.8640201097693277
RW16,4,0.8226094846921671,3,1.0,0,0.8283083034160469
RW16,5,0.7871316183203024,3,1.0,0,0.7912656363916044
RW16,6,0.7482387904167098,3,1.0,0,0.7572564064899333
RW16,7,0.7062023643394817,3,1.0,0,0.7261776566128566
RW16,8,0.6827160587550286,3,1.0,0,0.6934799909856083
RW16,9,0.6615821949474906,3,1.0,0,0.6725433489912716
RW16,10,0.5661453405330296,3,1.0,0,0.5760205361964842
RW16,11,0.5408575218936945,3,1.0,0,0.5120772828201299
RW16,12,0.5381706456914773,3,1.0,0,0.5029329211166834
RW16,13,0.5084526916129031,3,1.0,0,0.49043634187182394
RW16,14,0.4924790862619698,3,1.0,0,0.4926512624781901
RW16,15,0.4893788571270426,3,1.0,0,0.49255444085716804
RW16,16,0.4780194546133679,3,1.0,0,0.4817340300804562
RW16,17,0.4636102907262206,3,1.0,0,0.4720627206261341
RW16,18,0.44956410860533774,3,1.0,0,0.48003930555475605
RW20,0,1.0,3,1.0,0,0.9975296855319746
RW20,1,1.0021910813400627,3,1.0,0,0.9826592640570241
RW20,2,0.9599630275408247,3,1.0,0,0.9619445299749815
RW20,3,0.9389439105355176,3,1.0,0,0.9250921586257727
RW20,4,0.9095890303731204,3,1.0,0,0.8832824005847031
RW20,5,0.8787736467512757,3,1.0,0,0.853009022463465
RW20,6,0.8469654599736883,3,1.0,0,0.835047526214793
RW20,7,0.8099479091448711,3,1.0,0,0.814396894294362
RW20,8,0.7796407513733017,3,1.0,0,0.7971138522972635
RW20,9,0.7362874771776192,3,1.0,0,0.7814882083244008
RW20,10,0.7063011689898246,3,1.0,0,0.7661395204375924
RW20,11,0.6860250235969596,3,1.0,0,0.7425784885063152
RW20,12,0.6622238399306097,3,1.0,0,0.7064602060935562
RW20,13,0.6407819061950949,3,1.0,0,0.6878963300199721
RW20,14,0.6222273101754456,3,1.0,0,0.6695864250433706
RW20,15,0.6032903401297325,3,1.0,0,0.6728647223140266
RW20,16,0.5865757619049117,3,1.0,0,0.6538079090302472
RW20,17,0.5820605296821747,3,1.0,0,0.6352807782113999
RW20,18,0.5804741522197471,3,1.0,0,0.6357035856936792
RW20,19,0.5639793794393497,3,1.0,0,0.6058615042647697
RW20,20,0.5476026934841127,3,1.0,0,0.5862672697604309
RW20,21,0.5407359137083738,3,1.0,0,0.5784338865129348
RW20,22,0.5401899372028007,3,1.0,0,0.5775553318525909
RW20,23,0.5259580191685468,3,1.0,0,0.5697864539015745
RW20,24,0.524283560758304,3,1.0,0,0.5523963844970154
RW20,25,0.5048560598498573,3,1.0,0,0.5470450194473667
RW20,26,0.5036897444478489,3,1.0,0,0.5405248727813091
RW20,27,0.4887815943950674,3,1.0,0,0.5402536372622774
RW20,28,0.5028952410024843,3,1.0,0,0.5319215812678375
RW24,0,1.0,3,1.0,0,1.000932788057128
RW24,1,0.9725958189735046,3,1.0,0,0.9715142334642812
RW24,2,0.9552453496230082,3,1.0,0,0.928294545569141
RW24,3,0.9372884939407097,3,1.0,0,0.9095573984167543
RW24,4,0.9062221635651304,3,1.0,0,0.8773167661588522
RW24,5,0.8678749453601385,3,1.0,0,0.8352252397943526
RW24,6,0.8383945015233694,3,1.0,0,0.8098785997458545
RW24,7,0.8199385440731278,3,1.0,0,0.8037778464935763
RW24,8,0.8089491471012369,3,1.0,0,0.78523953252511
RW24,9,0.7944160791948103,3,1.0,0,0.7632697762606997
RW24,10,0.7784916143400717,3,1.0,0,0.7506484868844724
RW28,0,1.0,3,1.0,0,1.000932788057128
RW28,1,0.9767401325580581,3,1.0,0,0.9690178072796894
RW28,2,0.9572756800225528,3,1.0,0,0.9485988345226775
RW28,3,0.9394102380666421,3,1.0,0,0.9195669589156463
RW28,4,0.919531099054294,3,1.0,0,0.9121805516333337
RW28,5,0.900309919399877,3,1.0,0,0.897838318666802
RW28,6,0.8774347131347013,3,1.0,0,0.8768515049460588
RW28,7,0.8608166536988782,3,1.0,0,0.8685870110035463
RW28,8,0.8490784643422473,3,1.0,0,0.8536765906974838
RW28,9,0.8374593566091235,3,1.0,0,0.8390106974597099
RW28,10,0.8307557480117016,3,1.0,0,0.8252243140986615
RW28,11,0.8209258698387562,3,1.0,0,0.8101006157532175
RW6,0,1.0,3,1.0,0,0.9976563725053659
RW6,1,0.9648502435502201,3,1.0,0,0.9605810847719153
RW6,2,0.9329921152642804,3,1.0,0,0.9298139835603164
RW6,3,0.9139749601773408,3,1.0,0,0.9093314803937896
RW6,4,0.8809638320161228,3,1.0,0,0.8714571858078203
RW6,5,0.8518059593208507,3,1.0,0,0.8682470340473332
RW6,6,0.8248471372067737,3,1.0,0,0.8477070943865854
RW6,7,0.8047160673897786,3,1.0,0,0.8050113763140484
RW6,8,0.7758839773727937,3,1.0,0,0.796359028020676
RW6,9,0.7287295594072909,3,1.0,0,0.7699729675308127
RW6,10,0.6794846599462181,3,1.0,0,0.7554910646880725
RW8,0,1.0,3,1.0,0,0.9989036411650385
RW8,1,0.9538996910045201,3,1.0,0,0.9623316219400313
RW8,2,0.9170337737145522,3,1.0,0,0.936613622606003
RW8,3,0.8811796038492549,3,1.0,0,0.9171946521472653
RW8,4,0.8593893885316382,3,1.0,0,0.8860766172926386
RW8,5,0.8277539857271006,3,1.0,0,0.8642549198007548
RW8,6,0.8057974874661933,3,1.0,0,0.8184364660699731
RW8,7,0.7930034466899822,3,1.0,0,0.8076405093395804
RW8,8,0.7770929791397136,3,1.0,0,0.8041967927776206
RW8,9,0.7619762421461702,3,1.0,0,0.7880581736838554
RW8,10,0.7433319402014317,3,1.0,0,0.7735337523962328
RW8,11,0.7696628567131956,3,1.0,0,0.7683670294100486
RW8,12,0.740562427057364,3,1.0,0,0.7529763844139243
RW8,13,0.7147522177902553,3,1.0,0,0.7402475868681888
RW8,14,0.6902828531108213,3,1.0,0,0.7234760301825733
RW8,15,0.669538500278939,3,1.0,0,0.6938216901135544
RW8,16,0.6448644165545862,3,1.0,0,0.6776128257381264
RW8,17,0.6225776414566216,3,1.0,0,0.6528900396835918
RW8,18,0.6151773487241754,3,1.0,0,0.6318018095977186
RW8,19,0.6138713970198927,3,1.0,0,0.6318018095977186
RW8,20,0.6501051843741891,3,1.0,0,0.6217362676807762
RW8,21,0.5891201738908819,3,1.0,0,0.5645403274873635
RW8,22,0.542154015105283,3,1.0,0,0.5400639031284025
RW12,0,1.0,3,1.0,1,0.9976980268003041
RW12,1,0.9894632882172221,3,1.0,1,0.9757616047016412
RW12,2,0.97868692158744,3,1.0,1,0.9584812756788669
RW12,3,0.9668253675860224,3,1.0,1,0.9472605025853019
RW12,4,0.9595351332482841,3,1.0,1,0.9188804825975343
RW12,5,0.9425395856201333,3,1.0,1,0.9027154698075444
RW12,6,0.9179237200116072,3,1.0,1,0.8669639126207538
RW12,7,0.895972375242499,3,1.0,1,0.832805564146864
RW12,8,0.8781986993638894,3,1.0,1,0.8234241895649573
RW12,9,0.8560774866359618,3,1.0,1,0.7669778400914671
RW12,10,0.8450510763252,3,1.0,1,0.7665422635299931
RW12,11,0.833609165097995,3,1.0,1,0.7305610885451951
RW12,12,0.8224867641248257,3,1.0,1,0.7001393406553776
RW12,13,0.8112046941613273,3,1.0,1,0.678364871037288
RW12,14,0.8324148707378292,3,1.0,1,0.6844483567425965
RW12,15,0.8187480106932906,3,1.0,1,0.6804764946885927
RW12,16,0.8063357850884304,3,1.0,1,0.6643939975856703
RW12,17,0.795247354785992,3,1.0,1,0.641096695498957
RW12,18,0.7786686371332949,3,1.0,1,0.6216723342854387
RW12,19,0.7683124274417916,3,1.0,1,0.6096062175871909
RW12,20,0.75692570834778,3,1.0,1,0.6059145103129664
RW12,21,0.7461680205746775,3,1.0,1,0.6042428639392285
RW12,22,0.7359515360207755,3,1.0,1,0.6002558302020392
RW12,23,0.7186921615324031,3,1.0,1,0.5957943316762443
RW12,24,0.7048109927006182,3,1.0,1,0.5828847391862626
RW12,25,0.6987524864491403,3,1.0,1,0.5829906608084033
RW12,26,0.688736379793022,3,1.0,1,0.5780300703738381
RW12,27,0.6752978487151472,3,1.0,1,0.5730818751212678
RW12,28,0.6697649501501854,3,1.0,1,0.575808740245247
RW12,29,0.6581999973939088,3,1.0,1,0.575808740245247
RW12,30,0.6472474633838574,3,1.0,1,0.5694202733376433
RW12,31,0.6584047219522146,3,1.0,1,0.5707975345342468
RW12,32,0.6148650912610487,3,1.0,1,0.549737924189098
RW12,33,0.6035612126459146,3,1.0,1,0.5448574300382399
RW12,34,0.5621434198182286,3,1.0,1,0.5119568666668561
RW12,35,0.5487224937943592,3,1.0,1,0.4927289921736265
RW12,36,0.5308620689275264,3,1.0,1,0.4597237616210628
RW12,37,0.5203234893585551,3,1.0,1,0.44627536859200767
RW16,0,1.0,3,1.0,1,0.9981301386980498
RW16,1,0.9425621054107856,3,1.0,1,0.9792604895854227
RW16,2,0.9122274948612392,3,1.0,1,0.9244709906829146
RW16,3,0.8594705171754466,3,1.0,1,0.8587045469773079
RW16,4,0.8226094846921671,3,1.0,1,0.8251264651825291
RW16,5,0.7871316183203024,3,1.0,1,0.7918147852321706
RW16,6,0.7482387904167098,3,1.0,1,0.7540534137313029
RW16,7,0.7062023643394817,3,1.0,1,0.7310621237195043
RW16,8,0.6827160587550286,3,1.0,1,0.690763009118984
RW16,9,0.6615821949474906,3,1.0,1,0.6721392295493557
RW16,10,0.5661453405330296,3,1.0,1,0.574329869828839
RW16,11,0.5408575218936945,3,1.0,1,0.5305970953858602
RW16,12,0.5381706456914773,3,1.0,1,0.5200427602105258
RW16,13,0.5084526916129031,3,1.0,1,0.49538998385319055
RW16,14,0.4924790862619698,3,1.0,1,0.49485539100591763
RW16,15,0.4893788571270426,3,1.0,1,0.49547012003792645
RW16,16,0.4780194546133679,3,1.0,1,0.4869771506713878
RW16,17,0.4636102907262206,3,1.0,1,0.4769278785690611
RW16,18,0.44956410860533774,3,1.0,1,0.4838569522042126
RW20,0,1.0,3,1.0,1,0.9981301386980498
RW20,1,1.0021910813400627,3,1.0,1,0.9772688922052907
RW20,2,0.9599630275408247,3,1.0,1,0.9601586682724385
RW20,3,0.9389439105355176,3,1.0,1,0.9228379130693982
RW20,4,0.9095890303731204,3,1.0,1,0.8865395916811651
RW20,5,0.8787736467512757,3,1.0,1,0.858759038735688
RW20,6,0.8469654599736883,3,1.0,1,0.8370714320803414
RW20,7,0.8099479091448711,3,1.0,1,0.8112415976227659
RW20,8,0.7796407513733017,3,1.0,1,0.7978746936499543
RW20,9,0.7362874771776192,3,1.0,1,0.7813100872933416
RW20,10,0.7063011689898246,3,1.0,1,0.7650432020007494
RW20,11,0.6860250235969596,3,1.0,1,0.7405026182738416
RW20,12,0.6622238399306097,3,1.0,1,0.7084258889788179
RW20,13,0.6407819061950949,3,1.0,1,0.6915089023874967
RW20,14,0.6222273101754456,3,1.0,1,0.671564393550215
RW20,15,0.6032903401297325,3,1.0,1,0.6660451693460175
RW20,16,0.5865757619049117,3,1.0,1,0.6556659801651797
RW20,17,0.5820605296821747,3,1.0,1,0.6350815152140272
RW20,18,0.5804741522197471,3,1.0,1,0.6350815152140272
RW20,19,0.5639793794393497,3,1.0,1,0.5981362204576008
RW20,20,0.5476026934841127,3,1.0,1,0.5843536448715846
RW20,21,0.5407359137083738,3,1.0,1,0.5778812351316656
RW20,22,0.5401899372028007,3,1.0,1,0.5757096918302076
RW20,23,0.5259580191685468,3,1.0,1,0.5676390945111186
RW20,24,0.524283560758304,3,1.0,1,0.5522184807605629
RW20,25,0.5048560598498573,3,1.0,1,0.5454628941317091
RW20,26,0.5036897444478489,3,1.0,1,0.5397991056297822
RW20,27,0.4887815943950674,3,1.0,1,0.5412001127463105
RW20,28,0.5028952410024843,3,1.0,1,0.5306986577195352
RW24,0,1.0,3,1.0,1,1.0004500584671843
RW24,1,0.9725958189735046,3,1.0,1,0.9777887047022684
RW24,2,0.9552453496230082,3,1.0,1,0.9380974201585353
RW24,3,0.9372884939407097,3,1.0,1,0.9054773119449034
RW24,4,0.9062221635651304,3,1.0,1,0.8726256286054415
RW24,5,0.8678749453601385,3,1.0,1,0.8450817643889995
RW24,6,0.8383945015233694,3,1.0,1,0.8144502496047181
RW24,7,0.8199385440731278,3,1.0,1,0.813257948440191
RW24,8,0.8089491471012369,3,1.0,1,0.7954549113294668
RW24,9,0.7944160791948103,3,1.0,1,0.7727027680089783
RW24,10,0.7784916143400717,3,1.0,1,0.7630065947911914
RW28,0,1.0,3,1.0,1,1.0016392910715053
RW28,1,0.9767401325580581,3,1.0,1,0.9701183827263763
RW28,2,0.9572756800225528,3,1.0,1,0.9493493402982929
RW28,3,0.9394102380666421,3,1.0,1,0.9194469672129941
RW28,4,0.919531099054294,3,1.0,1,0.9083434731851782
RW28,5,0.900309919399877,3,1.0,1,0.8981397695467824
RW28,6,0.8774347131347013,3,1.0,1,0.8775281516128869
RW28,7,0.8608166536988782,3,1.0,1,0.8665003548867211
RW28,8,0.8490784643422473,3,1.0,1,0.8599861193399974
RW28,9,0.8374593566091235,3,1.0,1,0.8332521012947403
RW28,10,0.8307557480117016,3,1.0,1,0.8220180164328162
RW28,11,0.8209258698387562,3,1.0,1,0.8176544616793489
RW6,0,1.0,3,1.0,1,0.9981301386980498
RW6,1,0.9648502435502201,3,1.0,1,0.9610206505422664
RW6,2,0.9329921152642804,3,1.0,1,0.933126045168512
RW6,3,0.9139749601773408,3,1.0,1,0.9085968462919093
RW6,4,0.8809638320161228,3,1.0,1,0.8790817480970452
RW6,5,0.8518059593208507,3,1.0,1,0.8664495323195511
RW6,6,0.8248471372067737,3,1.0,1,0.8454307160896266
RW6,7,0.8047160673897786,3,1.0,1,0.8084709599974079
RW6,8,0.7758839773727937,3,1.0,1,0.7973193476845908
RW6,9,0.7287295594072909,3,1.0,1,0.7678784815203902
RW6,10,0.6794846599462181,3,1.0,1,0.7482837481629578
RW8,0,1.0,3,1.0,1,0.9994260364025042
RW8,1,0.9538996910045201,3,1.0,1,0.9649681974942004
RW8,2,0.9170337737145522,3,1.0,1,0.9372432728607639
RW8,3,0.8811796038492549,3,1.0,1,0.9148986509563194
RW8,4,0.8593893885316382,3,1.0,1,0.889371687206304
RW8,5,0.8277539857271006,3,1.0,1,0.8633691660127872
RW8,6,0.8057974874661933,3,1.0,1,0.8214994986898174
RW8,7,0.7930034466899822,3,1.0,1,0.8093072118071549
RW8,8,0.7770929791397136,3,1.0,1,0.8066427598309699
RW8,9,0.7619762421461702,3,1.0,1,0.7850913632747949
RW8,10,0.7433319402014317,3,1.0,1,0.7770000285375964
RW8,11,0.7696628567131956,3,1.0,1,0.7665189573485829
RW8,12,0.740562427057364,3,1.0,1,0.7546367377982403
RW8,13,0.7147522177902553,3,1.0,1,0.7447225481721153
RW8,14,0.6902828531108213,3,1.0,1,0.7242114228782928
RW8,15,0.669538500278939,3,1.0,1,0.7010444475327946
RW8,16,0.6448644165545862,3,1.0,1,0.6796696509072391
RW8,17,0.6225776414566216,3,1.0,1,0.664372533688675
RW8,18,0.6151773487241754,3,1.0,1,0.6428232229865384
RW8,19,0.6138713970198927,3,1.0,1,0.6346000299530757
RW8,20,0.6501051843741891,3,1.0,1,0.6238764848421081
RW8,21,0.5891201738908819,3,1.0,1,0.5727520322242987
RW8,22,0.542154015105283,3,1.0,1,0.5470752582462353
RW12,0,1.0,3,1.0,2,0.9987848049014832
RW12,1,0.9894632882172221,3,1.0,2,0.9734102424408833
RW12,2,0.97868692158744,3,1.0,2,0.9595396593674214
RW12,3,0.9668253675860224,3,1.0,2,0.9489873795928501
RW12,4,0.9595351332482841,3,1.0,2,0.9212401664366665
RW12,5,0.9425395856201333,3,1.0,2,0.9047293601420684
RW12,6,0.9179237200116072,3,1.0,2,0.8726462519300842
RW12,7,0.895972375242499,3,1.0,2,0.8407572080309551
RW12,8,0.8781986993638894,3,1.0,2,0.8212983481623071
RW12,9,0.8560774866359618,3,1.0,2,0.7723849550264372
RW12,10,0.8450510763252,3,1.0,2,0.7687692422578021
RW12,11,0.833609165097995,3,1.0,2,0.733428584521019
RW12,12,0.8224867641248257,3,1.0,2,0.7077183216024687
RW12,13,0.8112046941613273,3,1.0,2,0.6837056020818914
RW12,14,0.8324148707378292,3,1.0,2,0.6897956430300668
RW12,15,0.8187480106932906,3,1.0,2,0.6862290403890365
RW12,16,0.8063357850884304,3,1.0,2,0.6701679426821112
RW12,17,0.795247354785992,3,1.0,2,0.6366646409972128
RW12,18,0.7786686371332949,3,1.0,2,0.619806330624552
RW12,19,0.7683124274417916,3,1.0,2,0.6150075570842598
RW12,20,0.75692570834778,3,1.0,2,0.6098011344835759
RW12,21,0.7461680205746775,3,1.0,2,0.6112254250833917
RW12,22,0.7359515360207755,3,1.0,2,0.6038549502132451
RW12,23,0.7186921615324031,3,1.0,2,0.5974950948085456
RW12,24,0.7048109927006182,3,1.0,2,0.5882191461001534
RW12,25,0.6987524864491403,3,1.0,2,0.5910719098066674
RW12,26,0.688736379793022,3,1.0,2,0.5904967942980114
RW12,27,0.6752978487151472,3,1.0,2,0.5849014756723744
RW12,28,0.6697649501501854,3,1.0,2,0.5903864027466238
RW12,29,0.6581999973939088,3,1.0,2,0.5896432833500019
RW12,30,0.6472474633838574,3,1.0,2,0.5787280512159835
RW12,31,0.6584047219522146,3,1.0,2,0.5729937868041146
RW12,32,0.6148650912610487,3,1.0,2,0.5612772456565116
RW12,33,0.6035612126459146,3,1.0,2,0.5485369682963441
RW12,34,0.5621434198182286,3,1.0,2,0.5209993758511833
RW12,35,0.5487224937943592,3,1.0,2,0.5040888835726104
RW12,36,0.5308620689275264,3,1.0,2,0.46788014946250817
RW12,37,0.5203234893585551,3,1.0,2,0.4495044971452854
RW16,0,1.0,3,1.0,2,0.9982216099697903
RW16,1,0.9425621054107856,3,1.0,2,0.9801516054444113
RW16,2,0.9122274948612392,3,1.0,2,0.9197027950291445
RW16,3,0.8594705171754466,3,1.0,2,0.8624518454459797
RW16,4,0.8226094846921671,3,1.0,2,0.823138584306505
RW16,5,0.7871316183203024,3,1.0,2,0.7935191780175018
RW16,6,0.7482387904167098,3,1.0,2,0.7541951655589407
RW16,7,0.7062023643394817,3,1.0,2,0.7282471203993702
RW16,8,0.6827160587550286,3,1.0,2,0.6890816114942824
RW16,9,0.6615821949474906,3,1.0,2,0.6687066392880198
RW16,10,0.5661453405330296,3,1.0,2,0.5733937983929283
RW16,11,0.5408575218936945,3,1.0,2,0.5212135193491249
RW16,12,0.5381706456914773,3,1.0,2,0.5082223672295335
RW16,13,0.5084526916129031,3,1.0,2,0.5002758741523536
RW16,14,0.4924790862619698,3,1.0,2,0.4944411955075898
RW16,15,0.4893788571270426,3,1.0,2,0.4945384031112533
RW16,16,0.4780194546133679,3,1.0,2,0.48628706468571276
RW16,17,0.4636102907262206,3,1.0,2,0.47311081382531345
RW16,18,0.44956410860533774,3,1.0,2,0.4819295645843488
RW20,0,1.0,3,1.0,2,0.9979871031845323
RW20,1,1.0021910813400627,3,1.0,2,0.9774023758523108
RW20,2,0.9599630275408247,3,1.0,2,0.9607557541100139
RW20,3,0.9389439105355176,3,1.0,2,0.9224308187900379
RW20,4,0.9095890303731204,3,1.0,2,0.8884575956780578
RW20,5,0.8787736467512757,3,1.0,2,0.8524487925845435
RW20,6,0.8469654599736883,3,1.0,2,0.8373271015927639
RW20,7,0.8099479091448711,3,1.0,2,0.8123703571392752
RW20,8,0.7796407513733017,3,1.0,2,0.8025531802804576
RW20,9,0.7362874771776192,3,1.0,2,0.7774409070190019
RW20,10,0.7063011689898246,3,1.0,2,0.759164111543023
RW20,11,0.6860250235969596,3,1.0,2,0.7408926878816816
RW20,12,0.6622238399306097,3,1.0,2,0.7147962654577289
RW20,13,0.6407819061950949,3,1.0,2,0.6905157351399627
RW20,14,0.6222273101754456,3,1.0,2,0.6771943543399256
RW20,15,0.6032903401297325,3,1.0,2,0.6684477364172562
RW20,16,0.5865757619049117,3,1.0,2,0.6585295967515999
RW20,17,0.5820605296821747,3,1.0,2,0.6339597010802346
RW20,18,0.5804741522197471,3,1.0,2,0.634255242653545
RW20,19,0.5639793794393497,3,1.0,2,0.5993984074406058
RW20,20,0.5476026934841127,3,1.0,2,0.5822074343708133
RW20,21,0.5407359137083738,3,1.0,2,0.5754336583849415
RW20,22,0.5401899372028007,3,1.0,2,0.5720623584591887
RW20,23,0.5259580191685468,3,1.0,2,0.5630072213867566
RW20,24,0.524283560758304,3,1.0,2,0.5483255092143862
RW20,25,0.5048560598498573,3,1.0,2,0.5416883636535805
RW20,26,0.5036897444478489,3,1.0,2,0.5389604427573325
RW20,27,0.4887815943950674,3,1.0,2,0.5366019008323571
RW20,28,0.5028952410024843,3,1.0,2,0.5264498485139372
RW24,0,1.0,3,1.0,2,1.0006933219069616
RW24,1,0.9725958189735046,3,1.0,2,0.9743073980860477
RW24,2,0.9552453496230082,3,1.0,2,0.9316398119574276
RW24,3,0.9372884939407097,3,1.0,2,0.9098202447702133
RW24,4,0.9062221635651304,3,1.0,2,0.8775861010481293
RW24,5,0.8678749453601385,3,1.0,2,0.8433052898257862
RW24,6,0.8383945015233694,3,1.0,2,0.8090658874149468
RW24,7,0.8199385440731278,3,1.0,2,0.8061491105706597
RW24,8,0.8089491471012369,3,1.0,2,0.7884988363973172
RW24,9,0.7944160791948103,3,1.0,2,0.7683726357223487
RW24,10,0.7784916143400717,3,1.0,2,0.7560875217046962
RW28,0,1.0,3,1.0,2,1.0006933219069616
RW28,1,0.9767401325580581,3,1.0,2,0.969730771306372
RW28,2,0.9572756800225528,3,1.0,2,0.9510101345029845
RW28,3,0.9394102380666421,3,1.0,2,0.9243941921700444
RW28,4,0.919531099054294,3,1.0,2,0.9110119303598383
RW28,5,0.900309919399877,3,1.0,2,0.8996399077726064
RW28,6,0.8774347131347013,3,1.0,2,0.8776186241293604
RW28,7,0.8608166536988782,3,1.0,2,0.8749412377167497
RW28,8,0.8490784643422473,3,1.0,2,0.859563842724971
RW28,9,0.8374593566091235,3,1.0,2,0.8360212662975043
RW28,10,0.8307557480117016,3,1.0,2,0.8273178758940434
RW28,11,0.8209258698387562,3,1.0,2,0.817297900393578
RW6,0,1.0,3,1.0,2,0.9971372692698262
RW6,1,0.9648502435502201,3,1.0,2,0.9619874909028892
RW6,2,0.9329921152642804,3,1.0,2,0.9318132764518352
RW6,3,0.9139749601773408,3,1.0,2,0.90871154950059
RW6,4,0.8809638320161228,3,1.0,2,0.879049445682655
RW6,5,0.8518059593208507,3,1.0,2,0.8664331257329385
RW6,6,0.8248471372067737,3,1.0,2,0.8475901394801202
RW6,7,0.8047160673897786,3,1.0,2,0.812447795413962
RW6,8,0.7758839773727937,3,1.0,2,0.7998464163736054
RW6,9,0.7287295594072909,3,1.0,2,0.7684414935644724
RW6,10,0.6794846599462181,3,1.0,2,0.7526111597465159
RW8,0,1.0,3,1.0,2,0.9990068635844247
RW8,1,0.9538996910045201,3,1.0,2,0.9644567416689973
RW8,2,0.9170337737145522,3,1.0,2,0.9351520130718155
RW8,3,0.8811796038492549,3,1.0,2,0.915292653149637
RW8,4,0.8593893885316382,3,1.0,2,0.8868184784572724
RW8,5,0.8277539857271006,3,1.0,2,0.8657840594745634
RW8,6,0.8057974874661933,3,1.0,2,0.8208215880422625
RW8,7,0.7930034466899822,3,1.0,2,0.8108651028650068
RW8,8,0.7770929791397136,3,1.0,2,0.8056675016425835
RW8,9,0.7619762421461702,3,1.0,2,0.7838213005156681
RW8,10,0.7433319402014317,3,1.0,2,0.7743895363424623
RW8,11,0.7696628567131956,3,1.0,2,0.7663049761605643
RW8,12,0.740562427057364,3,1.0,2,0.7481457607923199
RW8,13,0.7147522177902553,3,1.0,2,0.7425281214184191
RW8,14,0.6902828531108213,3,1.0,2,0.7208220749261636
RW8,15,0.669538500278939,3,1.0,2,0.7015140213672649
RW8,16,0.6448644165545862,3,1.0,2,0.6781298985757178
RW8,17,0.6225776414566216,3,1.0,2,0.6503535093490601
RW8,18,0.6151773487241754,3,1.0,2,0.6424281071693171
RW8,19,0.6138713970198927,3,1.0,2,0.6311784837662324
RW8,20,0.6501051843741891,3,1.0,2,0.6284406967703872
RW8,21,0.5891201738908819,3,1.0,2,0.570093258359099
RW8,22,0.542154015105283,3,1.0,2,0.5479465131645559
RW12,0,1.0,3,1.0,3,0.9982211426457843
RW12,1,0.9894632882172221,3,1.0,3,0.9814833398618252
RW12,2,0.97868692158744,3,1.0,3,0.9644663946767542
RW12,3,0.9668253675860224,3,1.0,3,0.9515911665344966
RW12,4,0.9595351332482841,3,1.0,3,0.9293536618530553
RW12,5,0.9425395856201333,3,1.0,3,0.9056879694425976
RW12,6,0.9179237200116072,3,1.0,3,0.8721556692305472
RW12,7,0.895972375242499,3,1.0,3,0.8304481404485852
RW12,8,0.8781986993638894,3,1.0,3,0.8146979912401736
RW12,9,0.8560774866359618,3,1.0,3,0.7665677142637224
RW12,10,0.8450510763252,3,1.0,3,0.7635488736291045
RW12,11,0.833609165097995,3,1.0,3,0.7312563877289426
RW12,12,0.8224867641248257,3,1.0,3,0.6990779080348942
RW12,13,0.8112046941613273,3,1.0,3,0.6776770649543188
RW12,14,0.8324148707378292,3,1.0,3,0.6889641921918319
RW12,15,0.8187480106932906,3,1.0,3,0.6830369913653728
RW12,16,0.8063357850884304,3,1.0,3,0.668965643717104
RW12,17,0.795247354785992,3,1.0,3,0.6433964617083888
RW12,18,0.7786686371332949,3,1.0,3,0.6242866710145855
RW12,19,0.7683124274417916,3,1.0,3,0.6112923285805937
RW12,20,0.75692570834778,3,1.0,3,0.6072077028290244
RW12,21,0.7461680205746775,3,1.0,3,0.6036686324756236
RW12,22,0.7359515360207755,3,1.0,3,0.5979646666863904
RW12,23,0.7186921615324031,3,1.0,3,0.5959687897426391
RW12,24,0.7048109927006182,3,1.0,3,0.5839708675643303
RW12,25,0.6987524864491403,3,1.0,3,0.5825621631007719
RW12,26,0.688736379793022,3,1.0,3,0.5795497922829967
RW12,27,0.6752978487151472,3,1.0,3,0.5766753509391314
RW12,28,0.6697649501501854,3,1.0,3,0.581267276060818
RW12,29,0.6581999973939088,3,1.0,3,0.5788765593703923
RW12,30,0.6472474633838574,3,1.0,3,0.5735375324110829
RW12,31,0.6584047219522146,3,1.0,3,0.5673525372398184
RW12,32,0.6148650912610487,3,1.0,3,0.5570604507328327
RW12,33,0.6035612126459146,3,1.0,3,0.5469163330498888
RW12,34,0.5621434198182286,3,1.0,3,0.5043202597698411
RW12,35,0.5487224937943592,3,1.0,3,0.49291451780382783
RW12,36,0.5308620689275264,3,1.0,3,0.46970066017858697
RW12,37,0.5203234893585551,3,1.0,3,0.44862673119269625
RW16,0,1.0,3,1.0,3,0.9983135770771021
RW16,1,0.9425621054107856,3,1.0,3,0.9774637539626295
RW16,2,0.9122274948612392,3,1.0,3,0.9219525869713435
RW16,3,0.8594705171754466,3,1.0,3,0.8639060026968101
RW16,4,0.8226094846921671,3,1.0,3,0.8222034432440514
RW16,5,0.7871316183203024,3,1.0,3,0.7931766838833383
RW16,6,0.7482387904167098,3,1.0,3,0.7524200755457056
RW16,7,0.7062023643394817,3,1.0,3,0.7231405009301209
RW16,8,0.6827160587550286,3,1.0,3,0.689528202029799
RW16,9,0.6615821949474906,3,1.0,3,0.6673616391564713
RW16,10,0.5661453405330296,3,1.0,3,0.5784122785246384
RW16,11,0.5408575218936945,3,1.0,3,0.5269606692164045
RW16,12,0.5381706456914773,3,1.0,3,0.5116771319467468
RW16,13,0.5084526916129031,3,1.0,3,0.49675354612106876
RW16,14,0.4924790862619698,3,1.0,3,0.49286328023926285
RW16,15,0.4893788571270426,3,1.0,3,0.4913988721537575
RW16,16,0.4780194546133679,3,1.0,3,0.4838353637743177
RW16,17,0.4636102907262206,3,1.0,3,0.47083743208242723
RW16,18,0.44956410860533774,3,1.0,3,0.47863905550129326
RW20,0,1.0,3,1.0,3,0.9983135770771021
RW20,1,1.0021910813400627,3,1.0,3,0.9792657728284089
RW20,2,0.9599630275408247,3,1.0,3,0.9623090690517395
RW20,3,0.9389439105355176,3,1.0,3,0.9265350486243167
RW20,4,0.9095890303731204,3,1.0,3,0.8915210664125058
RW20,5,0.8787736467512757,3,1.0,3,0.8554399918586051
RW20,6,0.8469654599736883,3,1.0,3,0.8346554421109205
RW20,7,0.8099479091448711,3,1.0,3,0.8142639706645968
RW20,8,0.7796407513733017,3,1.0,3,0.7939425569830254
RW20,9,0.7362874771776192,3,1.0,3,0.772639619768569
RW20,10,0.7063011689898246,3,1.0,3,0.7577327363899038
RW20,11,0.6860250235969596,3,1.0,3,0.7448423336002473
RW20,12,0.6622238399306097,3,1.0,3,0.7102267653434268
RW20,13,0.6407819061950949,3,1.0,3,0.6902910091391996
RW20,14,0.6222273101754456,3,1.0,3,0.6733509938932064
RW20,15,0.6032903401297325,3,1.0,3,0.6678120458315201
RW20,16,0.5865757619049117,3,1.0,3,0.6574695071386313
RW20,17,0.5820605296821747,3,1.0,3,0.6329945469814119
RW20,18,0.5804741522197471,3,1.0,3,0.6311735853871018
RW20,19,0.5639793794393497,3,1.0,3,0.5974258880971467
RW20,20,0.5476026934841127,3,1.0,3,0.5826697449543067
RW20,21,0.5407359137083738,3,1.0,3,0.5732557624370269
RW20,22,0.5401899372028007,3,1.0,3,0.57432868158788
RW20,23,0.5259580191685468,3,1.0,3,0.5625155343586465
RW20,24,0.524283560758304,3,1.0,3,0.54701945444906
RW20,25,0.5048560598498573,3,1.0,3,0.5420549526037155
RW20,26,0.5036897444478489,3,1.0,3,0.5360251812874177
RW20,27,0.4887815943950674,3,1.0,3,0.5360251812874177
RW20,28,0.5028952410024843,3,1.0,3,0.5273820299655102
RW24,0,1.0,3,1.0,3,1.0006748659360467
RW24,1,0.9725958189735046,3,1.0,3,0.9762139430833622
RW24,2,0.9552453496230082,3,1.0,3,0.9394885504764687
RW24,3,0.9372884939407097,3,1.0,3,0.9093357274189692
RW24,4,0.9062221635651304,3,1.0,3,0.8777402427052191
RW24,5,0.8678749453601385,3,1.0,3,0.8372664450824197
RW24,6,0.8383945015233694,3,1.0,3,0.8136464473223877
RW24,7,0.8199385440731278,3,1.0,3,0.8110761290966259
RW24,8,0.8089491471012369,3,1.0,3,0.7954713217385592
RW24,9,0.7944160791948103,3,1.0,3,0.7706025669398429
RW24,10,0.7784916143400717,3,1.0,3,0.7610215637598111
RW28,0,1.0,3,1.0,3,1.0008876441942907
RW28,1,0.9767401325580581,3,1.0,3,0.9709620548764647
RW28,2,0.9572756800225528,3,1.0,3,0.9491629595505361
RW28,3,0.9394102380666421,3,1.0,3,0.9185971997435673
RW28,4,0.919531099054294,3,1.0,3,0.9086435594865281
RW28,5,0.900309919399877,3,1.0,3,0.9002450885511059
RW28,6,0.8774347131347013,3,1.0,3,0.8757287661683706
RW28,7,0.8608166536988782,3,1.0,3,0.8672404073404801
RW28,8,0.8490784643422473,3,1.0,3,0.8534084652798387
RW28,9,0.8374593566091235,3,1.0,3,0.8376939258959542
RW28,10,0.8307557480117016,3,1.0,3,0.825326449737145
RW28,11,0.8209258698387562,3,1.0,3,0.8133763716852995
RW6,0,1.0,3,1.0,3,0.9974275994682239
RW6,1,0.9648502435502201,3,1.0,3,0.9610145074663906
RW6,2,0.9329921152642804,3,1.0,3,0.9293952784527282
RW6,3,0.9139749601773408,3,1.0,3,0.9099336803798022
RW6,4,0.8809638320161228,3,1.0,3,0.87809849321333
RW6,5,0.8518059593208507,3,1.0,3,0.874466168023398
RW6,6,0.8248471372067737,3,1.0,3,0.8548521003850263
RW6,7,0.8047160673897786,3,1.0,3,0.812618118777355
RW6,8,0.7758839773727937,3,1.0,3,0.8024098287910144
RW6,9,0.7287295594072909,3,1.0,3,0.7692442684129814
RW6,10,0.6794846599462181,3,1.0,3,0.755204267446917
RW8,0,1.0,3,1.0,3,0.9996793628750601
RW8,1,0.9538996910045201,3,1.0,3,0.962529557390212
RW8,2,0.9170337737145522,3,1.0,3,0.9367703077791492
RW8,3,0.8811796038492549,3,1.0,3,0.9141306812343022
RW8,4,0.8593893885316382,3,1.0,3,0.8856045755584782
RW8,5,0.8277539857271006,3,1.0,3,0.8643223881192251
RW8,6,0.8057974874661933,3,1.0,3,0.8244340717765358
RW8,7,0.7930034466899822,3,1.0,3,0.8086032191098476
RW8,8,0.7770929791397136,3,1.0,3,0.8035287935832217
RW8,9,0.7619762421461702,3,1.0,3,0.7907308422805212
RW8,10,0.7433319402014317,3,1.0,3,0.772177246349165
RW8,11,0.7696628567131956,3,1.0,3,0.7616312531620406
RW8,12,0.740562427057364,3,1.0,3,0.7510306079465271
RW8,13,0.7147522177902553,3,1.0,3,0.738841018170682
RW8,14,0.6902828531108213,3,1.0,3,0.720895865201718
RW8,15,0.669538500278939,3,1.0,3,0.6994228240086081
RW8,16,0.6448644165545862,3,1.0,3,0.6770980782013052
RW8,17,0.6225776414566216,3,1.0,3,0.6646995845697125
RW8,18,0.6151773487241754,3,1.0,3,0.6449465774573019
RW8,19,0.6138713970198927,3,1.0,3,0.6385629804660882
RW8,20,0.6501051843741891,3,1.0,3,0.6306766116646332
RW8,21,0.5891201738908819,3,1.0,3,0.5770443757468442
RW8,22,0.542154015105283,3,1.0,3,0.5423131938483303
RW12,0,1.0,3,1.0,4,0.9976173249037809
RW12,1,0.9894632882172221,3,1.0,4,0.9766427335813598
RW12,2,0.97868692158744,3,1.0,4,0.9614735158507582
RW12,3,0.9668253675860224,3,1.0,4,0.9512868469586623
RW12,4,0.9595351332482841,3,1.0,4,0.9192632787851214
RW12,5,0.9425395856201333,3,1.0,4,0.9058450168662241
RW12,6,0.9179237200116072,3,1.0,4,0.8703223914788962
RW12,7,0.895972375242499,3,1.0,4,0.8311360388448622
RW12,8,0.8781986993638894,3,1.0,4,0.8171298376021469
RW12,9,0.8560774866359618,3,1.0,4,0.7751460698175472
RW12,10,0.8450510763252,3,1.0,4,0.7726345494862821
RW12,11,0.833609165097995,3,1.0,4,0.7342826525637141
RW12,12,0.8224867641248257,3,1.0,4,0.7008853457024041
RW12,13,0.8112046941613273,3,1.0,4,0.6793406034688888
RW12,14,0.8324148707378292,3,1.0,4,0.6883290345670847
RW12,15,0.8187480106932906,3,1.0,4,0.6832335773659941
RW12,16,0.8063357850884304,3,1.0,4,0.6705908316172303
RW12,17,0.795247354785992,3,1.0,4,0.6452990311994269
RW12,18,0.7786686371332949,3,1.0,4,0.6268820815840812
RW12,19,0.7683124274417916,3,1.0,4,0.6105097614020619
RW12,20,0.75692570834778,3,1.0,4,0.6103782700221209
RW12,21,0.7461680205746775,3,1.0,4,0.6051030617356626
RW12,22,0.7359515360207755,3,1.0,4,0.6036805934314307
RW12,23,0.7186921615324031,3,1.0,4,0.5917531640565162
RW12,24,0.7048109927006182,3,1.0,4,0.5881885566763277
RW12,25,0.6987524864491403,3,1.0,4,0.5856878752494667
RW12,26,0.688736379793022,3,1.0,4,0.5794836802136365
RW12,27,0.6752978487151472,3,1.0,4,0.5736296734115117
RW12,28,0.6697649501501854,3,1.0,4,0.5812754412595961
RW12,29,0.6581999973939088,3,1.0,4,0.5801232735322844
RW12,30,0.6472474633838574,3,1.0,4,0.5729387300210491
RW12,31,0.6584047219522146,3,1.0,4,0.5670895342696993
RW12,32,0.6148650912610487,3,1.0,4,0.5522192250863734
RW12,33,0.6035612126459146,3,1.0,4,0.5466686796349247
RW12,34,0.5621434198182286,3,1.0,4,0.5074245938691111
RW12,35,0.5487224937943592,3,1.0,4,0.4865244085472117
RW12,36,0.5308620689275264,3,1.0,4,0.4687344915141577
RW12,37,0.5203234893585551,3,1.0,4,0.44553119343808734
RW16,0,1.0,3,1.0,4,0.9985016599410342
RW16,1,0.9425621054107856,3,1.0,4,0.9778374507974317
RW16,2,0.9122274948612392,3,1.0,4,0.9231986566600974
RW16,3,0.8594705171754466,3,1.0,4,0.8598401599379683
RW16,4,0.8226094846921671,3,1.0,4,0.8262982727909267
RW16,5,0.7871316183203024,3,1.0,4,0.7930679567943077
RW16,6,0.7482387904167098,3,1.0,4,0.7559964418637941
RW16,7,0.7062023643394817,3,1.0,4,0.7247040629032779
RW16,8,0.6827160587550286,3,1.0,4,0.6952171243847936
RW16,9,0.6615821949474906,3,1.0,4,0.6734793279620251
RW16,10,0.5661453405330296,3,1.0,4,0.5899958236116175
RW16,11,0.5408575218936945,3,1.0,4,0.5301503594873873
RW16,12,0.5381706456914773,3,1.0,4,0.4955009076904191
RW16,13,0.5084526916129031,3,1.0,4,0.49375681928790477
RW16,14,0.4924790862619698,3,1.0,4,0.49662342821652555
RW16,15,0.4893788571270426,3,1.0,4,0.49554300097146753
RW16,16,0.4780194546133679,3,1.0,4,0.48753523911848107
RW16,17,0.4636102907262206,3,1.0,4,0.4759960991164196
RW16,18,0.44956410860533774,3,1.0,4,0.4789674607026934
RW20,0,1.0,3,1.0,4,0.9979401145076385
RW20,1,1.0021910813400627,3,1.0,4,0.9744950251876923
RW20,2,0.9599630275408247,3,1.0,4,0.9633034973637894
RW20,3,0.9389439105355176,3,1.0,4,0.9244801903255682
RW20,4,0.9095890303731204,3,1.0,4,0.8849739312031056
RW20,5,0.8787736467512757,3,1.0,4,0.8528641904955441
RW20,6,0.8469654599736883,3,1.0,4,0.8376491437970771
RW20,7,0.8099479091448711,3,1.0,4,0.8157551855446793
RW20,8,0.7796407513733017,3,1.0,4,0.7921393081975224
RW20,9,0.7362874771776192,3,1.0,4,0.7759330746360935
RW20,10,0.7063011689898246,3,1.0,4,0.7634442100571521
RW20,11,0.6860250235969596,3,1.0,4,0.7407941188780746
RW20,12,0.6622238399306097,3,1.0,4,0.7174798282792765
RW20,13,0.6407819061950949,3,1.0,4,0.6841155567527304
RW20,14,0.6222273101754456,3,1.0,4,0.6692265445959925
RW20,15,0.6032903401297325,3,1.0,4,0.6704363554778046
RW20,16,0.5865757619049117,3,1.0,4,0.6521683321890167
RW20,17,0.5820605296821747,3,1.0,4,0.632797948367258
RW20,18,0.5804741522197471,3,1.0,4,0.6322235882413931
RW20,19,0.5639793794393497,3,1.0,4,0.5913639943231044
RW20,20,0.5476026934841127,3,1.0,4,0.5823255262930257
RW20,21,0.5407359137083738,3,1.0,4,0.5734572175717539
RW20,22,0.5401899372028007,3,1.0,4,0.5734572175717539
RW20,23,0.5259580191685468,3,1.0,4,0.5640850621673508
RW20,24,0.524283560758304,3,1.0,4,0.5501042417182884
RW20,25,0.5048560598498573,3,1.0,4,0.5442651731697328
RW20,26,0.5036897444478489,3,1.0,4,0.5374675862329746
RW20,27,0.4887815943950674,3,1.0,4,0.5374675862329746
RW20,28,0.5028952410024843,3,1.0,4,0.528926073903036
RW24,0,1.0,3,1.0,4,1.0008793764950803
RW24,1,0.9725958189735046,3,1.0,4,0.9743749372518467
RW24,2,0.9552453496230082,3,1.0,4,0.9292848184695777
RW24,3,0.9372884939407097,3,1.0,4,0.9070983086947841
RW24,4,0.9062221635651304,3,1.0,4,0.8746200290321557
RW24,5,0.8678749453601385,3,1.0,4,0.8431559099308066
RW24,6,0.8383945015233694,3,1.0,4,0.8158028325831268
RW24,7,0.8199385440731278,3,1.0,4,0.807417218282285
RW24,8,0.8089491471012369,3,1.0,4,0.7991133839667236
RW24,9,0.7944160791948103,3,1.0,4,0.7679608942660854
RW24,10,0.7784916143400717,3,1.0,4,0.7577840471266698
RW28,0,1.0,3,1.0,4,1.0008793764950803
RW28,1,0.9767401325580581,3,1.0,4,0.9693713772352107
RW28,2,0.9572756800225528,3,1.0,4,0.9468438315426038
RW28,3,0.9394102380666421,3,1.0,4,0.9191694288514127
RW28,4,0.919531099054294,3,1.0,4,0.9095770672402654
RW28,5,0.900309919399877,3,1.0,4,0.898075771746297
RW28,6,0.8774347131347013,3,1.0,4,0.8752288297763186
RW28,7,0.8608166536988782,3,1.0,4,0.8721250202776896
RW28,8,0.8490784643422473,3,1.0,4,0.854084626580545
RW28,9,0.8374593566091235,3,1.0,4,0.8405065803840251
RW28,10,0.8307557480117016,3,1.0,4,0.821030647336573
RW28,11,0.8209258698387562,3,1.0,4,0.8097470344047794
RW6,0,1.0,3,1.0,4,0.9979696213103822
RW6,1,0.9648502435502201,3,1.0,4,0.9605869126116813
RW6,2,0.9329921152642804,3,1.0,4,0.9298548005522563
RW6,3,0.9139749601773408,3,1.0,4,0.912659426562452
RW6,4,0.8809638320161228,3,1.0,4,0.87585103483988
RW6,5,0.8518059593208507,3,1.0,4,0.8709302966660192
RW6,6,0.8248471372067737,3,1.0,4,0.8470694882606822
RW6,7,0.8047160673897786,3,1.0,4,0.806085420787775
RW6,8,0.7758839773727937,3,1.0,4,0.8004075231219674
RW6,9,0.7287295594072909,3,1.0,4,0.7711343496299865
RW6,10,0.6794846599462181,3,1.0,4,0.7536807421882538
RW8,0,1.0,3,1.0,4,1.0006418939147677
RW8,1,0.9538996910045201,3,1.0,4,0.9642292057429681
RW8,2,0.9170337737145522,3,1.0,4,0.9348697413043229
RW8,3,0.8811796038492549,3,1.0,4,0.9145876913540255
RW8,4,0.8593893885316382,3,1.0,4,0.8836502491456338
RW8,5,0.8277539857271006,3,1.0,4,0.8603153230898959
RW8,6,0.8057974874661933,3,1.0,4,0.8199715620887126
RW8,7,0.7930034466899822,3,1.0,4,0.8052599525965781
RW8,8,0.7770929791397136,3,1.0,4,0.8051641145433647
RW8,9,0.7619762421461702,3,1.0,4,0.7925458494764739
RW8,10,0.7433319402014317,3,1.0,4,0.7733632386375998
RW8,11,0.7696628567131956,3,1.0,4,0.7672515334226353
RW8,12,0.740562427057364,3,1.0,4,0.7569055318843031
RW8,13,0.7147522177902553,3,1.0,4,0.740351623652882
RW8,14,0.6902828531108213,3,1.0,4,0.7214426911270692
RW8,15,0.669538500278939,3,1.0,4,0.7018012087172137
RW8,16,0.6448644165545862,3,1.0,4,0.6784018014553763
RW8,17,0.6225776414566216,3,1.0,4,0.6499248247541957
RW8,18,0.6151773487241754,3,1.0,4,0.6390748317515612
RW8,19,0.6138713970198927,3,1.0,4,0.630796587225771
RW8,20,0.6501051843741891,3,1.0,4,0.6251197805641002
RW8,21,0.5891201738908819,3,1.0,4,0.5723228419414049
RW8,22,0.542154015105283,3,1.0,4,0.5459131745640933
RW12,0,1.0,3,0.5,0,0.9993345565851519
RW12,1,0.9894632882172221,3,0.5,0,0.9823873064399549
RW12,2,0.97868692158744,3,0.5,0,0.9588428107660669
RW12,3,0.9668253675860224,3,0.5,0,0.9575452175309875
RW12,4,0.9595351332482841,3,0.5,0,0.9173463682641677
RW12,5,0.9425395856201333,3,0.5,0,0.9071922412446309
RW12,6,0.9179237200116072,3,0.5,0,0.8581812755772474
RW12,7,0.895972375242499,3,0.5,0,0.8279852869598782
RW12,8,0.8781986993638894,3,0.5,0,0.8062792897244473
RW12,9,0.8560774866359618,3,0.5,0,0.7709294807585169
RW12,10,0.8450510763252,3,0.5,0,0.7642670005382874
RW12,11,0.833609165097995,3,0.5,0,0.7384633060717737
RW12,12,0.8224867641248257,3,0.5,0,0.693132777759832
RW12,13,0.8112046941613273,3,0.5,0,0.6889625335708517
RW12,14,0.8324148707378292,3,0.5,0,0.6794226263797932
RW12,15,0.8187480106932906,3,0.5,0,0.6889332733171717
RW12,16,0.8063357850884304,3,0.5,0,0.6742837588626553
RW12,17,0.795247354785992,3,0.5,0,0.6409901999817128
RW12,18,0.7786686371332949,3,0.5,0,0.6218932438807011
RW12,19,0.7683124274417916,3,0.5,0,0.6111063989993757
RW12,20,0.75692570834778,3,0.5,0,0.6086249088335756
RW12,21,0.7461680205746775,3,0.5,0,0.6078074659544415
RW12,22,0.7359515360207755,3,0.5,0,0.6006758456337525
RW12,23,0.7186921615324031,3,0.5,0,0.5973104166110181
RW12,24,0.7048109927006182,3,0.5,0,0.5946480721071941
RW12,25,0.6987524864491403,3,0.5,0,0.5898122203735642
RW12,26,0.688736379793022,3,0.5,0,0.5853907286522158
RW12,27,0.6752978487151472,3,0.5,0,0.58105478664582
RW12,28,0.6697649501501854,3,0.5,0,0.581029422768585
RW12,29,0.6581999973939088,3,0.5,0,0.5772577645564609
RW12,30,0.6472474633838574,3,0.5,0,0.5717192573482465
RW12,31,0.6584047219522146,3,0.5,0,0.5569504481011595
RW12,32,0.6148650912610487,3,0.5,0,0.5536695655789702
RW12,33,0.6035612126459146,3,0.5,0,0.5529189283863124
RW12,34,0.5621434198182286,3,0.5,0,0.5310453413184825
RW12,35,0.5487224937943592,3,0.5,0,0.5165708001972148
RW12,36,0.5308620689275264,3,0.5,0,0.44976979732665273
RW12,37,0.5203234893585551,3,0.5,0,0.4441809088616318
RW16,0,1.0,3,0.5,0,0.9982227240979454
RW16,1,0.9425621054107856,3,0.5,0,0.9715110601171243
RW16,2,0.9122274948612392,3,0.5,0,0.9142655880735617
RW16,3,0.8594705171754466,3,0.5,0,0.8735172443181618
RW16,4,0.8226094846921671,3,0.5,0,0.8326827935681576
RW16,5,0.7871316183203024,3,0.5,0,0.7915002406515508
RW16,6,0.7482387904167098,3,0.5,0,0.7886582535303897
RW16,7,0.7062023643394817,3,0.5,0,0.7407709144546502
RW16,8,0.6827160587550286,3,0.5,0,0.6953292643148485
RW16,9,0.6615821949474906,3,0.5,0,0.6848896922572751
RW16,10,0.5661453405330296,3,0.5,0,0.5645130619110003
RW16,11,0.5408575218936945,3,0.5,0,0.5222635635471841
RW16,12,0.5381706456914773,3,0.5,0,0.507107045325688
RW16,13,0.5084526916129031,3,0.5,0,0.50443872092924
RW16,14,0.4924790862619698,3,0.5,0,0.4993524642238214
RW16,15,0.4893788571270426,3,0.5,0,0.5009567109058052
RW16,16,0.4780194546133679,3,0.5,0,0.4899639509026647
RW16,17,0.4636102907262206,3,0.5,0,0.4655317742391508
RW16,18,0.44956410860533774,3,0.5,0,0.46905381137414565
RW20,0,1.0,3,0.5,0,0.9982144154230642
RW20,1,1.0021910813400627,3,0.5,0,0.9830677315515023
RW20,2,0.9599630275408247,3,0.5,0,0.9615725071605232
RW20,3,0.9389439105355176,3,0.5,0,0.911866900512409
RW20,4,0.9095890303731204,3,0.5,0,0.8958920128728709
RW20,5,0.8787736467512757,3,0.5,0,0.8516757211856196
RW20,6,0.8469654599736883,3,0.5,0,0.8238896471220454
RW20,7,0.8099479091448711,3,0.5,0,0.8203265182853176
RW20,8,0.7796407513733017,3,0.5,0,0.7914012808387665
RW20,9,0.7362874771776192,3,0.5,0,0.7782804938364787
RW20,10,0.7063011689898246,3,0.5,0,0.7688713185591154
RW20,11,0.6860250235969596,3,0.5,0,0.7384048700257835
RW20,12,0.6622238399306097,3,0.5,0,0.7033050340509077
RW20,13,0.6407819061950949,3,0.5,0,0.6909846333657088
RW20,14,0.6222273101754456,3,0.5,0,0.6763578475620223
RW20,15,0.6032903401297325,3,0.5,0,0.675369235917397
RW20,16,0.5865757619049117,3,0.5,0,0.6500369853244943
RW20,17,0.5820605296821747,3,0.5,0,0.6369517611935603
RW20,18,0.5804741522197471,3,0.5,0,0.6325740005955324
RW20,19,0.5639793794393497,3,0.5,0,0.582016721919291
RW20,20,0.5476026934841127,3,0.5,0,0.581636912215076
RW20,21,0.5407359137083738,3,0.5,0,0.5726277202256654
RW20,22,0.5401899372028007,3,0.5,0,0.5665755470415061
RW20,23,0.5259580191685468,3,0.5,0,0.5697387779756664
RW20,24,0.524283560758304,3,0.5,0,0.5497633251404453
RW20,25,0.5048560598498573,3,0.5,0,0.5506683067858044
RW20,26,0.5036897444478489,3,0.5,0,0.5403387296416144
RW20,27,0.4887815943950674,3,0.5,0,0.540165472792814
RW20,28,0.5028952410024843,3,0.5,0,0.5158639265601213
RW24,0,1.0,3,0.5,0,1.0003245701924066
RW24,1,0.9725958189735046,3,0.5,0,0.9747274769159485
RW24,2,0.9552453496230082,3,0.5,0,0.9452923689193697
RW24,3,0.9372884939407097,3,0.5,0,0.9054273593344969
RW24,4,0.9062221635651304,3,0.5,0,0.874505762520671
RW24,5,0.8678749453601385,3,0.5,0,0.8301818920934788
RW24,6,0.8383945015233694,3,0.5,0,0.8208362556418322
RW24,7,0.8199385440731278,3,0.5,0,0.8148375125146313
RW24,8,0.8089491471012369,3,0.5,0,0.7897427048283718
RW24,9,0.7944160791948103,3,0.5,0,0.7594758679878783
RW24,10,0.7784916143400717,3,0.5,0,0.7341354601928223
RW28,0,1.0,3,0.5,0,1.0019368130548036
RW28,1,0.9767401325580581,3,0.5,0,0.9692322393053435
RW28,2,0.9572756800225528,3,0.5,0,0.9463013066259475
RW28,3,0.9394102380666421,3,0.5,0,0.9139174403380754
RW28,4,0.919531099054294,3,0.5,0,0.9112268279192616
RW28,5,0.900309919399877,3,0.5,0,0.8870508165975316
RW28,6,0.8774347131347013,3,0.5,0,0.8731695051700982
RW28,7,0.8608166536988782,3,0.5,0,0.868292901436782
RW28,8,0.8490784643422473,3,0.5,0,0.8426371286946012
RW28,9,0.8374593566091235,3,0.5,0,0.838617586878111
RW28,10,0.8307557480117016,3,0.5,0,0.8211916094044502
RW28,11,0.8209258698387562,3,0.5,0,0.8156352104890165
RW6,0,1.0,3,0.5,0,0.9983060182950503
RW6,1,0.9648502435502201,3,0.5,0,0.9593787695453659
RW6,2,0.9329921152642804,3,0.5,0,0.9262635342571197
RW6,3,0.9139749601773408,3,0.5,0,0.9118088312860175
RW6,4,0.8809638320161228,3,0.5,0,0.8789784748813966
RW6,5,0.8518059593208507,3,0.5,0,0.8668441523102888
RW6,6,0.8248471372067737,3,0.5,0,0.8579082084277442
RW6,7,0.8047160673897786,3,0.5,0,0.8170057433530725
RW6,8,0.7758839773727937,3,0.5,0,0.7924453364945816
RW6,9,0.7287295594072909,3,0.5,0,0.7874658399859885
RW6,10,0.6794846599462181,3,0.5,0,0.7634174469291141
RW8,0,1.0,3,0.5,0,1.0009173943831402
RW8,1,0.9538996910045201,3,0.5,0,0.9627484202268883
RW8,2,0.9170337737145522,3,0.5,0,0.9317245840618662
RW8,3,0.8811796038492549,3,0.5,0,0.9175085804862024
RW8,4,0.8593893885316382,3,0.5,0,0.8859909626860742
RW8,5,0.8277539857271006,3,0.5,0,0.8708555664447981
RW8,6,0.8057974874661933,3,0.5,0,0.8220790862173288
RW8,7,0.7930034466899822,3,0.5,0,0.8061286882841052
RW8,8,0.7770929791397136,3,0.5,0,0.7975666827042489
RW8,9,0.7619762421461702,3,0.5,0,0.7914832944937417
RW8,10,0.7433319402014317,3,0.5,0,0.7714650139734102
RW8,11,0.7696628567131956,3,0.5,0,0.7772160619388381
RW8,12,0.740562427057364,3,0.5,0,0.7391042164669311
RW8,13,0.7147522177902553,3,0.5,0,0.7380962634405799
RW8,14,0.6902828531108213,3,0.5,0,0.7250891716306733
RW8,15,0.669538500278939,3,0.5,0,0.6770653385049694
RW8,16,0.6448644165545862,3,0.5,0,0.6596442038796972
RW8,17,0.6225776414566216,3,0.5,0,0.6540055465625991
RW8,18,0.6151773487241754,3,0.5,0,0.6365630694791626
RW8,19,0.6138713970198927,3,0.5,0,0.630278244917923
RW8,20,0.6501051843741891,3,0.5,0,0.6122862340742721
RW8,21,0.5891201738908819,3,0.5,0,0.5374016641482343
RW8,22,0.542154015105283,3,0.5,0,0.5386379993869571
RW12,0,1.0,3,0.5,1,0.9983138243555639
RW12,1,0.9894632882172221,3,0.5,1,0.9688189789270354
RW12,2,0.97868692158744,3,0.5,1,0.9574266680428526
RW12,3,0.9668253675860224,3,0.5,1,0.9468959792587863
RW12,4,0.9595351332482841,3,0.5,1,0.9250730195752067
RW12,5,0.9425395856201333,3,0.5,1,0.8965219286509811
RW12,6,0.9179237200116072,3,0.5,1,0.8748422781059738
RW12,7,0.895972375242499,3,0.5,1,0.8308397538252063
RW12,8,0.8781986993638894,3,0.5,1,0.8207062834222447
RW12,9,0.8560774866359618,3,0.5,1,0.7699515766918213
RW12,10,0.8450510763252,3,0.5,1,0.76404219224364
RW12,11,0.833609165097995,3,0.5,1,0.735387563274213
RW12,12,0.8224867641248257,3,0.5,1,0.7015270773356514
RW12,13,0.8112046941613273,3,0.5,1,0.6800493171803051
RW12,14,0.8324148707378292,3,0.5,1,0.6923110482438342
RW12,15,0.8187480106932906,3,0.5,1,0.6827617773369312
RW12,16,0.8063357850884304,3,0.5,1,0.6778576121012636
RW12,17,0.795247354785992,3,0.5,1,0.645957046057299
RW12,18,0.7786686371332949,3,0.5,1,0.6208510083505455
RW12,19,0.7683124274417916,3,0.5,1,0.6120639982503914
RW12,20,0.75692570834778,3,0.5,1,0.6109773337208496
RW12,21,0.7461680205746775,3,0.5,1,0.6124846173518682
RW12,22,0.7359515360207755,3,0.5,1,0.6008490509573371
RW12,23,0.7186921615324031,3,0.5,1,0.5879113866302996
RW12,24,0.7048109927006182,3,0.5,1,0.5771480920525394
RW12,25,0.6987524864491403,3,0.5,1,0.5757848127267354
RW12,26,0.688736379793022,3,0.5,1,0.5732453801427707
RW12,27,0.6752978487151472,3,0.5,1,0.5598726042469787
RW12,28,0.6697649501501854,3,0.5,1,0.559717472138294
RW12,29,0.6581999973939088,3,0.5,1,0.559717472138294
RW12,30,0.6472474633838574,3,0.5,1,0.5604678065629167
RW12,31,0.6584047219522146,3,0.5,1,0.5610855631012145
RW12,32,0.6148650912610487,3,0.5,1,0.5505556930679848
RW12,33,0.6035612126459146,3,0.5,1,0.5381637938929612
RW12,34,0.5621434198182286,3,0.5,1,0.50363989787082
RW12,35,0.5487224937943592,3,0.5,1,0.485786431945471
RW12,36,0.5308620689275264,3,0.5,1,0.4331163984432849
RW12,37,0.5203234893585551,3,0.5,1,0.4169649900982245
RW16,0,1.0,3,0.5,1,0.9990122427714223
RW16,1,0.9425621054107856,3,0.5,1,0.9770608883335782
RW16,2,0.9122274948612392,3,0.5,1,0.9227364765141762
RW16,3,0.8594705171754466,3,0.5,1,0.8632315542438118
RW16,4,0.8226094846921671,3,0.5,1,0.8162371928272042
RW16,5,0.7871316183203024,3,0.5,1,0.7896386523015425
RW16,6,0.7482387904167098,3,0.5,1,0.7633672073597265
RW16,7,0.7062023643394817,3,0.5,1,0.7216234201318683
RW16,8,0.6827160587550286,3,0.5,1,0.7104182279048022
RW16,9,0.6615821949474906,3,0.5,1,0.6887033954519263
RW16,10,0.5661453405330296,3,0.5,1,0.5909399880500263
RW16,11,0.5408575218936945,3,0.5,1,0.5239570581016889
RW16,12,0.5381706456914773,3,0.5,1,0.5120150275955079
RW16,13,0.5084526916129031,3,0.5,1,0.5024587074752558
RW16,14,0.4924790862619698,3,0.5,1,0.5002138536380485
RW16,15,0.4893788571270426,3,0.5,1,0.49266144710637433
RW16,16,0.4780194546133679,3,0.5,1,0.49326057841953835
RW16,17,0.4636102907262206,3,0.5,1,0.48695301791597195
RW16,18,0.44956410860533774,3,0.5,1,0.4847270084405763
RW20,0,1.0,3,0.5,1,0.9989035385335542
RW20,1,1.0021910813400627,3,0.5,1,0.9691725193779619
RW20,2,0.9599630275408247,3,0.5,1,0.9554318437664121
RW20,3,0.9389439105355176,3,0.5,1,0.9224589454744438
RW20,4,0.9095890303731204,3,0.5,1,0.8919095034403175
RW20,5,0.8787736467512757,3,0.5,1,0.8555362326882304
RW20,6,0.8469654599736883,3,0.5,1,0.8421582727134738
RW20,7,0.8099479091448711,3,0.5,1,0.8150598414029196
RW20,8,0.7796407513733017,3,0.5,1,0.7981742162350514
RW20,9,0.7362874771776192,3,0.5,1,0.7792832333393515
RW20,10,0.7063011689898246,3,0.5,1,0.7762927426791817
RW20,11,0.6860250235969596,3,0.5,1,0.7438987419899736
RW20,12,0.6622238399306097,3,0.5,1,0.7266993373178614
RW20,13,0.6407819061950949,3,0.5,1,0.6840472070393215
RW20,14,0.6222273101754456,3,0.5,1,0.6828645083138237
RW20,15,0.6032903401297325,3,0.5,1,0.6626882109258025
RW20,16,0.5865757619049117,3,0.5,1,0.6580717129578968
RW20,17,0.5820605296821747,3,0.5,1,0.635025203996036
RW20,18,0.5804741522197471,3,0.5,1,0.6334671608220219
RW20,19,0.5639793794393497,3,0.5,1,0.5813846514210372
RW20,20,0.5476026934841127,3,0.5,1,0.5826452570254529
RW20,21,0.5407359137083738,3,0.5,1,0.5637071514736565
RW20,22,0.5401899372028007,3,0.5,1,0.5605016181677962
RW20,23,0.5259580191685468,3,0.5,1,0.556112654919554
RW20,24,0.524283560758304,3,0.5,1,0.5421011422551032
RW20,25,0.5048560598498573,3,0.5,1,0.5326506567206235
RW20,26,0.5036897444478489,3,0.5,1,0.5266591757379125
RW20,27,0.4887815943950674,3,0.5,1,0.5277476263971287
RW20,28,0.5028952410024843,3,0.5,1,0.5149683778867439
RW24,0,1.0,3,0.5,1,1.0015859833523766
RW24,1,0.9725958189735046,3,0.5,1,0.976950250119373
RW24,2,0.9552453496230082,3,0.5,1,0.9332408678530625
RW24,3,0.9372884939407097,3,0.5,1,0.9116516719220381
RW24,4,0.9062221635651304,3,0.5,1,0.8694438246299979
RW24,5,0.8678749453601385,3,0.5,1,0.8460237650593411
RW24,6,0.8383945015233694,3,0.5,1,0.8171127687188822
RW24,7,0.8199385440731278,3,0.5,1,0.8058692264067012
RW24,8,0.8089491471012369,3,0.5,1,0.7916476076020624
RW24,9,0.7944160791948103,3,0.5,1,0.7593595480191986
RW24,10,0.7784916143400717,3,0.5,1,0.756228505025257
RW28,0,1.0,3,0.5,1,1.0000038993260154
RW28,1,0.9767401325580581,3,0.5,1,0.9740046672350556
RW28,2,0.9572756800225528,3,0.5,1,0.9450284383571935
RW28,3,0.9394102380666421,3,0.5,1,0.9273339256899468
RW28,4,0.919531099054294,3,0.5,1,0.9073687113547838
RW28,5,0.900309919399877,3,0.5,1,0.9009694724593708
RW28,6,0.8774347131347013,3,0.5,1,0.8696661821220657
RW28,7,0.8608166536988782,3,0.5,1,0.866542053965556
RW28,8,0.8490784643422473,3,0.5,1,0.8605460043641492
RW28,9,0.8374593566091235,3,0.5,1,0.8400360153540014
RW28,10,0.8307557480117016,3,0.5,1,0.8185186744365048
RW28,11,0.8209258698387562,3,0.5,1,0.8191192225472939
RW6,0,1.0,3,0.5,1,0.9989035385335542
RW6,1,0.9648502435502201,3,0.5,1,0.9628453745140795
RW6,2,0.9329921152642804,3,0.5,1,0.9294223012563785
RW6,3,0.9139749601773408,3,0.5,1,0.9051003329471486
RW6,4,0.8809638320161228,3,0.5,1,0.8852094253945227
RW6,5,0.8518059593208507,3,0.5,1,0.8648426670720941
RW6,6,0.8248471372067737,3,0.5,1,0.8260208551485907
RW6,7,0.8047160673897786,3,0.5,1,0.8050026591729215
RW6,8,0.7758839773727937,3,0.5,1,0.7936146503021029
RW6,9,0.7287295594072909,3,0.5,1,0.7631357495537857
RW6,10,0.6794846599462181,3,0.5,1,0.7491613946261266
RW8,0,1.0,3,0.5,1,0.9998008857356708
RW8,1,0.9538996910045201,3,0.5,1,0.9614455523999587
RW8,2,0.9170337737145522,3,0.5,1,0.9276345057794853
RW8,3,0.8811796038492549,3,0.5,1,0.9120334383447568
RW8,4,0.8593893885316382,3,0.5,1,0.8971056541481086
RW8,5,0.8277539857271006,3,0.5,1,0.8527348338956251
RW8,6,0.8057974874661933,3,0.5,1,0.8296658402985536
RW8,7,0.7930034466899822,3,0.5,1,0.8109693186504391
RW8,8,0.7770929791397136,3,0.5,1,0.8045053523662992
RW8,9,0.7619762421461702,3,0.5,1,0.8068445903293813
RW8,10,0.7433319402014317,3,0.5,1,0.7589782994081598
RW8,11,0.7696628567131956,3,0.5,1,0.7575595834889725
RW8,12,0.740562427057364,3,0.5,1,0.7555673330410595
RW8,13,0.7147522177902553,3,0.5,1,0.7288116309122937
RW8,14,0.6902828531108213,3,0.5,1,0.7217677485348652
RW8,15,0.669538500278939,3,0.5,1,0.7054701365072377
RW8,16,0.6448644165545862,3,0.5,1,0.6966544561216317
RW8,17,0.6225776414566216,3,0.5,1,0.6558550693431887
RW8,18,0.6151773487241754,3,0.5,1,0.6555374713417009
RW8,19,0.6138713970198927,3,0.5,1,0.6376521791140621
RW8,20,0.6501051843741891,3,0.5,1,0.6073330359698005
RW8,21,0.5891201738908819,3,0.5,1,0.577042693252327
RW8,22,0.542154015105283,3,0.5,1,0.5489225336910676
RW12,0,1.0,3,0.5,2,0.9975390431631127
RW12,1,0.9894632882172221,3,0.5,2,0.9741345813388763
RW12,2,0.97868692158744,3,0.5,2,0.9488752549814355
RW12,3,0.9668253675860224,3,0.5,2,0.936889560049895
RW12,4,0.9595351332482841,3,0.5,2,0.9162807161986826
RW12,5,0.9425395856201333,3,0.5,2,0.8735854189570618
RW12,6,0.9179237200116072,3,0.5,2,0.846741742924827
RW12,7,0.895972375242499,3,0.5,2,0.8355413856111008
RW12,8,0.8781986993638894,3,0.5,2,0.7892346654319885
RW12,9,0.8560774866359618,3,0.5,2,0.760564114070245
RW12,10,0.8450510763252,3,0.5,2,0.7574838963497635
RW12,11,0.833609165097995,3,0.5,2,0.7242085187835221
RW12,12,0.8224867641248257,3,0.5,2,0.6975766708388069
RW12,13,0.8112046941613273,3,0.5,2,0.6865173206682814
RW12,14,0.8324148707378292,3,0.5,2,0.6972233564919271
RW12,15,0.8187480106932906,3,0.5,2,0.6906549956023612
RW12,16,0.8063357850884304,3,0.5,2,0.6683368050712267
RW12,17,0.795247354785992,3,0.5,2,0.6339178954812914
RW12,18,0.7786686371332949,3,0.5,2,0.6259905808125406
RW12,19,0.7683124274417916,3,0.5,2,0.6165083709491047
RW12,20,0.75692570834778,3,0.5,2,0.6155065150700826
RW12,21,0.7461680205746775,3,0.5,2,0.6083528607497439
RW12,22,0.7359515360207755,3,0.5,2,0.5973944801416596
RW12,23,0.7186921615324031,3,0.5,2,0.5931719441398074
RW12,24,0.7048109927006182,3,0.5,2,0.5846837614150161
RW12,25,0.6987524864491403,3,0.5,2,0.5838133917361664
RW12,26,0.688736379793022,3,0.5,2,0.5781017164110333
RW12,27,0.6752978487151472,3,0.5,2,0.5755077987494295
RW12,28,0.6697649501501854,3,0.5,2,0.5800841544355284
RW12,29,0.6581999973939088,3,0.5,2,0.5809491012819038
RW12,30,0.6472474633838574,3,0.5,2,0.5762421816747598
RW12,31,0.6584047219522146,3,0.5,2,0.5763553389834766
RW12,32,0.6148650912610487,3,0.5,2,0.5726897527370178
RW12,33,0.6035612126459146,3,0.5,2,0.5634365313857814
RW12,34,0.5621434198182286,3,0.5,2,0.49627531906835604
RW12,35,0.5487224937943592,3,0.5,2,0.49085326133118845
RW12,36,0.5308620689275264,3,0.5,2,0.4583044918758041
RW12,37,0.5203234893585551,3,0.5,2,0.451972451830685
RW16,0,1.0,3,0.5,2,0.9986444755909055
RW16,1,0.9425621054107856,3,0.5,2,0.9701500131281559
RW16,2,0.9122274948612392,3,0.5,2,0.9179792968593771
RW16,3,0.8594705171754466,3,0.5,2,0.8846098006827467
RW16,4,0.8226094846921671,3,0.5,2,0.8304298577799293
RW16,5,0.7871316183203024,3,0.5,2,0.7970407917766862
RW16,6,0.7482387904167098,3,0.5,2,0.786730221524708
RW16,7,0.7062023643394817,3,0.5,2,0.7634135899202692
RW16,8,0.6827160587550286,3,0.5,2,0.7095586426469087
RW16,9,0.6615821949474906,3,0.5,2,0.6842415675205031
RW16,10,0.5661453405330296,3,0.5,2,0.5681716166998271
RW16,11,0.5408575218936945,3,0.5,2,0.5181629653485941
RW16,12,0.5381706456914773,3,0.5,2,0.5122710290683954
RW16,13,0.5084526916129031,3,0.5,2,0.50510523973932
RW16,14,0.4924790862619698,3,0.5,2,0.5007765472157855
RW16,15,0.4893788571270426,3,0.5,2,0.5000834762306254
RW16,16,0.4780194546133679,3,0.5,2,0.5022136870455376
RW16,17,0.4636102907262206,3,0.5,2,0.4826910076827272
RW16,18,0.44956410860533774,3,0.5,2,0.47547261288836556
RW20,0,1.0,3,0.5,2,0.998940049996404
RW20,1,1.0021910813400627,3,0.5,2,0.983588990816928
RW20,2,0.9599630275408247,3,0.5,2,0.9584901096045071
RW20,3,0.9389439105355176,3,0.5,2,0.9232937849191718
RW20,4,0.9095890303731204,3,0.5,2,0.897010354358447
RW20,5,0.8787736467512757,3,0.5,2,0.8640511465968457
RW20,6,0.8469654599736883,3,0.5,2,0.8438597631833713
RW20,7,0.8099479091448711,3,0.5,2,0.8261278283120571
RW20,8,0.7796407513733017,3,0.5,2,0.8200104882476842
RW20,9,0.7362874771776192,3,0.5,2,0.778693261518783
RW20,10,0.7063011689898246,3,0.5,2,0.7520968244099571
RW20,11,0.6860250235969596,3,0.5,2,0.7432126018458276
RW20,12,0.6622238399306097,3,0.5,2,0.6966153670741906
RW20,13,0.6407819061950949,3,0.5,2,0.6880116713317683
RW20,14,0.6222273101754456,3,0.5,2,0.683003780727801
RW20,15,0.6032903401297325,3,0.5,2,0.6699705103062963
RW20,16,0.5865757619049117,3,0.5,2,0.6522128409189268
RW20,17,0.5820605296821747,3,0.5,2,0.6296901956522496
RW20,18,0.5804741522197471,3,0.5,2,0.6263986405482056
RW20,19,0.5639793794393497,3,0.5,2,0.5949457075960142
RW20,20,0.5476026934841127,3,0.5,2,0.5753401978726884
RW20,21,0.5407359137083738,3,0.5,2,0.5689332520017032
RW20,22,0.5401899372028007,3,0.5,2,0.5629720598952298
RW20,23,0.5259580191685468,3,0.5,2,0.5555116809640835
RW20,24,0.524283560758304,3,0.5,2,0.5382120907460184
RW20,25,0.5048560598498573,3,0.5,2,0.5341710962521259
RW20,26,0.5036897444478489,3,0.5,2,0.5335385110364591
RW20,27,0.4887815943950674,3,0.5,2,0.5347022855026596
RW20,28,0.5028952410024843,3,0.5,2,0.5195006278518571
RW24,0,1.0,3,0.5,2,1.0015494080245182
RW24,1,0.9725958189735046,3,0.5,2,0.9805574682313486
RW24,2,0.9552453496230082,3,0.5,2,0.9409243169657527
RW24,3,0.9372884939407097,3,0.5,2,0.9141653934941466
RW24,4,0.9062221635651304,3,0.5,2,0.8685746095029817
RW24,5,0.8678749453601385,3,0.5,2,0.8380883786826697
RW24,6,0.8383945015233694,3,0.5,2,0.8168883380136998
RW24,7,0.8199385440731278,3,0.5,2,0.8214443326637129
RW24,8,0.8089491471012369,3,0.5,2,0.7786104994759925
RW24,9,0.7944160791948103,3,0.5,2,0.7616586680267218
RW24,10,0.7784916143400717,3,0.5,2,0.7626296500127353
RW28,0,1.0,3,0.5,2,1.0018282858045549
RW28,1,0.9767401325580581,3,0.5,2,0.9754953912757026
RW28,2,0.9572756800225528,3,0.5,2,0.9462539196711908
RW28,3,0.9394102380666421,3,0.5,2,0.9239302559519268
RW28,4,0.919531099054294,3,0.5,2,0.916113654835034
RW28,5,0.900309919399877,3,0.5,2,0.9080405341154693
RW28,6,0.8774347131347013,3,0.5,2,0.8776384407948236
RW28,7,0.8608166536988782,3,0.5,2,0.8626595709247138
RW28,8,0.8490784643422473,3,0.5,2,0.8566102142259063
RW28,9,0.8374593566091235,3,0.5,2,0.8484563767674677
RW28,10,0.8307557480117016,3,0.5,2,0.8414228698284103
RW28,11,0.8209258698387562,3,0.5,2,0.8195868423300857
RW6,0,1.0,3,0.5,2,0.9993684449556194
RW6,1,0.9648502435502201,3,0.5,2,0.965423666046917
RW6,2,0.9329921152642804,3,0.5,2,0.9293823501889606
RW6,3,0.9139749601773408,3,0.5,2,0.9116154324812278
RW6,4,0.8809638320161228,3,0.5,2,0.8935607090069017
RW6,5,0.8518059593208507,3,0.5,2,0.8812823872131516
RW6,6,0.8248471372067737,3,0.5,2,0.8413611689978399
RW6,7,0.8047160673897786,3,0.5,2,0.8194788867022236
RW6,8,0.7758839773727937,3,0.5,2,0.7952961455604023
RW6,9,0.7287295594072909,3,0.5,2,0.7803837839187964
RW6,10,0.6794846599462181,3,0.5,2,0.7571617125290484
RW8,0,1.0,3,0.5,2,1.0003267137579264
RW8,1,0.9538996910045201,3,0.5,2,0.9598584938522885
RW8,2,0.9170337737145522,3,0.5,2,0.9340664192933904
RW8,3,0.8811796038492549,3,0.5,2,0.9123596755234775
RW8,4,0.8593893885316382,3,0.5,2,0.9006120289962662
RW8,5,0.8277539857271006,3,0.5,2,0.8582096464412026
RW8,6,0.8057974874661933,3,0.5,2,0.8325395445660818
RW8,7,0.7930034466899822,3,0.5,2,0.8318490035010178
RW8,8,0.7770929791397136,3,0.5,2,0.8049776361191681
RW8,9,0.7619762421461702,3,0.5,2,0.7860246362868369
RW8,10,0.7433319402014317,3,0.5,2,0.7690527298467597
RW8,11,0.7696628567131956,3,0.5,2,0.7748798988822356
RW8,12,0.740562427057364,3,0.5,2,0.752767021002425
RW8,13,0.7147522177902553,3,0.5,2,0.7394571641113477
RW8,14,0.6902828531108213,3,0.5,2,0.7203737872072703
RW8,15,0.669538500278939,3,0.5,2,0.6977608028532866
RW8,16,0.6448644165545862,3,0.5,2,0.6672611517455855
RW8,17,0.6225776414566216,3,0.5,2,0.6556009949564743
RW8,18,0.6151773487241754,3,0.5,2,0.6529506613219059
RW8,19,0.6138713970198927,3,0.5,2,0.6334381789722497
RW8,20,0.6501051843741891,3,0.5,2,0.6305561470926545
RW8,21,0.5891201738908819,3,0.5,2,0.5533711638831523
RW8,22,0.542154015105283,3,0.5,2,0.5385900976242037
RW12,0,1.0,3,0.5,3,0.9980297254697058
RW12,1,0.9894632882172221,3,0.5,3,0.9634234482321108
RW12,2,0.97868692158744,3,0.5,3,0.9603893028147681
RW12,3,0.9668253675860224,3,0.5,3,0.9567525561125312
RW12,4,0.9595351332482841,3,0.5,3,0.9254877142135852
RW12,5,0.9425395856201333,3,0.5,3,0.9045826845768717
RW12,6,0.9179237200116072,3,0.5,3,0.857146037237151
RW12,7,0.895972375242499,3,0.5,3,0.8374856944531107
RW12,8,0.8781986993638894,3,0.5,3,0.8244136005738062
RW12,9,0.8560774866359618,3,0.5,3,0.7604948473647187
RW12,10,0.8450510763252,3,0.5,3,0.7503272590440233
RW12,11,0.833609165097995,3,0.5,3,0.734755954604277
RW12,12,0.8224867641248257,3,0.5,3,0.6975465993109374
RW12,13,0.8112046941613273,3,0.5,3,0.6840839077374421
RW12,14,0.8324148707378292,3,0.5,3,0.6908910387942168
RW12,15,0.8187480106932906,3,0.5,3,0.6924945020445232
RW12,16,0.8063357850884304,3,0.5,3,0.6663525036373956
RW12,17,0.795247354785992,3,0.5,3,0.6416534929785714
RW12,18,0.7786686371332949,3,0.5,3,0.6265830675038694
RW12,19,0.7683124274417916,3,0.5,3,0.6096431526656185
RW12,20,0.75692570834778,3,0.5,3,0.6092970184573575
RW12,21,0.7461680205746775,3,0.5,3,0.6075221183676768
RW12,22,0.7359515360207755,3,0.5,3,0.6112116024126719
RW12,23,0.7186921615324031,3,0.5,3,0.6039476219815085
RW12,24,0.7048109927006182,3,0.5,3,0.5998841565389769
RW12,25,0.6987524864491403,3,0.5,3,0.593261246133791
RW12,26,0.688736379793022,3,0.5,3,0.589844465159848
RW12,27,0.6752978487151472,3,0.5,3,0.5800779835467715
RW12,28,0.6697649501501854,3,0.5,3,0.5799163776606631
RW12,29,0.6581999973939088,3,0.5,3,0.5716242978599407
RW12,30,0.6472474633838574,3,0.5,3,0.5662433764438054
RW12,31,0.6584047219522146,3,0.5,3,0.5664846002202495
RW12,32,0.6148650912610487,3,0.5,3,0.5487497449773451
RW12,33,0.6035612126459146,3,0.5,3,0.5292249054155033
RW12,34,0.5621434198182286,3,0.5,3,0.5348022052499832
RW12,35,0.5487224937943592,3,0.5,3,0.4921124687192639
RW12,36,0.5308620689275264,3,0.5,3,0.46672851879333965
RW12,37,0.5203234893585551,3,0.5,3,0.4268375511771682
RW16,0,1.0,3,0.5,3,0.9989367074819652
RW16,1,0.9425621054107856,3,0.5,3,0.9755386053857216
RW16,2,0.9122274948612392,3,0.5,3,0.919984418806202
RW16,3,0.8594705171754466,3,0.5,3,0.8700842955460241
RW16,4,0.8226094846921671,3,0.5,3,0.8211316968004461
RW16,5,0.7871316183203024,3,0.5,3,0.793558903634616
RW16,6,0.7482387904167098,3,0.5,3,0.7530447818673951
RW16,7,0.7062023643394817,3,0.5,3,0.7268443753167214
RW16,8,0.6827160587550286,3,0.5,3,0.7012240634189202
RW16,9,0.6615821949474906,3,0.5,3,0.6944010719288787
RW16,10,0.5661453405330296,3,0.5,3,0.5593362284743176
RW16,11,0.5408575218936945,3,0.5,3,0.5329848277583341
RW16,12,0.5381706456914773,3,0.5,3,0.49842891648358295
RW16,13,0.5084526916129031,3,0.5,3,0.4916964440577249
RW16,14,0.4924790862619698,3,0.5,3,0.4961638720116287
RW16,15,0.4893788571270426,3,0.5,3,0.5093273496064191
RW16,16,0.4780194546133679,3,0.5,3,0.49009979326836267
RW16,17,0.4636102907262206,3,0.5,3,0.47412705522817195
RW16,18,0.44956410860533774,3,0.5,3,0.4765911214613016
RW20,0,1.0,3,0.5,3,0.9991694781158514
RW20,1,1.0021910813400627,3,0.5,3,0.9645525680017291
RW20,2,0.9599630275408247,3,0.5,3,0.9514486486742881
RW20,3,0.9389439105355176,3,0.5,3,0.9251145542405833
RW20,4,0.9095890303731204,3,0.5,3,0.8940174842536609
RW20,5,0.8787736467512757,3,0.5,3,0.858557317855731
RW20,6,0.8469654599736883,3,0.5,3,0.8298987174045483
RW20,7,0.8099479091448711,3,0.5,3,0.8127238747130684
RW20,8,0.7796407513733017,3,0.5,3,0.7950669356644414
RW20,9,0.7362874771776192,3,0.5,3,0.7820057098759738
RW20,10,0.7063011689898246,3,0.5,3,0.7706389790010124
RW20,11,0.6860250235969596,3,0.5,3,0.7426161288859648
RW20,12,0.6622238399306097,3,0.5,3,0.7160184316267422
RW20,13,0.6407819061950949,3,0.5,3,0.6874662769132974
RW20,14,0.6222273101754456,3,0.5,3,0.6733178686201106
RW20,15,0.6032903401297325,3,0.5,3,0.6750951276488216
RW20,16,0.5865757619049117,3,0.5,3,0.6560635090856796
RW20,17,0.5820605296821747,3,0.5,3,0.6544291953728213
RW20,18,0.5804741522197471,3,0.5,3,0.6065683025243783
RW20,19,0.5639793794393497,3,0.5,3,0.5829516189232022
RW20,20,0.5476026934841127,3,0.5,3,0.5735121616132107
RW20,21,0.5407359137083738,3,0.5,3,0.5616511556150074
RW20,22,0.5401899372028007,3,0.5,3,0.5653429619393242
RW20,23,0.5259580191685468,3,0.5,3,0.5476551444107862
RW20,24,0.524283560758304,3,0.5,3,0.5455822120682341
RW20,25,0.5048560598498573,3,0.5,3,0.5417850546058706
RW20,26,0.5036897444478489,3,0.5,3,0.5291313159627331
RW20,27,0.4887815943950674,3,0.5,3,0.5258682050662111
RW20,28,0.5028952410024843,3,0.5,3,0.5114464471095069
RW24,0,1.0,3,0.5,3,1.0004492616933223
RW24,1,0.9725958189735046,3,0.5,3,0.9661178028346348
RW24,2,0.9552453496230082,3,0.5,3,0.9404725898642846
RW24,3,0.9372884939407097,3,0.5,3,0.9179147730047824
RW24,4,0.9062221635651304,3,0.5,3,0.8801849253213002
RW24,5,0.8678749453601385,3,0.5,3,0.8485748972087264
RW24,6,0.8383945015233694,3,0.5,3,0.82497110076315
RW24,7,0.8199385440731278,3,0.5,3,0.8139338254692627
RW24,8,0.8089491471012369,3,0.5,3,0.8039796026937203
RW24,9,0.7944160791948103,3,0.5,3,0.7748264218651941
RW24,10,0.7784916143400717,3,0.5,3,0.7581920260573348
RW28,0,1.0,3,0.5,3,1.0004492616933223
RW28,1,0.9767401325580581,3,0.5,3,0.9656517795439564
RW28,2,0.9572756800225528,3,0.5,3,0.9511846328420299
RW28,3,0.9394102380666421,3,0.5,3,0.918164914287245
RW28,4,0.919531099054294,3,0.5,3,0.9181574156823847
RW28,5,0.900309919399877,3,0.5,3,0.9002301961335527
RW28,6,0.8774347131347013,3,0.5,3,0.8776045126489166
RW28,7,0.8608166536988782,3,0.5,3,0.8651187654618419
RW28,8,0.8490784643422473,3,0.5,3,0.8498992711473156
RW28,9,0.8374593566091235,3,0.5,3,0.8463544455251332
RW28,10,0.8307557480117016,3,0.5,3,0.819805701109908
RW28,11,0.8209258698387562,3,0.5,3,0.8273059194949131
RW6,0,1.0,3,0.5,3,1.000468886001421
RW6,1,0.9648502435502201,3,0.5,3,0.9486729138803176
RW6,2,0.9329921152642804,3,0.5,3,0.9318476260154805
RW6,3,0.9139749601773408,3,0.5,3,0.9115584296962348
RW6,4,0.8809638320161228,3,0.5,3,0.8925186098389342
RW6,5,0.8518059593208507,3,0.5,3,0.8575706162570583
RW6,6,0.8248471372067737,3,0.5,3,0.8431158365052677
RW6,7,0.8047160673897786,3,0.5,3,0.7974670589757776
RW6,8,0.7758839773727937,3,0.5,3,0.7865198952201703
RW6,9,0.7287295594072909,3,0.5,3,0.7620582933980206
RW6,10,0.6794846599462181,3,0.5,3,0.7473104113352071
RW8,0,1.0,3,0.5,3,1.000606919027145
RW8,1,0.9538996910045201,3,0.5,3,0.9552164852538599
RW8,2,0.9170337737145522,3,0.5,3,0.9445329671580542
RW8,3,0.8811796038492549,3,0.5,3,0.9273958483630294
RW8,4,0.8593893885316382,3,0.5,3,0.8906980274701135
RW8,5,0.8277539857271006,3,0.5,3,0.8663974704921771
RW8,6,0.8057974874661933,3,0.5,3,0.8334134327791044
RW8,7,0.7930034466899822,3,0.5,3,0.8151074264773277
RW8,8,0.7770929791397136,3,0.5,3,0.815526944777598
RW8,9,0.7619762421461702,3,0.5,3,0.7679624890025211
RW8,10,0.7433319402014317,3,0.5,3,0.7710741500892646
RW8,11,0.7696628567131956,3,0.5,3,0.7540499986275813
RW8,12,0.740562427057364,3,0.5,3,0.7411981924499207
RW8,13,0.7147522177902553,3,0.5,3,0.7386568164851983
RW8,14,0.6902828531108213,3,0.5,3,0.7254450839048344
RW8,15,0.669538500278939,3,0.5,3,0.6994419992399726
RW8,16,0.6448644165545862,3,0.5,3,0.6812600471252738
RW8,17,0.6225776414566216,3,0.5,3,0.6638930406224938
RW8,18,0.6151773487241754,3,0.5,3,0.6523990790502876
RW8,19,0.6138713970198927,3,0.5,3,0.6363128429275818
RW8,20,0.6501051843741891,3,0.5,3,0.6342119022611832
RW8,21,0.5891201738908819,3,0.5,3,0.5854099250761178
RW8,22,0.542154015105283,3,0.5,3,0.5573289036120612
RW12,0,1.0,3,0.5,4,0.9984063601593579
RW12,1,0.9894632882172221,3,0.5,4,0.9760759438362293
RW12,2,0.97868692158744,3,0.5,4,0.96857566901254
RW12,3,0.9668253675860224,3,0.5,4,0.9549525233710943
RW12,4,0.9595351332482841,3,0.5,4,0.9099058187114635
RW12,5,0.9425395856201333,3,0.5,4,0.9009856883821123
RW12,6,0.9179237200116072,3,0.5,4,0.8753752832710301
RW12,7,0.895972375242499,3,0.5,4,0.8385194016030922
RW12,8,0.8781986993638894,3,0.5,4,0.8207057951305156
RW12,9,0.8560774866359618,3,0.5,4,0.7700893623860298
RW12,10,0.8450510763252,3,0.5,4,0.7667910083917301
RW12,11,0.833609165097995,3,0.5,4,0.7321121200520812
RW12,12,0.8224867641248257,3,0.5,4,0.7083637311817084
RW12,13,0.8112046941613273,3,0.5,4,0.6861220868716202
RW12,14,0.8324148707378292,3,0.5,4,0.6939989963133603
RW12,15,0.8187480106932906,3,0.5,4,0.6939904263284634
RW12,16,0.8063357850884304,3,0.5,4,0.6867528290382978
RW12,17,0.795247354785992,3,0.5,4,0.6283517686693884
RW12,18,0.7786686371332949,3,0.5,4,0.6277904166254357
RW12,19,0.7683124274417916,3,0.5,4,0.6205199211126995
RW12,20,0.75692570834778,3,0.5,4,0.6127063926503254
RW12,21,0.7461680205746775,3,0.5,4,0.609458309851391
RW12,22,0.7359515360207755,3,0.5,4,0.6104764283094964
RW12,23,0.7186921615324031,3,0.5,4,0.6037419496743582
RW12,24,0.7048109927006182,3,0.5,4,0.5938300187283565
RW12,25,0.6987524864491403,3,0.5,4,0.5882823838026009
RW12,26,0.688736379793022,3,0.5,4,0.5843811594715956
RW12,27,0.6752978487151472,3,0.5,4,0.5613352604124462
RW12,28,0.6697649501501854,3,0.5,4,0.5630228538293225
RW12,29,0.6581999973939088,3,0.5,4,0.5642174743902644
RW12,30,0.6472474633838574,3,0.5,4,0.5599181592410652
RW12,31,0.6584047219522146,3,0.5,4,0.5614559445906693
RW12,32,0.6148650912610487,3,0.5,4,0.5585951581365822
RW12,33,0.6035612126459146,3,0.5,4,0.5179178587921022
RW12,34,0.5621434198182286,3,0.5,4,0.5048100240545592
RW12,35,0.5487224937943592,3,0.5,4,0.5040177314627659
RW12,36,0.5308620689275264,3,0.5,4,0.45928943321543425
RW12,37,0.5203234893585551,3,0.5,4,0.41976184287226653
RW16,0,1.0,3,0.5,4,0.9989146796530052
RW16,1,0.9425621054107856,3,0.5,4,0.9731310844451854
RW16,2,0.9122274948612392,3,0.5,4,0.9269561136776784
RW16,3,0.8594705171754466,3,0.5,4,0.8612573189206448
RW16,4,0.8226094846921671,3,0.5,4,0.8196307083079468
RW16,5,0.7871316183203024,3,0.5,4,0.8062532979313076
RW16,6,0.7482387904167098,3,0.5,4,0.7645089691735459
RW16,7,0.7062023643394817,3,0.5,4,0.7256517476332038
RW16,8,0.6827160587550286,3,0.5,4,0.7061899196673618
RW16,9,0.6615821949474906,3,0.5,4,0.6997718490208129
RW16,10,0.5661453405330296,3,0.5,4,0.5499146648690075
RW16,11,0.5408575218936945,3,0.5,4,0.5408956121141686
RW16,12,0.5381706456914773,3,0.5,4,0.5066493184711137
RW16,13,0.5084526916129031,3,0.5,4,0.5131983117847367
RW16,14,0.4924790862619698,3,0.5,4,0.500029376533606
RW16,15,0.4893788571270426,3,0.5,4,0.5015523064400075
RW16,16,0.4780194546133679,3,0.5,4,0.5050385928426004
RW16,17,0.4636102907262206,3,0.5,4,0.4749818050843592
RW16,18,0.44956410860533774,3,0.5,4,0.48694852891540286
RW20,0,1.0,3,0.5,4,0.9989146796530052
RW20,1,1.0021910813400627,3,0.5,4,0.9791967696359758
RW20,2,0.9599630275408247,3,0.5,4,0.9592760630883881
RW20,3,0.9389439105355176,3,0.5,4,0.9313599237992456
RW20,4,0.9095890303731204,3,0.5,4,0.8922242881921485
RW20,5,0.8787736467512757,3,0.5,4,0.8596723672918588
RW20,6,0.8469654599736883,3,0.5,4,0.8493762635169985
RW20,7,0.8099479091448711,3,0.5,4,0.8193925366751651
RW20,8,0.7796407513733017,3,0.5,4,0.8067877589704483
RW20,9,0.7362874771776192,3,0.5,4,0.7777361097861558
RW20,10,0.7063011689898246,3,0.5,4,0.7646777856040531
RW20,11,0.6860250235969596,3,0.5,4,0.7395967883528696
RW20,12,0.6622238399306097,3,0.5,4,0.7261251433754894
RW20,13,0.6407819061950949,3,0.5,4,0.683869254612167
RW20,14,0.6222273101754456,3,0.5,4,0.6654610869803076
RW20,15,0.6032903401297325,3,0.5,4,0.6677633469000084
RW20,16,0.5865757619049117,3,0.5,4,0.6691067245166449
RW20,17,0.5820605296821747,3,0.5,4,0.6363765767751045
RW20,18,0.5804741522197471,3,0.5,4,0.6359884502864285
RW20,19,0.5639793794393497,3,0.5,4,0.5952954961226019
RW20,20,0.5476026934841127,3,0.5,4,0.5919904780894955
RW20,21,0.5407359137083738,3,0.5,4,0.5692803009502584
RW20,22,0.5401899372028007,3,0.5,4,0.5728314092910926
RW20,23,0.5259580191685468,3,0.5,4,0.568756460212178
RW20,24,0.524283560758304,3,0.5,4,0.5496490655190898
RW20,25,0.5048560598498573,3,0.5,4,0.5419577111082989
RW20,26,0.5036897444478489,3,0.5,4,0.5309712042235413
RW20,27,0.4887815943950674,3,0.5,4,0.5337600927630051
RW20,28,0.5028952410024843,3,0.5,4,0.5146964129745484
RW24,0,1.0,3,0.5,4,1.0011930316615953
RW24,1,0.9725958189735046,3,0.5,4,0.980947645278146
RW24,2,0.9552453496230082,3,0.5,4,0.9453805285021459
RW24,3,0.9372884939407097,3,0.5,4,0.9076730391910386
RW24,4,0.9062221635651304,3,0.5,4,0.8765458523379813
RW24,5,0.8678749453601385,3,0.5,4,0.8432935295513833
RW24,6,0.8383945015233694,3,0.5,4,0.8144955636674203
RW24,7,0.8199385440731278,3,0.5,4,0.819093331891261
RW24,8,0.8089491471012369,3,0.5,4,0.788341521425831
RW24,9,0.7944160791948103,3,0.5,4,0.7550619083042667
RW24,10,0.7784916143400717,3,0.5,4,0.7481145617721172
RW28,0,1.0,3,0.5,4,1.0011930316615953
RW28,1,0.9767401325580581,3,0.5,4,0.9697931212455957
RW28,2,0.9572756800225528,3,0.5,4,0.9418447523066577
RW28,3,0.9394102380666421,3,0.5,4,0.9236306833488267
RW28,4,0.919531099054294,3,0.5,4,0.9166597975330845
RW28,5,0.900309919399877,3,0.5,4,0.8967273295430862
RW28,6,0.8774347131347013,3,0.5,4,0.8822348986662293
RW28,7,0.8608166536988782,3,0.5,4,0.8815108887933985
RW28,8,0.8490784643422473,3,0.5,4,0.8650897086105629
RW28,9,0.8374593566091235,3,0.5,4,0.8356015959688967
RW28,10,0.8307557480117016,3,0.5,4,0.8214875998267345
RW28,11,0.8209258698387562,3,0.5,4,0.8194157152831948
RW6,0,1.0,3,0.5,4,0.9979170373255123
RW6,1,0.9648502435502201,3,0.5,4,0.9542937425512569
RW6,2,0.9329921152642804,3,0.5,4,0.9276621792496011
RW6,3,0.9139749601773408,3,0.5,4,0.9107239359653421
RW6,4,0.8809638320161228,3,0.5,4,0.8801037321847233
RW6,5,0.8518059593208507,3,0.5,4,0.8536903692348552
RW6,6,0.8248471372067737,3,0.5,4,0.8474461483980412
RW6,7,0.8047160673897786,3,0.5,4,0.8235478662076331
RW6,8,0.7758839773727937,3,0.5,4,0.8068845289222405
RW6,9,0.7287295594072909,3,0.5,4,0.7558588387125564
RW6,10,0.6794846599462181,3,0.5,4,0.7515068940506983
RW8,0,1.0,3,0.5,4,1.0001454387770488
RW8,1,0.9538996910045201,3,0.5,4,0.9613007414155861
RW8,2,0.9170337737145522,3,0.5,4,0.9309201718752861
RW8,3,0.8811796038492549,3,0.5,4,0.9205590510862707
RW8,4,0.8593893885316382,3,0.5,4,0.8765007154790718
RW8,5,0.8277539857271006,3,0.5,4,0.8610393890790439
RW8,6,0.8057974874661933,3,0.5,4,0.8162328691912999
RW8,7,0.7930034466899822,3,0.5,4,0.8055891052460254
RW8,8,0.7770929791397136,3,0.5,4,0.804367115655121
RW8,9,0.7619762421461702,3,0.5,4,0.7703629235407892
RW8,10,0.7433319402014317,3,0.5,4,0.7730506670198137
RW8,11,0.7696628567131956,3,0.5,4,0.7574861599506589
RW8,12,0.740562427057364,3,0.5,4,0.7574372869488304
RW8,13,0.7147522177902553,3,0.5,4,0.717706429899665
RW8,14,0.6902828531108213,3,0.5,4,0.7158781749535352
RW8,15,0.669538500278939,3,0.5,4,0.6936141208040651
RW8,16,0.6448644165545862,3,0.5,4,0.6837091134228049
RW8,17,0.6225776414566216,3,0.5,4,0.663747651622116
RW8,18,0.6151773487241754,3,0.5,4,0.6453069421173628
RW8,19,0.6138713970198927,3,0.5,4,0.6292475572111981
RW8,20,0.6501051843741891,3,0.5,4,0.5919159014770695
RW8,21,0.5891201738908819,3,0.5,4,0.5879977851848163
RW8,22,0.542154015105283,3,0.5,4,0.5494215743446145
RW12,0,1.0,3,0.25,0,0.9998416502381889
RW12,1,0.9894632882172221,3,0.25,0,0.974674208182707
RW12,2,0.97868692158744,3,0.25,0,0.950575409599062
RW12,3,0.9668253675860224,3,0.25,0,0.9567500064389068
RW12,4,0.9595351332482841,3,0.25,0,0.9209049438107306
RW12,5,0.9425395856201333,3,0.25,0,0.9076704291459381
RW12,6,0.9179237200116072,3,0.25,0,0.8721544090025428
RW12,7,0.895972375242499,3,0.25,0,0.8726865401107884
RW12,8,0.8781986993638894,3,0.25,0,0.8371183491284931
RW12,9,0.8560774866359618,3,0.25,0,0.7568829199695235
RW12,10,0.8450510763252,3,0.25,0,0.7564943364846702
RW12,11,0.833609165097995,3,0.25,0,0.7531070408393356
RW12,12,0.8224867641248257,3,0.25,0,0.6957172836800322
RW12,13,0.8112046941613273,3,0.25,0,0.6843547084166733
RW12,14,0.8324148707378292,3,0.25,0,0.6843120280260233
RW12,15,0.8187480106932906,3,0.25,0,0.6705133476131531
RW12,16,0.8063357850884304,3,0.25,0,0.6355765181636258
RW12,17,0.795247354785992,3,0.25,0,0.6351865432861222
RW12,18,0.7786686371332949,3,0.25,0,0.6182008353865025
RW12,19,0.7683124274417916,3,0.25,0,0.6140249239299689
RW12,20,0.75692570834778,3,0.25,0,0.6111295805684621
RW12,21,0.7461680205746775,3,0.25,0,0.6115110649799349
RW12,22,0.7359515360207755,3,0.25,0,0.6054779895332606
RW12,23,0.7186921615324031,3,0.25,0,0.6015569684591737
RW12,24,0.7048109927006182,3,0.25,0,0.5883273313611279
RW12,25,0.6987524864491403,3,0.25,0,0.5862805265823385
RW12,26,0.688736379793022,3,0.25,0,0.5947190318381689
RW12,27,0.6752978487151472,3,0.25,0,0.5949340706149986
RW12,28,0.6697649501501854,3,0.25,0,0.5849425004961615
RW12,29,0.6581999973939088,3,0.25,0,0.5773176577250622
RW12,30,0.6472474633838574,3,0.25,0,0.5446857445255073
RW12,31,0.6584047219522146,3,0.25,0,0.5493843549009719
RW12,32,0.6148650912610487,3,0.25,0,0.5447661516954426
RW12,33,0.6035612126459146,3,0.25,0,0.5220404190060303
RW12,34,0.5621434198182286,3,0.25,0,0.47610183007783263
RW12,35,0.5487224937943592,3,0.25,0,0.47628495339994376
RW12,36,0.5308620689275264,3,0.25,0,0.47467083622339584
RW12,37,0.5203234893585551,3,0.25,0,0.427826832281719
RW16,0,1.0,3,0.25,0,0.9990199868366756
RW16,1,0.9425621054107856,3,0.25,0,0.9802604526406118
RW16,2,0.9122274948612392,3,0.25,0,0.9222226698422294
RW16,3,0.8594705171754466,3,0.25,0,0.8574357582277331
RW16,4,0.8226094846921671,3,0.25,0,0.8443307455307674
RW16,5,0.7871316183203024,3,0.25,0,0.8237795225045628
RW16,6,0.7482387904167098,3,0.25,0,0.7691395329358657
RW16,7,0.7062023643394817,3,0.25,0,0.778771861325408
RW16,8,0.6827160587550286,3,0.25,0,0.7090425234306837
RW16,9,0.6615821949474906,3,0.25,0,0.6897147289438459
RW16,10,0.5661453405330296,3,0.25,0,0.5603044862507381
RW16,11,0.5408575218936945,3,0.25,0,0.5428470485467521
RW16,12,0.5381706456914773,3,0.25,0,0.5050696320748074
RW16,13,0.5084526916129031,3,0.25,0,0.5043747471525886
RW16,14,0.4924790862619698,3,0.25,0,0.5051155623736133
RW16,15,0.4893788571270426,3,0.25,0,0.5172369903405143
RW16,16,0.4780194546133679,3,0.25,0,0.512792480801155
RW16,17,0.4636102907262206,3,0.25,0,0.47427268615268836
RW16,18,0.44956410860533774,3,0.25,0,0.46878190822853233
RW20,0,1.0,3,0.25,0,0.9996602211179172
RW20,1,1.0021910813400627,3,0.25,0,0.9795030311454462
RW20,2,0.9599630275408247,3,0.25,0,0.9551520065240584
RW20,3,0.9389439105355176,3,0.25,0,0.9046889790618913
RW20,4,0.9095890303731204,3,0.25,0,0.9061219804154347
RW20,5,0.8787736467512757,3,0.25,0,0.8560051730631811
RW20,6,0.8469654599736883,3,0.25,0,0.8390341032310342
RW20,7,0.8099479091448711,3,0.25,0,0.8162852738443213
RW20,8,0.7796407513733017,3,0.25,0,0.8029876419142943
RW20,9,0.7362874771776192,3,0.25,0,0.788489973556454
RW20,10,0.7063011689898246,3,0.25,0,0.7565373439990354
RW20,11,0.6860250235969596,3,0.25,0,0.7288064933394811
RW20,12,0.6622238399306097,3,0.25,0,0.717270223068521
RW20,13,0.6407819061950949,3,0.25,0,0.6588838481571619
RW20,14,0.6222273101754456,3,0.25,0,0.6595886111644379
RW20,15,0.6032903401297325,3,0.25,0,0.6582932852442265
RW20,16,0.5865757619049117,3,0.25,0,0.6375484071848448
RW20,17,0.5820605296821747,3,0.25,0,0.6315356930008086
RW20,18,0.5804741522197471,3,0.25,0,0.6313573394870603
RW20,19,0.5639793794393497,3,0.25,0,0.5880761575131391
RW20,20,0.5476026934841127,3,0.25,0,0.5840809818613978
RW20,21,0.5407359137083738,3,0.25,0,0.5746035395956598
RW20,22,0.5401899372028007,3,0.25,0,0.5743669285475296
RW20,23,0.5259580191685468,3,0.25,0,0.5611291147884471
RW20,24,0.524283560758304,3,0.25,0,0.5587600886982044
RW20,25,0.5048560598498573,3,0.25,0,0.5533528839209303
RW20,26,0.5036897444478489,3,0.25,0,0.5525041593126475
RW20,27,0.4887815943950674,3,0.25,0,0.5264774521720741
RW20,28,0.5028952410024843,3,0.25,0,0.5264774521720741
RW24,0,1.0,3,0.25,0,1.0007907237016147
RW24,1,0.9725958189735046,3,0.25,0,0.9867521504754935
RW24,2,0.9552453496230082,3,0.25,0,0.9304751918122843
RW24,3,0.9372884939407097,3,0.25,0,0.9153312859525212
RW24,4,0.9062221635651304,3,0.25,0,0.8709197741310567
RW24,5,0.8678749453601385,3,0.25,0,0.8318246533861423
RW24,6,0.8383945015233694,3,0.25,0,0.8113486401981944
RW24,7,0.8199385440731278,3,0.25,0,0.8156133784605083
RW24,8,0.8089491471012369,3,0.25,0,0.7961422516813619
RW24,9,0.7944160791948103,3,0.25,0,0.7341440140988044
RW24,10,0.7784916143400717,3,0.25,0,0.7193763700776806
RW28,0,1.0,3,0.25,0,1.0007907237016147
RW28,1,0.9767401325580581,3,0.25,0,0.9765280658828923
RW28,2,0.9572756800225528,3,0.25,0,0.9423735861152144
RW28,3,0.9394102380666421,3,0.25,0,0.9238707952059468
RW28,4,0.919531099054294,3,0.25,0,0.9166653390243626
RW28,5,0.900309919399877,3,0.25,0,0.8895894568446289
RW28,6,0.8774347131347013,3,0.25,0,0.8792560662713939
RW28,7,0.8608166536988782,3,0.25,0,0.8640208569435825
RW28,8,0.8490784643422473,3,0.25,0,0.8425007863746098
RW28,9,0.8374593566091235,3,0.25,0,0.8247928093112771
RW28,10,0.8307557480117016,3,0.25,0,0.825274636285766
RW28,11,0.8209258698387562,3,0.25,0,0.77974549636325
RW6,0,1.0,3,0.25,0,0.9999979000882272
RW6,1,0.9648502435502201,3,0.25,0,0.9552530325277541
RW6,2,0.9329921152642804,3,0.25,0,0.9139916605588517
RW6,3,0.9139749601773408,3,0.25,0,0.917658731215888
RW6,4,0.8809638320161228,3,0.25,0,0.8678105784350117
RW6,5,0.8518059593208507,3,0.25,0,0.8647587686515564
RW6,6,0.8248471372067737,3,0.25,0,0.851765848782367
RW6,7,0.8047160673897786,3,0.25,0,0.7979083305563018
RW6,8,0.7758839773727937,3,0.25,0,0.7961892920869439
RW6,9,0.7287295594072909,3,0.25,0,0.7741758240284199
RW6,10,0.6794846599462181,3,0.25,0,0.7537376914754572
RW8,0,1.0,3,0.25,0,1.000261573822721
RW8,1,0.9538996910045201,3,0.25,0,0.9689284813552054
RW8,2,0.9170337737145522,3,0.25,0,0.9269454000036094
RW8,3,0.8811796038492549,3,0.25,0,0.9246763715977349
RW8,4,0.8593893885316382,3,0.25,0,0.9079707603238633
RW8,5,0.8277539857271006,3,0.25,0,0.8979611895656238
RW8,6,0.8057974874661933,3,0.25,0,0.8224023775187016
RW8,7,0.7930034466899822,3,0.25,0,0.8239014888827421
RW8,8,0.7770929791397136,3,0.25,0,0.8128434635110133
RW8,9,0.7619762421461702,3,0.25,0,0.7897502197083675
RW8,10,0.7433319402014317,3,0.25,0,0.7736721298996957
RW8,11,0.7696628567131956,3,0.25,0,0.7396870547824521
RW8,12,0.740562427057364,3,0.25,0,0.7440518160692469
RW8,13,0.7147522177902553,3,0.25,0,0.742053475423536
RW8,14,0.6902828531108213,3,0.25,0,0.7290671364096615
RW8,15,0.669538500278939,3,0.25,0,0.6966754873614257
RW8,16,0.6448644165545862,3,0.25,0,0.6942714833561091
RW8,17,0.6225776414566216,3,0.25,0,0.6440195174641502
RW8,18,0.6151773487241754,3,0.25,0,0.6449168112534109
RW8,19,0.6138713970198927,3,0.25,0,0.6337803481711863
RW8,20,0.6501051843741891,3,0.25,0,0.6003858212159985
RW8,21,0.5891201738908819,3,0.25,0,0.5962807921334419
RW8,22,0.542154015105283,3,0.25,0,0.5478706671787318
RW12,0,1.0,3,0.25,1,1.0000951787364571
RW12,1,0.9894632882172221,3,0.25,1,0.9626466536270718
RW12,2,0.97868692158744,3,0.25,1,0.9545014125987168
RW12,3,0.9668253675860224,3,0.25,1,0.9473094437131981
RW12,4,0.9595351332482841,3,0.25,1,0.91173207965911
RW12,5,0.9425395856201333,3,0.25,1,0.9024324558638935
RW12,6,0.9179237200116072,3,0.25,1,0.8656031816369592
RW12,7,0.895972375242499,3,0.25,1,0.8216974295737902
RW12,8,0.8781986993638894,3,0.25,1,0.8197005630221333
RW12,9,0.8560774866359618,3,0.25,1,0.7611254707756147
RW12,10,0.8450510763252,3,0.25,1,0.7666010839074394
RW12,11,0.833609165097995,3,0.25,1,0.7125822651635201
RW12,12,0.8224867641248257,3,0.25,1,0.6970097593470689
RW12,13,0.8112046941613273,3,0.25,1,0.6839799775462025
RW12,14,0.8324148707378292,3,0.25,1,0.6992512711430703
RW12,15,0.8187480106932906,3,0.25,1,0.692681089884858
RW12,16,0.8063357850884304,3,0.25,1,0.6681454395166612
RW12,17,0.795247354785992,3,0.25,1,0.6711850060166522
RW12,18,0.7786686371332949,3,0.25,1,0.637476001240175
RW12,19,0.7683124274417916,3,0.25,1,0.622549395502376
RW12,20,0.75692570834778,3,0.25,1,0.6173126358441124
RW12,21,0.7461680205746775,3,0.25,1,0.5979211126339844
RW12,22,0.7359515360207755,3,0.25,1,0.5948507946431275
RW12,23,0.7186921615324031,3,0.25,1,0.5877943744165092
RW12,24,0.7048109927006182,3,0.25,1,0.5849075609246527
RW12,25,0.6987524864491403,3,0.25,1,0.590393479057326
RW12,26,0.688736379793022,3,0.25,1,0.592901246042881
RW12,27,0.6752978487151472,3,0.25,1,0.5936111003995898
RW12,28,0.6697649501501854,3,0.25,1,0.5755709159043815
RW12,29,0.6581999973939088,3,0.25,1,0.5561766422630651
RW12,30,0.6472474633838574,3,0.25,1,0.5421672961694273
RW12,31,0.6584047219522146,3,0.25,1,0.5402199897013309
RW12,32,0.6148650912610487,3,0.25,1,0.5363646525989566
RW12,33,0.6035612126459146,3,0.25,1,0.5309930279867291
RW12,34,0.5621434198182286,3,0.25,1,0.5154619529234334
RW12,35,0.5487224937943592,3,0.25,1,0.48142996454379766
RW12,36,0.5308620689275264,3,0.25,1,0.4650603610663065
RW12,37,0.5203234893585551,3,0.25,1,0.4654572764550985
RW16,0,1.0,3,0.25,1,1.0000157601804782
RW16,1,0.9425621054107856,3,0.25,1,0.9578400862951904
RW16,2,0.9122274948612392,3,0.25,1,0.9161253160576817
RW16,3,0.8594705171754466,3,0.25,1,0.8865501129299531
RW16,4,0.8226094846921671,3,0.25,1,0.8191441332086493
RW16,5,0.7871316183203024,3,0.25,1,0.8021951845674506
RW16,6,0.7482387904167098,3,0.25,1,0.7441193126918135
RW16,7,0.7062023643394817,3,0.25,1,0.7408459934470283
RW16,8,0.6827160587550286,3,0.25,1,0.7161655914456507
RW16,9,0.6615821949474906,3,0.25,1,0.7070255558723763
RW16,10,0.5661453405330296,3,0.25,1,0.6764207807815233
RW16,11,0.5408575218936945,3,0.25,1,0.5403334635076433
RW16,12,0.5381706456914773,3,0.25,1,0.5001674102691547
RW16,13,0.5084526916129031,3,0.25,1,0.506237003618243
RW16,14,0.4924790862619698,3,0.25,1,0.5014536326669252
RW16,15,0.4893788571270426,3,0.25,1,0.5074360467074921
RW16,16,0.4780194546133679,3,0.25,1,0.49110937610096067
RW16,17,0.4636102907262206,3,0.25,1,0.4746148191551751
RW16,18,0.44956410860533774,3,0.25,1,0.4713094904215827
RW20,0,1.0,3,0.25,1,1.0002338683601488
RW20,1,1.0021910813400627,3,0.25,1,0.986049724961082
RW20,2,0.9599630275408247,3,0.25,1,0.9469391933929151
RW20,3,0.9389439105355176,3,0.25,1,0.9276539673543172
RW20,4,0.9095890303731204,3,0.25,1,0.9055728422351249
RW20,5,0.8787736467512757,3,0.25,1,0.8681439394813828
RW20,6,0.8469654599736883,3,0.25,1,0.8448269547063445
RW20,7,0.8099479091448711,3,0.25,1,0.8090860742809352
RW20,8,0.7796407513733017,3,0.25,1,0.807401612470122
RW20,9,0.7362874771776192,3,0.25,1,0.7968832764975977
RW20,10,0.7063011689898246,3,0.25,1,0.7775605606108267
RW20,11,0.6860250235969596,3,0.25,1,0.7666631781281388
RW20,12,0.6622238399306097,3,0.25,1,0.7179318090346367
RW20,13,0.6407819061950949,3,0.25,1,0.6791478859896477
RW20,14,0.6222273101754456,3,0.25,1,0.6572022791310722
RW20,15,0.6032903401297325,3,0.25,1,0.6589018944103194
RW20,16,0.5865757619049117,3,0.25,1,0.6460331539762555
RW20,17,0.5820605296821747,3,0.25,1,0.626546214967799
RW20,18,0.5804741522197471,3,0.25,1,0.6270552899647724
RW20,19,0.5639793794393497,3,0.25,1,0.6058428005715834
RW20,20,0.5476026934841127,3,0.25,1,0.5768300874870808
RW20,21,0.5407359137083738,3,0.25,1,0.5779405408574108
RW20,22,0.5401899372028007,3,0.25,1,0.5645247179708153
RW20,23,0.5259580191685468,3,0.25,1,0.5520883316382272
RW20,24,0.524283560758304,3,0.25,1,0.5484486130740707
RW20,25,0.5048560598498573,3,0.25,1,0.5442799024331046
RW20,26,0.5036897444478489,3,0.25,1,0.5327677528270618
RW20,27,0.4887815943950674,3,0.25,1,0.5345302716649343
RW20,28,0.5028952410024843,3,0.25,1,0.5132745551535045
RW24,0,1.0,3,0.25,1,1.0007919093410993
RW24,1,0.9725958189735046,3,0.25,1,0.9672736279977332
RW24,2,0.9552453496230082,3,0.25,1,0.947474511013031
RW24,3,0.9372884939407097,3,0.25,1,0.9055272365684023
RW24,4,0.9062221635651304,3,0.25,1,0.8650502699892472
RW24,5,0.8678749453601385,3,0.25,1,0.8276947415047837
RW24,6,0.8383945015233694,3,0.25,1,0.7932981660247667
RW24,7,0.8199385440731278,3,0.25,1,0.7885021440976022
RW24,8,0.8089491471012369,3,0.25,1,0.7772093011505076
RW24,9,0.7944160791948103,3,0.25,1,0.7044103052462561
RW24,10,0.7784916143400717,3,0.25,1,0.6904386073491895
RW28,0,1.0,3,0.25,1,1.0007919093410993
RW28,1,0.9767401325580581,3,0.25,1,0.9758181014170743
RW28,2,0.9572756800225528,3,0.25,1,0.9486584366099003
RW28,3,0.9394102380666421,3,0.25,1,0.9223147647379718
RW28,4,0.919531099054294,3,0.25,1,0.9163998483300342
RW28,5,0.900309919399877,3,0.25,1,0.9180581465266402
RW28,6,0.8774347131347013,3,0.25,1,0.8796463694181157
RW28,7,0.8608166536988782,3,0.25,1,0.8701622329797505
RW28,8,0.8490784643422473,3,0.25,1,0.8651422823231874
RW28,9,0.8374593566091235,3,0.25,1,0.833836927060088
RW28,10,0.8307557480117016,3,0.25,1,0.8088542530867424
RW28,11,0.8209258698387562,3,0.25,1,0.8074569701110006
RW6,0,1.0,3,0.25,1,0.9998510187563248
RW6,1,0.9648502435502201,3,0.25,1,0.9726175863352862
RW6,2,0.9329921152642804,3,0.25,1,0.9422767341668511
RW6,3,0.9139749601773408,3,0.25,1,0.9207435375698644
RW6,4,0.8809638320161228,3,0.25,1,0.8979781370318692
RW6,5,0.8518059593208507,3,0.25,1,0.85509359506317
RW6,6,0.8248471372067737,3,0.25,1,0.8528693782528444
RW6,7,0.8047160673897786,3,0.25,1,0.8173768628306513
RW6,8,0.7758839773727937,3,0.25,1,0.8196072016798179
RW6,9,0.7287295594072909,3,0.25,1,0.7569307302825552
RW6,10,0.6794846599462181,3,0.25,1,0.7534798304214361
RW8,0,1.0,3,0.25,1,1.0000199168215633
RW8,1,0.9538996910045201,3,0.25,1,0.9526182586835412
RW8,2,0.9170337737145522,3,0.25,1,0.9421930386552156
RW8,3,0.8811796038492549,3,0.25,1,0.9314397328781864
RW8,4,0.8593893885316382,3,0.25,1,0.880198094059395
RW8,5,0.8277539857271006,3,0.25,1,0.8737830733776839
RW8,6,0.8057974874661933,3,0.25,1,0.8286542087184988
RW8,7,0.7930034466899822,3,0.25,1,0.8076890179622674
RW8,8,0.7770929791397136,3,0.25,1,0.8174010353463559
RW8,9,0.7619762421461702,3,0.25,1,0.8095654863639693
RW8,10,0.7433319402014317,3,0.25,1,0.7751426641863016
RW8,11,0.7696628567131956,3,0.25,1,0.757941989464359
RW8,12,0.740562427057364,3,0.25,1,0.7637427377941428
RW8,13,0.7147522177902553,3,0.25,1,0.7154595664803964
RW8,14,0.6902828531108213,3,0.25,1,0.7148568211688571
RW8,15,0.669538500278939,3,0.25,1,0.6962846410077657
RW8,16,0.6448644165545862,3,0.25,1,0.6902994845150138
RW8,17,0.6225776414566216,3,0.25,1,0.6613603651245613
RW8,18,0.6151773487241754,3,0.25,1,0.6468076888899629
RW8,19,0.6138713970198927,3,0.25,1,0.6505787458957794
RW8,20,0.6501051843741891,3,0.25,1,0.6070417101347885
RW8,21,0.5891201738908819,3,0.25,1,0.5729230684697236
RW8,22,0.542154015105283,3,0.25,1,0.5515943777271501
RW12,0,1.0,3,0.25,2,0.9994489714488866
RW12,1,0.9894632882172221,3,0.25,2,0.9826090096205721
RW12,2,0.97868692158744,3,0.25,2,0.9689279722836848
RW12,3,0.9668253675860224,3,0.25,2,0.9302329496544142
RW12,4,0.9595351332482841,3,0.25,2,0.8935152366218202
RW12,5,0.9425395856201333,3,0.25,2,0.8729820209228727
RW12,6,0.9179237200116072,3,0.25,2,0.858343412579953
RW12,7,0.895972375242499,3,0.25,2,0.8145183498462367
RW12,8,0.8781986993638894,3,0.25,2,0.7990273603982944
RW12,9,0.8560774866359618,3,0.25,2,0.7806799394470197
RW12,10,0.8450510763252,3,0.25,2,0.7663147195722555
RW12,11,0.833609165097995,3,0.25,2,0.7154309750894762
RW12,12,0.8224867641248257,3,0.25,2,0.6983896013338793
RW12,13,0.8112046941613273,3,0.25,2,0.6664954594265852
RW12,14,0.8324148707378292,3,0.25,2,0.677734266543931
RW12,15,0.8187480106932906,3,0.25,2,0.6792052367121311
RW12,16,0.8063357850884304,3,0.25,2,0.6700398315043322
RW12,17,0.795247354785992,3,0.25,2,0.6505346259443087
RW12,18,0.7786686371332949,3,0.25,2,0.6292471137436572
RW12,19,0.7683124274417916,3,0.25,2,0.6238205900835949
RW12,20,0.75692570834778,3,0.25,2,0.6194760586608083
RW12,21,0.7461680205746775,3,0.25,2,0.6095993034843127
RW12,22,0.7359515360207755,3,0.25,2,0.6092534770153337
RW12,23,0.7186921615324031,3,0.25,2,0.601690103169857
RW12,24,0.7048109927006182,3,0.25,2,0.593006500180677
RW12,25,0.6987524864491403,3,0.25,2,0.6108667296379919
RW12,26,0.688736379793022,3,0.25,2,0.5958589187704737
RW12,27,0.6752978487151472,3,0.25,2,0.596046382437185
RW12,28,0.6697649501501854,3,0.25,2,0.5810756679715061
RW12,29,0.6581999973939088,3,0.25,2,0.5799067572711858
RW12,30,0.6472474633838574,3,0.25,2,0.5784534787941056
RW12,31,0.6584047219522146,3,0.25,2,0.5583693795730146
RW12,32,0.6148650912610487,3,0.25,2,0.5539677169888094
RW12,33,0.6035612126459146,3,0.25,2,0.544287490557173
RW12,34,0.5621434198182286,3,0.25,2,0.5347392583860281
RW12,35,0.5487224937943592,3,0.25,2,0.5270362050521009
RW12,36,0.5308620689275264,3,0.25,2,0.47480966734280683
RW12,37,0.5203234893585551,3,0.25,2,0.45196254930884117
RW16,0,1.0,3,0.25,2,0.9993388852292204
RW16,1,0.9425621054107856,3,0.25,2,0.9696325617764878
RW16,2,0.9122274948612392,3,0.25,2,0.9302140878743362
RW16,3,0.8594705171754466,3,0.25,2,0.8377459103389479
RW16,4,0.8226094846921671,3,0.25,2,0.8159120400846871
RW16,5,0.7871316183203024,3,0.25,2,0.8266131650548555
RW16,6,0.7482387904167098,3,0.25,2,0.7484488116851529
RW16,7,0.7062023643394817,3,0.25,2,0.7469810102363988
RW16,8,0.6827160587550286,3,0.25,2,0.7136255811401515
RW16,9,0.6615821949474906,3,0.25,2,0.6838788987077661
RW16,10,0.5661453405330296,3,0.25,2,0.6240823309316964
RW16,11,0.5408575218936945,3,0.25,2,0.5496767387404892
RW16,12,0.5381706456914773,3,0.25,2,0.5425010242013839
RW16,13,0.5084526916129031,3,0.25,2,0.5537799202749171
RW16,14,0.4924790862619698,3,0.25,2,0.5217099399161326
RW16,15,0.4893788571270426,3,0.25,2,0.4897237943163432
RW16,16,0.4780194546133679,3,0.25,2,0.4908673908178448
RW16,17,0.4636102907262206,3,0.25,2,0.4880449386995472
RW16,18,0.44956410860533774,3,0.25,2,0.4974221901207014
RW20,0,1.0,3,0.25,2,0.998966891178605
RW20,1,1.0021910813400627,3,0.25,2,0.9814500540645268
RW20,2,0.9599630275408247,3,0.25,2,0.9579649397350704
RW20,3,0.9389439105355176,3,0.25,2,0.9335705527634186
RW20,4,0.9095890303731204,3,0.25,2,0.8823340678609023
RW20,5,0.8787736467512757,3,0.25,2,0.8543161767924005
RW20,6,0.8469654599736883,3,0.25,2,0.8418804312488002
RW20,7,0.8099479091448711,3,0.25,2,0.8053962312058747
RW20,8,0.7796407513733017,3,0.25,2,0.7995215054716265
RW20,9,0.7362874771776192,3,0.25,2,0.7771297392937371
RW20,10,0.7063011689898246,3,0.25,2,0.7471387635583039
RW20,11,0.6860250235969596,3,0.25,2,0.7345768311984624
RW20,12,0.6622238399306097,3,0.25,2,0.7206151735100338
RW20,13,0.6407819061950949,3,0.25,2,0.690443959355657
RW20,14,0.6222273101754456,3,0.25,2,0.6790064869196353
RW20,15,0.6032903401297325,3,0.25,2,0.615087804580633
RW20,16,0.5865757619049117,3,0.25,2,0.6183801253125024
RW20,17,0.5820605296821747,3,0.25,2,0.6180829692874522
RW20,18,0.5804741522197471,3,0.25,2,0.6177600960869729
RW20,19,0.5639793794393497,3,0.25,2,0.5943137466657866
RW20,20,0.5476026934841127,3,0.25,2,0.5692697229265575
RW20,21,0.5407359137083738,3,0.25,2,0.5538243678691811
RW20,22,0.5401899372028007,3,0.25,2,0.5539936975147574
RW20,23,0.5259580191685468,3,0.25,2,0.5545123904849679
RW20,24,0.524283560758304,3,0.25,2,0.5470175371032596
RW20,25,0.5048560598498573,3,0.25,2,0.525916701989668
RW20,26,0.5036897444478489,3,0.25,2,0.5176917227221429
RW20,27,0.4887815943950674,3,0.25,2,0.5222174261166805
RW20,28,0.5028952410024843,3,0.25,2,0.5138446560462417
RW24,0,1.0,3,0.25,2,1.0005440583466538
RW24,1,0.9725958189735046,3,0.25,2,0.9796118851602703
RW24,2,0.9552453496230082,3,0.25,2,0.9429608433829902
RW24,3,0.9372884939407097,3,0.25,2,0.8831861672619657
RW24,4,0.9062221635651304,3,0.25,2,0.8676875523441323
RW24,5,0.8678749453601385,3,0.25,2,0.8433806968569267
RW24,6,0.8383945015233694,3,0.25,2,0.7969460608173377
RW24,7,0.8199385440731278,3,0.25,2,0.8235059168042205
RW24,8,0.8089491471012369,3,0.25,2,0.802064704164853
RW24,9,0.7944160791948103,3,0.25,2,0.7774337467062247
RW24,10,0.7784916143400717,3,0.25,2,0.7463676380494764
RW28,0,1.0,3,0.25,2,1.0007852250738678
RW28,1,0.9767401325580581,3,0.25,2,0.9735191543965541
RW28,2,0.9572756800225528,3,0.25,2,0.9413735536406158
RW28,3,0.9394102380666421,3,0.25,2,0.925510845181064
RW28,4,0.919531099054294,3,0.25,2,0.8924161884737765
RW28,5,0.900309919399877,3,0.25,2,0.8749162299964786
RW28,6,0.8774347131347013,3,0.25,2,0.8657875874393273
RW28,7,0.8608166536988782,3,0.25,2,0.8631210831983264
RW28,8,0.8490784643422473,3,0.25,2,0.8664153033580998
RW28,9,0.8374593566091235,3,0.25,2,0.8235071659795096
RW28,10,0.8307557480117016,3,0.25,2,0.823001052887732
RW28,11,0.8209258698387562,3,0.25,2,0.8056627954217889
RW6,0,1.0,3,0.25,2,0.9993622344571589
RW6,1,0.9648502435502201,3,0.25,2,0.9646635371879806
RW6,2,0.9329921152642804,3,0.25,2,0.9453668157981534
RW6,3,0.9139749601773408,3,0.25,2,0.9206806266427132
RW6,4,0.8809638320161228,3,0.25,2,0.8834978409920727
RW6,5,0.8518059593208507,3,0.25,2,0.8543890006803094
RW6,6,0.8248471372067737,3,0.25,2,0.8426393814586159
RW6,7,0.8047160673897786,3,0.25,2,0.8283208538743997
RW6,8,0.7758839773727937,3,0.25,2,0.8062876448079719
RW6,9,0.7287295594072909,3,0.25,2,0.7720930810990136
RW6,10,0.6794846599462181,3,0.25,2,0.7483514071038947
RW8,0,1.0,3,0.25,2,1.0010043870949048
RW8,1,0.9538996910045201,3,0.25,2,0.9776737812634223
RW8,2,0.9170337737145522,3,0.25,2,0.9686554613130646
RW8,3,0.8811796038492549,3,0.25,2,0.9160132708719402
RW8,4,0.8593893885316382,3,0.25,2,0.8805054396187336
RW8,5,0.8277539857271006,3,0.25,2,0.863327449786248
RW8,6,0.8057974874661933,3,0.25,2,0.8439339129875383
RW8,7,0.7930034466899822,3,0.25,2,0.8079488566818336
RW8,8,0.7770929791397136,3,0.25,2,0.8054949378733735
RW8,9,0.7619762421461702,3,0.25,2,0.7816887097102854
RW8,10,0.7433319402014317,3,0.25,2,0.7827554275769528
RW8,11,0.7696628567131956,3,0.25,2,0.7726757988581269
RW8,12,0.740562427057364,3,0.25,2,0.7491376992955749
RW8,13,0.7147522177902553,3,0.25,2,0.7527331113466609
RW8,14,0.6902828531108213,3,0.25,2,0.7037784743816549
RW8,15,0.669538500278939,3,0.25,2,0.6955606300269033
RW8,16,0.6448644165545862,3,0.25,2,0.6897493306259721
RW8,17,0.6225776414566216,3,0.25,2,0.6709129878748261
RW8,18,0.6151773487241754,3,0.25,2,0.6385445329662908
RW8,19,0.6138713970198927,3,0.25,2,0.5971727222955925
RW8,20,0.6501051843741891,3,0.25,2,0.6031252871529849
RW8,21,0.5891201738908819,3,0.25,2,0.585013993507114
RW8,22,0.542154015105283,3,0.25,2,0.5479626351190185
RW12,0,1.0,3,0.25,3,1.0000861773209844
RW12,1,0.9894632882172221,3,0.25,3,0.9683035848769015
RW12,2,0.97868692158744,3,0.25,3,0.9570778386823438
RW12,3,0.9668253675860224,3,0.25,3,0.930121447738236
RW12,4,0.9595351332482841,3,0.25,3,0.9221939833140745
RW12,5,0.9425395856201333,3,0.25,3,0.912075475578402
RW12,6,0.9179237200116072,3,0.25,3,0.8567498688142929
RW12,7,0.895972375242499,3,0.25,3,0.8390679048004318
RW12,8,0.8781986993638894,3,0.25,3,0.8119947863326472
RW12,9,0.8560774866359618,3,0.25,3,0.77488821153653
RW12,10,0.8450510763252,3,0.25,3,0.779008285491723
RW12,11,0.833609165097995,3,0.25,3,0.7576613833605725
RW12,12,0.8224867641248257,3,0.25,3,0.6834032258694334
RW12,13,0.8112046941613273,3,0.25,3,0.6759772620175724
RW12,14,0.8324148707378292,3,0.25,3,0.6787599297709959
RW12,15,0.8187480106932906,3,0.25,3,0.6763584378189749
RW12,16,0.8063357850884304,3,0.25,3,0.6752933782745766
RW12,17,0.795247354785992,3,0.25,3,0.6550996030913431
RW12,18,0.7786686371332949,3,0.25,3,0.6463117037874487
RW12,19,0.7683124274417916,3,0.25,3,0.6305333832687355
RW12,20,0.75692570834778,3,0.25,3,0.6213532136541836
RW12,21,0.7461680205746775,3,0.25,3,0.6168178720528545
RW12,22,0.7359515360207755,3,0.25,3,0.61284041628055
RW12,23,0.7186921615324031,3,0.25,3,0.6038747262145852
RW12,24,0.7048109927006182,3,0.25,3,0.5984538539028611
RW12,25,0.6987524864491403,3,0.25,3,0.6019199137731855
RW12,26,0.688736379793022,3,0.25,3,0.5795454195363028
RW12,27,0.6752978487151472,3,0.25,3,0.5744873580741687
RW12,28,0.6697649501501854,3,0.25,3,0.5731069612323344
RW12,29,0.6581999973939088,3,0.25,3,0.5648575430462344
RW12,30,0.6472474633838574,3,0.25,3,0.5662097686078831
RW12,31,0.6584047219522146,3,0.25,3,0.5442915177214009
RW12,32,0.6148650912610487,3,0.25,3,0.5307113838533685
RW12,33,0.6035612126459146,3,0.25,3,0.5179202351448027
RW12,34,0.5621434198182286,3,0.25,3,0.4830257592627705
RW12,35,0.5487224937943592,3,0.25,3,0.47341991682140755
RW12,36,0.5308620689275264,3,0.25,3,0.4532197521019829
RW12,37,0.5203234893585551,3,0.25,3,0.43465583240666433
RW16,0,1.0,3,0.25,3,0.9988473501616919
RW16,1,0.9425621054107856,3,0.25,3,0.972663030835341
RW16,2,0.9122274948612392,3,0.25,3,0.9300036035076623
RW16,3,0.8594705171754466,3,0.25,3,0.8624251431683798
RW16,4,0.8226094846921671,3,0.25,3,0.8495884311349545
RW16,5,0.7871316183203024,3,0.25,3,0.8073576584120041
RW16,6,0.7482387904167098,3,0.25,3,0.7618953078044102
RW16,7,0.7062023643394817,3,0.25,3,0.757919236203013
RW16,8,0.6827160587550286,3,0.25,3,0.6963043462169062
RW16,9,0.6615821949474906,3,0.25,3,0.6610056574991672
RW16,10,0.5661453405330296,3,0.25,3,0.5920812858685047
RW16,11,0.5408575218936945,3,0.25,3,0.5813537890739531
RW16,12,0.5381706456914773,3,0.25,3,0.5255468202511767
RW16,13,0.5084526916129031,3,0.25,3,0.532119113353847
RW16,14,0.4924790862619698,3,0.25,3,0.49429420511710165
RW16,15,0.4893788571270426,3,0.25,3,0.48080807170965467
RW16,16,0.4780194546133679,3,0.25,3,0.49403353020648644
RW16,17,0.4636102907262206,3,0.25,3,0.49428277192036374
RW16,18,0.44956410860533774,3,0.25,3,0.4966377544737459
RW20,0,1.0,3,0.25,3,0.998919451094238
RW20,1,1.0021910813400627,3,0.25,3,0.9759487423871037
RW20,2,0.9599630275408247,3,0.25,3,0.9559529833043252
RW20,3,0.9389439105355176,3,0.25,3,0.9299378797522462
RW20,4,0.9095890303731204,3,0.25,3,0.8848814520622972
RW20,5,0.8787736467512757,3,0.25,3,0.8716955111158746
RW20,6,0.8469654599736883,3,0.25,3,0.8486794165014026
RW20,7,0.8099479091448711,3,0.25,3,0.8137993486815694
RW20,8,0.7796407513733017,3,0.25,3,0.8014363076624845
RW20,9,0.7362874771776192,3,0.25,3,0.786937083596242
RW20,10,0.7063011689898246,3,0.25,3,0.7390738134934846
RW20,11,0.6860250235969596,3,0.25,3,0.7111250249023784
RW20,12,0.6622238399306097,3,0.25,3,0.7030253720609351
RW20,13,0.6407819061950949,3,0.25,3,0.6878472675648414
RW20,14,0.6222273101754456,3,0.25,3,0.6862292512629641
RW20,15,0.6032903401297325,3,0.25,3,0.6791157713685722
RW20,16,0.5865757619049117,3,0.25,3,0.6305347434871806
RW20,17,0.5820605296821747,3,0.25,3,0.6186141026877229
RW20,18,0.5804741522197471,3,0.25,3,0.61996801070137
RW20,19,0.5639793794393497,3,0.25,3,0.5877908647521786
RW20,20,0.5476026934841127,3,0.25,3,0.5933737306880342
RW20,21,0.5407359137083738,3,0.25,3,0.5918430933133023
RW20,22,0.5401899372028007,3,0.25,3,0.5781831339295043
RW20,23,0.5259580191685468,3,0.25,3,0.5782347965078255
RW20,24,0.524283560758304,3,0.25,3,0.5357782835244548
RW20,25,0.5048560598498573,3,0.25,3,0.5327132690723377
RW20,26,0.5036897444478489,3,0.25,3,0.5313812465656316
RW20,27,0.4887815943950674,3,0.25,3,0.5285634423435042
RW20,28,0.5028952410024843,3,0.25,3,0.5291590771459449
RW24,0,1.0,3,0.25,3,1.000318467534854
RW24,1,0.9725958189735046,3,0.25,3,0.9805438404571657
RW24,2,0.9552453496230082,3,0.25,3,0.9472670606113336
RW24,3,0.9372884939407097,3,0.25,3,0.8885803443036119
RW24,4,0.9062221635651304,3,0.25,3,0.8664572215425285
RW24,5,0.8678749453601385,3,0.25,3,0.8428330662981052
RW24,6,0.8383945015233694,3,0.25,3,0.8057809589954645
RW24,7,0.8199385440731278,3,0.25,3,0.7970714855889995
RW24,8,0.8089491471012369,3,0.25,3,0.7841954621470667
RW24,9,0.7944160791948103,3,0.25,3,0.7186906642834284
RW24,10,0.7784916143400717,3,0.25,3,0.6753435718693029
RW28,0,1.0,3,0.25,3,1.0005465276112844
RW28,1,0.9767401325580581,3,0.25,3,0.970117657459686
RW28,2,0.9572756800225528,3,0.25,3,0.9543935482691847
RW28,3,0.9394102380666421,3,0.25,3,0.9271241953066816
RW28,4,0.919531099054294,3,0.25,3,0.8965654538470501
RW28,5,0.900309919399877,3,0.25,3,0.8913665459723794
RW28,6,0.8774347131347013,3,0.25,3,0.8796648409647814
RW28,7,0.8608166536988782,3,0.25,3,0.8723296339264293
RW28,8,0.8490784643422473,3,0.25,3,0.851610020461597
RW28,9,0.8374593566091235,3,0.25,3,0.8268101434632226
RW28,10,0.8307557480117016,3,0.25,3,0.8348180227169015
RW28,11,0.8209258698387562,3,0.25,3,0.7584871228887596
RW6,0,1.0,3,0.25,3,0.9974454238778583
RW6,1,0.9648502435502201,3,0.25,3,0.9513716862851755
RW6,2,0.9329921152642804,3,0.25,3,0.9282854238547513
RW6,3,0.9139749601773408,3,0.25,3,0.9128059493574356
RW6,4,0.8809638320161228,3,0.25,3,0.8722780914866407
RW6,5,0.8518059593208507,3,0.25,3,0.8471935347352818
RW6,6,0.8248471372067737,3,0.25,3,0.8437045279786691
RW6,7,0.8047160673897786,3,0.25,3,0.8170064513673085
RW6,8,0.7758839773727937,3,0.25,3,0.8113930205850384
RW6,9,0.7287295594072909,3,0.25,3,0.7838580432743412
RW6,10,0.6794846599462181,3,0.25,3,0.7654793174087402
RW8,0,1.0,3,0.25,3,1.000069800802282
RW8,1,0.9538996910045201,3,0.25,3,0.9563358203945584
RW8,2,0.9170337737145522,3,0.25,3,0.9380130306955612
RW8,3,0.8811796038492549,3,0.25,3,0.9076884693155444
RW8,4,0.8593893885316382,3,0.25,3,0.8799096677863713
RW8,5,0.8277539857271006,3,0.25,3,0.8712308915727048
RW8,6,0.8057974874661933,3,0.25,3,0.8155620531350378
RW8,7,0.7930034466899822,3,0.25,3,0.8168595313299086
RW8,8,0.7770929791397136,3,0.25,3,0.7969754038157024
RW8,9,0.7619762421461702,3,0.25,3,0.7907781845451628
RW8,10,0.7433319402014317,3,0.25,3,0.7885818378464716
RW8,11,0.7696628567131956,3,0.25,3,0.7622899060991257
RW8,12,0.740562427057364,3,0.25,3,0.757331558908205
RW8,13,0.7147522177902553,3,0.25,3,0.7439056381805665
RW8,14,0.6902828531108213,3,0.25,3,0.6716476318611373
RW8,15,0.669538500278939,3,0.25,3,0.6449617283236263
RW8,16,0.6448644165545862,3,0.25,3,0.6356854609835941
RW8,17,0.6225776414566216,3,0.25,3,0.6359455095128521
RW8,18,0.6151773487241754,3,0.25,3,0.6374671936012368
RW8,19,0.6138713970198927,3,0.25,3,0.6256077760244262
RW8,20,0.6501051843741891,3,0.25,3,0.5716435569889142
RW8,21,0.5891201738908819,3,0.25,3,0.5686744730915755
RW8,22,0.542154015105283,3,0.25,3,0.5356429304258621
RW12,0,1.0,3,0.25,4,0.9989076317995759
RW12,1,0.9894632882172221,3,0.25,4,0.9774551375375905
RW12,2,0.97868692158744,3,0.25,4,0.9394677537252725
RW12,3,0.9668253675860224,3,0.25,4,0.9195187495214345
RW12,4,0.9595351332482841,3,0.25,4,0.9124252414620662
RW12,5,0.9425395856201333,3,0.25,4,0.8758003331869934
RW12,6,0.9179237200116072,3,0.25,4,0.8506432478911214
RW12,7,0.895972375242499,3,0.25,4,0.8113152013954499
RW12,8,0.8781986993638894,3,0.25,4,0.7837227396909873
RW12,9,0.8560774866359618,3,0.25,4,0.7668597057684297
RW12,10,0.8450510763252,3,0.25,4,0.7414815582822528
RW12,11,0.833609165097995,3,0.25,4,0.7144247464518604
RW12,12,0.8224867641248257,3,0.25,4,0.6968300499168801
RW12,13,0.8112046941613273,3,0.25,4,0.674443783296024
RW12,14,0.8324148707378292,3,0.25,4,0.6819869804714
RW12,15,0.8187480106932906,3,0.25,4,0.6836640624737764
RW12,16,0.8063357850884304,3,0.25,4,0.6696612160951387
RW12,17,0.795247354785992,3,0.25,4,0.6446209370331224
RW12,18,0.7786686371332949,3,0.25,4,0.6387758842589257
RW12,19,0.7683124274417916,3,0.25,4,0.61809120064192
RW12,20,0.75692570834778,3,0.25,4,0.6116868585606884
RW12,21,0.7461680205746775,3,0.25,4,0.6127816446541433
RW12,22,0.7359515360207755,3,0.25,4,0.6099914632336614
RW12,23,0.7186921615324031,3,0.25,4,0.5958171994349449
RW12,24,0.7048109927006182,3,0.25,4,0.5892047490572978
RW12,25,0.6987524864491403,3,0.25,4,0.587929267803514
RW12,26,0.688736379793022,3,0.25,4,0.5889237133290105
RW12,27,0.6752978487151472,3,0.25,4,0.584597040939071
RW12,28,0.6697649501501854,3,0.25,4,0.5823917957756463
RW12,29,0.6581999973939088,3,0.25,4,0.5645538114759752
RW12,30,0.6472474633838574,3,0.25,4,0.566405691570206
RW12,31,0.6584047219522146,3,0.25,4,0.5613252198530503
RW12,32,0.6148650912610487,3,0.25,4,0.5607743348543262
RW12,33,0.6035612126459146,3,0.25,4,0.5340359406808932
RW12,34,0.5621434198182286,3,0.25,4,0.5397957575714942
RW12,35,0.5487224937943592,3,0.25,4,0.4658993252746377
RW12,36,0.5308620689275264,3,0.25,4,0.4657805041934992
RW12,37,0.5203234893585551,3,0.25,4,0.44910076089835554
RW16,0,1.0,3,0.25,4,0.9996843260467521
RW16,1,0.9425621054107856,3,0.25,4,0.9684031253916485
RW16,2,0.9122274948612392,3,0.25,4,0.9282693294108793
RW16,3,0.8594705171754466,3,0.25,4,0.904663422842984
RW16,4,0.8226094846921671,3,0.25,4,0.8249882486297476
RW16,5,0.7871316183203024,3,0.25,4,0.7978394848738621
RW16,6,0.7482387904167098,3,0.25,4,0.7653259688261455
RW16,7,0.7062023643394817,3,0.25,4,0.763879941077814
RW16,8,0.6827160587550286,3,0.25,4,0.751754227711428
RW16,9,0.6615821949474906,3,0.25,4,0.6961543077992568
RW16,10,0.5661453405330296,3,0.25,4,0.5837971668834709
RW16,11,0.5408575218936945,3,0.25,4,0.5775627601071853
RW16,12,0.5381706456914773,3,0.25,4,0.5405530241339231
RW16,13,0.5084526916129031,3,0.25,4,0.5486448800523154
RW16,14,0.4924790862619698,3,0.25,4,0.5386362362771172
RW16,15,0.4893788571270426,3,0.25,4,0.48799658424734965
RW16,16,0.4780194546133679,3,0.25,4,0.4935349135006645
RW16,17,0.4636102907262206,3,0.25,4,0.4805294191077864
RW16,18,0.44956410860533774,3,0.25,4,0.48065821087973176
RW20,0,1.0,3,0.25,4,0.9998107650593995
RW20,1,1.0021910813400627,3,0.25,4,0.9760887592880819
RW20,2,0.9599630275408247,3,0.25,4,0.9574373299968826
RW20,3,0.9389439105355176,3,0.25,4,0.9226014399939376
RW20,4,0.9095890303731204,3,0.25,4,0.9003911703166779
RW20,5,0.8787736467512757,3,0.25,4,0.8499199317469194
RW20,6,0.8469654599736883,3,0.25,4,0.8479558911037015
RW20,7,0.8099479091448711,3,0.25,4,0.7980183810852657
RW20,8,0.7796407513733017,3,0.25,4,0.793356317258136
RW20,9,0.7362874771776192,3,0.25,4,0.7954686673791151
RW20,10,0.7063011689898246,3,0.25,4,0.776478371138073
RW20,11,0.6860250235969596,3,0.25,4,0.774215257802707
RW20,12,0.6622238399306097,3,0.25,4,0.7110417863392723
RW20,13,0.6407819061950949,3,0.25,4,0.6871646469048759
RW20,14,0.6222273101754456,3,0.25,4,0.6840149006668158
RW20,15,0.6032903401297325,3,0.25,4,0.6665895580828479
RW20,16,0.5865757619049117,3,0.25,4,0.6620130762718693
RW20,17,0.5820605296821747,3,0.25,4,0.6634597620372914
RW20,18,0.5804741522197471,3,0.25,4,0.6293395081302816
RW20,19,0.5639793794393497,3,0.25,4,0.6002277960992908
RW20,20,0.5476026934841127,3,0.25,4,0.5945569495871439
RW20,21,0.5407359137083738,3,0.25,4,0.5857563945253204
RW20,22,0.5401899372028007,3,0.25,4,0.58620581853635
RW20,23,0.5259580191685468,3,0.25,4,0.5859292760237721
RW20,24,0.524283560758304,3,0.25,4,0.5555559568494624
RW20,25,0.5048560598498573,3,0.25,4,0.5287723947645022
RW20,26,0.5036897444478489,3,0.25,4,0.5298483798020591
RW20,27,0.4887815943950674,3,0.25,4,0.5364382875229762
RW20,28,0.5028952410024843,3,0.25,4,0.5273607568827018
RW24,0,1.0,3,0.25,4,1.000597721444511
RW24,1,0.9725958189735046,3,0.25,4,0.980575171080931
RW24,2,0.9552453496230082,3,0.25,4,0.9480155104904713
RW24,3,0.9372884939407097,3,0.25,4,0.9162196912397235
RW24,4,0.9062221635651304,3,0.25,4,0.8574985499751338
RW24,5,0.8678749453601385,3,0.25,4,0.8450383799401254
RW24,6,0.8383945015233694,3,0.25,4,0.7869689685943893
RW24,7,0.8199385440731278,3,0.25,4,0.7861085046465022
RW24,8,0.8089491471012369,3,0.25,4,0.7877126610169207
RW24,9,0.7944160791948103,3,0.25,4,0.7771066210694687
RW24,10,0.7784916143400717,3,0.25,4,0.7398212581670428
RW28,0,1.0,3,0.25,4,1.000597721444511
RW28,1,0.9767401325580581,3,0.25,4,0.9730488127283808
RW28,2,0.9572756800225528,3,0.25,4,0.9446569270613867
RW28,3,0.9394102380666421,3,0.25,4,0.9345102898255856
RW28,4,0.919531099054294,3,0.25,4,0.9157940413847216
RW28,5,0.900309919399877,3,0.25,4,0.9043803145955513
RW28,6,0.8774347131347013,3,0.25,4,0.8622346565034603
RW28,7,0.8608166536988782,3,0.25,4,0.858190682425371
RW28,8,0.8490784643422473,3,0.25,4,0.8508710134641077
RW28,9,0.8374593566091235,3,0.25,4,0.8086373513907724
RW28,10,0.8307557480117016,3,0.25,4,0.8126804692869619
RW28,11,0.8209258698387562,3,0.25,4,0.8176883174962208
RW6,0,1.0,3,0.25,4,0.9998107650593995
RW6,1,0.9648502435502201,3,0.25,4,0.9530491610708504
RW6,2,0.9329921152642804,3,0.25,4,0.9352708673600306
RW6,3,0.9139749601773408,3,0.25,4,0.9184438542391407
RW6,4,0.8809638320161228,3,0.25,4,0.8814896542844171
RW6,5,0.8518059593208507,3,0.25,4,0.8706683194840394
RW6,6,0.8248471372067737,3,0.25,4,0.8393915843975888
RW6,7,0.8047160673897786,3,0.25,4,0.8189361514308723
RW6,8,0.7758839773727937,3,0.25,4,0.8091937564874159
RW6,9,0.7287295594072909,3,0.25,4,0.7799125919844601
RW6,10,0.6794846599462181,3,0.25,4,0.7745709620825391
RW8,0,1.0,3,0.25,4,1.0006347368451982
RW8,1,0.9538996910045201,3,0.25,4,0.9631533396775213
RW8,2,0.9170337737145522,3,0.25,4,0.9336517233483546
RW8,3,0.8811796038492549,3,0.25,4,0.91930003240939
RW8,4,0.8593893885316382,3,0.25,4,0.9123865387858842
RW8,5,0.8277539857271006,3,0.25,4,0.8667252531389416
RW8,6,0.8057974874661933,3,0.25,4,0.8024356131842326
RW8,7,0.7930034466899822,3,0.25,4,0.8014080652964659
RW8,8,0.7770929791397136,3,0.25,4,0.8073926530269635
RW8,9,0.7619762421461702,3,0.25,4,0.7805573336232384
RW8,10,0.7433319402014317,3,0.25,4,0.7814503805893396
RW8,11,0.7696628567131956,3,0.25,4,0.783727877630211
RW8,12,0.740562427057364,3,0.25,4,0.7478352032425195
RW8,13,0.7147522177902553,3,0.25,4,0.7434788923392053
RW8,14,0.6902828531108213,3,0.25,4,0.7258538203568661
RW8,15,0.669538500278939,3,0.25,4,0.697857739276539
RW8,16,0.6448644165545862,3,0.25,4,0.6697388485267713
RW8,17,0.6225776414566216,3,0.25,4,0.6633520160901162
RW8,18,0.6151773487241754,3,0.25,4,0.6634392168607663
RW8,19,0.6138713970198927,3,0.25,4,0.6303927258225233
RW8,20,0.6501051843741891,3,0.25,4,0.6345355244718585
RW8,21,0.5891201738908819,3,0.25,4,0.5805631409900504
RW8,22,0.542154015105283,3,0.25,4,0.5555096500894176
RW12,0,1.0,3,0.1,0,1.0005132158358394
RW12,1,0.9894632882172221,3,0.1,0,0.9568426845236483
RW12,2,0.97868692158744,3,0.1,0,0.947641672608353
RW12,3,0.9668253675860224,3,0.1,0,0.9147119971827808
RW12,4,0.9595351332482841,3,0.1,0,0.9142819460622326
RW12,5,0.9425395856201333,3,0.1,0,0.9141667027003032
RW12,6,0.9179237200116072,3,0.1,0,0.8437555765051395
RW12,7,0.895972375242499,3,0.1,0,0.8214652279670407
RW12,8,0.8781986993638894,3,0.1,0,0.8164333484500214
RW12,9,0.8560774866359618,3,0.1,0,0.7528890971218483
RW12,10,0.8450510763252,3,0.1,0,0.7584653314814401
RW12,11,0.833609165097995,3,0.1,0,0.7472648397852508
RW12,12,0.8224867641248257,3,0.1,0,0.7495028562802393
RW12,13,0.8112046941613273,3,0.1,0,0.7581821410706402
RW12,14,0.8324148707378292,3,0.1,0,0.746138952385258
RW12,15,0.8187480106932906,3,0.1,0,0.7279986707884692
RW12,16,0.8063357850884304,3,0.1,0,0.7050250522737831
RW12,17,0.795247354785992,3,0.1,0,0.6379072246810423
RW12,18,0.7786686371332949,3,0.1,0,0.625047467662328
RW12,19,0.7683124274417916,3,0.1,0,0.6261736874488456
RW12,20,0.75692570834778,3,0.1,0,0.613099613859238
RW12,21,0.7461680205746775,3,0.1,0,0.6043045700967633
RW12,22,0.7359515360207755,3,0.1,0,0.5944571777222544
RW12,23,0.7186921615324031,3,0.1,0,0.5834051591185453
RW12,24,0.7048109927006182,3,0.1,0,0.5839142717524151
RW12,25,0.6987524864491403,3,0.1,0,0.5827060594420815
RW12,26,0.688736379793022,3,0.1,0,0.5843762061094773
RW12,27,0.6752978487151472,3,0.1,0,0.5799896039305239
RW12,28,0.6697649501501854,3,0.1,0,0.5615719340809995
RW12,29,0.6581999973939088,3,0.1,0,0.5595074954749344
RW12,30,0.6472474633838574,3,0.1,0,0.5321992834281667
RW12,31,0.6584047219522146,3,0.1,0,0.5362846839302193
RW12,32,0.6148650912610487,3,0.1,0,0.5376681416904434
RW12,33,0.6035612126459146,3,0.1,0,0.5370618000110481
RW12,34,0.5621434198182286,3,0.1,0,0.5476706103922349
RW12,35,0.5487224937943592,3,0.1,0,0.4442457252898781
RW12,36,0.5308620689275264,3,0.1,0,0.454180697797505
RW12,37,0.5203234893585551,3,0.1,0,0.46042198028400017
RW16,0,1.0,3,0.1,0,0.9997721955343708
RW16,1,0.9425621054107856,3,0.1,0,0.9654049304459917
RW16,2,0.9122274948612392,3,0.1,0,0.9360259630164036
RW16,3,0.8594705171754466,3,0.1,0,0.8397463460879346
RW16,4,0.8226094846921671,3,0.1,0,0.8441770182135689
RW16,5,0.7871316183203024,3,0.1,0,0.7685639655095571
RW16,6,0.7482387904167098,3,0.1,0,0.7411733196719688
RW16,7,0.7062023643394817,3,0.1,0,0.7415476399172878
RW16,8,0.6827160587550286,3,0.1,0,0.7002610071149052
RW16,9,0.6615821949474906,3,0.1,0,0.694616465722099
RW16,10,0.5661453405330296,3,0.1,0,0.6289026130485713
RW16,11,0.5408575218936945,3,0.1,0,0.5307147196151432
RW16,12,0.5381706456914773,3,0.1,0,0.5434229809200148
RW16,13,0.5084526916129031,3,0.1,0,0.5374917939649215
RW16,14,0.4924790862619698,3,0.1,0,0.5183047063716401
RW16,15,0.4893788571270426,3,0.1,0,0.5186588077313108
RW16,16,0.4780194546133679,3,0.1,0,0.519112014548673
RW16,17,0.4636102907262206,3,0.1,0,0.5193316932882277
RW16,18,0.44956410860533774,3,0.1,0,0.519213151640737
RW20,0,1.0,3,0.1,0,0.9997721955343708
RW20,1,1.0021910813400627,3,0.1,0,0.9586519014102618
RW20,2,0.9599630275408247,3,0.1,0,0.9501187403025844
RW20,3,0.9389439105355176,3,0.1,0,0.9467573831456906
RW20,4,0.9095890303731204,3,0.1,0,0.8841234877724073
RW20,5,0.8787736467512757,3,0.1,0,0.8835915913583344
RW20,6,0.8469654599736883,3,0.1,0,0.8417228593190456
RW20,7,0.8099479091448711,3,0.1,0,0.819369551442681
RW20,8,0.7796407513733017,3,0.1,0,0.8155646650198384
RW20,9,0.7362874771776192,3,0.1,0,0.8010845100424889
RW20,10,0.7063011689898246,3,0.1,0,0.7357729927990183
RW20,11,0.6860250235969596,3,0.1,0,0.741206443816836
RW20,12,0.6622238399306097,3,0.1,0,0.6869871902668412
RW20,13,0.6407819061950949,3,0.1,0,0.6953971167251936
RW20,14,0.6222273101754456,3,0.1,0,0.6735471776442624
RW20,15,0.6032903401297325,3,0.1,0,0.6708632963192569
RW20,16,0.5865757619049117,3,0.1,0,0.6723269447643181
RW20,17,0.5820605296821747,3,0.1,0,0.6750960654178025
RW20,18,0.5804741522197471,3,0.1,0,0.5980770970776742
RW20,19,0.5639793794393497,3,0.1,0,0.6150288917546739
RW20,20,0.5476026934841127,3,0.1,0,0.5995208101197006
RW20,21,0.5407359137083738,3,0.1,0,0.5809563206111974
RW20,22,0.5401899372028007,3,0.1,0,0.5809563206111974
RW20,23,0.5259580191685468,3,0.1,0,0.5799652894911145
RW20,24,0.524283560758304,3,0.1,0,0.5814440343531706
RW20,25,0.5048560598498573,3,0.1,0,0.575630254600664
RW20,26,0.5036897444478489,3,0.1,0,0.5734472720025425
RW20,27,0.4887815943950674,3,0.1,0,0.561192403919481
RW20,28,0.5028952410024843,3,0.1,0,0.5608435850729321
RW24,0,1.0,3,0.1,0,1.0000593633005774
RW24,1,0.9725958189735046,3,0.1,0,0.9680746027865018
RW24,2,0.9552453496230082,3,0.1,0,0.9605419399125708
RW24,3,0.9372884939407097,3,0.1,0,0.8552937928136445
RW24,4,0.9062221635651304,3,0.1,0,0.8602347242870015
RW24,5,0.8678749453601385,3,0.1,0,0.804251249301443
RW24,6,0.8383945015233694,3,0.1,0,0.7771256355335683
RW24,7,0.8199385440731278,3,0.1,0,0.7849332296916781
RW24,8,0.8089491471012369,3,0.1,0,0.7721950863740893
RW24,9,0.7944160791948103,3,0.1,0,0.680134858474187
RW24,10,0.7784916143400717,3,0.1,0,0.6808734822733734
RW28,0,1.0,3,0.1,0,1.0000593633005774
RW28,1,0.9767401325580581,3,0.1,0,0.9482542140185792
RW28,2,0.9572756800225528,3,0.1,0,0.9463269775011189
RW28,3,0.9394102380666421,3,0.1,0,0.9184598833590634
RW28,4,0.919531099054294,3,0.1,0,0.8901114173179198
RW28,5,0.900309919399877,3,0.1,0,0.8906887958582214
RW28,6,0.8774347131347013,3,0.1,0,0.8843676673567145
RW28,7,0.8608166536988782,3,0.1,0,0.8810705158071885
RW28,8,0.8490784643422473,3,0.1,0,0.8361400214895172
RW28,9,0.8374593566091235,3,0.1,0,0.7991721709622346
RW28,10,0.8307557480117016,3,0.1,0,0.7852362629224942
RW28,11,0.8209258698387562,3,0.1,0,0.7425212237696099
RW6,0,1.0,3,0.1,0,0.9992236303540605
RW6,1,0.9648502435502201,3,0.1,0,0.9469368773532904
RW6,2,0.9329921152642804,3,0.1,0,0.948213792208581
RW6,3,0.9139749601773408,3,0.1,0,0.9128682133866662
RW6,4,0.8809638320161228,3,0.1,0,0.8734057977390212
RW6,5,0.8518059593208507,3,0.1,0,0.8560435458476758
RW6,6,0.8248471372067737,3,0.1,0,0.8426856527038367
RW6,7,0.8047160673897786,3,0.1,0,0.7823100262891929
RW6,8,0.7758839773727937,3,0.1,0,0.7542608054127419
RW6,9,0.7287295594072909,3,0.1,0,0.7353334626036072
RW6,10,0.6794846599462181,3,0.1,0,0.7239954271184955
RW8,0,1.0,3,0.1,0,1.0012670642886987
RW8,1,0.9538996910045201,3,0.1,0,0.9525783333269257
RW8,2,0.9170337737145522,3,0.1,0,0.9499345342252656
RW8,3,0.8811796038492549,3,0.1,0,0.9121856797007999
RW8,4,0.8593893885316382,3,0.1,0,0.8838468512619859
RW8,5,0.8277539857271006,3,0.1,0,0.8763889541013395
RW8,6,0.8057974874661933,3,0.1,0,0.8179742969602495
RW8,7,0.7930034466899822,3,0.1,0,0.8259633333044073
RW8,8,0.7770929791397136,3,0.1,0,0.8162978654173586
RW8,9,0.7619762421461702,3,0.1,0,0.7956762177376776
RW8,10,0.7433319402014317,3,0.1,0,0.7464762650853769
RW8,11,0.7696628567131956,3,0.1,0,0.7430986829565487
RW8,12,0.740562427057364,3,0.1,0,0.7285367375915617
RW8,13,0.7147522177902553,3,0.1,0,0.7114599476648444
RW8,14,0.6902828531108213,3,0.1,0,0.6665162149201597
RW8,15,0.669538500278939,3,0.1,0,0.6663408923018791
RW8,16,0.6448644165545862,3,0.1,0,0.6690596682914356
RW8,17,0.6225776414566216,3,0.1,0,0.6692720661857862
RW8,18,0.6151773487241754,3,0.1,0,0.6598291108332959
RW8,19,0.6138713970198927,3,0.1,0,0.6752839517342504
RW8,20,0.6501051843741891,3,0.1,0,0.6716582078328681
RW8,21,0.5891201738908819,3,0.1,0,0.579806216217401
RW8,22,0.542154015105283,3,0.1,0,0.5744313729207245
RW12,0,1.0,3,0.1,1,0.9998816550395052
RW12,1,0.9894632882172221,3,0.1,1,0.9690159751677214
RW12,2,0.97868692158744,3,0.1,1,0.9558762121711623
RW12,3,0.9668253675860224,3,0.1,1,0.9181828375728517
RW12,4,0.9595351332482841,3,0.1,1,0.8787019569019524
RW12,5,0.9425395856201333,3,0.1,1,0.8774037715452613
RW12,6,0.9179237200116072,3,0.1,1,0.877073206756512
RW12,7,0.895972375242499,3,0.1,1,0.7879159354430796
RW12,8,0.8781986993638894,3,0.1,1,0.7734874391924516
RW12,9,0.8560774866359618,3,0.1,1,0.7467066753052216
RW12,10,0.8450510763252,3,0.1,1,0.6963828874693346
RW12,11,0.833609165097995,3,0.1,1,0.6969557567892699
RW12,12,0.8224867641248257,3,0.1,1,0.6729597051137821
RW12,13,0.8112046941613273,3,0.1,1,0.6722145988651377
RW12,14,0.8324148707378292,3,0.1,1,0.6713721028823438
RW12,15,0.8187480106932906,3,0.1,1,0.6826824171286112
RW12,16,0.8063357850884304,3,0.1,1,0.6783394873908007
RW12,17,0.795247354785992,3,0.1,1,0.6779732778524971
RW12,18,0.7786686371332949,3,0.1,1,0.6286604334773803
RW12,19,0.7683124274417916,3,0.1,1,0.6160909112916624
RW12,20,0.75692570834778,3,0.1,1,0.603240817873617
RW12,21,0.7461680205746775,3,0.1,1,0.5891804267475842
RW12,22,0.7359515360207755,3,0.1,1,0.5930319012568013
RW12,23,0.7186921615324031,3,0.1,1,0.5822865764560767
RW12,24,0.7048109927006182,3,0.1,1,0.5868393686832502
RW12,25,0.6987524864491403,3,0.1,1,0.5874169674168536
RW12,26,0.688736379793022,3,0.1,1,0.5866348423828956
RW12,27,0.6752978487151472,3,0.1,1,0.5869118742379539
RW12,28,0.6697649501501854,3,0.1,1,0.5876956015225723
RW12,29,0.6581999973939088,3,0.1,1,0.5888302004611785
RW12,30,0.6472474633838574,3,0.1,1,0.5819130078108699
RW12,31,0.6584047219522146,3,0.1,1,0.5879767400431355
RW12,32,0.6148650912610487,3,0.1,1,0.5644028050302938
RW12,33,0.6035612126459146,3,0.1,1,0.5647908900718519
RW12,34,0.5621434198182286,3,0.1,1,0.5612429780577957
RW12,35,0.5487224937943592,3,0.1,1,0.4588277702934686
RW12,36,0.5308620689275264,3,0.1,1,0.4603102486840543
RW12,37,0.5203234893585551,3,0.1,1,0.4512852070229739
RW16,0,1.0,3,0.1,1,0.9999447492512737
RW16,1,0.9425621054107856,3,0.1,1,0.9730648938742805
RW16,2,0.9122274948612392,3,0.1,1,0.9571866665432581
RW16,3,0.8594705171754466,3,0.1,1,0.860374502034251
RW16,4,0.8226094846921671,3,0.1,1,0.8415087994676462
RW16,5,0.7871316183203024,3,0.1,1,0.8432010105401806
RW16,6,0.7482387904167098,3,0.1,1,0.8199859773566908
RW16,7,0.7062023643394817,3,0.1,1,0.7304151682969825
RW16,8,0.6827160587550286,3,0.1,1,0.6783891133732459
RW16,9,0.6615821949474906,3,0.1,1,0.6915790877307099
RW16,10,0.5661453405330296,3,0.1,1,0.565637647681384
RW16,11,0.5408575218936945,3,0.1,1,0.5739194786969203
RW16,12,0.5381706456914773,3,0.1,1,0.5469172399243794
RW16,13,0.5084526916129031,3,0.1,1,0.5182663895647102
RW16,14,0.4924790862619698,3,0.1,1,0.4995115865642077
RW16,15,0.4893788571270426,3,0.1,1,0.49380229622439764
RW16,16,0.4780194546133679,3,0.1,1,0.48329124927795103
RW16,17,0.4636102907262206,3,0.1,1,0.4826529682720883
RW16,18,0.44956410860533774,3,0.1,1,0.47556899352124465
RW20,0,1.0,3,0.1,1,0.9998031124919322
RW20,1,1.0021910813400627,3,0.1,1,0.9686724131208406
RW20,2,0.9599630275408247,3,0.1,1,0.9574450050314501
RW20,3,0.9389439105355176,3,0.1,1,0.9463280733158081
RW20,4,0.9095890303731204,3,0.1,1,0.8927083987735233
RW20,5,0.8787736467512757,3,0.1,1,0.8628870340475607
RW20,6,0.8469654599736883,3,0.1,1,0.8560099542744781
RW20,7,0.8099479091448711,3,0.1,1,0.8395016537401992
RW20,8,0.7796407513733017,3,0.1,1,0.7818531890359588
RW20,9,0.7362874771776192,3,0.1,1,0.7579509317354635
RW20,10,0.7063011689898246,3,0.1,1,0.738595400331725
RW20,11,0.6860250235969596,3,0.1,1,0.7453600883786452
RW20,12,0.6622238399306097,3,0.1,1,0.7356958322323379
RW20,13,0.6407819061950949,3,0.1,1,0.7140590705527106
RW20,14,0.6222273101754456,3,0.1,1,0.7121370818480837
RW20,15,0.6032903401297325,3,0.1,1,0.714656415575009
RW20,16,0.5865757619049117,3,0.1,1,0.7003764590574798
RW20,17,0.5820605296821747,3,0.1,1,0.6890834122704063
RW20,18,0.5804741522197471,3,0.1,1,0.5480341112779029
RW20,19,0.5639793794393497,3,0.1,1,0.5445527767481891
RW20,20,0.5476026934841127,3,0.1,1,0.5547902980894134
RW20,21,0.5407359137083738,3,0.1,1,0.5466870501163744
RW20,22,0.5401899372028007,3,0.1,1,0.5466020920312862
RW20,23,0.5259580191685468,3,0.1,1,0.5078255984249189
RW20,24,0.524283560758304,3,0.1,1,0.5003732688469339
RW20,25,0.5048560598498573,3,0.1,1,0.49977232152148404
RW20,26,0.5036897444478489,3,0.1,1,0.5000455943500781
RW20,27,0.4887815943950674,3,0.1,1,0.5008616645590219
RW20,28,0.5028952410024843,3,0.1,1,0.5009675186336003
RW24,0,1.0,3,0.1,1,1.0000764507349131
RW24,1,0.9725958189735046,3,0.1,1,0.981812764123812
RW24,2,0.9552453496230082,3,0.1,1,0.9516911842302146
RW24,3,0.9372884939407097,3,0.1,1,0.8933023995600072
RW24,4,0.9062221635651304,3,0.1,1,0.8523666736047764
RW24,5,0.8678749453601385,3,0.1,1,0.8415421450968811
RW24,6,0.8383945015233694,3,0.1,1,0.8253578859258742
RW24,7,0.8199385440731278,3,0.1,1,0.7596890109505796
RW24,8,0.8089491471012369,3,0.1,1,0.7222405429911288
RW24,9,0.7944160791948103,3,0.1,1,0.6979843498071701
RW24,10,0.7784916143400717,3,0.1,1,0.673714604818476
RW28,0,1.0,3,0.1,1,1.0000764507349131
RW28,1,0.9767401325580581,3,0.1,1,0.9666751957908968
RW28,2,0.9572756800225528,3,0.1,1,0.9451347529593096
RW28,3,0.9394102380666421,3,0.1,1,0.9454699904363808
RW28,4,0.919531099054294,3,0.1,1,0.9136818110988055
RW28,5,0.900309919399877,3,0.1,1,0.8777408958894036
RW28,6,0.8774347131347013,3,0.1,1,0.8667889460256932
RW28,7,0.8608166536988782,3,0.1,1,0.8700234912117641
RW28,8,0.8490784643422473,3,0.1,1,0.8660723532763054
RW28,9,0.8374593566091235,3,0.1,1,0.8398447452032881
RW28,10,0.8307557480117016,3,0.1,1,0.7498930494071397
RW28,11,0.8209258698387562,3,0.1,1,0.7365787025568864
RW6,0,1.0,3,0.1,1,0.9998172444919888
RW6,1,0.9648502435502201,3,0.1,1,0.9619992545308776
RW6,2,0.9329921152642804,3,0.1,1,0.9478255405215217
RW6,3,0.9139749601773408,3,0.1,1,0.942591023860554
RW6,4,0.8809638320161228,3,0.1,1,0.8596544776936844
RW6,5,0.8518059593208507,3,0.1,1,0.835687251037277
RW6,6,0.8248471372067737,3,0.1,1,0.8427018243875396
RW6,7,0.8047160673897786,3,0.1,1,0.8358127625101757
RW6,8,0.7758839773727937,3,0.1,1,0.8290862591747159
RW6,9,0.7287295594072909,3,0.1,1,0.7841110483239588
RW6,10,0.6794846599462181,3,0.1,1,0.7828695931935503
RW8,0,1.0,3,0.1,1,0.999847884111065
RW8,1,0.9538996910045201,3,0.1,1,0.970216884872714
RW8,2,0.9170337737145522,3,0.1,1,0.9473854782709872
RW8,3,0.8811796038492549,3,0.1,1,0.9169516152034491
RW8,4,0.8593893885316382,3,0.1,1,0.8831490981463277
RW8,5,0.8277539857271006,3,0.1,1,0.8718844152022642
RW8,6,0.8057974874661933,3,0.1,1,0.849344263010765
RW8,7,0.7930034466899822,3,0.1,1,0.7765623675196494
RW8,8,0.7770929791397136,3,0.1,1,0.7763972097932514
RW8,9,0.7619762421461702,3,0.1,1,0.7775067481995048
RW8,10,0.7433319402014317,3,0.1,1,0.7571943572794102
RW8,11,0.7696628567131956,3,0.1,1,0.746664012974107
RW8,12,0.740562427057364,3,0.1,1,0.6992982859217628
RW8,13,0.7147522177902553,3,0.1,1,0.6575003169046232
RW8,14,0.6902828531108213,3,0.1,1,0.6573579578150771
RW8,15,0.669538500278939,3,0.1,1,0.6619137144347382
RW8,16,0.6448644165545862,3,0.1,1,0.6609675143616689
RW8,17,0.6225776414566216,3,0.1,1,0.6626813962481604
RW8,18,0.6151773487241754,3,0.1,1,0.663131773446004
RW8,19,0.6138713970198927,3,0.1,1,0.6573030207708203
RW8,20,0.6501051843741891,3,0.1,1,0.6497668887118547
RW8,21,0.5891201738908819,3,0.1,1,0.49611859037768996
RW8,22,0.542154015105283,3,0.1,1,0.5064912285587404
RW12,0,1.0,3,0.1,2,0.9999678140888029
RW12,1,0.9894632882172221,3,0.1,2,0.9787742240610814
RW12,2,0.97868692158744,3,0.1,2,0.955897969574456
RW12,3,0.9668253675860224,3,0.1,2,0.93475916563563
RW12,4,0.9595351332482841,3,0.1,2,0.9167862282879744
RW12,5,0.9425395856201333,3,0.1,2,0.9011218211572077
RW12,6,0.9179237200116072,3,0.1,2,0.891727642083967
RW12,7,0.895972375242499,3,0.1,2,0.8734562598943213
RW12,8,0.8781986993638894,3,0.1,2,0.7921592355566291
RW12,9,0.8560774866359618,3,0.1,2,0.7886737521432834
RW12,10,0.8450510763252,3,0.1,2,0.6945770314783626
RW12,11,0.833609165097995,3,0.1,2,0.6906050227741561
RW12,12,0.8224867641248257,3,0.1,2,0.6849025630001412
RW12,13,0.8112046941613273,3,0.1,2,0.6812097892857701
RW12,14,0.8324148707378292,3,0.1,2,0.6821978033328482
RW12,15,0.8187480106932906,3,0.1,2,0.6621628156254834
RW12,16,0.8063357850884304,3,0.1,2,0.6597530579671923
RW12,17,0.795247354785992,3,0.1,2,0.6478255852804443
RW12,18,0.7786686371332949,3,0.1,2,0.6179674423038295
RW12,19,0.7683124274417916,3,0.1,2,0.6137728595830702
RW12,20,0.75692570834778,3,0.1,2,0.6092635155884938
RW12,21,0.7461680205746775,3,0.1,2,0.607587282956565
RW12,22,0.7359515360207755,3,0.1,2,0.6058590799813827
RW12,23,0.7186921615324031,3,0.1,2,0.6041835230363082
RW12,24,0.7048109927006182,3,0.1,2,0.6041588585325477
RW12,25,0.6987524864491403,3,0.1,2,0.6052692793755103
RW12,26,0.688736379793022,3,0.1,2,0.6002817452248942
RW12,27,0.6752978487151472,3,0.1,2,0.6005164238235773
RW12,28,0.6697649501501854,3,0.1,2,0.6009181474835632
RW12,29,0.6581999973939088,3,0.1,2,0.6014873969228784
RW12,30,0.6472474633838574,3,0.1,2,0.5464993587916447
RW12,31,0.6584047219522146,3,0.1,2,0.5287864433778983
RW12,32,0.6148650912610487,3,0.1,2,0.5279668818103052
RW12,33,0.6035612126459146,3,0.1,2,0.5288221672931193
RW12,34,0.5621434198182286,3,0.1,2,0.5224762669756393
RW12,35,0.5487224937943592,3,0.1,2,0.49903800747355104
RW12,36,0.5308620689275264,3,0.1,2,0.47388650222653605
RW12,37,0.5203234893585551,3,0.1,2,0.47388650222653605
RW16,0,1.0,3,0.1,2,0.9996922140249144
RW16,1,0.9425621054107856,3,0.1,2,0.9697108299857184
RW16,2,0.9122274948612392,3,0.1,2,0.9352007595953249
RW16,3,0.8594705171754466,3,0.1,2,0.8612451858987459
RW16,4,0.8226094846921671,3,0.1,2,0.8462469501434909
RW16,5,0.7871316183203024,3,0.1,2,0.8388250781782777
RW16,6,0.7482387904167098,3,0.1,2,0.7973670353022609
RW16,7,0.7062023643394817,3,0.1,2,0.7447507905917552
RW16,8,0.6827160587550286,3,0.1,2,0.7427503150289233
RW16,9,0.6615821949474906,3,0.1,2,0.7458260727036322
RW16,10,0.5661453405330296,3,0.1,2,0.7327221895085995
RW16,11,0.5408575218936945,3,0.1,2,0.7207226156821323
RW16,12,0.5381706456914773,3,0.1,2,0.7066567077554367
RW16,13,0.5084526916129031,3,0.1,2,0.7069882158312585
RW16,14,0.4924790862619698,3,0.1,2,0.6720221991692757
RW16,15,0.4893788571270426,3,0.1,2,0.6369808761629088
RW16,16,0.4780194546133679,3,0.1,2,0.5464474063997967
RW16,17,0.4636102907262206,3,0.1,2,0.5130059895555867
RW16,18,0.44956410860533774,3,0.1,2,0.49605339250681035
RW20,0,1.0,3,0.1,2,0.9995845784235221
RW20,1,1.0021910813400627,3,0.1,2,0.9786820583353395
RW20,2,0.9599630275408247,3,0.1,2,0.9571518342913494
RW20,3,0.9389439105355176,3,0.1,2,0.9346373215359676
RW20,4,0.9095890303731204,3,0.1,2,0.8992247799718707
RW20,5,0.8787736467512757,3,0.1,2,0.8636355977672673
RW20,6,0.8469654599736883,3,0.1,2,0.8503298261899911
RW20,7,0.8099479091448711,3,0.1,2,0.8236116645635562
RW20,8,0.7796407513733017,3,0.1,2,0.7986587021943589
RW20,9,0.7362874771776192,3,0.1,2,0.773958087302493
RW20,10,0.7063011689898246,3,0.1,2,0.7616210959891371
RW20,11,0.6860250235969596,3,0.1,2,0.7738442240840295
RW20,12,0.6622238399306097,3,0.1,2,0.7732407606337305
RW20,13,0.6407819061950949,3,0.1,2,0.7472572127010495
RW20,14,0.6222273101754456,3,0.1,2,0.7488172240650268
RW20,15,0.6032903401297325,3,0.1,2,0.7386840973742389
RW20,16,0.5865757619049117,3,0.1,2,0.7385802908088337
RW20,17,0.5820605296821747,3,0.1,2,0.6833681311337294
RW20,18,0.5804741522197471,3,0.1,2,0.6602524200309463
RW20,19,0.5639793794393497,3,0.1,2,0.6531653616479612
RW20,20,0.5476026934841127,3,0.1,2,0.5968926609612949
RW20,21,0.5407359137083738,3,0.1,2,0.5857181445283534
RW20,22,0.5401899372028007,3,0.1,2,0.576679933061831
RW20,23,0.5259580191685468,3,0.1,2,0.5682436441375215
RW20,24,0.524283560758304,3,0.1,2,0.5667831035406209
RW20,25,0.5048560598498573,3,0.1,2,0.5264278001954957
RW20,26,0.5036897444478489,3,0.1,2,0.5264310874351338
RW20,27,0.4887815943950674,3,0.1,2,0.52197260044552
RW20,28,0.5028952410024843,3,0.1,2,0.523877288303228
RW24,0,1.0,3,0.1,2,1.00007447763713
RW24,1,0.9725958189735046,3,0.1,2,0.9974340377485734
RW24,2,0.9552453496230082,3,0.1,2,0.9447664444873051
RW24,3,0.9372884939407097,3,0.1,2,0.9242580034962377
RW24,4,0.9062221635651304,3,0.1,2,0.8681236919803051
RW24,5,0.8678749453601385,3,0.1,2,0.8522457218475632
RW24,6,0.8383945015233694,3,0.1,2,0.8238816141246791
RW24,7,0.8199385440731278,3,0.1,2,0.7899037956642788
RW24,8,0.8089491471012369,3,0.1,2,0.7560898268765865
RW24,9,0.7944160791948103,3,0.1,2,0.7496773949529986
RW24,10,0.7784916143400717,3,0.1,2,0.7209323246029877
RW28,0,1.0,3,0.1,2,1.00007447763713
RW28,1,0.9767401325580581,3,0.1,2,0.9858655518334366
RW28,2,0.9572756800225528,3,0.1,2,0.9632618090964881
RW28,3,0.9394102380666421,3,0.1,2,0.9383925665382394
RW28,4,0.919531099054294,3,0.1,2,0.9116309614897421
RW28,5,0.900309919399877,3,0.1,2,0.8903106422674507
RW28,6,0.8774347131347013,3,0.1,2,0.8755566675074588
RW28,7,0.8608166536988782,3,0.1,2,0.8635049896867162
RW28,8,0.8490784643422473,3,0.1,2,0.856795879101132
RW28,9,0.8374593566091235,3,0.1,2,0.8034986655960643
RW28,10,0.8307557480117016,3,0.1,2,0.7825337457015512
RW28,11,0.8209258698387562,3,0.1,2,0.7813668934862289
RW6,0,1.0,3,0.1,2,0.9995367927391106
RW6,1,0.9648502435502201,3,0.1,2,0.9550479743539546
RW6,2,0.9329921152642804,3,0.1,2,0.9547469934384556
RW6,3,0.9139749601773408,3,0.1,2,0.926882130729257
RW6,4,0.8809638320161228,3,0.1,2,0.8654869192003057
RW6,5,0.8518059593208507,3,0.1,2,0.8554622587642657
RW6,6,0.8248471372067737,3,0.1,2,0.8449990115279044
RW6,7,0.8047160673897786,3,0.1,2,0.8225695147151182
RW6,8,0.7758839773727937,3,0.1,2,0.7899766265235144
RW6,9,0.7287295594072909,3,0.1,2,0.7633039686694982
RW6,10,0.6794846599462181,3,0.1,2,0.74915809875049
RW8,0,1.0,3,0.1,2,0.9999394754676354
RW8,1,0.9538996910045201,3,0.1,2,0.9798046813343477
RW8,2,0.9170337737145522,3,0.1,2,0.9334234906220189
RW8,3,0.8811796038492549,3,0.1,2,0.9337267828311819
RW8,4,0.8593893885316382,3,0.1,2,0.9121593536481828
RW8,5,0.8277539857271006,3,0.1,2,0.8511224185480165
RW8,6,0.8057974874661933,3,0.1,2,0.8193286542249276
RW8,7,0.7930034466899822,3,0.1,2,0.7956696448268129
RW8,8,0.7770929791397136,3,0.1,2,0.7959531097612201
RW8,9,0.7619762421461702,3,0.1,2,0.7998886377678583
RW8,10,0.7433319402014317,3,0.1,2,0.792123095036947
RW8,11,0.7696628567131956,3,0.1,2,0.7532312070530377
RW8,12,0.740562427057364,3,0.1,2,0.6467667762622169
RW8,13,0.7147522177902553,3,0.1,2,0.6379859795403579
RW8,14,0.6902828531108213,3,0.1,2,0.6362777860594336
RW8,15,0.669538500278939,3,0.1,2,0.6362438550305394
RW8,16,0.6448644165545862,3,0.1,2,0.6373661908993641
RW8,17,0.6225776414566216,3,0.1,2,0.6322559988386925
RW8,18,0.6151773487241754,3,0.1,2,0.6367283235680311
RW8,19,0.6138713970198927,3,0.1,2,0.6018979579339262
RW8,20,0.6501051843741891,3,0.1,2,0.5968638919970644
RW8,21,0.5891201738908819,3,0.1,2,0.5624969787446699
RW8,22,0.542154015105283,3,0.1,2,0.5558236913950549
RW12,0,1.0,3,0.1,3,0.9997819080751039
RW12,1,0.9894632882172221,3,0.1,3,0.960087439031177
RW12,2,0.97868692158744,3,0.1,3,0.9538357758114839
RW12,3,0.9668253675860224,3,0.1,3,0.9387013837686572
RW12,4,0.9595351332482841,3,0.1,3,0.9375277932829925
RW12,5,0.9425395856201333,3,0.1,3,0.9270103664677796
RW12,6,0.9179237200116072,3,0.1,3,0.8489631392068543
RW12,7,0.895972375242499,3,0.1,3,0.8071746341306241
RW12,8,0.8781986993638894,3,0.1,3,0.7967006738422705
RW12,9,0.8560774866359618,3,0.1,3,0.7697763031557333
RW12,10,0.8450510763252,3,0.1,3,0.7656501126051307
RW12,11,0.833609165097995,3,0.1,3,0.7638900200020039
RW12,12,0.8224867641248257,3,0.1,3,0.7449871109671616
RW12,13,0.8112046941613273,3,0.1,3,0.7360997907112485
RW12,14,0.8324148707378292,3,0.1,3,0.7157090095838459
RW12,15,0.8187480106932906,3,0.1,3,0.689599296925461
RW12,16,0.8063357850884304,3,0.1,3,0.6830328587137667
RW12,17,0.795247354785992,3,0.1,3,0.6664007310622195
RW12,18,0.7786686371332949,3,0.1,3,0.6662661281794122
RW12,19,0.7683124274417916,3,0.1,3,0.6663419845719603
RW12,20,0.75692570834778,3,0.1,3,0.666666022297617
RW12,21,0.7461680205746775,3,0.1,3,0.6414155199147286
RW12,22,0.7359515360207755,3,0.1,3,0.6366105397265603
RW12,23,0.7186921615324031,3,0.1,3,0.6172104213489996
RW12,24,0.7048109927006182,3,0.1,3,0.617009516558554
RW12,25,0.6987524864491403,3,0.1,3,0.6097452605960675
RW12,26,0.688736379793022,3,0.1,3,0.5887835666206921
RW12,27,0.6752978487151472,3,0.1,3,0.5962649326723105
RW12,28,0.6697649501501854,3,0.1,3,0.5926779798829461
RW12,29,0.6581999973939088,3,0.1,3,0.5880881822887869
RW12,30,0.6472474633838574,3,0.1,3,0.5880925266428002
RW12,31,0.6584047219522146,3,0.1,3,0.5707343285042425
RW12,32,0.6148650912610487,3,0.1,3,0.5442959853427897
RW12,33,0.6035612126459146,3,0.1,3,0.5399860850650805
RW12,34,0.5621434198182286,3,0.1,3,0.49344924817768687
RW12,35,0.5487224937943592,3,0.1,3,0.4898557289736513
RW12,36,0.5308620689275264,3,0.1,3,0.4602188293950235
RW12,37,0.5203234893585551,3,0.1,3,0.420789082054786
RW16,0,1.0,3,0.1,3,0.999971516939651
RW16,1,0.9425621054107856,3,0.1,3,0.9570081730939385
RW16,2,0.9122274948612392,3,0.1,3,0.9204545259053598
RW16,3,0.8594705171754466,3,0.1,3,0.8768278766652693
RW16,4,0.8226094846921671,3,0.1,3,0.8355997672476827
RW16,5,0.7871316183203024,3,0.1,3,0.802901850216922
RW16,6,0.7482387904167098,3,0.1,3,0.7912541985912124
RW16,7,0.7062023643394817,3,0.1,3,0.776054943720915
RW16,8,0.6827160587550286,3,0.1,3,0.7699791663244978
RW16,9,0.6615821949474906,3,0.1,3,0.7381694137971672
RW16,10,0.5661453405330296,3,0.1,3,0.6082358755104583
RW16,11,0.5408575218936945,3,0.1,3,0.6065348885668412
RW16,12,0.5381706456914773,3,0.1,3,0.5507973980680906
RW16,13,0.5084526916129031,3,0.1,3,0.5194081371836821
RW16,14,0.4924790862619698,3,0.1,3,0.5208144705032611
RW16,15,0.4893788571270426,3,0.1,3,0.5250034754672444
RW16,16,0.4780194546133679,3,0.1,3,0.5279389193552186
RW16,17,0.4636102907262206,3,0.1,3,0.514317083715661
RW16,18,0.44956410860533774,3,0.1,3,0.5179904320900519
RW20,0,1.0,3,0.1,3,1.000143724539472
RW20,1,1.0021910813400627,3,0.1,3,0.9858774999634533
RW20,2,0.9599630275408247,3,0.1,3,0.9524088068542448
RW20,3,0.9389439105355176,3,0.1,3,0.9359726762679883
RW20,4,0.9095890303731204,3,0.1,3,0.8786476916533774
RW20,5,0.8787736467512757,3,0.1,3,0.8559378198342763
RW20,6,0.8469654599736883,3,0.1,3,0.8243434594205188
RW20,7,0.8099479091448711,3,0.1,3,0.811807615300975
RW20,8,0.7796407513733017,3,0.1,3,0.7817911017284047
RW20,9,0.7362874771776192,3,0.1,3,0.7858906801733107
RW20,10,0.7063011689898246,3,0.1,3,0.7771241564008727
RW20,11,0.6860250235969596,3,0.1,3,0.7521208510596494
RW20,12,0.6622238399306097,3,0.1,3,0.7421687107874687
RW20,13,0.6407819061950949,3,0.1,3,0.6894559613079143
RW20,14,0.6222273101754456,3,0.1,3,0.6899193734059624
RW20,15,0.6032903401297325,3,0.1,3,0.684529380658753
RW20,16,0.5865757619049117,3,0.1,3,0.6741259744241859
RW20,17,0.5820605296821747,3,0.1,3,0.6550524307496507
RW20,18,0.5804741522197471,3,0.1,3,0.6536982587381254
RW20,19,0.5639793794393497,3,0.1,3,0.6150149514967427
RW20,20,0.5476026934841127,3,0.1,3,0.6149830205077798
RW20,21,0.5407359137083738,3,0.1,3,0.6066305450068074
RW20,22,0.5401899372028007,3,0.1,3,0.6041079108715744
RW20,23,0.5259580191685468,3,0.1,3,0.5629965296573747
RW20,24,0.524283560758304,3,0.1,3,0.600336873079256
RW20,25,0.5048560598498573,3,0.1,3,0.5964279419368028
RW20,26,0.5036897444478489,3,0.1,3,0.5577299949906583
RW20,27,0.4887815943950674,3,0.1,3,0.5600290612082347
RW20,28,0.5028952410024843,3,0.1,3,0.5554330593038949
RW24,0,1.0,3,0.1,3,1.000133443065411
RW24,1,0.9725958189735046,3,0.1,3,0.9560798078617824
RW24,2,0.9552453496230082,3,0.1,3,0.9441483710499478
RW24,3,0.9372884939407097,3,0.1,3,0.8997279955381632
RW24,4,0.9062221635651304,3,0.1,3,0.8713527875317068
RW24,5,0.8678749453601385,3,0.1,3,0.8274378708038465
RW24,6,0.8383945015233694,3,0.1,3,0.8001126902847399
RW24,7,0.8199385440731278,3,0.1,3,0.7799516172725114
RW24,8,0.8089491471012369,3,0.1,3,0.7866249999419674
RW24,9,0.7944160791948103,3,0.1,3,0.7803782061765667
RW24,10,0.7784916143400717,3,0.1,3,0.690074680358058
RW28,0,1.0,3,0.1,3,1.000133443065411
RW28,1,0.9767401325580581,3,0.1,3,0.9622739107872265
RW28,2,0.9572756800225528,3,0.1,3,0.9470458529179341
RW28,3,0.9394102380666421,3,0.1,3,0.9237120537390902
RW28,4,0.919531099054294,3,0.1,3,0.9089502968954363
RW28,5,0.900309919399877,3,0.1,3,0.9065911001892668
RW28,6,0.8774347131347013,3,0.1,3,0.8673641865376622
RW28,7,0.8608166536988782,3,0.1,3,0.8538413019210661
RW28,8,0.8490784643422473,3,0.1,3,0.8308854298069307
RW28,9,0.8374593566091235,3,0.1,3,0.8291783753288043
RW28,10,0.8307557480117016,3,0.1,3,0.7922191731548804
RW28,11,0.8209258698387562,3,0.1,3,0.7541869801829784
RW6,0,1.0,3,0.1,3,1.0002215792923481
RW6,1,0.9648502435502201,3,0.1,3,0.9584632356954288
RW6,2,0.9329921152642804,3,0.1,3,0.941045777051184
RW6,3,0.9139749601773408,3,0.1,3,0.8832200803424903
RW6,4,0.8809638320161228,3,0.1,3,0.8752155741667017
RW6,5,0.8518059593208507,3,0.1,3,0.8642573598016517
RW6,6,0.8248471372067737,3,0.1,3,0.8246400617958367
RW6,7,0.8047160673897786,3,0.1,3,0.7965594572104963
RW6,8,0.7758839773727937,3,0.1,3,0.7913563108085834
RW6,9,0.7287295594072909,3,0.1,3,0.7879759050267959
RW6,10,0.6794846599462181,3,0.1,3,0.7544370969837689
RW8,0,1.0,3,0.1,3,1.0002972104421137
RW8,1,0.9538996910045201,3,0.1,3,0.952510458745977
RW8,2,0.9170337737145522,3,0.1,3,0.9474552586403554
RW8,3,0.8811796038492549,3,0.1,3,0.9278389571723372
RW8,4,0.8593893885316382,3,0.1,3,0.8942282191604555
RW8,5,0.8277539857271006,3,0.1,3,0.8505965374974663
RW8,6,0.8057974874661933,3,0.1,3,0.8185736540545465
RW8,7,0.7930034466899822,3,0.1,3,0.7915992161544878
RW8,8,0.7770929791397136,3,0.1,3,0.7846684151485358
RW8,9,0.7619762421461702,3,0.1,3,0.7892586667053557
RW8,10,0.7433319402014317,3,0.1,3,0.7520257547016861
RW8,11,0.7696628567131956,3,0.1,3,0.7258613345696489
RW8,12,0.740562427057364,3,0.1,3,0.7110905845250685
RW8,13,0.7147522177902553,3,0.1,3,0.7099968356060361
RW8,14,0.6902828531108213,3,0.1,3,0.7102239765069068
RW8,15,0.669538500278939,3,0.1,3,0.6753026219509441
RW8,16,0.6448644165545862,3,0.1,3,0.6580619380212391
RW8,17,0.6225776414566216,3,0.1,3,0.6419770289427863
RW8,18,0.6151773487241754,3,0.1,3,0.6540187048637076
RW8,19,0.6138713970198927,3,0.1,3,0.6428415181307932
RW8,20,0.6501051843741891,3,0.1,3,0.5651384820663355
RW8,21,0.5891201738908819,3,0.1,3,0.5401476285921807
RW8,22,0.542154015105283,3,0.1,3,0.5296816691904188
RW12,0,1.0,3,0.1,4,1.000036895390307
RW12,1,0.9894632882172221,3,0.1,4,0.9798111445077641
RW12,2,0.97868692158744,3,0.1,4,0.9661751203638869
RW12,3,0.9668253675860224,3,0.1,4,0.910724895249642
RW12,4,0.9595351332482841,3,0.1,4,0.8965357774279155
RW12,5,0.9425395856201333,3,0.1,4,0.8811860422144495
RW12,6,0.9179237200116072,3,0.1,4,0.8541774747532282
RW12,7,0.895972375242499,3,0.1,4,0.7592446572499569
RW12,8,0.8781986993638894,3,0.1,4,0.7537850145929506
RW12,9,0.8560774866359618,3,0.1,4,0.7477179741580169
RW12,10,0.8450510763252,3,0.1,4,0.728942922099736
RW12,11,0.833609165097995,3,0.1,4,0.7119104694547077
RW12,12,0.8224867641248257,3,0.1,4,0.703079763683677
RW12,13,0.8112046941613273,3,0.1,4,0.682368022309204
RW12,14,0.8324148707378292,3,0.1,4,0.68133946639007
RW12,15,0.8187480106932906,3,0.1,4,0.6650685864972985
RW12,16,0.8063357850884304,3,0.1,4,0.6607292149036709
RW12,17,0.795247354785992,3,0.1,4,0.6633683267612487
RW12,18,0.7786686371332949,3,0.1,4,0.6430264414861722
RW12,19,0.7683124274417916,3,0.1,4,0.6145120181838261
RW12,20,0.75692570834778,3,0.1,4,0.612595777572906
RW12,21,0.7461680205746775,3,0.1,4,0.6168662399881634
RW12,22,0.7359515360207755,3,0.1,4,0.6130579109427908
RW12,23,0.7186921615324031,3,0.1,4,0.6054590759549515
RW12,24,0.7048109927006182,3,0.1,4,0.5919768013103139
RW12,25,0.6987524864491403,3,0.1,4,0.5919768013103139
RW12,26,0.688736379793022,3,0.1,4,0.5896112629006913
RW12,27,0.6752978487151472,3,0.1,4,0.5753230930262149
RW12,28,0.6697649501501854,3,0.1,4,0.5767625930834478
RW12,29,0.6581999973939088,3,0.1,4,0.5313172036633206
RW12,30,0.6472474633838574,3,0.1,4,0.5341699361237908
RW12,31,0.6584047219522146,3,0.1,4,0.5170226399205811
RW12,32,0.6148650912610487,3,0.1,4,0.5124698671218715
RW12,33,0.6035612126459146,3,0.1,4,0.4855208042315142
RW12,34,0.5621434198182286,3,0.1,4,0.4968855699317921
RW12,35,0.5487224937943592,3,0.1,4,0.500600536051716
RW12,36,0.5308620689275264,3,0.1,4,0.4983509514853791
RW12,37,0.5203234893585551,3,0.1,4,0.4957479305507995
RW16,0,1.0,3,0.1,4,0.9999232183954592
RW16,1,0.9425621054107856,3,0.1,4,0.9384154847541636
RW16,2,0.9122274948612392,3,0.1,4,0.8929830535228567
RW16,3,0.8594705171754466,3,0.1,4,0.8731785378407555
RW16,4,0.8226094846921671,3,0.1,4,0.8460316742847707
RW16,5,0.7871316183203024,3,0.1,4,0.8217835576429464
RW16,6,0.7482387904167098,3,0.1,4,0.8115588903559362
RW16,7,0.7062023643394817,3,0.1,4,0.7125679075963521
RW16,8,0.6827160587550286,3,0.1,4,0.6999270934993262
RW16,9,0.6615821949474906,3,0.1,4,0.6803255882212481
RW16,10,0.5661453405330296,3,0.1,4,0.5799264876916129
RW16,11,0.5408575218936945,3,0.1,4,0.5696565956301544
RW16,12,0.5381706456914773,3,0.1,4,0.570000798302594
RW16,13,0.5084526916129031,3,0.1,4,0.5544734245382991
RW16,14,0.4924790862619698,3,0.1,4,0.5523741839614893
RW16,15,0.4893788571270426,3,0.1,4,0.5202947599582887
RW16,16,0.4780194546133679,3,0.1,4,0.51780961340168
RW16,17,0.4636102907262206,3,0.1,4,0.5209881704213771
RW16,18,0.44956410860533774,3,0.1,4,0.5013262603254715
RW20,0,1.0,3,0.1,4,0.9999994272457607
RW20,1,1.0021910813400627,3,0.1,4,0.9796095389338255
RW20,2,0.9599630275408247,3,0.1,4,0.935450810870808
RW20,3,0.9389439105355176,3,0.1,4,0.9094947451788116
RW20,4,0.9095890303731204,3,0.1,4,0.8841213557067461
RW20,5,0.8787736467512757,3,0.1,4,0.8713963226714473
RW20,6,0.8469654599736883,3,0.1,4,0.8588277837043224
RW20,7,0.8099479091448711,3,0.1,4,0.8389642327596053
RW20,8,0.7796407513733017,3,0.1,4,0.7964795778353773
RW20,9,0.7362874771776192,3,0.1,4,0.7572642175495634
RW20,10,0.7063011689898246,3,0.1,4,0.7665275035925689
RW20,11,0.6860250235969596,3,0.1,4,0.7463417973752535
RW20,12,0.6622238399306097,3,0.1,4,0.730233993017784
RW20,13,0.6407819061950949,3,0.1,4,0.7290739323249367
RW20,14,0.6222273101754456,3,0.1,4,0.6710568534562924
RW20,15,0.6032903401297325,3,0.1,4,0.6508119189275239
RW20,16,0.5865757619049117,3,0.1,4,0.6292660209170006
RW20,17,0.5820605296821747,3,0.1,4,0.6040165261203329
RW20,18,0.5804741522197471,3,0.1,4,0.6117751037159042
RW20,19,0.5639793794393497,3,0.1,4,0.6212524549753234
RW20,20,0.5476026934841127,3,0.1,4,0.6070030722367227
RW20,21,0.5407359137083738,3,0.1,4,0.6072582945886471
RW20,22,0.5401899372028007,3,0.1,4,0.6076870358212787
RW20,23,0.5259580191685468,3,0.1,4,0.550611841407298
RW20,24,0.524283560758304,3,0.1,4,0.5452368454179204
RW20,25,0.5048560598498573,3,0.1,4,0.5439815561978885
RW20,26,0.5036897444478489,3,0.1,4,0.5372586098800056
RW20,27,0.4887815943950674,3,0.1,4,0.5360919807424103
RW20,28,0.5028952410024843,3,0.1,4,0.5360919807424103
RW24,0,1.0,3,0.1,4,0.9999095754034091
RW24,1,0.9725958189735046,3,0.1,4,0.9843758708983477
RW24,2,0.9552453496230082,3,0.1,4,0.9104066306583102
RW24,3,0.9372884939407097,3,0.1,4,0.87958937774959
RW24,4,0.9062221635651304,3,0.1,4,0.8668064514497201
RW24,5,0.8678749453601385,3,0.1,4,0.8533288594830525
RW24,6,0.8383945015233694,3,0.1,4,0.830945249333031
RW24,7,0.8199385440731278,3,0.1,4,0.7938737840572084
RW24,8,0.8089491471012369,3,0.1,4,0.7694156692783592
RW24,9,0.7944160791948103,3,0.1,4,0.7681122223424518
RW24,10,0.7784916143400717,3,0.1,4,0.7372939093175773
RW28,0,1.0,3,0.1,4,0.9999095754034091
RW28,1,0.9767401325580581,3,0.1,4,0.9909120508310796
RW28,2,0.9572756800225528,3,0.1,4,0.9336241630841448
RW28,3,0.9394102380666421,3,0.1,4,0.9128928757765559
RW28,4,0.919531099054294,3,0.1,4,0.894619572367254
RW28,5,0.900309919399877,3,0.1,4,0.8893225700032452
RW28,6,0.8774347131347013,3,0.1,4,0.8785363683639466
RW28,7,0.8608166536988782,3,0.1,4,0.8750731496144112
RW28,8,0.8490784643422473,3,0.1,4,0.8650165978445271
RW28,9,0.8374593566091235,3,0.1,4,0.8621646931629954
RW28,10,0.8307557480117016,3,0.1,4,0.7898569264161596
RW28,11,0.8209258698387562,3,0.1,4,0.7884356540597968
RW6,0,1.0,3,0.1,4,0.9999953508014193
RW6,1,0.9648502435502201,3,0.1,4,0.9372458957752692
RW6,2,0.9329921152642804,3,0.1,4,0.9105307735097695
RW6,3,0.9139749601773408,3,0.1,4,0.8991228175022318
RW6,4,0.8809638320161228,3,0.1,4,0.8830728205559434
RW6,5,0.8518059593208507,3,0.1,4,0.8632816962691291
RW6,6,0.8248471372067737,3,0.1,4,0.858543494065756
RW6,7,0.8047160673897786,3,0.1,4,0.8534770028483956
RW6,8,0.7758839773727937,3,0.1,4,0.8422645357639446
RW6,9,0.7287295594072909,3,0.1,4,0.8176588731933944
RW6,10,0.6794846599462181,3,0.1,4,0.7784796479085626
RW8,0,1.0,3,0.1,4,1.0002863344065256
RW8,1,0.9538996910045201,3,0.1,4,0.9748610820316475
RW8,2,0.9170337737145522,3,0.1,4,0.9245823390105044
RW8,3,0.8811796038492549,3,0.1,4,0.8949575897985721
RW8,4,0.8593893885316382,3,0.1,4,0.8734891059322016
RW8,5,0.8277539857271006,3,0.1,4,0.8707568951722903
RW8,6,0.8057974874661933,3,0.1,4,0.8555653500391369
RW8,7,0.7930034466899822,3,0.1,4,0.7668345230211718
RW8,8,0.7770929791397136,3,0.1,4,0.7645655084391652
RW8,9,0.7619762421461702,3,0.1,4,0.758720946359605
RW8,10,0.7433319402014317,3,0.1,4,0.7492033841060012
RW8,11,0.7696628567131956,3,0.1,4,0.7700705154910045
RW8,12,0.740562427057364,3,0.1,4,0.762990231890706
RW8,13,0.7147522177902553,3,0.1,4,0.7381614278865479
RW8,14,0.6902828531108213,3,0.1,4,0.75066657775065
RW8,15,0.669538500278939,3,0.1,4,0.7344058650712695
RW8,16,0.6448644165545862,3,0.1,4,0.7180786227242083
RW8,17,0.6225776414566216,3,0.1,4,0.6885935191124664
RW8,18,0.6151773487241754,3,0.1,4,0.6024946930936311
RW8,19,0.6138713970198927,3,0.1,4,0.5685595002160102
RW8,20,0.6501051843741891,3,0.1,4,0.5493459878973274
RW8,21,0.5891201738908819,3,0.1,4,0.5578989655728293
RW8,22,0.542154015105283,3,0.1,4,0.5458891259203057
